dataset,space,N,d,k,m,r,rep,seed,method,quantile_error,KL,JS,energy,MMD,Mahalanobis,pairwise_W1
Epileptic,original,11500,178,4,4,575,0,20260806,PCA-QS,0.03928293201077089,0.02754695188637743,0.00801588620811873,0.030941129179716143,0.0020607880227776067,0.5736942682427246,1.2708973897376592
Epileptic,original,11500,178,4,4,575,0,20260806,SRS,0.03216499667901707,0.026720372330569248,0.007739503755401501,0.025747570342684156,0.0020681050375697353,0.5656450859747841,1.5597888433507512
Epileptic,original,11500,178,4,4,575,1,20260807,PCA-QS,0.03136753710495101,0.02287777312280065,0.0066370199231587474,0.023009822846644212,0.0020455302470362194,0.5245176959035335,0.39714873508759546
Epileptic,original,11500,178,4,4,575,1,20260807,SRS,0.03751156833401457,0.023287817726160936,0.006702056893136602,0.025426989871650818,0.002064442476439241,0.52452577507725,2.399505355271658
Epileptic,original,11500,178,4,4,575,2,20260808,PCA-QS,0.03490944046018406,0.026729107516917903,0.0078050353716317,0.026771217690466642,0.002053641981898607,0.5385264270761047,1.1375631816761065
Epileptic,original,11500,178,4,4,575,2,20260808,SRS,0.03447265952357795,0.025490703528285873,0.007425258901846207,0.026380465904582096,0.002055730046528128,0.5681895055391742,0.9419794009757593
Epileptic,original,11500,178,4,4,575,3,20260809,PCA-QS,0.03197298086147516,0.024610549784286867,0.00714783104662434,0.027412326385416463,0.0020672584410267657,0.5341423210684696,2.127709422104548
Epileptic,original,11500,178,4,4,575,3,20260809,SRS,0.03649161997727823,0.02399307960109284,0.0069484776260877405,0.028775103694137272,0.002054735058474846,0.5132617149972956,0.7156866794633497
Epileptic,original,11500,178,4,4,575,4,20260810,PCA-QS,0.040422538370888876,0.026059048028514543,0.007503072559195326,0.027841746381213284,0.002068987498159208,0.49746109540963623,0.656811805999811
Epileptic,original,11500,178,4,4,575,4,20260810,SRS,0.03198527956760388,0.024396087516606324,0.00706465228408221,0.025314800782796354,0.0020678301962284013,0.5009544467988661,0.4905315127383095
Epileptic,original,11500,178,4,4,575,5,20260811,PCA-QS,0.03801963241010099,0.025953144123703472,0.007531396964605376,0.030708015534772315,0.002090649284923506,0.5675301942255662,0.9214013763025457
Epileptic,original,11500,178,4,4,575,5,20260811,SRS,0.034702300790992034,0.024913436343492593,0.007247904816958159,0.02572864140497444,0.0020488651083405657,0.551282532075973,0.739274053097023
Epileptic,original,11500,178,4,4,575,6,20260812,PCA-QS,0.03435158910567137,0.025927038280332344,0.00752010996554787,0.02583082324620456,0.0020774881311178607,0.5776582544886228,0.8570115696442766
Epileptic,original,11500,178,4,4,575,6,20260812,SRS,0.03532159976983026,0.02564454926797611,0.007419787643002722,0.02725277879870447,0.002028055411177173,0.5927307553953276,0.919890872214818
Epileptic,original,11500,178,4,4,575,7,20260813,PCA-QS,0.032904906478132996,0.023537418739037554,0.006795090326750409,0.024247320742970757,0.0021031830298193707,0.5102857469995417,1.2252075519424612
Epileptic,original,11500,178,4,4,575,7,20260813,SRS,0.04076117599045795,0.024360248258893158,0.007005960490942786,0.033286694147278695,0.002091838638872002,0.5170562232047127,3.096540174525661
Epileptic,original,11500,178,4,4,575,8,20260814,PCA-QS,0.036982666715936426,0.026730618900270994,0.007791270724776834,0.031476111270865914,0.0020805558582702747,0.55717868491983,1.4981355589679763
Epileptic,original,11500,178,4,4,575,8,20260814,SRS,0.038767001452193646,0.026026172541972637,0.007565502961834164,0.029322270475242718,0.0020647313585118498,0.555077215142778,0.6650762234917382
Epileptic,original,11500,178,4,4,575,9,20260815,PCA-QS,0.03445891364143288,0.02677272342069118,0.007769744650510428,0.02437822666859546,0.0020755185755453806,0.5403646532439811,1.2520088788053867
Epileptic,original,11500,178,4,4,575,9,20260815,SRS,0.03179804716378223,0.024683932402683198,0.007176093813400654,0.02082755914257639,0.0020977127745390053,0.5314140984506183,0.8306514215260339
Epileptic,original,11500,178,4,4,575,10,20260816,PCA-QS,0.0402503114662099,0.02439341073307717,0.00705774579231126,0.035295859091766246,0.0020656141629111315,0.5424172787545622,0.8761517949740193
Epileptic,original,11500,178,4,4,575,10,20260816,SRS,0.03366959772634241,0.025204191371067965,0.007350011816388447,0.025046116676643138,0.002087098357489334,0.5388320092338913,0.5889287481147074
Epileptic,original,11500,178,4,4,575,11,20260817,PCA-QS,0.0373331397518566,0.022101178093077233,0.0063724621050315075,0.02942594593294423,0.002046067147673654,0.52235973493751,1.7785051452603624
Epileptic,original,11500,178,4,4,575,11,20260817,SRS,0.041917650094470064,0.027024906996163226,0.007874102200064024,0.03305387754360822,0.0020528877459205365,0.5823336473231538,0.9492363489759198
Epileptic,original,11500,178,4,4,575,12,20260818,PCA-QS,0.03660300519635688,0.024616877822024662,0.007108311729193686,0.027699764899344004,0.0020358861246925894,0.49143302794188914,2.347730858270323
Epileptic,original,11500,178,4,4,575,12,20260818,SRS,0.038066360716744276,0.027083813962814614,0.007885159535728213,0.027035183026443477,0.002074299658186589,0.5297556176749039,1.7279982600123562
Epileptic,original,11500,178,4,4,575,13,20260819,PCA-QS,0.03305893287815478,0.024175599158334716,0.0070004820660088465,0.026852589679677408,0.0020660544065287684,0.5744894806437146,0.5630507273816201
Epileptic,original,11500,178,4,4,575,13,20260819,SRS,0.0403650666466727,0.027974329181918636,0.008155360485579336,0.029981607436866398,0.002058330771081475,0.5881653085305399,0.9252529329395498
Epileptic,original,11500,178,4,4,575,14,20260820,PCA-QS,0.03536794404534722,0.024879353507819578,0.0072264057325487465,0.02238335156816973,0.0020674295757634057,0.5126659936636775,1.9790653348080747
Epileptic,original,11500,178,4,4,575,14,20260820,SRS,0.04156029614078746,0.028292097229441815,0.008250994604212261,0.03433236908064252,0.0020685011115519035,0.5247005696992307,0.8576982793294936
Epileptic,original,11500,178,4,4,575,15,20260821,PCA-QS,0.034136577604074576,0.025424557541181506,0.007397631134029538,0.025580014672163642,0.002047018633605345,0.5712114177419555,1.3844064235157445
Epileptic,original,11500,178,4,4,575,15,20260821,SRS,0.033889047380884045,0.023591377170776584,0.006843779265637634,0.025593302564367093,0.00202651592500625,0.5238282315476059,1.1618614064288364
Epileptic,original,11500,178,4,4,575,16,20260822,PCA-QS,0.032971157085645346,0.025911651745991342,0.007518607186915808,0.026989882644738117,0.0020793398810834596,0.5342402397629579,0.5520019637798973
Epileptic,original,11500,178,4,4,575,16,20260822,SRS,0.03524660554744558,0.0261625423262439,0.0076122618551378776,0.024898852674587246,0.0020659547573795975,0.5265204039501272,1.3545059408014952
Epileptic,original,11500,178,4,4,575,17,20260823,PCA-QS,0.036163567477495745,0.02601109265895314,0.0075578409366631885,0.028913839689728604,0.0020835548512486996,0.5857432546873114,1.067136256247123
Epileptic,original,11500,178,4,4,575,17,20260823,SRS,0.03508294755767001,0.026554534970252345,0.007730451237192006,0.0312276196836212,0.002065620470896253,0.5245029942534466,0.8259649204373039
Epileptic,original,11500,178,4,4,575,18,20260824,PCA-QS,0.034340895733094914,0.02303542647259307,0.006665480209537953,0.02691810827758978,0.002099267897187799,0.5902775760007596,1.0090568636585802
Epileptic,original,11500,178,4,4,575,18,20260824,SRS,0.039644723318474115,0.026236513548887105,0.007607721102763814,0.032456808340688426,0.0020592538212671208,0.5631270353601583,1.6385957938876947
Epileptic,original,11500,178,4,4,575,19,20260825,PCA-QS,0.0335495489440516,0.026566889194993438,0.007737434584788633,0.02619105384689746,0.002065340740617267,0.5773759152154881,2.9361650677349886
Epileptic,original,11500,178,4,4,575,19,20260825,SRS,0.03536148246538965,0.02617718438053981,0.007637966642918378,0.026150136734647944,0.0020580190906670575,0.5225239843362433,0.690177666979905
Epileptic,original,11500,178,4,4,575,20,20260826,PCA-QS,0.03465547334323237,0.02696550790014397,0.00787031479000009,0.028205464325189666,0.002078173205307056,0.5567913983419015,1.1638770589009666
Epileptic,original,11500,178,4,4,575,20,20260826,SRS,0.032091530130640436,0.02277539214181923,0.006606466844166727,0.02219590689256279,0.002049705228513712,0.5251198067355902,0.7643882598913263
Epileptic,original,11500,178,4,4,575,21,20260827,PCA-QS,0.034748859420824244,0.02393468409641403,0.00691921429889558,0.025660946581830046,0.0020409698926513696,0.441294361160281,1.7049801814877064
Epileptic,original,11500,178,4,4,575,21,20260827,SRS,0.040796323284063886,0.02725767513540032,0.007903886721977942,0.03125666677941297,0.002079871685214542,0.5559360086378948,1.0264148635148027
Epileptic,original,11500,178,4,4,575,22,20260828,PCA-QS,0.034017274801600876,0.02451781345020906,0.007075388927374741,0.023766612135061038,0.0020565384118032683,0.5823761376792155,0.5994928806134668
Epileptic,original,11500,178,4,4,575,22,20260828,SRS,0.0374374841383205,0.024998726949682543,0.007230792940189931,0.0341510314845106,0.002094604023584118,0.5413337186802366,1.1828875945928439
Epileptic,original,11500,178,4,4,575,23,20260829,PCA-QS,0.048717207480100076,0.028826730341457038,0.008351001176573225,0.037722451435769244,0.002030012036220791,0.6364994470154006,1.1773066613992598
Epileptic,original,11500,178,4,4,575,23,20260829,SRS,0.036362008024657305,0.025427137538675045,0.00740715921461448,0.02622298002124701,0.002051849067843268,0.5448658971546072,0.6052366417748778
Epileptic,original,11500,178,4,4,575,24,20260830,PCA-QS,0.030358319100138496,0.0243849917563958,0.007075589611872924,0.0248892965318106,0.0020836339691396506,0.5318441832998831,0.7349392306016467
Epileptic,original,11500,178,4,4,575,24,20260830,SRS,0.03612553958363106,0.023909744062187807,0.006900649561561533,0.02823478803015611,0.002070436138966069,0.5043059233635973,1.5002288027341977
Epileptic,original,11500,178,4,4,575,25,20260831,PCA-QS,0.03302990877228743,0.02531470405178132,0.0073675204193065615,0.02266097319823146,0.0020353818982885674,0.516021840044843,1.2039886103560369
Epileptic,original,11500,178,4,4,575,25,20260831,SRS,0.033095555879297585,0.02560842679057431,0.007469492144803038,0.026264991044591568,0.0020652400630602106,0.5610910804276392,3.724044648974007
Epileptic,original,11500,178,4,4,575,26,20260832,PCA-QS,0.042211484533599075,0.027443831515973134,0.007998586598016654,0.028785833206633527,0.002083275945063787,0.6417137996474963,2.552945865594728
Epileptic,original,11500,178,4,4,575,26,20260832,SRS,0.04463996827383814,0.026923507846415937,0.007788223114437586,0.031813867236989424,0.002099308016597033,0.5674209384961598,0.7078822857158077
Epileptic,original,11500,178,4,4,575,27,20260833,PCA-QS,0.033886380292960386,0.025136811789518317,0.007298780405908482,0.025942379941016114,0.0020719254375543583,0.5541396988207498,0.7162171424037738
Epileptic,original,11500,178,4,4,575,27,20260833,SRS,0.04364422880307334,0.026399063718076373,0.007645503849316076,0.030276074169679035,0.0020735406373433886,0.5467685236791006,2.114750051809128
Epileptic,original,11500,178,4,4,575,28,20260834,PCA-QS,0.03122683755212535,0.024245211844747025,0.007027068067341023,0.023716726931835908,0.0020682693146083274,0.5638718016423351,0.5426878519983451
Epileptic,original,11500,178,4,4,575,28,20260834,SRS,0.03389482118115408,0.025150112310415706,0.00729753827859769,0.024138583629440546,0.002068138228302683,0.5476788785669597,1.66088257298007
Epileptic,original,11500,178,4,4,575,29,20260835,PCA-QS,0.03273389274397249,0.024482061893823303,0.007131904894792005,0.024918297160942515,0.002085089522520739,0.5431744242400208,1.1665067176897441
Epileptic,original,11500,178,4,4,575,29,20260835,SRS,0.037925348291825915,0.026762629765882777,0.0077609890108654355,0.03522253245053086,0.0020739071931507825,0.5950394992850752,1.1718217026401856
Epileptic,original,11500,178,4,4,575,30,20260836,PCA-QS,0.035240423455518685,0.02502151358946232,0.0072450557378912995,0.028732492116606778,0.0020353038406197973,0.5377486142879591,0.6697874269374016
Epileptic,original,11500,178,4,4,575,30,20260836,SRS,0.038178470528828265,0.022438988069543496,0.0064143841935241025,0.027619632042307884,0.0020840954409364954,0.42963238207117377,2.084378511343968
Epileptic,original,11500,178,4,4,575,31,20260837,PCA-QS,0.03718282114873938,0.026367868468792646,0.00766668477625317,0.026455511673681542,0.002049795638461359,0.5132459112223764,0.43983091666310176
Epileptic,original,11500,178,4,4,575,31,20260837,SRS,0.03557103577669023,0.023313733269633673,0.006743987943039057,0.024610173121764944,0.0020556352900375705,0.48707433508544185,0.8132992651887706
Epileptic,original,11500,178,4,4,575,32,20260838,PCA-QS,0.031495580858985184,0.02245745519391923,0.006469882211940163,0.022124012600004406,0.0020741757013723323,0.450586485555464,1.9946876997856238
Epileptic,original,11500,178,4,4,575,32,20260838,SRS,0.036294206977359494,0.02745397413307395,0.008007195060353684,0.030638616132399932,0.0020422812988402416,0.5725361350690354,1.0677537317240628
Epileptic,original,11500,178,4,4,575,33,20260839,PCA-QS,0.03414062212523468,0.025310786483665804,0.007361209697731629,0.02369576503425108,0.0020499168144792576,0.6044874380864311,0.7746262037715067
Epileptic,original,11500,178,4,4,575,33,20260839,SRS,0.036452021101767464,0.025855472827450245,0.007479245021991788,0.025603640886462387,0.002051404536293124,0.5771028769107639,0.9966859370948477
Epileptic,original,11500,178,4,4,575,34,20260840,PCA-QS,0.036471197124661826,0.026571174701925084,0.007758926968457071,0.030164832035952216,0.0020755405962440856,0.5554772684142594,1.0894674173422871
Epileptic,original,11500,178,4,4,575,34,20260840,SRS,0.03610051277920653,0.02365075991242473,0.006792071816951259,0.02633336517685514,0.002055974764169218,0.5052199761810734,1.078814305382351
Epileptic,original,11500,178,4,4,575,35,20260841,PCA-QS,0.03275663737423245,0.02595610173902142,0.007577538774251526,0.027116225673230687,0.0021005019004241613,0.584371546869691,2.3993535114269195
Epileptic,original,11500,178,4,4,575,35,20260841,SRS,0.03639989196136213,0.02231006522367277,0.006427494079741191,0.02856644763782512,0.0020573752556404534,0.5398678801901455,1.849043159084889
Epileptic,original,11500,178,4,4,575,36,20260842,PCA-QS,0.03428484379246776,0.02554145296332909,0.007434245364603936,0.028640581647714214,0.00208502098051838,0.5577290709370384,1.2164458186843048
Epileptic,original,11500,178,4,4,575,36,20260842,SRS,0.0424754166529985,0.027405266355319254,0.007928822297759302,0.03265625109065162,0.0020535330854065267,0.5834756395820266,1.2878415810485788
Epileptic,original,11500,178,4,4,575,37,20260843,PCA-QS,0.029974639040269712,0.025202357068281417,0.007338750168368486,0.023009627850999692,0.0020678448226535404,0.5243875167645397,0.7907386841132944
Epileptic,original,11500,178,4,4,575,37,20260843,SRS,0.03716859272830383,0.025863944479124195,0.007540628373946009,0.030825255531464535,0.0020735402636188347,0.6211066557671664,1.2237143845528762
Epileptic,original,11500,178,4,4,575,38,20260844,PCA-QS,0.03289415178105856,0.02441474736069618,0.007092359116189698,0.022730942859535475,0.0020538864251872222,0.5382005512719645,0.7795880164787203
Epileptic,original,11500,178,4,4,575,38,20260844,SRS,0.03960252378972874,0.026043884831682115,0.007562125886406571,0.028500784933314094,0.0020621703307939286,0.5249969641268271,1.775806230714229
Epileptic,original,11500,178,4,4,575,39,20260845,PCA-QS,0.04314537364886805,0.02515376475167528,0.0072486744300181375,0.03810064756497411,0.002102357850143599,0.551518356546457,1.4782910317534927
Epileptic,original,11500,178,4,4,575,39,20260845,SRS,0.05130910587448398,0.02438802487388983,0.006701357596160841,0.04599345773135788,0.0020857512565747626,0.4913051196791964,2.1529475804804123
Epileptic,original,11500,178,4,4,575,40,20260846,PCA-QS,0.03898130615945183,0.0237786872645878,0.006847811408151415,0.023937321197616157,0.0020512792800430747,0.5148614906427389,1.1309356269120923
Epileptic,original,11500,178,4,4,575,40,20260846,SRS,0.03274581584457844,0.026357947689182683,0.007611766981525297,0.02376129082757039,0.002047071573089995,0.5246476864434324,1.2837185442413674
Epileptic,original,11500,178,4,4,575,41,20260847,PCA-QS,0.036712563366615394,0.027238027051526684,0.007926304734066492,0.03108191016415951,0.002076835182412439,0.5961797168387026,0.6909974292922629
Epileptic,original,11500,178,4,4,575,41,20260847,SRS,0.03681834402925185,0.023377454837488404,0.006742543777806482,0.032714825933465974,0.0020348295776725723,0.5341676973598388,1.1484938867806918
Epileptic,original,11500,178,4,4,575,42,20260848,PCA-QS,0.0350096919966309,0.02474481581167565,0.007162306584297365,0.02582831869026947,0.0020709548759961917,0.5726640975848031,1.0206993193861242
Epileptic,original,11500,178,4,4,575,42,20260848,SRS,0.03652896172940771,0.02396812914707821,0.006891419221717557,0.02654822253481015,0.002079549613557637,0.5036568155918248,0.5147562730303238
Epileptic,original,11500,178,4,4,575,43,20260849,PCA-QS,0.03303303424940347,0.02518345973830338,0.0073244483622500675,0.024596835674884687,0.002057267594644404,0.5399883877257114,0.7088230170979821
Epileptic,original,11500,178,4,4,575,43,20260849,SRS,0.03645361984710994,0.02583923822652206,0.0075075861141857166,0.027232952040312952,0.002072891500093661,0.5640342750382709,0.8158657053672788
Epileptic,original,11500,178,4,4,575,44,20260850,PCA-QS,0.03615458567247954,0.025566332509305175,0.0073943008054849334,0.02227249228665329,0.0020353167804472837,0.5329645033054572,0.7010215870381653
Epileptic,original,11500,178,4,4,575,44,20260850,SRS,0.037068573776699566,0.027974398478299682,0.008102169458301512,0.031529803008941926,0.0020637261945625237,0.5157988868398552,2.203941357771234
Epileptic,original,11500,178,4,4,575,45,20260851,PCA-QS,0.03427332471735691,0.02516893190597358,0.00730980687550503,0.022673391697086487,0.0020633115171493624,0.5435733950884567,0.7430405274315834
Epileptic,original,11500,178,4,4,575,45,20260851,SRS,0.03548661296597886,0.025429347883029942,0.007362880262668908,0.03212744103370291,0.0020618366619672606,0.5729436568752504,0.46574683278633017
Epileptic,original,11500,178,4,4,575,46,20260852,PCA-QS,0.03161884296982889,0.02502616142230254,0.007276524320244832,0.022387984366238456,0.002046237674050152,0.5364617248525525,1.1569343267757806
Epileptic,original,11500,178,4,4,575,46,20260852,SRS,0.03392533680223587,0.02511389224168519,0.007263808009127167,0.02440800465545223,0.0020731889907035154,0.5532418158310491,1.2274871653183719
Epileptic,original,11500,178,4,4,575,47,20260853,PCA-QS,0.032245963795566254,0.027828086877606392,0.008098679637448553,0.02671683387285917,0.002041157454090208,0.5849912323160508,1.604127459699275
Epileptic,original,11500,178,4,4,575,47,20260853,SRS,0.042750203479011144,0.022886266713621956,0.0065228216937848055,0.032866963258763704,0.002046288889835433,0.484842188895751,1.6549330100705633
Epileptic,original,11500,178,4,4,575,48,20260854,PCA-QS,0.03474427936893856,0.024199856747446805,0.006965606101558977,0.02320760820719059,0.0020721532578401236,0.5528223754475026,0.9531796999902131
Epileptic,original,11500,178,4,4,575,48,20260854,SRS,0.040737729970155775,0.027807683941724615,0.008109783908524886,0.032889112860100767,0.0020310211611627013,0.6012729795581525,0.9374586942937908
Epileptic,original,11500,178,4,4,575,49,20260855,PCA-QS,0.0387717340951287,0.026539727044041846,0.00770277915463209,0.03260824447926325,0.0020891281413561017,0.5811818537223493,1.3847912521308818
Epileptic,original,11500,178,4,4,575,49,20260855,SRS,0.032592575577921154,0.024857582236263654,0.007216891644703393,0.021503517271428407,0.0020744095178152084,0.5480596190505272,0.9701387557341423
Epileptic,original,11500,178,4,4,575,50,20260856,PCA-QS,0.0364496160091007,0.025684042088807455,0.007501197623816238,0.028133539504132443,0.0020501895918530284,0.5516232221931778,1.5180785743767875
Epileptic,original,11500,178,4,4,575,50,20260856,SRS,0.03697738062369634,0.024990017521065513,0.007228188423773428,0.025551208982673046,0.0020819808700707405,0.5498532089784494,1.5152412467260106
Epileptic,original,11500,178,4,4,575,51,20260857,PCA-QS,0.03441570738480266,0.025366233509200167,0.007381671597289643,0.023986327360404402,0.0020571421198543813,0.5523883883791956,0.46026096559711493
Epileptic,original,11500,178,4,4,575,51,20260857,SRS,0.035703562700099355,0.025480659401748863,0.007410787076520163,0.024569726590051744,0.002035937779044586,0.5460286319136368,0.9407534571554773
Epileptic,original,11500,178,4,4,575,52,20260858,PCA-QS,0.03259987821398503,0.02519071952031203,0.007306139977796935,0.024772880004551467,0.0020671527592628653,0.5296959068209197,1.2016489994415431
Epileptic,original,11500,178,4,4,575,52,20260858,SRS,0.039314940863737324,0.026250085784115248,0.007604317424374515,0.030385719213640527,0.002035469367153986,0.5037992134105954,1.0917629816445131
Epileptic,original,11500,178,4,4,575,53,20260859,PCA-QS,0.03306640741000387,0.023241867700784694,0.0067727707087546565,0.022342147804472745,0.002059009404448995,0.5075711364832476,0.5717672917355497
Epileptic,original,11500,178,4,4,575,53,20260859,SRS,0.03424555663181809,0.024735581064401865,0.007172472029462465,0.02444402141123625,0.002049816214574578,0.5342830890663544,0.5473380040237347
Epileptic,original,11500,178,4,4,575,54,20260860,PCA-QS,0.034734002074297526,0.024032097482985085,0.006981418738067787,0.027138607934711345,0.0020592981228012078,0.5785233192332919,0.36651992066286826
Epileptic,original,11500,178,4,4,575,54,20260860,SRS,0.03496827746263448,0.0237576648842839,0.006903084304266011,0.0220545705812345,0.002055155853716272,0.4803937476124633,0.5251496152571724
Epileptic,original,11500,178,4,4,575,55,20260861,PCA-QS,0.03497937375879466,0.02712388730137262,0.007897115240653145,0.024131734386442005,0.0020698506453562054,0.5663475566420811,0.5283864566499265
Epileptic,original,11500,178,4,4,575,55,20260861,SRS,0.04421528428775441,0.03032930759884068,0.008881925651489809,0.042628502406316215,0.00208592382549482,0.6156321736589946,0.7602655739584248
Epileptic,original,11500,178,4,4,575,56,20260862,PCA-QS,0.03763299212355028,0.02751522169028188,0.007997195249862778,0.030401079273394416,0.002057023679146131,0.5644626195748981,0.7821280609675034
Epileptic,original,11500,178,4,4,575,56,20260862,SRS,0.038168751922292535,0.02639069451942395,0.0076797780137706296,0.025647089602648165,0.0020598914947922895,0.584139706762998,1.1916331114078955
Epileptic,original,11500,178,4,4,575,57,20260863,PCA-QS,0.03128516844865315,0.025924458134716246,0.00756719253933827,0.025245296530925998,0.002076173998630064,0.5530438164729231,0.7527216112939701
Epileptic,original,11500,178,4,4,575,57,20260863,SRS,0.044138093610073974,0.027519215919204254,0.007999202150661588,0.03923850358059333,0.002076639956349339,0.5998117832190366,3.082821110409948
Epileptic,original,11500,178,4,4,575,58,20260864,PCA-QS,0.033610143789917626,0.02445760225392125,0.007068583611878204,0.024251805163515883,0.002054962870435206,0.5399815036268448,0.4497436520751803
Epileptic,original,11500,178,4,4,575,58,20260864,SRS,0.05147361288325455,0.03063439425203673,0.00891233264147351,0.04179136925310445,0.0020695834856841924,0.5718439892929622,2.240161347759521
Epileptic,original,11500,178,4,4,575,59,20260865,PCA-QS,0.037532920002929876,0.026254546869622274,0.007608988548391529,0.026786634480293614,0.0020563669338509163,0.5488141130989944,0.9580452465814897
Epileptic,original,11500,178,4,4,575,59,20260865,SRS,0.036654539717825035,0.025643805283738445,0.0074216421536133,0.027285182769636762,0.0020972653335964335,0.5335350973440024,0.7242938291498006
Epileptic,original,11500,178,4,4,575,60,20260866,PCA-QS,0.033841368989791405,0.023629516517038467,0.006805936847500381,0.022749548222572358,0.0020733663154392213,0.5080821696819853,0.7253871509089155
Epileptic,original,11500,178,4,4,575,60,20260866,SRS,0.040610823883660885,0.02538615534464225,0.0073278552525301854,0.02983634021421544,0.002060739450214777,0.557011016379366,0.8835979140083519
Epileptic,original,11500,178,4,4,575,61,20260867,PCA-QS,0.03597600619900235,0.024687133729837985,0.00717040068881011,0.027102824112873236,0.0020701158143917914,0.5270983816187081,1.4326245963290698
Epileptic,original,11500,178,4,4,575,61,20260867,SRS,0.04393689736170187,0.027670284183142085,0.008027608716183667,0.03258174527213065,0.002048062328435753,0.515804021494692,1.2389840415662967
Epileptic,original,11500,178,4,4,575,62,20260868,PCA-QS,0.03262703733650287,0.023712356157286358,0.006870914238400272,0.024362402454251253,0.002062003545927361,0.506944839955096,2.5813542091236923
Epileptic,original,11500,178,4,4,575,62,20260868,SRS,0.03695866012339816,0.026770127689127076,0.007824423371269767,0.03156028356614193,0.002080646446822815,0.5605951601424882,0.9208474448412786
Epileptic,original,11500,178,4,4,575,63,20260869,PCA-QS,0.031163347005949842,0.022553415418059844,0.006553385635430036,0.023549185725043387,0.0020701652489982037,0.46641502975375265,0.6430511920344177
Epileptic,original,11500,178,4,4,575,63,20260869,SRS,0.03948062225535046,0.023096724519057855,0.006632818691535055,0.027540930656771323,0.0020525955528472003,0.5571987521314378,1.7589043742674917
Epileptic,original,11500,178,4,4,575,64,20260870,PCA-QS,0.03723764270793306,0.025650280179789563,0.0073720993327417985,0.025012934084523764,0.0020450482170568315,0.574621243395341,0.3577864174196427
Epileptic,original,11500,178,4,4,575,64,20260870,SRS,0.044426788551976695,0.027442596783124724,0.00794180964148984,0.02991370981566277,0.0020882732331228317,0.5049316546695637,1.1374231294268118
Epileptic,original,11500,178,4,4,575,65,20260871,PCA-QS,0.031068143442225974,0.024792854075598184,0.007229317601175355,0.023691994794127424,0.0020695903892472872,0.5479703767774385,0.709238037722665
Epileptic,original,11500,178,4,4,575,65,20260871,SRS,0.033115955688997965,0.023779864812722314,0.006916358839345414,0.02599345479190518,0.0020582109510095315,0.5110416017598447,1.4395193525142207
Epileptic,original,11500,178,4,4,575,66,20260872,PCA-QS,0.031486961101328356,0.026070918491282798,0.007600800109819658,0.024165927062515635,0.0020696477555533625,0.5793920431736788,0.502388548978013
Epileptic,original,11500,178,4,4,575,66,20260872,SRS,0.03498301837275132,0.024810869568840956,0.00720200908193423,0.02464003877117804,0.0020688726598707833,0.5452824503933339,0.3126741860021952
Epileptic,original,11500,178,4,4,575,67,20260873,PCA-QS,0.03207047882078601,0.02357279952460604,0.006833669669534353,0.023425916522011647,0.0020740402162840454,0.5369907581734895,0.7797959329940543
Epileptic,original,11500,178,4,4,575,67,20260873,SRS,0.03715967886120912,0.0233575862256238,0.006703327873623149,0.02825470791593787,0.00206764431016499,0.5478248450808049,1.2999284592251323
Epileptic,original,11500,178,4,4,575,68,20260874,PCA-QS,0.036365246878688626,0.024990442136337904,0.007251215497473024,0.02757624846439022,0.002080388253254036,0.530107493627094,1.0340327270703167
Epileptic,original,11500,178,4,4,575,68,20260874,SRS,0.03713177689794524,0.027468709238761817,0.007994862121822762,0.027149397744727466,0.0020877472649788323,0.5914233216637266,2.6913518143345807
Epileptic,original,11500,178,4,4,575,69,20260875,PCA-QS,0.03814088595723695,0.024459063551307732,0.006996854224502944,0.029706610126337907,0.0020678340084294934,0.42481069285907297,0.8225086955777341
Epileptic,original,11500,178,4,4,575,69,20260875,SRS,0.031571571956980134,0.024645819623381898,0.007155491539040174,0.022924205685905363,0.00206390408938534,0.5126737013794733,1.0574417163406864
Epileptic,original,11500,178,4,4,575,70,20260876,PCA-QS,0.032702145671601755,0.022802256430416095,0.006629022976781938,0.02262839043842746,0.0020498925081735664,0.49576719213807036,0.35732975623604135
Epileptic,original,11500,178,4,4,575,70,20260876,SRS,0.04307249084857742,0.02821576520682329,0.008248609474730667,0.03662925605236822,0.002043877351448886,0.5822191028158049,2.932578644558623
Epileptic,original,11500,178,4,4,575,71,20260877,PCA-QS,0.04219231608678856,0.02824144389071964,0.00818949832087278,0.031352228766264645,0.002063898414855593,0.5425842054325095,1.50904292099813
Epileptic,original,11500,178,4,4,575,71,20260877,SRS,0.037052115000317916,0.022899451182531935,0.0065976634397391185,0.02799979837519828,0.0020614296422156227,0.46139318793168604,1.226047661818617
Epileptic,original,11500,178,4,4,575,72,20260878,PCA-QS,0.030837823491236847,0.02459585587125268,0.00718716238337984,0.022143973694234376,0.002095233645799038,0.5524136757530789,0.8401186130188231
Epileptic,original,11500,178,4,4,575,72,20260878,SRS,0.04958637519018318,0.02942188736355686,0.008513116916817437,0.04009980629178145,0.0020652943549105338,0.5412513053405403,2.7904837927557127
Epileptic,original,11500,178,4,4,575,73,20260879,PCA-QS,0.03699466433147821,0.027685707820594395,0.008071851684408776,0.030548576981388464,0.0020716385938366376,0.57456333444334,1.1915671191381079
Epileptic,original,11500,178,4,4,575,73,20260879,SRS,0.037655918109241876,0.02391610924710575,0.006890637917499736,0.025985834528134077,0.002058491606832526,0.5381528839513819,0.5188356233160909
Epileptic,original,11500,178,4,4,575,74,20260880,PCA-QS,0.03554830756378107,0.026809604071545937,0.007812696434954865,0.02758917687747875,0.002054106347461025,0.5552527872953646,1.8237996403960552
Epileptic,original,11500,178,4,4,575,74,20260880,SRS,0.04086310988870125,0.02760831347348357,0.008055821821088575,0.03147530484156391,0.0020552249771423163,0.5445670545244673,1.0726163137497053
Epileptic,original,11500,178,4,4,575,75,20260881,PCA-QS,0.03402383444003795,0.02514089423771329,0.0072933138830447684,0.027349200542243324,0.0020720963778915694,0.5654616863976915,0.48686241396783236
Epileptic,original,11500,178,4,4,575,75,20260881,SRS,0.03459396839946007,0.02398683592913543,0.0069351001088351575,0.029044884149252326,0.002040443089037222,0.4881736719262842,1.5986401045227665
Epileptic,original,11500,178,4,4,575,76,20260882,PCA-QS,0.0366168091124083,0.025212686807423626,0.007304316368359048,0.024139955293076554,0.0020593341328112072,0.5160038090950262,0.7408718966958322
Epileptic,original,11500,178,4,4,575,76,20260882,SRS,0.03984810817187625,0.02358541729763189,0.0067547412028461495,0.03246033514444058,0.0020506730243142817,0.5306789740308434,0.6437307852520422
Epileptic,original,11500,178,4,4,575,77,20260883,PCA-QS,0.03788107511887632,0.025275598735831774,0.007337607749229743,0.029741746494149623,0.0020708790989483437,0.6068950742500219,0.6761005121490686
Epileptic,original,11500,178,4,4,575,77,20260883,SRS,0.036431033056871724,0.02521781267080081,0.007297774669889955,0.025294194502937017,0.002061207844452583,0.5353060779248826,0.5738388283275128
Epileptic,original,11500,178,4,4,575,78,20260884,PCA-QS,0.036261535936633456,0.026224110600531855,0.007613927314374643,0.028567006899688607,0.0020564526966578662,0.5317741287451068,1.7895030776277427
Epileptic,original,11500,178,4,4,575,78,20260884,SRS,0.03417003333418448,0.024622646748264063,0.007170979644059897,0.025360301473277502,0.002047270907060911,0.5724461822906897,0.7871129730167372
Epileptic,original,11500,178,4,4,575,79,20260885,PCA-QS,0.04660500767598288,0.02835752788163833,0.008233944017826983,0.03399547327002672,0.0020735373490846387,0.5537847483312771,1.2699316748853053
Epileptic,original,11500,178,4,4,575,79,20260885,SRS,0.032602008350710955,0.023008440884159435,0.006684955469465775,0.025168619120050195,0.0020557532385001055,0.56776254353101,0.8488978285429646
Epileptic,original,11500,178,4,4,575,80,20260886,PCA-QS,0.03893580369006332,0.027002908240362083,0.00788376235170851,0.03155563262987471,0.002041985980892277,0.5437125061099062,0.5888695812077568
Epileptic,original,11500,178,4,4,575,80,20260886,SRS,0.03800180022421087,0.02750645277349506,0.008009259529344108,0.03156960644737872,0.0020546290453962337,0.5608869375415487,1.9258251665101265
Epileptic,original,11500,178,4,4,575,81,20260887,PCA-QS,0.032986757707755915,0.024022381630677533,0.006975429361310998,0.023478205750535608,0.0020813405645192487,0.5775731683515123,1.1533826987903257
Epileptic,original,11500,178,4,4,575,81,20260887,SRS,0.040413384700151815,0.026876082545478134,0.0077793277246658195,0.036746336458179485,0.002053512333153495,0.6010711040457266,0.8455418551923625
Epileptic,original,11500,178,4,4,575,82,20260888,PCA-QS,0.035030296477217324,0.025271200126909723,0.007361166785872352,0.027368612965799954,0.0020714515168374706,0.5695160595562533,1.0366534438007071
Epileptic,original,11500,178,4,4,575,82,20260888,SRS,0.03752376758596684,0.027356920782548155,0.007986196701009335,0.027023742589301847,0.0020582811208088546,0.5566877720502871,0.9199245297321328
Epileptic,original,11500,178,4,4,575,83,20260889,PCA-QS,0.034924764259593684,0.023445669909490652,0.006784596979003773,0.024553646692428543,0.002043378509011231,0.4996231305762453,0.7940676154796362
Epileptic,original,11500,178,4,4,575,83,20260889,SRS,0.03438820970184752,0.024349306663803368,0.007032603466521424,0.02294602985977079,0.0020531643075566005,0.45073729499974546,0.6882244826044889
Epileptic,original,11500,178,4,4,575,84,20260890,PCA-QS,0.03386208986066819,0.024824466224478585,0.007207624952046578,0.02399990028720289,0.002075605202975177,0.5430707297563493,0.6959443683674418
Epileptic,original,11500,178,4,4,575,84,20260890,SRS,0.03407597462098297,0.02559916550943211,0.007456850317436899,0.028479684195984234,0.0020668255376642027,0.5740952847269739,0.5301135131920365
Epileptic,original,11500,178,4,4,575,85,20260891,PCA-QS,0.03458426361798745,0.02409225253649596,0.006956916861990948,0.02551666821699783,0.0020531356553540898,0.5441507663862798,1.9710185697815095
Epileptic,original,11500,178,4,4,575,85,20260891,SRS,0.03832612247647652,0.02727303838189131,0.00795450435202264,0.03423547634121071,0.002069845847188539,0.5852818231248441,2.171912136324807
Epileptic,original,11500,178,4,4,575,86,20260892,PCA-QS,0.032487250258052526,0.02595691674802767,0.0075623184056154355,0.02725217282097603,0.0020738695618790553,0.5340580873180285,1.3754695737657858
Epileptic,original,11500,178,4,4,575,86,20260892,SRS,0.03436562981055558,0.024975311395088188,0.007281886324649568,0.026261496696182718,0.0020648941262077945,0.49714634013833897,1.0806171681885313
Epileptic,original,11500,178,4,4,575,87,20260893,PCA-QS,0.03747287730867417,0.022954882280443838,0.006548205805308423,0.02704695860059303,0.0020642084955699467,0.5089569438667954,2.465115685104137
Epileptic,original,11500,178,4,4,575,87,20260893,SRS,0.03456554119098625,0.026088153995683337,0.007562044444452339,0.02535625994955737,0.00206785114809598,0.5021441911975425,1.144715059685168
Epileptic,original,11500,178,4,4,575,88,20260894,PCA-QS,0.03152797372016189,0.02462331187107681,0.007107873920613573,0.02779350805575831,0.002092673762349458,0.5278181452015438,2.1325999503873843
Epileptic,original,11500,178,4,4,575,88,20260894,SRS,0.03712085062196748,0.02859041091981137,0.008339819268565326,0.026851401691544652,0.002041687640220821,0.5491709147282037,0.5847124436489716
Epileptic,original,11500,178,4,4,575,89,20260895,PCA-QS,0.035019098504870116,0.025635648678461236,0.007420211817041043,0.025528136283917036,0.002058424812850845,0.5520673781927186,0.5748174537043268
Epileptic,original,11500,178,4,4,575,89,20260895,SRS,0.0326005586175808,0.024393473889556955,0.007098892412341164,0.0249940322989044,0.0020667118438060157,0.5202435999706859,0.5075552344592715
Epileptic,original,11500,178,4,4,575,90,20260896,PCA-QS,0.04715523580821697,0.024088369752233982,0.006800286390792816,0.03370299376980235,0.002042776482844631,0.5374715659835265,2.7201628243137557
Epileptic,original,11500,178,4,4,575,90,20260896,SRS,0.03914445872028363,0.026387858967966398,0.007636090656869004,0.024549376474970686,0.0020640313754357103,0.5658298638279705,1.1954842959372025
Epileptic,original,11500,178,4,4,575,91,20260897,PCA-QS,0.03568318479242166,0.025959929347764647,0.007523403230390921,0.024306784817680338,0.0020632371418807006,0.5636727298506323,2.2134056589633007
Epileptic,original,11500,178,4,4,575,91,20260897,SRS,0.06525573783313934,0.03319914523212011,0.009635261807477112,0.05890374751244565,0.002052036327814076,0.5911443427299385,1.5291738293318662
Epileptic,original,11500,178,4,4,575,92,20260898,PCA-QS,0.037037893493371436,0.02400454284623293,0.006881072514108639,0.026846408583732995,0.0020562149525285172,0.4963603706440452,1.8787719465805734
Epileptic,original,11500,178,4,4,575,92,20260898,SRS,0.03820057135530349,0.026759776879040475,0.007762716510745964,0.02891051990057747,0.002057715488489483,0.6111305755173454,1.3467555527723811
Epileptic,original,11500,178,4,4,575,93,20260899,PCA-QS,0.03152784170658954,0.024637470499471525,0.0071534832758179765,0.02369775177886524,0.0020746043008150216,0.5763313950270343,1.2850261313633295
Epileptic,original,11500,178,4,4,575,93,20260899,SRS,0.043351811990292984,0.029212861853305246,0.008495047768878987,0.03485539017446193,0.0020742991319070815,0.5506358189984989,1.2884610175774873
Epileptic,original,11500,178,4,4,575,94,20260900,PCA-QS,0.034041879690332365,0.024598486460154265,0.007172728285584672,0.026406192323991107,0.002081562115025109,0.5467569824150609,0.7035354769108331
Epileptic,original,11500,178,4,4,575,94,20260900,SRS,0.03389830959838859,0.025294492305040345,0.0073382913823821574,0.024693035511607064,0.0020644733118558643,0.5162894323830572,1.8475540145443279
Epileptic,original,11500,178,4,4,575,95,20260901,PCA-QS,0.03355572389563446,0.024484285104243997,0.007136519556296114,0.024431674797835257,0.002073037956392412,0.5746448233361514,0.9649579237204136
Epileptic,original,11500,178,4,4,575,95,20260901,SRS,0.03604670042804063,0.0257565084728622,0.007453851721978311,0.026322639917118806,0.002058322998540938,0.5432063130475746,0.642969939061032
Epileptic,original,11500,178,4,4,575,96,20260902,PCA-QS,0.03432107641488957,0.02649438693474168,0.0077373480535274175,0.029692283261024244,0.0020536895194266393,0.511329597498299,1.6271423915776002
Epileptic,original,11500,178,4,4,575,96,20260902,SRS,0.03738964496324673,0.025548514901704525,0.0074023270578636715,0.02737265740949013,0.002061299696183802,0.5549804708589826,1.5253527512267844
Epileptic,original,11500,178,4,4,575,97,20260903,PCA-QS,0.03302089283296987,0.0253872789190526,0.0073930425772803145,0.02449245931791033,0.002064748909358343,0.5304345636488865,1.8367214085736032
Epileptic,original,11500,178,4,4,575,97,20260903,SRS,0.038443485160954076,0.024225191866752354,0.007021510266817284,0.028423367774111696,0.0020585538939695554,0.5562529351326115,0.41563782807750255
Epileptic,original,11500,178,4,4,575,98,20260904,PCA-QS,0.033393357819841,0.02596050330727313,0.007524387000271018,0.02665779518956768,0.0020645652896554463,0.49609718499005434,1.7028757534446965
Epileptic,original,11500,178,4,4,575,98,20260904,SRS,0.05142493128969238,0.03053219156061361,0.008897523360291603,0.042213361090785995,0.0020394665889532622,0.629845526924985,3.2470357735073567
Epileptic,original,11500,178,4,4,575,99,20260905,PCA-QS,0.03020599915861627,0.024347192030092866,0.007089754933774753,0.02055004397136173,0.002044788162921224,0.5060324655441059,0.3022855980838467
Epileptic,original,11500,178,4,4,575,99,20260905,SRS,0.03737238041853958,0.02400847330926411,0.006884049955498466,0.02544575616699518,0.0020651622900212355,0.5578556552130353,2.265049395866929
Epileptic,original,11500,178,4,4,575,100,20260906,PCA-QS,0.04004419373152158,0.026343132009965617,0.0076536983499056735,0.03079417862768885,0.0020751458666501015,0.5402454105471152,0.8000666229956683
Epileptic,original,11500,178,4,4,575,100,20260906,SRS,0.037783355079992254,0.027374616128224047,0.007905260939762031,0.030607464781716942,0.0020599699930263465,0.5778923583645749,0.952139694081205
Epileptic,original,11500,178,4,4,575,101,20260907,PCA-QS,0.035466865671105526,0.026557524413491764,0.007748300622553495,0.025672237301598955,0.002042211322142133,0.5696708576449122,1.3412330601105928
Epileptic,original,11500,178,4,4,575,101,20260907,SRS,0.03392542063153249,0.026538950289482725,0.00773297981111945,0.02545689821473829,0.0020835767361617828,0.5166832955882856,1.7321913097700323
Epileptic,original,11500,178,4,4,575,102,20260908,PCA-QS,0.034791982170677756,0.02542183224665705,0.00738890138634843,0.02532653466682433,0.002046660008646906,0.6110020124635474,0.9387349449747052
Epileptic,original,11500,178,4,4,575,102,20260908,SRS,0.030781062034764467,0.023977263536048628,0.00698306002817936,0.02274682963943242,0.0020591195407103757,0.4499828672208237,2.074432980820269
Epileptic,original,11500,178,4,4,575,103,20260909,PCA-QS,0.034545287359787714,0.025081861503193807,0.007279215169323278,0.029556506973500873,0.0020640863295246633,0.5053973914445523,0.974342215785673
Epileptic,original,11500,178,4,4,575,103,20260909,SRS,0.041871750031431954,0.02604959464774317,0.007532326283260797,0.0331703452210661,0.0020682862108260757,0.542049823466791,0.8318867017278484
Epileptic,original,11500,178,4,4,575,104,20260910,PCA-QS,0.040219056700865105,0.027316709103703766,0.007953849673071153,0.030242446443635274,0.0020771924351286677,0.4991293617527258,1.029717013075409
Epileptic,original,11500,178,4,4,575,104,20260910,SRS,0.03451971626835328,0.022563802152673472,0.0065303479296299925,0.027067654547813902,0.0020694175599717136,0.49976055737175434,1.0656013998507228
Epileptic,original,11500,178,4,4,575,105,20260911,PCA-QS,0.04086962618018404,0.026162801468636778,0.007570428796208705,0.02736494395303346,0.002058308403651243,0.5912188357849578,0.38335443111759504
Epileptic,original,11500,178,4,4,575,105,20260911,SRS,0.03396045317475675,0.0243339287977417,0.007041026091838153,0.02548561302212704,0.002102289762191539,0.55753050899822,1.8648371883282189
Epileptic,original,11500,178,4,4,575,106,20260912,PCA-QS,0.03621093207279255,0.026270200334840888,0.007616659340144928,0.02786580898477986,0.002074934273507393,0.5120000823199414,1.5444751618876813
Epileptic,original,11500,178,4,4,575,106,20260912,SRS,0.03497135083538004,0.025030950218762258,0.007246072555872497,0.02372520104533571,0.0020763873786395705,0.4977180604830949,2.1702584977268384
Epileptic,original,11500,178,4,4,575,107,20260913,PCA-QS,0.04259744456328213,0.022835827475903774,0.006482070826803231,0.03104905229446331,0.0020411219309294324,0.5344019693239027,1.0771501275935091
Epileptic,original,11500,178,4,4,575,107,20260913,SRS,0.04034374269963853,0.024738393529462662,0.007124074735195863,0.02788865364271409,0.002060641564899238,0.5701728654783402,0.6665262371171682
Epileptic,original,11500,178,4,4,575,108,20260914,PCA-QS,0.03268196316605135,0.02466222545938988,0.007226967940708219,0.02441324781481846,0.0020471015171638096,0.5601108833251588,1.185358595132482
Epileptic,original,11500,178,4,4,575,108,20260914,SRS,0.03784287957872016,0.02464986616213636,0.0070879883929309394,0.026467379735510832,0.0020479147680168117,0.5089751163788327,0.830276803729334
Epileptic,original,11500,178,4,4,575,109,20260915,PCA-QS,0.03612796686004887,0.025421959828801,0.007361165838603632,0.026721184052751923,0.0020820729809960022,0.5423076478808141,0.9491447737466814
Epileptic,original,11500,178,4,4,575,109,20260915,SRS,0.03651422218827747,0.026322519522969993,0.007662432332747152,0.029351057587531315,0.0020590402366377825,0.5645526249384879,0.48403472446293583
Epileptic,original,11500,178,4,4,575,110,20260916,PCA-QS,0.03475937741854133,0.02592903161617203,0.007538871404398291,0.025558734439600883,0.002073031670192773,0.5705355035002203,0.9522316848304756
Epileptic,original,11500,178,4,4,575,110,20260916,SRS,0.039736049772303786,0.026404771738886494,0.007663687301545769,0.026655150136555505,0.002067819098236293,0.5241894032368092,1.5817882766152704
Epileptic,original,11500,178,4,4,575,111,20260917,PCA-QS,0.030685584167885534,0.02410457084118317,0.007040944888721204,0.022769699188271986,0.002068140410933797,0.5179832259594133,1.613047023635119
Epileptic,original,11500,178,4,4,575,111,20260917,SRS,0.0389935214043122,0.025609996537548137,0.007414503494842247,0.02632734347026755,0.0020684617906010423,0.4978842264480667,1.404421805849658
Epileptic,original,11500,178,4,4,575,112,20260918,PCA-QS,0.030340442714296215,0.023950711034836904,0.006977234174627096,0.021491769623517953,0.0020687535582527908,0.5284004434573741,0.6129580714452552
Epileptic,original,11500,178,4,4,575,112,20260918,SRS,0.06918103443454954,0.033659174258277275,0.009731930186781488,0.06715634115478863,0.002061534170334779,0.664594986767316,1.236676177129425
Epileptic,original,11500,178,4,4,575,113,20260919,PCA-QS,0.03033399429781493,0.023346539240338787,0.0067845716564736,0.022578336399309507,0.002065053281208532,0.5222825086631371,0.6396194625811289
Epileptic,original,11500,178,4,4,575,113,20260919,SRS,0.03502845610851884,0.023574538889073033,0.00682470356082712,0.02196784200691937,0.0020559633561585042,0.558664272701849,1.6907871821609897
Epileptic,original,11500,178,4,4,575,114,20260920,PCA-QS,0.034037347719884065,0.023814023303099216,0.006880764460424223,0.025103435210779068,0.002048861037123467,0.4869449047725612,2.7616870651706247
Epileptic,original,11500,178,4,4,575,114,20260920,SRS,0.0320192230564571,0.02256649701407541,0.006548737673751532,0.024773626137895022,0.002053521378276763,0.49182625505751126,2.071254253970085
Epileptic,original,11500,178,4,4,575,115,20260921,PCA-QS,0.03065127618371799,0.023935748437423503,0.006979159862943875,0.022919819081062442,0.002059231631270462,0.5429169061247806,2.510834668002822
Epileptic,original,11500,178,4,4,575,115,20260921,SRS,0.034940958174708055,0.023388562676454172,0.006738557669600699,0.02701931120131107,0.002066345623432235,0.5366089292822926,1.5315979735574181
Epileptic,original,11500,178,4,4,575,116,20260922,PCA-QS,0.031993512305293216,0.022582046975833624,0.0065407643893798705,0.023410010791229396,0.002048333474963941,0.5154885012738009,0.5050034886053227
Epileptic,original,11500,178,4,4,575,116,20260922,SRS,0.0349013460251909,0.023278088761823645,0.006758753780549905,0.027075559691292383,0.0020569792299188973,0.48864602218226627,0.4791715935353127
Epileptic,original,11500,178,4,4,575,117,20260923,PCA-QS,0.032435021071190395,0.025703580371503148,0.0074994287586726644,0.02253037818683623,0.002063512720434482,0.537912624326653,1.6750865906676735
Epileptic,original,11500,178,4,4,575,117,20260923,SRS,0.034902794288150754,0.02530785891686483,0.007350447078817866,0.02559286291600138,0.002087944248594708,0.5745638230078266,0.599743171506048
Epileptic,original,11500,178,4,4,575,118,20260924,PCA-QS,0.034039635821127255,0.026190228773948478,0.007628962441781443,0.024728843282437296,0.002059344637813352,0.5339439554742419,1.060584569506329
Epileptic,original,11500,178,4,4,575,118,20260924,SRS,0.03762423985565939,0.026540703001143716,0.007732217620878094,0.027530452679839,0.0020735819855914016,0.5825926154292057,1.8075163298375474
Epileptic,original,11500,178,4,4,575,119,20260925,PCA-QS,0.034690842758256464,0.02597221882489723,0.007537412934476679,0.025303249172905495,0.002059801773180992,0.5562993709095084,0.8912162704050596
Epileptic,original,11500,178,4,4,575,119,20260925,SRS,0.03516395186709477,0.023816737997875728,0.006862888074066838,0.028267909068446784,0.0020862217976598428,0.547575962463933,1.7341882582425199
Epileptic,original,11500,178,4,4,575,120,20260926,PCA-QS,0.03502429359728265,0.02449883023704262,0.007095759846813165,0.02803134047866962,0.002094647536736399,0.5745799307495516,0.5647979173402128
Epileptic,original,11500,178,4,4,575,120,20260926,SRS,0.031548800822815644,0.02475879741582391,0.0072117047734476525,0.02266285793185041,0.0020603582495088255,0.5205974553300418,0.7959840465831312
Epileptic,original,11500,178,4,4,575,121,20260927,PCA-QS,0.03122565171444634,0.023137259259711912,0.006694721253977401,0.024001613006230826,0.002054340632394106,0.5318486855174184,0.7842607819241509
Epileptic,original,11500,178,4,4,575,121,20260927,SRS,0.030955909951424432,0.024382265033616488,0.007115690315383329,0.021567562315455646,0.002079511171365488,0.5072649978125197,0.7266121528523943
Epileptic,original,11500,178,4,4,575,122,20260928,PCA-QS,0.03294980280764333,0.0244148180717681,0.0071210171813747315,0.022143878563873898,0.0020763882454072147,0.511124325989863,0.8378495242792411
Epileptic,original,11500,178,4,4,575,122,20260928,SRS,0.041962344065628064,0.023589032604540726,0.006758323240322595,0.03076347581185246,0.002075464450206538,0.5467176421980585,0.9200812812650632
Epileptic,original,11500,178,4,4,575,123,20260929,PCA-QS,0.03344996113010276,0.02689477643515318,0.00784265518684031,0.02431151432667278,0.0020825657755946434,0.54029733693652,1.7969322511562018
Epileptic,original,11500,178,4,4,575,123,20260929,SRS,0.03684707808402062,0.025030966488884938,0.007244365383158598,0.031850932842377944,0.0020575381318807913,0.5658466344957611,0.7874663728501607
Epileptic,original,11500,178,4,4,575,124,20260930,PCA-QS,0.034347263030547005,0.022777239114279455,0.006578469345144732,0.02357564137247614,0.002045723526085659,0.4964700560599972,0.7263058429545666
Epileptic,original,11500,178,4,4,575,124,20260930,SRS,0.03558459766005849,0.02740414186926208,0.007973802378167222,0.02636222947040956,0.002070620426797292,0.6085572362860526,0.6320723655221463
Epileptic,original,11500,178,4,4,575,125,20260931,PCA-QS,0.03459491778718746,0.026923943010823705,0.007832703785517718,0.025986851293392732,0.002052121031355703,0.6328076525984448,2.5927352105470005
Epileptic,original,11500,178,4,4,575,125,20260931,SRS,0.040781185100900626,0.027610745819964574,0.007995030314856575,0.03105647535062417,0.0020628289045855333,0.5268926116518594,0.8902812212480107
Epileptic,original,11500,178,4,4,575,126,20260932,PCA-QS,0.03183028806973271,0.024042638609319177,0.00697592266852395,0.023235753571592355,0.002058376305772681,0.5821275929753472,1.0718998539047284
Epileptic,original,11500,178,4,4,575,126,20260932,SRS,0.03877105956358166,0.024564657663518334,0.007104476045745572,0.03048661397889596,0.0020659470465232647,0.5019090137362557,1.7496157508538028
Epileptic,original,11500,178,4,4,575,127,20260933,PCA-QS,0.03285789714138008,0.024429193917723177,0.007090230803208252,0.02757413384745,0.0020676700111907234,0.5519936585880483,1.6857611219645214
Epileptic,original,11500,178,4,4,575,127,20260933,SRS,0.04314815668385737,0.028170148955160946,0.008232843214980357,0.0386693241727496,0.0020625664323424206,0.6616228108463607,1.6254646440624052
Epileptic,original,11500,178,4,4,575,128,20260934,PCA-QS,0.0376457847148194,0.024307075237653825,0.006994265642664183,0.0274254258001001,0.0020567382447713297,0.556227151977793,0.5744233502799644
Epileptic,original,11500,178,4,4,575,128,20260934,SRS,0.03537544042636049,0.02585961352851015,0.007494783236109401,0.02671739769149184,0.0020322265127013035,0.5914960475991483,2.905760754266989
Epileptic,original,11500,178,4,4,575,129,20260935,PCA-QS,0.035572721576680046,0.024485132026762054,0.007096538275085509,0.028828214962466348,0.0020690196972816864,0.5364288282697286,0.970694549941141
Epileptic,original,11500,178,4,4,575,129,20260935,SRS,0.036633773911728486,0.026906573283359384,0.007807785635514579,0.025797345709021258,0.0020652562684602663,0.5781026827646513,0.9251546455402044
Epileptic,original,11500,178,4,4,575,130,20260936,PCA-QS,0.031928490953537274,0.024010426588441477,0.006968991296044419,0.022532168855013524,0.002028028052991272,0.4987722619003788,0.6239046304271674
Epileptic,original,11500,178,4,4,575,130,20260936,SRS,0.038726142008620956,0.024695412663061262,0.007088526948384556,0.028075396398076435,0.002063562571495115,0.5540234475991753,0.6335071396626408
Epileptic,original,11500,178,4,4,575,131,20260937,PCA-QS,0.03328412175888034,0.025830805615727377,0.007510083343287433,0.029493799691410416,0.002080106853837558,0.557576037332722,1.365498645579402
Epileptic,original,11500,178,4,4,575,131,20260937,SRS,0.05193689704396462,0.030459385468176163,0.008835295617590659,0.03774635605505239,0.002060922472410394,0.6373518333933497,1.7425965863361
Epileptic,original,11500,178,4,4,575,132,20260938,PCA-QS,0.039388098253362196,0.027959319104589875,0.00813287614080766,0.0310922137946541,0.002052523295908227,0.6056965056669004,1.2378620295978335
Epileptic,original,11500,178,4,4,575,132,20260938,SRS,0.033689663931605274,0.02306246727280768,0.006702912170586113,0.026289632289735465,0.002083400845097245,0.5665268126351735,1.058364071899013
Epileptic,original,11500,178,4,4,575,133,20260939,PCA-QS,0.03345380233830349,0.02334474405846176,0.006789690097454132,0.02202787848790777,0.0020358171666071396,0.6029684259986774,0.6156750093392139
Epileptic,original,11500,178,4,4,575,133,20260939,SRS,0.040908885157484594,0.028355614699746113,0.008258984141274343,0.032907664216415,0.002078989400335799,0.6084170221190601,0.48990318116966114
Epileptic,original,11500,178,4,4,575,134,20260940,PCA-QS,0.0335273005826894,0.024345768948079775,0.007069202164309547,0.02712839196023431,0.0020510135744110816,0.5526797100020658,1.1161859458843923
Epileptic,original,11500,178,4,4,575,134,20260940,SRS,0.05107496554926589,0.030583955971124052,0.008920203380733722,0.045724742575474764,0.0020386714491085404,0.6350980446451411,4.026260830311156
Epileptic,original,11500,178,4,4,575,135,20260941,PCA-QS,0.033423060255963984,0.023752215831363502,0.0068415122313493166,0.026510744266360575,0.002078369123167945,0.5122303953217117,1.0202790707430727
Epileptic,original,11500,178,4,4,575,135,20260941,SRS,0.035271723236439005,0.024588512696407324,0.0071224231841655996,0.02841524707507226,0.0020882038326944354,0.508284822403502,1.0372254052337393
Epileptic,original,11500,178,4,4,575,136,20260942,PCA-QS,0.032476444506957705,0.024490876940772666,0.007126319283374808,0.023668155363941068,0.002057666996367952,0.6107122162573932,1.3527678043318805
Epileptic,original,11500,178,4,4,575,136,20260942,SRS,0.03139018912914062,0.024868701146355594,0.007213811507990104,0.024324778738227693,0.0020513545839531506,0.5168625450349879,0.814487448060209
Epileptic,original,11500,178,4,4,575,137,20260943,PCA-QS,0.03338086034618511,0.024923615705828874,0.007222720423428831,0.023639617795579326,0.0020605835732891726,0.5761233688556855,0.6323362214478371
Epileptic,original,11500,178,4,4,575,137,20260943,SRS,0.04210435221265652,0.027212385763519305,0.00777051192309801,0.027383929657247563,0.0020717858640851893,0.5422584560372206,0.5474767160143773
Epileptic,original,11500,178,4,4,575,138,20260944,PCA-QS,0.030539153763382523,0.023749676561867862,0.006902159593453507,0.020768994707680122,0.0020575869878098714,0.4963036008437422,0.8192211031528913
Epileptic,original,11500,178,4,4,575,138,20260944,SRS,0.035243726364667695,0.02315129460118101,0.00671132638991541,0.02240335474914623,0.0020711734569339416,0.5284770575571457,1.6920707319570358
Epileptic,original,11500,178,4,4,575,139,20260945,PCA-QS,0.03670847912629684,0.026571282592950485,0.007692910560765928,0.027876307314624427,0.0020589075016917424,0.5668111601797271,1.0651320503620063
Epileptic,original,11500,178,4,4,575,139,20260945,SRS,0.03238561156096499,0.02327157447369683,0.006724645541652449,0.024062799417201575,0.0020684008590518654,0.4701170692279734,2.7996210008500437
Epileptic,original,11500,178,4,4,575,140,20260946,PCA-QS,0.031279358221178485,0.02361502600020158,0.006865979548729207,0.023806470726670526,0.0020535222293468565,0.4655284693023245,1.6238961630452973
Epileptic,original,11500,178,4,4,575,140,20260946,SRS,0.0326549195243578,0.024512985252070525,0.007106793862961155,0.024449175569337456,0.0020503186004926935,0.5102902560360992,0.6901919038872918
Epileptic,original,11500,178,4,4,575,141,20260947,PCA-QS,0.031678824473772016,0.02677910330052705,0.0078111382847280975,0.024647061812894222,0.002075000209387461,0.5387586962108807,1.6683488542174743
Epileptic,original,11500,178,4,4,575,141,20260947,SRS,0.03729436102327335,0.02477589313175307,0.007171440273937239,0.025167019754485764,0.0020723286272407463,0.4877643575269354,1.3152916062881737
Epileptic,original,11500,178,4,4,575,142,20260948,PCA-QS,0.030874946305023562,0.024970323695964868,0.00722918488769792,0.02401324663081006,0.0020556091814971614,0.5950070546025036,0.5357236416231578
Epileptic,original,11500,178,4,4,575,142,20260948,SRS,0.03954407985085587,0.027875792573324107,0.008056434152920526,0.033675931601429454,0.002078163430195675,0.5169891413633237,1.026815040509258
Epileptic,original,11500,178,4,4,575,143,20260949,PCA-QS,0.03086059859184282,0.0244325171092407,0.007111025576710019,0.02361270775421076,0.002097059345091903,0.48843410369171664,1.0313395679438233
Epileptic,original,11500,178,4,4,575,143,20260949,SRS,0.03536417964362738,0.023852793307825564,0.006899666780137309,0.027515757349725334,0.002057228080050238,0.5808639406815131,2.104090600306803
Epileptic,original,11500,178,4,4,575,144,20260950,PCA-QS,0.034603622647202174,0.0262490302005359,0.007639147491677535,0.02374039005039208,0.0020485503467603714,0.5505586080209751,1.4994598155557854
Epileptic,original,11500,178,4,4,575,144,20260950,SRS,0.03615331706244754,0.02347111067901447,0.006790974026655093,0.022917081867079858,0.002085794432545163,0.5200918563835942,0.8410382735060905
Epileptic,original,11500,178,4,4,575,145,20260951,PCA-QS,0.033777059443523466,0.024420928122147943,0.0070988629740947095,0.025028678628775225,0.002050911487098754,0.5772199133571335,0.9656199546293677
Epileptic,original,11500,178,4,4,575,145,20260951,SRS,0.03395822557582793,0.026391090322270706,0.007690436663664019,0.023624199107786126,0.002059082065272528,0.5692408307245571,1.2245825713015597
Epileptic,original,11500,178,4,4,575,146,20260952,PCA-QS,0.03449521300077225,0.02320818392628078,0.006703420191317988,0.024049378247459785,0.0020579217346209946,0.5160064904973402,1.5231484541209395
Epileptic,original,11500,178,4,4,575,146,20260952,SRS,0.03358004227212797,0.024719120155722918,0.00719163358367885,0.029187067596861738,0.0020519118083362066,0.5858516260325147,0.49902018244617913
Epileptic,original,11500,178,4,4,575,147,20260953,PCA-QS,0.03688025921224804,0.02469630141174404,0.007163176515634499,0.028025595923068636,0.0020484990859616086,0.5459827991845901,0.5240710951057495
Epileptic,original,11500,178,4,4,575,147,20260953,SRS,0.03604639276247957,0.024850144674960925,0.0071657356789510225,0.025480290745859335,0.002054450707271475,0.5595348406750387,2.114143668137763
Epileptic,original,11500,178,4,4,575,148,20260954,PCA-QS,0.03796687446663475,0.026128312613862805,0.007592556395714001,0.03130329691281375,0.0020631040807011177,0.5349858372253687,0.6545376145028072
Epileptic,original,11500,178,4,4,575,148,20260954,SRS,0.03815485068762568,0.02620929163436935,0.0076326794826189065,0.027568161472995456,0.0020661188257371332,0.5844446751650129,1.5774320712609085
Epileptic,original,11500,178,4,4,575,149,20260955,PCA-QS,0.03341449219784974,0.024257067014694305,0.007038468926650324,0.02770757969546267,0.0020310469717188884,0.48767267609959336,0.8419289713309903
Epileptic,original,11500,178,4,4,575,149,20260955,SRS,0.03627530482385899,0.025121576782537233,0.00728890181516444,0.023811636066119135,0.0020488913019334615,0.5680504826912673,2.6548696194002797
Epileptic,original,11500,178,4,4,575,150,20260956,PCA-QS,0.03702060165829238,0.024349839724047268,0.0069960888318067365,0.027432839707614676,0.002070297244268894,0.5504470561797279,1.3258451863394332
Epileptic,original,11500,178,4,4,575,150,20260956,SRS,0.036020727321888456,0.025862374819556926,0.007458730027763915,0.028418047253857992,0.0020796609122067464,0.5070502576221034,0.6801637595318284
Epileptic,original,11500,178,4,4,575,151,20260957,PCA-QS,0.0326522469263928,0.025952478243298754,0.007553392550289551,0.02372630300266998,0.0020360253579164472,0.5284206651421877,0.44720941224310085
Epileptic,original,11500,178,4,4,575,151,20260957,SRS,0.03772495205289389,0.02540389928973313,0.007373358542276362,0.02827423883369029,0.0020714798277121495,0.593974900988076,1.5188526911798241
Epileptic,original,11500,178,4,4,575,152,20260958,PCA-QS,0.036355998177306025,0.02544105984271915,0.007400346195327288,0.0268952445099071,0.002074783331650524,0.5502145097643092,1.0793593130574615
Epileptic,original,11500,178,4,4,575,152,20260958,SRS,0.03694734759805162,0.023852513987481044,0.0068753971597627144,0.025918866604786928,0.0020719211335052928,0.547292610615779,2.7145391146218727
Epileptic,original,11500,178,4,4,575,153,20260959,PCA-QS,0.03182379464894908,0.02474426180751218,0.007204707719823409,0.021526268558144324,0.0020548236820269296,0.5323713355252321,1.20400904802575
Epileptic,original,11500,178,4,4,575,153,20260959,SRS,0.042633926779479824,0.024924590927465934,0.007114929671475231,0.03212525290958901,0.0020812090951350015,0.512273397822359,1.4614257136309927
Epileptic,original,11500,178,4,4,575,154,20260960,PCA-QS,0.03485795776389807,0.024094459414356024,0.006947092820490874,0.026368416932378125,0.002059667406219536,0.5839396765707991,2.4467844052119507
Epileptic,original,11500,178,4,4,575,154,20260960,SRS,0.035571712726751956,0.023620596669856515,0.00684098459109224,0.02513175360384068,0.002062999414133623,0.5663563648854711,1.5499376118081931
Epileptic,original,11500,178,4,4,575,155,20260961,PCA-QS,0.031186637762912858,0.024283283206267256,0.007039764591017767,0.022601961619372446,0.002063156918455917,0.5692843824473381,1.761701804676996
Epileptic,original,11500,178,4,4,575,155,20260961,SRS,0.04838693690602533,0.0282725190773958,0.008172697573310154,0.04154018530430115,0.0020762412364167503,0.5793694119046726,1.1182880456315272
Epileptic,original,11500,178,4,4,575,156,20260962,PCA-QS,0.032480723641451235,0.02553257948034429,0.007437286111388532,0.02717746625473616,0.002077008134517946,0.6361244985788798,1.1194202822137225
Epileptic,original,11500,178,4,4,575,156,20260962,SRS,0.034774220196619965,0.024758907582639614,0.007175012073132495,0.028627365169668906,0.002079871498461992,0.6145451307090558,0.944635059728997
Epileptic,original,11500,178,4,4,575,157,20260963,PCA-QS,0.03534900960621643,0.026118156440755803,0.007592578378868559,0.03125955481123199,0.0020846101944725203,0.5195264138463616,1.2474989989820366
Epileptic,original,11500,178,4,4,575,157,20260963,SRS,0.041062308498393235,0.02837702065726277,0.008268019806152653,0.03555371063087698,0.0020666378889439073,0.5494621518693796,2.0427163301316713
Epileptic,original,11500,178,4,4,575,158,20260964,PCA-QS,0.03521495931428711,0.026360356776698263,0.007670374616068072,0.026649546892643983,0.0020590615619585375,0.5317982893223027,1.0475327624751793
Epileptic,original,11500,178,4,4,575,158,20260964,SRS,0.038882992213212245,0.024916717908134968,0.007179775772613556,0.02890184652570582,0.002078555899516389,0.47726699840835707,0.7309724402971327
Epileptic,original,11500,178,4,4,575,159,20260965,PCA-QS,0.03278586932305445,0.026143536413006926,0.007600233098284635,0.0229502009053153,0.0020553112447721806,0.5343235759158468,1.3412755441857276
Epileptic,original,11500,178,4,4,575,159,20260965,SRS,0.03520629862164922,0.02580563614363038,0.007503998930363544,0.026988997240312784,0.0020513433704229464,0.5110862052619284,0.9424416237677852
Epileptic,original,11500,178,4,4,575,160,20260966,PCA-QS,0.033900843488366736,0.02370327985462376,0.006823909839677141,0.02745175862730065,0.002067730487799039,0.4873582587191179,0.8624395659659588
Epileptic,original,11500,178,4,4,575,160,20260966,SRS,0.04131184760322237,0.02766110384483216,0.008059860644723088,0.031121228591263872,0.0020593742770353383,0.6254755956628621,0.4187580965703468
Epileptic,original,11500,178,4,4,575,161,20260967,PCA-QS,0.03191778111796896,0.02422981038323012,0.007027591512371181,0.024328214801924375,0.002035571250083047,0.5450960897595399,0.5844624385715053
Epileptic,original,11500,178,4,4,575,161,20260967,SRS,0.03694129778535873,0.027346022661604436,0.00797722367715717,0.026247234183225387,0.0020769846466196875,0.5846664020584406,1.2585538198125434
Epileptic,original,11500,178,4,4,575,162,20260968,PCA-QS,0.03110401227325098,0.023549468691875575,0.006831114164208654,0.022266285475858183,0.0020583613384240174,0.4995904295669268,0.4263214759591939
Epileptic,original,11500,178,4,4,575,162,20260968,SRS,0.03727017148897036,0.02671497800089863,0.007787559066829703,0.029395317436433643,0.0020775191100540933,0.565455409549432,1.8364142291656997
Epileptic,original,11500,178,4,4,575,163,20260969,PCA-QS,0.0352522443151011,0.026410699553187016,0.007697814366873385,0.03252782657268227,0.0020663917799055393,0.5842527610184535,1.364099058310107
Epileptic,original,11500,178,4,4,575,163,20260969,SRS,0.03575598626571635,0.02461589398831784,0.007188040013274022,0.032057760667902,0.002079918660850505,0.5524525607823914,1.1933576224750002
Epileptic,original,11500,178,4,4,575,164,20260970,PCA-QS,0.03229361785194218,0.024749911668493055,0.007192071012078495,0.02554665840903425,0.0020790998274374628,0.5586125775167657,1.0565122448095354
Epileptic,original,11500,178,4,4,575,164,20260970,SRS,0.03799129994977834,0.022988986896758587,0.006622061977814072,0.027632963078215056,0.002040939761951802,0.4836196829605028,1.906862963505898
Epileptic,original,11500,178,4,4,575,165,20260971,PCA-QS,0.036627996198535503,0.026324524060904644,0.007693112072405007,0.027009398526017137,0.0020746252670411727,0.5552000201228776,0.49532659749994934
Epileptic,original,11500,178,4,4,575,165,20260971,SRS,0.03634958531165906,0.024483002272744143,0.007094986638885144,0.02641214476038556,0.0020936160622339888,0.5494966527896004,1.0867787738636956
Epileptic,original,11500,178,4,4,575,166,20260972,PCA-QS,0.034437598007631874,0.023802321365958463,0.006837410343469416,0.025203118308178674,0.002055528749485849,0.4533384024510037,0.9744765011496429
Epileptic,original,11500,178,4,4,575,166,20260972,SRS,0.04024600910568146,0.023306362433322216,0.006679730522271292,0.0287492193939336,0.0020669854680709873,0.5142144751999135,1.3842111422585628
Epileptic,original,11500,178,4,4,575,167,20260973,PCA-QS,0.0351924381230739,0.02414972610988382,0.006984155267448687,0.02566996492023499,0.0020510778545425575,0.4870269028890426,0.6818549596687342
Epileptic,original,11500,178,4,4,575,167,20260973,SRS,0.030572740256575713,0.024231374448451488,0.007063233191421253,0.024172970501151525,0.0020679396266076815,0.5168989078883597,0.4270688650982988
Epileptic,original,11500,178,4,4,575,168,20260974,PCA-QS,0.03265622085209679,0.024953175947519463,0.007235696025813719,0.023854153798403388,0.002038255247575341,0.5392290349655288,1.480177151657331
Epileptic,original,11500,178,4,4,575,168,20260974,SRS,0.03673396946794554,0.026073588924280734,0.007576822401619693,0.024394954772006372,0.002056112945714672,0.5113887410904844,1.0714893194507331
Epileptic,original,11500,178,4,4,575,169,20260975,PCA-QS,0.044286965690725114,0.02795204672634432,0.008144316101749418,0.03987193288232227,0.002061472764781554,0.6226398063715081,0.6684489483459904
Epileptic,original,11500,178,4,4,575,169,20260975,SRS,0.03361380954136046,0.024996094389266213,0.007213282957773922,0.021524239699248326,0.0020683436531147765,0.5711415299069496,0.5685586860714273
Epileptic,original,11500,178,4,4,575,170,20260976,PCA-QS,0.03485840582039984,0.024268338001353855,0.007028394385063871,0.023973088724750014,0.0020459021759295423,0.5043911336829866,0.6145512726102612
Epileptic,original,11500,178,4,4,575,170,20260976,SRS,0.036347266348331346,0.02658869631346889,0.00774384990725478,0.02961341194262168,0.002071693304809541,0.5541879718823449,0.7601962735202203
Epileptic,original,11500,178,4,4,575,171,20260977,PCA-QS,0.028166718139925166,0.024704731686244343,0.007180692573399455,0.020331728502291924,0.002069256667042641,0.5400018741915477,0.9302248047707279
Epileptic,original,11500,178,4,4,575,171,20260977,SRS,0.03651531559266249,0.025227219520956006,0.007338689455216154,0.03368827240025318,0.002061620600278358,0.5239170238997808,0.5691363144651794
Epileptic,original,11500,178,4,4,575,172,20260978,PCA-QS,0.041243186622508476,0.02719312120539033,0.007905450649062023,0.03150350782059341,0.002083222781158285,0.5632265666458648,0.36516109368815175
Epileptic,original,11500,178,4,4,575,172,20260978,SRS,0.036663145020806046,0.02581046793435268,0.007504255556612047,0.028034458910962456,0.002080957178148753,0.5997562659661001,2.045978129443311
Epileptic,original,11500,178,4,4,575,173,20260979,PCA-QS,0.031951116612525574,0.024296279649240214,0.007068563616448333,0.020329582080968578,0.0020162099536516053,0.522793981972236,0.42740874160744996
Epileptic,original,11500,178,4,4,575,173,20260979,SRS,0.040560161549480424,0.025489629058687055,0.007320959520541322,0.03016134648780877,0.002065619421673902,0.564179603564164,0.7850383486619724
Epileptic,original,11500,178,4,4,575,174,20260980,PCA-QS,0.03025997770716673,0.023888256352056894,0.006941269139099819,0.02220615619319588,0.0020649644227360825,0.5339758765585748,0.484828571149732
Epileptic,original,11500,178,4,4,575,174,20260980,SRS,0.03356760038184578,0.02378382461924852,0.006890981135178558,0.02255196220237643,0.0020812952557361995,0.5864118480247151,0.7769292216083432
Epileptic,original,11500,178,4,4,575,175,20260981,PCA-QS,0.03332537793700142,0.025074263589788863,0.007261667101017217,0.023613538035256454,0.0020587611544838937,0.5478183248937512,0.994815614028397
Epileptic,original,11500,178,4,4,575,175,20260981,SRS,0.03554787788796845,0.025996960937362163,0.007495151610400556,0.021933543803422495,0.002037781453454159,0.5019356584059348,0.6827207819762491
Epileptic,original,11500,178,4,4,575,176,20260982,PCA-QS,0.03338363379781686,0.023386986700934993,0.0067426944218800695,0.024266892475777624,0.002078942475196408,0.489761436920994,0.920646499139702
Epileptic,original,11500,178,4,4,575,176,20260982,SRS,0.03997414338711953,0.02723404965710735,0.007909829581989207,0.03388240420848554,0.0020532367146689273,0.5342354064871808,1.0491744337720905
Epileptic,original,11500,178,4,4,575,177,20260983,PCA-QS,0.03445181939119623,0.026612236788032782,0.0076807719692679145,0.024677002063457465,0.0020606624347075967,0.534942689915021,1.2654476705605657
Epileptic,original,11500,178,4,4,575,177,20260983,SRS,0.03509080856772656,0.024353348580172896,0.007060466032606016,0.022460540089976888,0.002073746340197442,0.534898381199,2.1316707085716367
Epileptic,original,11500,178,4,4,575,178,20260984,PCA-QS,0.03516264170177538,0.025616692843876982,0.007426049302208097,0.02507673462246096,0.0020583244654629536,0.5374615459006885,1.218286766585117
Epileptic,original,11500,178,4,4,575,178,20260984,SRS,0.03497548239012443,0.025167223790235848,0.007318297991174571,0.027194822194143597,0.002070937782297145,0.528342428843099,0.4600752565230195
Epileptic,original,11500,178,4,4,575,179,20260985,PCA-QS,0.03720354023811738,0.026092249189717087,0.007598386751319473,0.031286428525215015,0.002069494790775972,0.5925057816833122,0.9046292436426636
Epileptic,original,11500,178,4,4,575,179,20260985,SRS,0.035680942171040196,0.024317136180200122,0.007099123681845855,0.027492996951643534,0.002077759300277561,0.5775033568058673,0.951124737724848
Epileptic,original,11500,178,4,4,575,180,20260986,PCA-QS,0.030718594946989627,0.024830035463684574,0.00722972664078615,0.02279071750355932,0.002065086358358935,0.5535176272806583,2.1073535521008204
Epileptic,original,11500,178,4,4,575,180,20260986,SRS,0.04100726517333262,0.025605110780931355,0.007329072743479939,0.032599691587641644,0.0020454482502757494,0.5607742876738664,0.7755943498577069
Epileptic,original,11500,178,4,4,575,181,20260987,PCA-QS,0.03141569313990581,0.026136702734243206,0.007614492390556343,0.023052525708592952,0.002065461519152772,0.49785492698354356,1.4945217291359052
Epileptic,original,11500,178,4,4,575,181,20260987,SRS,0.035146831410902434,0.02342680817191504,0.006766350304724554,0.024282301656985084,0.0020596764628689535,0.5582546380004496,1.154128538971955
Epileptic,original,11500,178,4,4,575,182,20260988,PCA-QS,0.03297434552082181,0.02348083880662723,0.006813377147761025,0.024978158903277148,0.0020623300575724436,0.48525315465828106,1.1657868233210655
Epileptic,original,11500,178,4,4,575,182,20260988,SRS,0.030860823288217598,0.02661653443748341,0.007764197511446391,0.026237108880817317,0.002063901184591062,0.5531940495738653,1.1289428054038309
Epileptic,original,11500,178,4,4,575,183,20260989,PCA-QS,0.03660906099197605,0.024838224456692228,0.007181182412072565,0.02932387201009945,0.0020590360872617137,0.6109916814120944,1.2451351546301392
Epileptic,original,11500,178,4,4,575,183,20260989,SRS,0.03449432933248494,0.026338052874410472,0.007668569344044695,0.027057797247506343,0.0020447566019171585,0.5840297681953032,1.5089685722388904
Epileptic,original,11500,178,4,4,575,184,20260990,PCA-QS,0.0307765177158384,0.02431678249073812,0.007046013429056176,0.023076864145675557,0.0020595920258146276,0.5177124888834884,1.1905002372667506
Epileptic,original,11500,178,4,4,575,184,20260990,SRS,0.03907775380320527,0.026006429661428465,0.007561243479375317,0.027338627172619923,0.0020527613962649724,0.5740138927657789,0.8649244519839279
Epileptic,original,11500,178,4,4,575,185,20260991,PCA-QS,0.03343209971928186,0.024588323697877775,0.007121825128404786,0.02686474895578428,0.0020662047517982837,0.5664154230848121,1.4577337921376552
Epileptic,original,11500,178,4,4,575,185,20260991,SRS,0.03504526836126153,0.027758953495492004,0.008092226406625895,0.030422634276503047,0.0020694724176035287,0.5211873702239818,1.1906393938196231
Epileptic,original,11500,178,4,4,575,186,20260992,PCA-QS,0.037190899750554535,0.027563688692886317,0.008035123793296127,0.0270546563489944,0.0020231153406645745,0.6063590426636744,1.0458858164496305
Epileptic,original,11500,178,4,4,575,186,20260992,SRS,0.03576767943345109,0.02387860828449782,0.006880128025493283,0.025500222400175687,0.0020432035722990974,0.4863402775600822,1.1624198218647688
Epileptic,original,11500,178,4,4,575,187,20260993,PCA-QS,0.04038524699997206,0.028191564062070972,0.008181252544782653,0.0380297187177181,0.0020620489314237883,0.555516230824236,1.1608195859082386
Epileptic,original,11500,178,4,4,575,187,20260993,SRS,0.031749607299409364,0.025056338110929267,0.007260135338790678,0.024311966607951874,0.0020503984328396506,0.5623559356513357,1.6032352504716925
Epileptic,original,11500,178,4,4,575,188,20260994,PCA-QS,0.03321288474125578,0.0223386542158263,0.006430418000097809,0.023783467982127604,0.002083408707316381,0.511934432872709,1.3959718708124382
Epileptic,original,11500,178,4,4,575,188,20260994,SRS,0.03579704550561123,0.024943785158339744,0.00717223330156726,0.023216783284539133,0.0020744108591939435,0.48376554980506753,0.8803924477949434
Epileptic,original,11500,178,4,4,575,189,20260995,PCA-QS,0.0337579303821488,0.02733044829687992,0.007937408767771796,0.02558918258345777,0.0020484011039657575,0.5543079232616398,0.7703312255297058
Epileptic,original,11500,178,4,4,575,189,20260995,SRS,0.032085902426665425,0.024623730325276507,0.007159739988146312,0.02472447493177299,0.0020721129392336068,0.5293205492575318,1.0912188004482888
Epileptic,original,11500,178,4,4,575,190,20260996,PCA-QS,0.041622184984184164,0.025479157521762084,0.007283403765336281,0.03129960570598023,0.002079984602957922,0.5360700773479994,0.8773753275545626
Epileptic,original,11500,178,4,4,575,190,20260996,SRS,0.037193878508777756,0.022821236941746856,0.006562258982625111,0.028163351947227966,0.00205191003644554,0.5001197621100584,0.5108301671372761
Epileptic,original,11500,178,4,4,575,191,20260997,PCA-QS,0.03444105540249283,0.025523554768400642,0.0073967915774922986,0.027073250433154783,0.0020367748343346837,0.5324781861532178,1.536416858120707
Epileptic,original,11500,178,4,4,575,191,20260997,SRS,0.04323115121915668,0.02660475546707094,0.0077174746166838335,0.03313435644812479,0.0020740871035919107,0.5301772579316874,0.8589602928613972
Epileptic,original,11500,178,4,4,575,192,20260998,PCA-QS,0.0380346969398962,0.024030011445435283,0.006933344347631835,0.02545175386628351,0.0020589936042523763,0.538888678151956,1.9085311295312801
Epileptic,original,11500,178,4,4,575,192,20260998,SRS,0.033663827702862484,0.02509901252077659,0.007310268488071469,0.023510717476060705,0.002050779055599098,0.5766643658292011,1.7780440895723058
Epileptic,original,11500,178,4,4,575,193,20260999,PCA-QS,0.030721703751710315,0.024897266589224264,0.007264555191347225,0.02509673147104685,0.0020603656485656666,0.4737579891322924,0.9959164230653526
Epileptic,original,11500,178,4,4,575,193,20260999,SRS,0.03212455041948661,0.02536251434713481,0.00739699190968001,0.023178340556324173,0.0020543121503130706,0.6176681558391156,1.2753159281905593
Epileptic,original,11500,178,4,4,575,194,20261000,PCA-QS,0.031464086564357376,0.023122217148798568,0.006711095324377806,0.024119899517820897,0.002098622119431619,0.5414548383387903,0.982840410438403
Epileptic,original,11500,178,4,4,575,194,20261000,SRS,0.03795771024978466,0.02356270403556271,0.006762637644520959,0.023610420604990523,0.0020481991623408067,0.5207003344729109,1.2917245902541015
Epileptic,original,11500,178,4,4,575,195,20261001,PCA-QS,0.0358974055392868,0.02472526028775934,0.0071219341898089384,0.02726165007146797,0.0020453947259886597,0.5451679066625458,0.6486272509705151
Epileptic,original,11500,178,4,4,575,195,20261001,SRS,0.03773523712111574,0.027642136185887293,0.008055661290226975,0.031055246301731287,0.002061698628282485,0.5581491668981807,2.1779624612811896
Epileptic,original,11500,178,4,4,575,196,20261002,PCA-QS,0.033898462783213,0.026639824909375675,0.007756541225720252,0.026859853642172027,0.00205451802875798,0.5291824385500885,1.0173634314138431
Epileptic,original,11500,178,4,4,575,196,20261002,SRS,0.036002672589460695,0.023883309896100595,0.006913756791072747,0.027232989854043765,0.002041354381641067,0.5249499306895035,0.5924170558520838
Epileptic,original,11500,178,4,4,575,197,20261003,PCA-QS,0.03186834619079534,0.0249709756653857,0.0072070679986837435,0.023573747934092282,0.0020659208389938472,0.568507722574104,1.397806500177613
Epileptic,original,11500,178,4,4,575,197,20261003,SRS,0.0365280919869463,0.02386847785660366,0.006904638399426427,0.024911135760760317,0.002080018272469605,0.501704268061332,0.6700829273567653
Epileptic,original,11500,178,4,4,575,198,20261004,PCA-QS,0.03165080142409815,0.023486901019960125,0.006818378081172673,0.022525445604770766,0.0020541407178681133,0.5404501318792337,3.1856195668108094
Epileptic,original,11500,178,4,4,575,198,20261004,SRS,0.03490098946065243,0.022798655793574495,0.006559252566758799,0.02717209967747891,0.0020748879345738346,0.5395434257147248,0.8393826075583011
Epileptic,original,11500,178,4,4,575,199,20261005,PCA-QS,0.033750681599872524,0.024414267000438125,0.007039128096553712,0.028631578793033796,0.0020962923732046807,0.5053012393319548,0.9586636507171968
Epileptic,original,11500,178,4,4,575,199,20261005,SRS,0.03360366984774563,0.02620171496594186,0.007620003464120805,0.02587465161346536,0.002061059097394708,0.5398681226676728,1.431154363791753
Epileptic,original,11500,178,4,4,575,200,20261006,PCA-QS,0.03247779255670985,0.024621165154055828,0.007166185053072583,0.022322081840348673,0.002070046054036395,0.5345870599503507,1.5521954732769203
Epileptic,original,11500,178,4,4,575,200,20261006,SRS,0.03781828056252638,0.02676033283500534,0.007781037117472939,0.03124257847217571,0.0020635270164217133,0.6108135485050782,1.6077359751925628
Epileptic,original,11500,178,4,4,575,201,20261007,PCA-QS,0.06059549872456469,0.03073617338078693,0.0088644387518472,0.04349356250458314,0.0020616853432254127,0.605916392198355,1.4230216162364555
Epileptic,original,11500,178,4,4,575,201,20261007,SRS,0.028426349104697553,0.02396300275792083,0.006964011654703938,0.023206739184896463,0.0020496012604910114,0.47380582054074283,1.3865670157421026
Epileptic,original,11500,178,4,4,575,202,20261008,PCA-QS,0.03468363550249284,0.023729015577234357,0.0069034995730062314,0.026846946334325494,0.0020578190796721484,0.5553572516107642,1.06242614016847
Epileptic,original,11500,178,4,4,575,202,20261008,SRS,0.03268848791842031,0.02494347776817763,0.007217228762510325,0.02116662900307631,0.002075259504119481,0.5548937883327671,0.9046472522368487
Epileptic,original,11500,178,4,4,575,203,20261009,PCA-QS,0.03113622965800705,0.02342940618078495,0.00676962484859888,0.022973567440811138,0.0020676933912712626,0.44952561806095026,1.1205297269625407
Epileptic,original,11500,178,4,4,575,203,20261009,SRS,0.03269431070908633,0.025458078574809976,0.0074167282281812335,0.024036828780396036,0.002059023910939252,0.543376579889448,0.5751854082695046
Epileptic,original,11500,178,4,4,575,204,20261010,PCA-QS,0.03537880053322095,0.024671235341398364,0.00712497598497108,0.02585342327474116,0.0020493342675593786,0.4819598207764753,0.709467692962289
Epileptic,original,11500,178,4,4,575,204,20261010,SRS,0.05758762979388101,0.031160333858423237,0.009072695128130144,0.05045014520338853,0.002077342312397082,0.7017061078131996,1.6120121854004994
Epileptic,original,11500,178,4,4,575,205,20261011,PCA-QS,0.03312374851978581,0.0263757671645662,0.0076595856832127,0.024805113086637576,0.002081815947483566,0.5231535288048569,0.871775266309287
Epileptic,original,11500,178,4,4,575,205,20261011,SRS,0.033515810887729126,0.025131764682740212,0.007244418240109576,0.02613254339441795,0.002065758885057592,0.49348971748039666,0.7249886695676029
Epileptic,original,11500,178,4,4,575,206,20261012,PCA-QS,0.033919947187726354,0.025959051101099626,0.007554669669330184,0.028893500376094394,0.002088385361532591,0.5699053007501053,0.5239090371315327
Epileptic,original,11500,178,4,4,575,206,20261012,SRS,0.031300195297914,0.026731854830923107,0.007808682327508674,0.024308710083079887,0.002109048093847593,0.5413127532466869,1.391605679327893
Epileptic,original,11500,178,4,4,575,207,20261013,PCA-QS,0.037373129523416995,0.02563275762079051,0.007423276796369575,0.030843777022676377,0.0020774979680992585,0.5219682421037549,0.6165768500842698
Epileptic,original,11500,178,4,4,575,207,20261013,SRS,0.033570184026581046,0.025490603285801928,0.007372721156037637,0.024739660505726846,0.002082564930710388,0.5442382426478986,0.9831976945098673
Epileptic,original,11500,178,4,4,575,208,20261014,PCA-QS,0.030994358529604332,0.023774570685466945,0.006899456053306862,0.02201413738487723,0.002072444976584567,0.5060471963240213,1.8506457014680893
Epileptic,original,11500,178,4,4,575,208,20261014,SRS,0.04079620302117004,0.024314954503053054,0.006923634917616799,0.028607292482760727,0.002052776359590234,0.48675520048649223,1.2654398935148978
Epileptic,original,11500,178,4,4,575,209,20261015,PCA-QS,0.03475894962979041,0.026150508013560527,0.0076024939193754405,0.027581835127342913,0.002085258488815723,0.5365644120808922,0.5662238202391319
Epileptic,original,11500,178,4,4,575,209,20261015,SRS,0.029734953969001263,0.02532391108811471,0.007391045968927291,0.022870610615775888,0.0020920552412977073,0.569962043242282,3.4286634686864605
Epileptic,original,11500,178,4,4,575,210,20261016,PCA-QS,0.031208252570753214,0.027474420789244045,0.007988958495686396,0.023853013318968053,0.0020473966696500866,0.5781707767007642,0.9923888845972759
Epileptic,original,11500,178,4,4,575,210,20261016,SRS,0.03508362950899614,0.023948118892126554,0.006934666974370714,0.02399416272353605,0.002051495733634143,0.49831634815780845,1.1301930655365557
Epileptic,original,11500,178,4,4,575,211,20261017,PCA-QS,0.03794135158999763,0.027801959845898415,0.008091494545970333,0.02552383919603507,0.0020313046048323056,0.5344486516326571,0.9230803927591071
Epileptic,original,11500,178,4,4,575,211,20261017,SRS,0.036714332435080155,0.022966946739003433,0.0066151754476162,0.024384470645056666,0.002077813074153561,0.4897891346581889,0.5619510194016242
Epileptic,original,11500,178,4,4,575,212,20261018,PCA-QS,0.03315312451364569,0.023615380833107973,0.006824173777342494,0.021724752768102817,0.0020824619528911617,0.4716540935260245,0.529972326916077
Epileptic,original,11500,178,4,4,575,212,20261018,SRS,0.0381415535839166,0.024759230189443655,0.0071315424535538215,0.026857275262980096,0.00209532158982852,0.5222892495776857,0.9412413482970923
Epileptic,original,11500,178,4,4,575,213,20261019,PCA-QS,0.033296336354935126,0.02378427507167359,0.006846821112546816,0.024246043524398075,0.002058943519727081,0.5230509088866546,0.5157710869523023
Epileptic,original,11500,178,4,4,575,213,20261019,SRS,0.03529677318609231,0.02404165405107856,0.006923249529676168,0.023946693819024034,0.0020729377071895113,0.5269159498033942,0.7060363431180446
Epileptic,original,11500,178,4,4,575,214,20261020,PCA-QS,0.03517520387090753,0.026845438695085436,0.007829919220544827,0.02811992004993691,0.002066651642746523,0.5518575343921341,0.9408440524463116
Epileptic,original,11500,178,4,4,575,214,20261020,SRS,0.030080155932738946,0.02390435299074659,0.006953897379980888,0.022027295632812027,0.002055162501464614,0.5036960421342314,0.5586199636082565
Epileptic,original,11500,178,4,4,575,215,20261021,PCA-QS,0.03209987841680827,0.02527692191112769,0.007369624800090525,0.026262469489603646,0.002033079598249045,0.5510397642333478,0.9816843146800172
Epileptic,original,11500,178,4,4,575,215,20261021,SRS,0.03226483638995796,0.02325857000964556,0.006757126320284636,0.02356727809579695,0.0020621028786853538,0.4795861101059499,2.007522584574506
Epileptic,original,11500,178,4,4,575,216,20261022,PCA-QS,0.033446125222178845,0.02601565040724193,0.007596265804676502,0.02374474102947488,0.0020529172666993475,0.538989206141236,0.7213420491371586
Epileptic,original,11500,178,4,4,575,216,20261022,SRS,0.03898134803087529,0.023731232143288452,0.006791253091191861,0.02697185832993121,0.002051982210429874,0.48727432466167375,1.179383954163879
Epileptic,original,11500,178,4,4,575,217,20261023,PCA-QS,0.030279048040851513,0.02396846503220526,0.00699756324534562,0.021250726401804698,0.002042837577605441,0.47857411710806574,1.6679042930575414
Epileptic,original,11500,178,4,4,575,217,20261023,SRS,0.035093711930360975,0.024745980421672215,0.007152679683014744,0.027365450073329356,0.0020869827859474493,0.5054927042912443,0.894753466903715
Epileptic,original,11500,178,4,4,575,218,20261024,PCA-QS,0.03571443079479788,0.024749371078712258,0.00714566300066234,0.029007882573488075,0.002037028492091715,0.5274101773747096,1.0552995825012355
Epileptic,original,11500,178,4,4,575,218,20261024,SRS,0.03771601177751426,0.027497959017202856,0.00801511070258612,0.03170390732529249,0.002093533282328904,0.5218631406830325,1.2447309251441252
Epileptic,original,11500,178,4,4,575,219,20261025,PCA-QS,0.037288271365804836,0.026024688037337956,0.007574936510605958,0.03147472019769815,0.0020763662765588705,0.541357136450968,1.651585133247992
Epileptic,original,11500,178,4,4,575,219,20261025,SRS,0.05641648264008934,0.030563399449222994,0.008831289647891526,0.05451576431134697,0.0020618771137570152,0.654289313744498,2.86548468660283
Epileptic,original,11500,178,4,4,575,220,20261026,PCA-QS,0.03213635375251852,0.026293217644131377,0.007690151699821822,0.026028392918213683,0.002056324981720743,0.6070054115223943,0.8361641108131823
Epileptic,original,11500,178,4,4,575,220,20261026,SRS,0.03408516170826785,0.025826982440709932,0.007473459962554719,0.027435795457353862,0.0020439904439360306,0.5200063675282849,0.964431638095182
Epileptic,original,11500,178,4,4,575,221,20261027,PCA-QS,0.03755675681862841,0.025357501067651535,0.00731388707940419,0.028477321317051718,0.002072583918250194,0.5502770502074008,1.1022982564726016
Epileptic,original,11500,178,4,4,575,221,20261027,SRS,0.03344566723939418,0.024910350204465637,0.007237583104138127,0.022513049370713745,0.00207403706610131,0.5607017488514886,0.9329528524496289
Epileptic,original,11500,178,4,4,575,222,20261028,PCA-QS,0.03773758136362086,0.024775069713576386,0.0071340794967407585,0.02638971866122297,0.002052091142581788,0.5817933654513103,0.5304796646870784
Epileptic,original,11500,178,4,4,575,222,20261028,SRS,0.0464084307621825,0.024735638675691684,0.007025315631666722,0.03360472828624239,0.002085926966838825,0.5218257385371433,0.784333286361836
Epileptic,original,11500,178,4,4,575,223,20261029,PCA-QS,0.03073107327470749,0.023566344084022285,0.006868362926878297,0.020554045324583825,0.0020633673940804345,0.50731300260162,1.487875005858879
Epileptic,original,11500,178,4,4,575,223,20261029,SRS,0.03303095128568109,0.02431834302450844,0.007015297503541166,0.0219284434365008,0.002055460711427116,0.49823062134696716,0.9094165718373379
Epileptic,original,11500,178,4,4,575,224,20261030,PCA-QS,0.03859165892134791,0.026586851607552354,0.007737745003874694,0.033684822514123525,0.0020369559365876616,0.5616453174706203,0.40157683188208404
Epileptic,original,11500,178,4,4,575,224,20261030,SRS,0.031599305278853324,0.024504967835446166,0.00711678663014256,0.020452912188467565,0.002064640800720168,0.5203751082629555,0.6844479248963279
Epileptic,original,11500,178,4,4,575,225,20261031,PCA-QS,0.03337949062718854,0.024394578085899815,0.007114152187449274,0.0252174504499596,0.0020862709168188993,0.5465334075080927,0.3095282810309595
Epileptic,original,11500,178,4,4,575,225,20261031,SRS,0.0360482285214774,0.023302150670471672,0.006736732884869848,0.029374317992491683,0.0020802364975141267,0.5889245512119017,0.4569164229659022
Epileptic,original,11500,178,4,4,575,226,20261032,PCA-QS,0.033816520765927345,0.025279492622321854,0.0073711160554123705,0.02958035711926854,0.0020450889387300048,0.5021108809143041,1.2873533994790933
Epileptic,original,11500,178,4,4,575,226,20261032,SRS,0.03303735179593729,0.02482174056405887,0.007222015603168105,0.02405482131460346,0.002054957901281408,0.5247144173315491,1.4608347244203557
Epileptic,original,11500,178,4,4,575,227,20261033,PCA-QS,0.03419014617712769,0.025375519307392284,0.007348949835444467,0.02505060218940436,0.002059928411225258,0.5471544266941494,1.3538802256979896
Epileptic,original,11500,178,4,4,575,227,20261033,SRS,0.03322922824402317,0.023572091705256894,0.006823579591072952,0.02207211226296657,0.002066288469198033,0.533118774363725,1.428479174801845
Epileptic,original,11500,178,4,4,575,228,20261034,PCA-QS,0.03321538169809242,0.026233992041814376,0.007634773519171318,0.026705563965567336,0.0020741748112102125,0.6061542326480611,1.3767804531399925
Epileptic,original,11500,178,4,4,575,228,20261034,SRS,0.03148174729275199,0.023627820759142906,0.006817555076426754,0.020795498942966617,0.002050602143308127,0.4917083243437753,0.8883816699803945
Epileptic,original,11500,178,4,4,575,229,20261035,PCA-QS,0.03447533065861138,0.02484234329380743,0.007218247361422895,0.026692621409839745,0.002058780139445285,0.5103501492983695,0.9109567553950243
Epileptic,original,11500,178,4,4,575,229,20261035,SRS,0.03442635247368314,0.023255864196987528,0.006740083764144395,0.02734977066974409,0.002070715409458536,0.5386388081293857,0.730085146722541
Epileptic,original,11500,178,4,4,575,230,20261036,PCA-QS,0.042197962024150534,0.028405305331127388,0.008224444123358748,0.03769550116016518,0.0020441766414140456,0.534981283369434,0.9088467009210797
Epileptic,original,11500,178,4,4,575,230,20261036,SRS,0.04015620381051081,0.02694300793539245,0.00776531194019532,0.034385934246930816,0.0020588357616087736,0.5443049667990902,1.3621990463731415
Epileptic,original,11500,178,4,4,575,231,20261037,PCA-QS,0.030113534399000302,0.023747162416598636,0.00687154876319042,0.023034051825996826,0.0020550862763044127,0.5002119271089143,0.43015616332231177
Epileptic,original,11500,178,4,4,575,231,20261037,SRS,0.03829254857701391,0.022417958373487645,0.006437927812600778,0.02883543104398356,0.0020875877086389497,0.5272296984441343,1.0311814083001511
Epileptic,original,11500,178,4,4,575,232,20261038,PCA-QS,0.03738009596159976,0.026418125455422388,0.007685789241378393,0.026213707013640786,0.0020519893972311774,0.549434814088023,2.542874997005936
Epileptic,original,11500,178,4,4,575,232,20261038,SRS,0.03615232673056779,0.02405520579832522,0.006946192564867631,0.02877479179564979,0.0020630606232994067,0.5134495555938273,1.7052087460239091
Epileptic,original,11500,178,4,4,575,233,20261039,PCA-QS,0.034326008077519704,0.023821466581321504,0.006922695656631488,0.02732376711776041,0.002050608083320648,0.4823612285028374,1.6593085882188263
Epileptic,original,11500,178,4,4,575,233,20261039,SRS,0.03859172075469307,0.02502697987172029,0.007300888658385987,0.026475075634293077,0.0020636983760304543,0.5293116884765261,0.6616953911845785
Epileptic,original,11500,178,4,4,575,234,20261040,PCA-QS,0.02704010329281403,0.023583260250676804,0.006847259867428968,0.02096863546381833,0.002059638191390988,0.4983943072865235,1.346518449577015
Epileptic,original,11500,178,4,4,575,234,20261040,SRS,0.03216655203893505,0.02400491128485917,0.006937980177614625,0.028508475630742325,0.0020521191901152723,0.4685235776968256,0.5873412254084978
Epileptic,original,11500,178,4,4,575,235,20261041,PCA-QS,0.03515626554134145,0.02737463312537658,0.007992543505655692,0.02674017590413591,0.0020719231659945448,0.5352539304965951,1.1511596143396265
Epileptic,original,11500,178,4,4,575,235,20261041,SRS,0.03918004519587874,0.02656639462329439,0.007700975382070665,0.026950660190083298,0.0020323376046648125,0.504194290408083,0.632854480029838
Epileptic,original,11500,178,4,4,575,236,20261042,PCA-QS,0.038155116490087175,0.0249425163674282,0.007190917272135548,0.029798594002292234,0.0020805495283539328,0.5440004476829813,1.3013067508967784
Epileptic,original,11500,178,4,4,575,236,20261042,SRS,0.0324850715674211,0.025333641867462977,0.007361730581304236,0.026181356162505054,0.0020531830196375573,0.4961261192162318,1.2070263741076728
Epileptic,original,11500,178,4,4,575,237,20261043,PCA-QS,0.034143312542394284,0.025599192701823197,0.007435832137150409,0.02498934046172785,0.002080842414952867,0.5070468033824825,1.4282951041874137
Epileptic,original,11500,178,4,4,575,237,20261043,SRS,0.03219083446392593,0.023207806754662764,0.006741188147663437,0.023605176725164156,0.002071328839692049,0.5082481716787132,0.9668662402689329
Epileptic,original,11500,178,4,4,575,238,20261044,PCA-QS,0.03805592562140423,0.02800045715496922,0.008171686943995218,0.03323132740267809,0.002096195794487053,0.5666131484598923,3.2971241325518252
Epileptic,original,11500,178,4,4,575,238,20261044,SRS,0.03467805349929118,0.02592624730269694,0.007514374518250012,0.02763916203150707,0.002066924439612942,0.5384576038740205,0.671135041693084
Epileptic,original,11500,178,4,4,575,239,20261045,PCA-QS,0.03378424158622302,0.025890881761489612,0.007547129058717099,0.02472077601004763,0.0020640911915124818,0.5876137944090852,0.4935335022383938
Epileptic,original,11500,178,4,4,575,239,20261045,SRS,0.044134244736123714,0.027879073618984,0.008096414003351926,0.032977836093389,0.0020452266020580365,0.6042824125494007,1.230161283451088
Epileptic,original,11500,178,4,4,575,240,20261046,PCA-QS,0.03192485458371881,0.024196234522284484,0.007007736701806852,0.023995007012164393,0.0020572347757315626,0.5501449452495519,0.6010373892371159
Epileptic,original,11500,178,4,4,575,240,20261046,SRS,0.03836054384668931,0.027757920385986776,0.008093122843013984,0.02736645807408067,0.0020607889081642817,0.5653637528964348,2.3078295382646443
Epileptic,original,11500,178,4,4,575,241,20261047,PCA-QS,0.043056125951020326,0.02703255916671155,0.00783868936438993,0.028710966866345444,0.002044239023041858,0.5611854467038089,0.6722058614129338
Epileptic,original,11500,178,4,4,575,241,20261047,SRS,0.03301395899964465,0.023956681500355403,0.006954803442960297,0.0258222574931537,0.002079042737754268,0.5234782885596446,0.5748604812351796
Epileptic,original,11500,178,4,4,575,242,20261048,PCA-QS,0.03326858672933732,0.02368436452113823,0.006855569985854439,0.026404667502090362,0.002062550353444963,0.46913945987525707,1.121016607146928
Epileptic,original,11500,178,4,4,575,242,20261048,SRS,0.03616398173111109,0.026694818371832213,0.007779866262933725,0.02448738485042945,0.002077114617080132,0.5912066093455352,0.6004375318522495
Epileptic,original,11500,178,4,4,575,243,20261049,PCA-QS,0.03561256778242055,0.026232525348482978,0.007605307310870977,0.029231707721613986,0.0020952427758145114,0.5446291089748198,2.182678433489888
Epileptic,original,11500,178,4,4,575,243,20261049,SRS,0.03951439058270384,0.02292586524706218,0.00658801615732535,0.031082996473442037,0.0020654873782759704,0.5359680646681255,0.5747883809325048
Epileptic,original,11500,178,4,4,575,244,20261050,PCA-QS,0.03344502899324666,0.02556792412372474,0.007446042926094301,0.028502743322777135,0.002053919462114199,0.5589333436376187,0.6619796642143899
Epileptic,original,11500,178,4,4,575,244,20261050,SRS,0.03555854173473151,0.024863264224109026,0.007204967237712205,0.025502165647111497,0.0020652562056076226,0.5455408568551321,0.8584419700780244
Epileptic,original,11500,178,4,4,575,245,20261051,PCA-QS,0.03597646843070297,0.02694662440147228,0.007859352366954975,0.02533999079292215,0.0020468258368540083,0.5388509241262598,0.7435697924298292
Epileptic,original,11500,178,4,4,575,245,20261051,SRS,0.03344612703908242,0.024710573181194247,0.007143577968543394,0.024398899033959864,0.0020713226046194743,0.5184201858136703,0.4780434423521689
Epileptic,original,11500,178,4,4,575,246,20261052,PCA-QS,0.03723844625289108,0.027362460089696304,0.007955422004782664,0.031883304730516926,0.0020261128545171147,0.5140277035005842,1.8914624064906898
Epileptic,original,11500,178,4,4,575,246,20261052,SRS,0.03410624541267333,0.025942339107410804,0.007540033083653497,0.02426646247657871,0.0020432664822433184,0.5408212197009341,0.5664457397610541
Epileptic,original,11500,178,4,4,575,247,20261053,PCA-QS,0.031559649516484746,0.025043653568578447,0.007290827459214469,0.020661619862011094,0.0020695892375264162,0.5212348611907318,1.2879364099276698
Epileptic,original,11500,178,4,4,575,247,20261053,SRS,0.0342040939807331,0.023462387975177464,0.006808307094589557,0.02289119300694331,0.002075358926362801,0.49678431394430195,0.6542049522350161
Epileptic,original,11500,178,4,4,575,248,20261054,PCA-QS,0.03299947192081594,0.0239025629143609,0.006922394123075049,0.02166305775000943,0.002055231857968958,0.4969883720586229,0.619524985019292
Epileptic,original,11500,178,4,4,575,248,20261054,SRS,0.03418650214022013,0.02714660348835283,0.00791675187175169,0.029206228750714658,0.002040635283976813,0.529821958635787,0.5093506346965622
Epileptic,original,11500,178,4,4,575,249,20261055,PCA-QS,0.03491564136305175,0.025827908069242886,0.007454534561587781,0.024323374572551515,0.002080617855080492,0.5432980250382936,0.6592870323859289
Epileptic,original,11500,178,4,4,575,249,20261055,SRS,0.03303280925921006,0.02328893586702639,0.006723454809782078,0.02383558699951749,0.002049661174970825,0.5001477990422888,0.7071433570015152
Epileptic,original,11500,178,4,4,575,250,20261056,PCA-QS,0.03647758868768901,0.02750297083417824,0.008008523523385552,0.02974808166548293,0.0020664667298502626,0.511619478859612,0.6651957970267324
Epileptic,original,11500,178,4,4,575,250,20261056,SRS,0.036857917775900854,0.023931057806731864,0.006886486750987274,0.027077218842666895,0.0020789471237000995,0.47276347929828366,0.9078501666974839
Epileptic,original,11500,178,4,4,575,251,20261057,PCA-QS,0.03317044403846371,0.02558156302614727,0.0074445113537919255,0.02410475303083004,0.002067536047593554,0.5282376300140857,0.8510551394645228
Epileptic,original,11500,178,4,4,575,251,20261057,SRS,0.04918415019459205,0.030951867704565542,0.00903772921682221,0.04576640574104118,0.0020375109919908733,0.6152819031971247,2.5708607573018756
Epileptic,original,11500,178,4,4,575,252,20261058,PCA-QS,0.03490904406652758,0.023625903520146704,0.0068037903063858365,0.024858462432542083,0.002073723242451732,0.5172389545451213,0.5102998501660627
Epileptic,original,11500,178,4,4,575,252,20261058,SRS,0.047029237712804095,0.025805082871835857,0.00731807681050779,0.03358347878183743,0.002047756213708614,0.531338455603531,1.3309919502727308
Epileptic,original,11500,178,4,4,575,253,20261059,PCA-QS,0.03436297583742835,0.02441641199063818,0.0070831678889795155,0.029152093656076516,0.002071815836407946,0.5343382584701575,0.5210402849336835
Epileptic,original,11500,178,4,4,575,253,20261059,SRS,0.03907934661466478,0.026585940854640965,0.007756073009721845,0.030331948371285833,0.0020920254105125393,0.5449172139600147,0.647729261520982
Epileptic,original,11500,178,4,4,575,254,20261060,PCA-QS,0.03161126151933463,0.02451915485886968,0.0071106244645512354,0.023271576348099288,0.0020506543012458593,0.5094773551531949,1.0959463455198855
Epileptic,original,11500,178,4,4,575,254,20261060,SRS,0.03400067433189405,0.024206246642533548,0.00700294623394827,0.026627119138993294,0.00208143082598798,0.5828265739949893,1.8100837174530258
Epileptic,original,11500,178,4,4,575,255,20261061,PCA-QS,0.03287613017197917,0.024874736232287344,0.007257307418008689,0.020649850822643145,0.0020544722601307215,0.525057085186805,0.5436829405256369
Epileptic,original,11500,178,4,4,575,255,20261061,SRS,0.03633212467916902,0.02656263199728093,0.007762398957575956,0.02724440078584145,0.0020774578971084873,0.5293002804220307,0.7767982722304132
Epileptic,original,11500,178,4,4,575,256,20261062,PCA-QS,0.036995886750473474,0.024608098064915918,0.007139167863038826,0.023819642847840328,0.0020580228703007243,0.51941156541001,0.8138231421689609
Epileptic,original,11500,178,4,4,575,256,20261062,SRS,0.06572397350680827,0.03306676798871453,0.009594363407494486,0.06136059169828556,0.0021007788653234715,0.6181256963438349,1.1868890573946331
Epileptic,original,11500,178,4,4,575,257,20261063,PCA-QS,0.03613870479704678,0.02726761456469738,0.007949957136302716,0.027487173936739495,0.0020725517911374856,0.5530911661425795,0.43861614562449264
Epileptic,original,11500,178,4,4,575,257,20261063,SRS,0.04054546515165592,0.02230902065988191,0.0064197147439063055,0.028549614530433587,0.0020848247883660962,0.4680045391657669,0.7528702053727596
Epileptic,original,11500,178,4,4,575,258,20261064,PCA-QS,0.0332331860679397,0.0256367830495168,0.0074501215667242965,0.023841573153337237,0.0020423565738103664,0.5103506638621139,1.3218460812967907
Epileptic,original,11500,178,4,4,575,258,20261064,SRS,0.040012822307527354,0.02779358961562224,0.008076964013831536,0.03166844182280748,0.002084051701012762,0.5924162187958019,1.610652047653581
Epileptic,original,11500,178,4,4,575,259,20261065,PCA-QS,0.03246265876391564,0.023668562136778724,0.006878619283772206,0.0213948948647964,0.0020753358186101903,0.5548769403538163,1.4042930786868963
Epileptic,original,11500,178,4,4,575,259,20261065,SRS,0.0367780006013989,0.024434382160989948,0.007075204515982031,0.031639011237572845,0.002082775318179397,0.5600884047128187,1.1487259656838111
Epileptic,original,11500,178,4,4,575,260,20261066,PCA-QS,0.03179650304289928,0.024629289114573547,0.007152569007839611,0.02165724092276733,0.0020727397756641055,0.5207768752823859,0.7198687532291346
Epileptic,original,11500,178,4,4,575,260,20261066,SRS,0.03556085887948524,0.02484572420163335,0.007187448461604175,0.026827368221066905,0.002046694752021432,0.5652137490047012,0.8874782976156439
Epileptic,original,11500,178,4,4,575,261,20261067,PCA-QS,0.037446063042176354,0.0243852284033139,0.0070295818873956474,0.02623468413451313,0.0020683447387729523,0.562673531824123,0.8635210479930918
Epileptic,original,11500,178,4,4,575,261,20261067,SRS,0.038483733582250094,0.025996066353441503,0.007465547882917981,0.02416957996116942,0.002094555251158198,0.5512302943718925,0.9756108787471333
Epileptic,original,11500,178,4,4,575,262,20261068,PCA-QS,0.03356689047279706,0.025726726626850584,0.007483891798297118,0.023548361395256734,0.002094155807510139,0.5990260791363566,1.0079809031157263
Epileptic,original,11500,178,4,4,575,262,20261068,SRS,0.039970271077054115,0.02430549066122389,0.0069753823768814996,0.031827183265409786,0.0020857807616484238,0.4985713319751295,3.5182809374626385
Epileptic,original,11500,178,4,4,575,263,20261069,PCA-QS,0.03786630824668676,0.025961994332174713,0.007564057001894305,0.030531281359495566,0.0020446368285916656,0.5934522123654362,0.6288588365792127
Epileptic,original,11500,178,4,4,575,263,20261069,SRS,0.032467574947151794,0.0266728776954331,0.007786150141784669,0.029556979454646637,0.002083408988848661,0.5480389021699367,1.0299579488505497
Epileptic,original,11500,178,4,4,575,264,20261070,PCA-QS,0.03352582786673927,0.025675204691521257,0.007482210198606697,0.02572584035833536,0.002060324708466897,0.5180628688118905,1.0107963640310391
Epileptic,original,11500,178,4,4,575,264,20261070,SRS,0.03413826936758199,0.025283546811216567,0.007302681190612976,0.023563551710118702,0.002048034934793373,0.5331377401352039,0.8352569241647066
Epileptic,original,11500,178,4,4,575,265,20261071,PCA-QS,0.03386674476212538,0.024185224268057203,0.007018291478370727,0.024891275468734264,0.0020415546028752967,0.5252729767029208,1.1399912247825432
Epileptic,original,11500,178,4,4,575,265,20261071,SRS,0.03537600625905339,0.025245472163757134,0.007352444713218788,0.02592285124900151,0.0020610027237202328,0.5464193424316347,0.4145098970432174
Epileptic,original,11500,178,4,4,575,266,20261072,PCA-QS,0.02961781165615002,0.024021621055252032,0.007003843212143383,0.021878332179468885,0.002062992753760868,0.5318133327907772,0.5175758365782647
Epileptic,original,11500,178,4,4,575,266,20261072,SRS,0.0353583639140241,0.023137542566262676,0.006683216405282949,0.02585798682983409,0.0020747166388247295,0.5009701501610109,1.293121337368244
Epileptic,original,11500,178,4,4,575,267,20261073,PCA-QS,0.03428682298619894,0.024069914487119246,0.0069669170496559785,0.023819847714772635,0.0020550297622016307,0.545915315180982,0.7654416923926213
Epileptic,original,11500,178,4,4,575,267,20261073,SRS,0.03435496092693863,0.02469912091583262,0.007134998846998043,0.026751639200337962,0.0020928124103677097,0.5643587549685924,1.3074750219135938
Epileptic,original,11500,178,4,4,575,268,20261074,PCA-QS,0.039101399356514396,0.027289672704762007,0.007950095187001856,0.03356273443494828,0.002059392846376613,0.5964346673436568,1.9195693559445164
Epileptic,original,11500,178,4,4,575,268,20261074,SRS,0.03546495276525394,0.02273067073836147,0.006572510503397134,0.027132063612437918,0.002064422426879667,0.5067037119482819,1.2408992537261756
Epileptic,original,11500,178,4,4,575,269,20261075,PCA-QS,0.03398581965422852,0.02581893664176365,0.007498976281427306,0.02913274110546915,0.002051681322237991,0.5478502911438102,1.5846117637343424
Epileptic,original,11500,178,4,4,575,269,20261075,SRS,0.03602954897318479,0.025630911958235195,0.007444985224938222,0.02491171298914452,0.0020493923230583528,0.5664480268855167,0.4716889302423367
Epileptic,original,11500,178,4,4,575,270,20261076,PCA-QS,0.037224230181402695,0.02499665600955771,0.007210411056841879,0.027051003313115274,0.0020575823788659443,0.5540124268722153,1.294890460893645
Epileptic,original,11500,178,4,4,575,270,20261076,SRS,0.05481705827955131,0.03179571465073169,0.009234276509820276,0.042972456988206176,0.002064437590420243,0.6491844674345472,2.4526396258045784
Epileptic,original,11500,178,4,4,575,271,20261077,PCA-QS,0.03278606675744394,0.023832687059285165,0.006914844813436189,0.02700336273255921,0.0020540975562939557,0.48603626653880233,1.356603544893258
Epileptic,original,11500,178,4,4,575,271,20261077,SRS,0.042546721108785206,0.027055450438576698,0.007887205087547245,0.03420485197757017,0.00207704372832342,0.5563756445557375,0.9067431671358632
Epileptic,original,11500,178,4,4,575,272,20261078,PCA-QS,0.039056018859110246,0.02745978304715069,0.007989257958301707,0.02809958847234384,0.0020509584428513644,0.5304998754386258,1.7456914962842423
Epileptic,original,11500,178,4,4,575,272,20261078,SRS,0.04860002115907434,0.02552261869228962,0.007222395448580741,0.04186545308845169,0.0020607420079427298,0.5072294959140197,1.1695229940387235
Epileptic,original,11500,178,4,4,575,273,20261079,PCA-QS,0.03518927758946713,0.02632646436199976,0.007635446668743736,0.029361042158678075,0.0020695651827274046,0.5737356100898069,1.6476262793797174
Epileptic,original,11500,178,4,4,575,273,20261079,SRS,0.04225753974874032,0.025868139827486317,0.00751844735071364,0.036262172782654645,0.0020507561510679714,0.6016169993628114,0.7798159215522285
Epileptic,original,11500,178,4,4,575,274,20261080,PCA-QS,0.03404771216739844,0.025266323831754395,0.007337621762037413,0.026621284212964724,0.0020656132420234868,0.53132177420761,1.896983687416264
Epileptic,original,11500,178,4,4,575,274,20261080,SRS,0.03711646164516547,0.025566381664338018,0.007410338222287708,0.028263957093507486,0.0020616181491188925,0.595344395033172,1.49818506849569
Epileptic,original,11500,178,4,4,575,275,20261081,PCA-QS,0.046201263059454545,0.02866068821327543,0.008341564254605591,0.03329998649814492,0.0020375072235284575,0.5519107209508404,0.6899518428572441
Epileptic,original,11500,178,4,4,575,275,20261081,SRS,0.04029670703011531,0.02561508459258328,0.007318908281848719,0.03068572087376964,0.0021060693145585766,0.5196984959000228,2.714869113124925
Epileptic,original,11500,178,4,4,575,276,20261082,PCA-QS,0.042272334363806945,0.02537663976967811,0.0071560498337177895,0.026054492430773735,0.0020588058990692816,0.5156383550374456,1.477765987907284
Epileptic,original,11500,178,4,4,575,276,20261082,SRS,0.034243180540668904,0.02525945990338197,0.007273839051521528,0.028061855620510556,0.00205459948617269,0.5405020691362572,1.0700110732674788
Epileptic,original,11500,178,4,4,575,277,20261083,PCA-QS,0.036069331167462124,0.02510229345119941,0.007301305019392547,0.027226568562348064,0.0020516902548501225,0.5980802075219241,1.4909612813830475
Epileptic,original,11500,178,4,4,575,277,20261083,SRS,0.030255294323414596,0.023064141958865497,0.006721989685562987,0.020961526961091437,0.0020671948367139313,0.5207498559620676,0.9573684797071815
Epileptic,original,11500,178,4,4,575,278,20261084,PCA-QS,0.03572259030226591,0.02441245965462132,0.007054676633678743,0.02734182684460862,0.0020535472280648953,0.5759367539140144,0.6549149769551249
Epileptic,original,11500,178,4,4,575,278,20261084,SRS,0.04565629395324308,0.029786356116409708,0.008676057816454037,0.04128590013416478,0.002076124906715145,0.5467351351202335,2.09242329908489
Epileptic,original,11500,178,4,4,575,279,20261085,PCA-QS,0.03653729150129247,0.02497082179068202,0.007237923625174918,0.02638673079554188,0.002063591504430888,0.560858989933119,1.0658841893158262
Epileptic,original,11500,178,4,4,575,279,20261085,SRS,0.0374330044671887,0.02536496751406953,0.007360773787161003,0.026894574929984927,0.00207205379052609,0.5603698114936453,0.5713102159466885
Epileptic,original,11500,178,4,4,575,280,20261086,PCA-QS,0.029609128007613752,0.02310997000535381,0.006711839142131026,0.026538300739670007,0.002079608995078071,0.5229287270229103,0.38501438034097524
Epileptic,original,11500,178,4,4,575,280,20261086,SRS,0.04299947802034031,0.026964815089490658,0.007822755710430524,0.034186790578996096,0.0021020622460333027,0.5341608833143163,1.6188667802799088
Epileptic,original,11500,178,4,4,575,281,20261087,PCA-QS,0.038480932009303796,0.023473942098670014,0.00671259919806218,0.029782927304550455,0.002043022094986513,0.5486191475056135,1.2530645446142394
Epileptic,original,11500,178,4,4,575,281,20261087,SRS,0.03667446102760772,0.025604941927559275,0.007438766231585933,0.028659515740997676,0.0020530859090732473,0.4940801821041558,0.39178572044681803
Epileptic,original,11500,178,4,4,575,282,20261088,PCA-QS,0.03233889364704626,0.023326236284181304,0.006766073331191361,0.027802595594803137,0.0020639348727573494,0.4932305704897344,1.4328135136948548
Epileptic,original,11500,178,4,4,575,282,20261088,SRS,0.049662793608973826,0.02403546199657598,0.00675090772371942,0.04224737633274245,0.002031011102417741,0.5321351760612802,3.8010224447154055
Epileptic,original,11500,178,4,4,575,283,20261089,PCA-QS,0.03381228328020021,0.02491417964971561,0.007188728199477798,0.027304219601354873,0.0020601812820816618,0.5420286369838446,1.9340918553371154
Epileptic,original,11500,178,4,4,575,283,20261089,SRS,0.03720368433187574,0.024997689971829797,0.007223591680690719,0.025336768395733955,0.002053041008337889,0.5366854282491477,0.9463152768600211
Epileptic,original,11500,178,4,4,575,284,20261090,PCA-QS,0.03568634095369845,0.027645041142958092,0.008049601761420678,0.028784134240074977,0.0020338038615978927,0.5778748322092512,1.0234739645619089
Epileptic,original,11500,178,4,4,575,284,20261090,SRS,0.04273307930335454,0.02800536612187895,0.00814320144769379,0.033923618779336806,0.0020840711268513587,0.48791011604967083,0.5459331146510821
Epileptic,original,11500,178,4,4,575,285,20261091,PCA-QS,0.03747202977963885,0.025301423010585203,0.007317782701213677,0.02838540751015195,0.002067072288023205,0.5518172100584463,1.2487575836172564
Epileptic,original,11500,178,4,4,575,285,20261091,SRS,0.035969531565967786,0.026517503863639828,0.007692870893700202,0.026814210433537156,0.002070030652539702,0.5112084572155547,1.9209988351433616
Epileptic,original,11500,178,4,4,575,286,20261092,PCA-QS,0.032540360566053646,0.02497424360790832,0.007190410194835097,0.02390447727596623,0.0020617427978851218,0.4790514807522227,0.3842843999129235
Epileptic,original,11500,178,4,4,575,286,20261092,SRS,0.03392050425327031,0.023676818854503286,0.006829028542441499,0.02624092967134395,0.0020759090310177343,0.4659273653458917,1.599356380935538
Epileptic,original,11500,178,4,4,575,287,20261093,PCA-QS,0.034803247645113895,0.02425398870114158,0.007048609136097862,0.024077412168374224,0.0020734310302426926,0.5564338140702697,0.7850820602706492
Epileptic,original,11500,178,4,4,575,287,20261093,SRS,0.031772706863712544,0.02436304862229993,0.007072384129859433,0.02511677979357607,0.0020670286739614538,0.5292110559382566,0.6756865932398185
Epileptic,original,11500,178,4,4,575,288,20261094,PCA-QS,0.03452007765114,0.02421445355465609,0.007019180476248544,0.023884806572453954,0.002085849583158371,0.5040810601039899,1.291145999661251
Epileptic,original,11500,178,4,4,575,288,20261094,SRS,0.03476456702929125,0.024214614925905882,0.006952586401984885,0.024596540132474587,0.0020621179550093394,0.5470575219139603,0.8928273492707718
Epileptic,original,11500,178,4,4,575,289,20261095,PCA-QS,0.03633651198288279,0.022962036173605208,0.006606617873395918,0.025771944576311157,0.002057693577376459,0.47535801048710297,0.5381707878775682
Epileptic,original,11500,178,4,4,575,289,20261095,SRS,0.033535295145935805,0.02497072794125954,0.00724586010194142,0.024452621593695767,0.002068556284000183,0.4795583671919069,0.7255202952304882
Epileptic,original,11500,178,4,4,575,290,20261096,PCA-QS,0.03560009596020223,0.026465912492078858,0.007731619732227331,0.026055836718473557,0.002059356779397452,0.5465486234051026,1.1195896313508205
Epileptic,original,11500,178,4,4,575,290,20261096,SRS,0.03668899067946632,0.028268005087633597,0.008247188989867293,0.02763641340705547,0.0020581603621051964,0.518888137952847,0.9172609643435112
Epileptic,original,11500,178,4,4,575,291,20261097,PCA-QS,0.037050893268825894,0.027048743725591958,0.007841317327683735,0.027206947176832585,0.0020913564713255584,0.5311957541653423,0.8880795926645939
Epileptic,original,11500,178,4,4,575,291,20261097,SRS,0.03525716780270967,0.026474172744607612,0.007730971485968628,0.0283410121590979,0.0020523205501744445,0.5436404384427093,1.9736798581407813
Epileptic,original,11500,178,4,4,575,292,20261098,PCA-QS,0.039867475815924494,0.023783896807965086,0.006778213076448977,0.026485330895425818,0.002027859557583045,0.46379474444587376,2.608902732415921
Epileptic,original,11500,178,4,4,575,292,20261098,SRS,0.03473421753278919,0.023326857253859443,0.006787133422346613,0.02819935148680841,0.0020804504256067406,0.5359317419716698,0.6064544758179407
Epileptic,original,11500,178,4,4,575,293,20261099,PCA-QS,0.03313021063299806,0.025496837608219008,0.007466405361232895,0.025860570661004445,0.002067621590365666,0.5771812476240746,1.1624377025268795
Epileptic,original,11500,178,4,4,575,293,20261099,SRS,0.038551277537615294,0.02717988626745933,0.007897028826725359,0.02865450922946522,0.0020470939286513033,0.5518971144048985,1.3142936798439324
Epileptic,original,11500,178,4,4,575,294,20261100,PCA-QS,0.035393958976754104,0.024436227000368075,0.0070854807627358215,0.026078569308985777,0.0020520653962160175,0.5327664520519536,1.1758736200702034
Epileptic,original,11500,178,4,4,575,294,20261100,SRS,0.04221248477403754,0.027130489563846814,0.007889266043671806,0.03126841958926008,0.0020544591468005494,0.5948246150091255,1.7837996183871259
Epileptic,original,11500,178,4,4,575,295,20261101,PCA-QS,0.03644873241954277,0.024134949463036973,0.006956793742240651,0.02376371097679808,0.0020575251480055155,0.54343823369036,0.9682427365824217
Epileptic,original,11500,178,4,4,575,295,20261101,SRS,0.05224050454793695,0.029979364376402723,0.008699556083246442,0.043351115380216854,0.0020664554229291965,0.6269738569238411,2.106128342897796
Epileptic,original,11500,178,4,4,575,296,20261102,PCA-QS,0.04383438717381352,0.028524275966742365,0.008330020468065052,0.037069945848811514,0.0020909908609278104,0.6567599409711421,2.8574126091851686
Epileptic,original,11500,178,4,4,575,296,20261102,SRS,0.0365758175826937,0.02493541748324035,0.0071854299439478376,0.02626871384630647,0.002049920264433618,0.49687621765324996,2.2344579334335117
Epileptic,original,11500,178,4,4,575,297,20261103,PCA-QS,0.03585978363168762,0.025554985688325097,0.007421516604973224,0.02638546943079234,0.002029889760523845,0.555022355728856,1.2804686274318369
Epileptic,original,11500,178,4,4,575,297,20261103,SRS,0.033595310050648586,0.023768928900154855,0.00685596103413703,0.025450115993193023,0.002075839410462093,0.5362114554002378,0.9096635142959821
Epileptic,original,11500,178,4,4,575,298,20261104,PCA-QS,0.039048352067966086,0.024710403954647825,0.0071476630215538415,0.0319692563315499,0.0020734934519077873,0.5948131620575576,1.1930481891703038
Epileptic,original,11500,178,4,4,575,298,20261104,SRS,0.038886033326310784,0.02748425411379526,0.008011147673299858,0.03141992458605358,0.002043262392014106,0.5372030431562922,1.4239686674688943
Epileptic,original,11500,178,4,4,575,299,20261105,PCA-QS,0.035877158826245065,0.026735160083541046,0.0077487110930475785,0.02973815670401514,0.0020749031897146536,0.5269583299451474,0.8336373761429486
Epileptic,original,11500,178,4,4,575,299,20261105,SRS,0.04729119902885006,0.029425735115787756,0.008584362023065586,0.04065739811629321,0.002032708381585426,0.6011014629673374,0.7542154748903852
Epileptic,original,11500,178,4,4,575,300,20261106,PCA-QS,0.03289084483808126,0.024973830538125436,0.007262240219392425,0.02494112039780383,0.002035405728506828,0.5027488915519814,1.2512612769324583
Epileptic,original,11500,178,4,4,575,300,20261106,SRS,0.03670898542184889,0.025713653512039667,0.007470579124545179,0.02767102689244183,0.0020433953233746395,0.5428995394402661,0.7439563478445157
Epileptic,original,11500,178,4,4,575,301,20261107,PCA-QS,0.03110813725863377,0.024431812175913437,0.00709878016173514,0.022514767374609335,0.00206954833124602,0.5485055744182243,1.4712512028735742
Epileptic,original,11500,178,4,4,575,301,20261107,SRS,0.036888498211919696,0.02352903710610056,0.006823837677761957,0.02631512273548786,0.0020673187013190053,0.5530636290414725,0.4778650685087259
Epileptic,original,11500,178,4,4,575,302,20261108,PCA-QS,0.03465311371416093,0.02386806147456393,0.0069293854875237025,0.0228157800240556,0.0020471669742604965,0.5020362798652843,0.8168161072100333
Epileptic,original,11500,178,4,4,575,302,20261108,SRS,0.032067057807464376,0.024546181237801463,0.007115337142234061,0.02487929650514431,0.0020801007693905366,0.6069997474945291,0.40175743961540095
Epileptic,original,11500,178,4,4,575,303,20261109,PCA-QS,0.036408732377478145,0.023916831691017434,0.006920490622709448,0.02634347558632477,0.0020606544800613473,0.5424122493536954,1.2571067454990508
Epileptic,original,11500,178,4,4,575,303,20261109,SRS,0.038097239213081745,0.026924264869780397,0.007843961238035472,0.026886874401848004,0.0020661159438758307,0.56209937469662,1.6836403592526317
Epileptic,original,11500,178,4,4,575,304,20261110,PCA-QS,0.03266045246788126,0.024389119638367804,0.00706675670980662,0.022790295347570932,0.0020808371319145634,0.5112361060447685,2.0664201378424587
Epileptic,original,11500,178,4,4,575,304,20261110,SRS,0.03769713125413147,0.0256866761000505,0.007424624311771451,0.025965735486716213,0.0020688800694742505,0.49144974510474315,1.1802130043850614
Epileptic,original,11500,178,4,4,575,305,20261111,PCA-QS,0.03196874915339058,0.026558487001734642,0.007764737381291639,0.02865244267327327,0.0020584882959922735,0.5770878262182154,1.1347109819009007
Epileptic,original,11500,178,4,4,575,305,20261111,SRS,0.03452419024154122,0.02581390470272371,0.007517212302290178,0.026491547706928742,0.0020526259180073925,0.5446944179720619,0.6879026848933832
Epileptic,original,11500,178,4,4,575,306,20261112,PCA-QS,0.035770991375623444,0.024928156179505643,0.007261583777819273,0.026652940955848692,0.0020704401176306056,0.5766714871238383,0.7872348048054862
Epileptic,original,11500,178,4,4,575,306,20261112,SRS,0.03958620286055638,0.025614737440063227,0.0074130725042483,0.028218361767846645,0.0020530511185396076,0.47534544948113866,0.4147989783818744
Epileptic,original,11500,178,4,4,575,307,20261113,PCA-QS,0.03291929781484986,0.02560046651569882,0.007453483602750706,0.02412554819744983,0.002087193410917089,0.4891964761629596,0.7868299710214957
Epileptic,original,11500,178,4,4,575,307,20261113,SRS,0.03472480697599791,0.02503365541819616,0.007257205126137324,0.025308242384767254,0.002070521964304107,0.5120404740712396,0.9251715235338236
Epileptic,original,11500,178,4,4,575,308,20261114,PCA-QS,0.03630034502467426,0.026020576023026414,0.007569034061371872,0.026311373634911206,0.0020457390332711345,0.5660430892024854,2.1412815809236023
Epileptic,original,11500,178,4,4,575,308,20261114,SRS,0.037589967196974314,0.027758520851141825,0.008093525690767493,0.0274799243697057,0.0020881001720613125,0.5032769275143448,1.4740660657883835
Epileptic,original,11500,178,4,4,575,309,20261115,PCA-QS,0.03340441050661769,0.025370761699048474,0.007366356480716647,0.023487432370520978,0.0020584912786571056,0.5771887131578806,0.8026313529180639
Epileptic,original,11500,178,4,4,575,309,20261115,SRS,0.04075305648480947,0.02384908889075674,0.006820983254352915,0.031129733016310723,0.002055355461158996,0.5301273241806738,1.2356037198270586
Epileptic,original,11500,178,4,4,575,310,20261116,PCA-QS,0.03450677794865446,0.026598460676302876,0.007722204330233621,0.028218589393956606,0.002046285203708224,0.5661718365390049,0.7912908811604906
Epileptic,original,11500,178,4,4,575,310,20261116,SRS,0.03214596189581131,0.024322977563852634,0.007072065845935435,0.025548582572426426,0.0020701847519191776,0.49583923027585125,2.0537118014271356
Epileptic,original,11500,178,4,4,575,311,20261117,PCA-QS,0.03238726292453536,0.02580057641414802,0.007516143225500302,0.027415024291769896,0.0020743408747253404,0.5576937805904526,1.1482909639818608
Epileptic,original,11500,178,4,4,575,311,20261117,SRS,0.03126207476150792,0.024957310295780435,0.007206745512393412,0.026749117409346823,0.0020548713425406198,0.5217226452782256,1.1219647999956042
Epileptic,original,11500,178,4,4,575,312,20261118,PCA-QS,0.03338674518767246,0.025536018749407002,0.007398873285696132,0.02855687945122476,0.0020719472669045386,0.51591543309398,0.7401974245576737
Epileptic,original,11500,178,4,4,575,312,20261118,SRS,0.033248165459990923,0.024910309349278986,0.007246215983618046,0.024561028931717743,0.0020687275921010243,0.5241973250275843,0.8573038660042251
Epileptic,original,11500,178,4,4,575,313,20261119,PCA-QS,0.0339295923491349,0.024181355119918008,0.006974661083191231,0.024767299013729982,0.0020469771600145777,0.4825786983475465,1.1438599322715717
Epileptic,original,11500,178,4,4,575,313,20261119,SRS,0.03452072334156912,0.025039443457954315,0.007288987211004853,0.025702971094055727,0.002078333545451662,0.5910140662469228,0.8983622091673539
Epileptic,original,11500,178,4,4,575,314,20261120,PCA-QS,0.030319791738291847,0.023933514659251073,0.006921234153839768,0.0223603145627429,0.0020586782606835216,0.4923692032614882,0.9518792680528095
Epileptic,original,11500,178,4,4,575,314,20261120,SRS,0.043963129069857915,0.02473949315495125,0.007021385958656444,0.030830906968063232,0.0020696302024304837,0.4905667541169122,1.9335425926021879
Epileptic,original,11500,178,4,4,575,315,20261121,PCA-QS,0.04543017594068363,0.028115941830067378,0.008155458335388843,0.032497996325622225,0.0020805924857081434,0.5718285641365202,1.8978683617809524
Epileptic,original,11500,178,4,4,575,315,20261121,SRS,0.03739476054494121,0.02195001537981093,0.006330015023430799,0.02509856440037872,0.0020933223748668384,0.4361181818461764,0.898364984061593
Epileptic,original,11500,178,4,4,575,316,20261122,PCA-QS,0.035498706644708576,0.023144571371427346,0.006686519709000404,0.02461208892260025,0.0020433343007362674,0.4608085035908187,3.1460837772493546
Epileptic,original,11500,178,4,4,575,316,20261122,SRS,0.03802365565888606,0.024169113323472515,0.006949538197459165,0.0307134282199506,0.002054922319991577,0.5283911281369629,0.7546079480275433
Epileptic,original,11500,178,4,4,575,317,20261123,PCA-QS,0.038139097752035715,0.025950041935613052,0.007528963713195572,0.030405622967066392,0.002055683310414728,0.5905127853450087,1.3237472537021484
Epileptic,original,11500,178,4,4,575,317,20261123,SRS,0.036764386809067524,0.027322564221461235,0.007901167209017018,0.029260103224030942,0.0020525962746411205,0.5500680207931405,1.5270170807819812
Epileptic,original,11500,178,4,4,575,318,20261124,PCA-QS,0.034648797577357796,0.0231560362203378,0.00668855584233803,0.024141079544428123,0.002065394125632617,0.49397153667672067,0.5883328616820499
Epileptic,original,11500,178,4,4,575,318,20261124,SRS,0.04257706335996674,0.0255781441651262,0.007332238342827975,0.031004567189135912,0.0020701748937641115,0.5733761465758545,0.9176584415515243
Epileptic,original,11500,178,4,4,575,319,20261125,PCA-QS,0.029373685680441023,0.024592507610242023,0.00714017885341416,0.022131525578000577,0.002092116620755747,0.5601098494205382,0.7483197150765859
Epileptic,original,11500,178,4,4,575,319,20261125,SRS,0.04758007154855041,0.029763719912989043,0.008691886587604213,0.04033213111750378,0.0020817425052279716,0.6066802587631877,1.573630112090755
Epileptic,original,11500,178,4,4,575,320,20261126,PCA-QS,0.034515420947682784,0.025238615296558443,0.007344771506309517,0.028826471325766434,0.0020702917224469128,0.52431557442339,0.9285889010758648
Epileptic,original,11500,178,4,4,575,320,20261126,SRS,0.03872956393739871,0.02747088520677709,0.008017578907149565,0.02832527331533008,0.002059092601561753,0.581245339184193,1.716305946537914
Epileptic,original,11500,178,4,4,575,321,20261127,PCA-QS,0.03199825793860396,0.023568058155304022,0.006824417113652194,0.023654721969363024,0.0020825965508562143,0.5359975078386282,0.9529319205254884
Epileptic,original,11500,178,4,4,575,321,20261127,SRS,0.03632162851105727,0.026238784878319498,0.007655801556749558,0.02983036578065601,0.0020960995230713195,0.598291675524186,0.9004537011814446
Epileptic,original,11500,178,4,4,575,322,20261128,PCA-QS,0.03284835696682665,0.024561227238548505,0.0071471786242861554,0.02474914741044465,0.0020764417095300697,0.5557593880025816,0.47568806501678274
Epileptic,original,11500,178,4,4,575,322,20261128,SRS,0.028604279498010345,0.023082478903294512,0.006701948540225547,0.019933256756271334,0.0020584065602596863,0.4784669376574692,1.23403212322324
Epileptic,original,11500,178,4,4,575,323,20261129,PCA-QS,0.030545055248516688,0.025765308587316724,0.007491548513055203,0.0202620411215797,0.002036515470929851,0.5342698650521936,0.6168358989818719
Epileptic,original,11500,178,4,4,575,323,20261129,SRS,0.03068397406754548,0.022661991552647504,0.006582980387388543,0.022904355768307738,0.002049459743560044,0.5344653854234956,1.2022580598588466
Epileptic,original,11500,178,4,4,575,324,20261130,PCA-QS,0.037726515452654444,0.027429028204284393,0.008007959519327987,0.02878779105563467,0.002048028931250744,0.5289997405884318,1.3481488318371349
Epileptic,original,11500,178,4,4,575,324,20261130,SRS,0.03884673385917657,0.027747066225439262,0.008064074247179646,0.03563393294904671,0.0020739906537674043,0.5332117259746099,0.7414546420021304
Epileptic,original,11500,178,4,4,575,325,20261131,PCA-QS,0.03609651931686991,0.02502493535402143,0.007296382718711261,0.02897752409914922,0.002063176774862884,0.5389677635034507,1.1684573982633495
Epileptic,original,11500,178,4,4,575,325,20261131,SRS,0.03817322625939739,0.027576841208108972,0.008042101102849634,0.03076501414045829,0.002062424062734035,0.5483395916602797,0.704971394586194
Epileptic,original,11500,178,4,4,575,326,20261132,PCA-QS,0.028952320480965174,0.023912521985417733,0.006953051178964076,0.02337105853022514,0.002061339144827243,0.5435148253827283,0.6195536362997598
Epileptic,original,11500,178,4,4,575,326,20261132,SRS,0.04090316054964474,0.02743185376488492,0.007975316700833457,0.032300152899122025,0.002096682655980033,0.5234216547892913,0.694953558915562
Epileptic,original,11500,178,4,4,575,327,20261133,PCA-QS,0.03898076904333658,0.024790179094592576,0.0071827171977920734,0.025251696555542935,0.0020684395701420694,0.5749844908189261,0.687735574912296
Epileptic,original,11500,178,4,4,575,327,20261133,SRS,0.034683429917274744,0.024388039664193343,0.007052378530958611,0.021256101205109346,0.0020446195065933577,0.5669074865594128,1.8978419846716443
Epileptic,original,11500,178,4,4,575,328,20261134,PCA-QS,0.034853822836297954,0.02526174471472024,0.007326217974461034,0.02303934688985443,0.002077357424226718,0.5977021885956878,0.8197363946489155
Epileptic,original,11500,178,4,4,575,328,20261134,SRS,0.03351221612555614,0.02433222696986336,0.00705471130706771,0.02626563477595134,0.0020777071939359006,0.5451656820261703,0.6688770221557555
Epileptic,original,11500,178,4,4,575,329,20261135,PCA-QS,0.04487651230461458,0.029141419019726115,0.008494905864673706,0.04179250403623591,0.002061410278124615,0.5865536945357953,1.7380199687364217
Epileptic,original,11500,178,4,4,575,329,20261135,SRS,0.042915608127448115,0.025924359346670058,0.007457936097777992,0.03464624575160613,0.002077804997413728,0.5034727689837968,1.5990589376675877
Epileptic,original,11500,178,4,4,575,330,20261136,PCA-QS,0.03558295188288218,0.025159298487004524,0.007315101692877077,0.031538285454042025,0.002062674550276888,0.594179744157564,1.049916973338845
Epileptic,original,11500,178,4,4,575,330,20261136,SRS,0.03903768777576837,0.026413480282681936,0.007613195674927132,0.025926025463929747,0.0020328534134945848,0.5115010737895269,1.7012821346205969
Epileptic,original,11500,178,4,4,575,331,20261137,PCA-QS,0.032280528968849066,0.02606370639308695,0.007586469447845979,0.025862561720300548,0.0020636085389024584,0.5590946422313534,0.6959442466324041
Epileptic,original,11500,178,4,4,575,331,20261137,SRS,0.03299379863125055,0.024992362990959215,0.007250649434432834,0.024791039607181986,0.0020379058992127663,0.5702275886725028,0.6482007311372664
Epileptic,original,11500,178,4,4,575,332,20261138,PCA-QS,0.03366752496676115,0.025242398322723816,0.007354637334428741,0.02156580985399792,0.002038588237978579,0.5455305772859091,1.1115723323252804
Epileptic,original,11500,178,4,4,575,332,20261138,SRS,0.0340251033746824,0.025147859917169516,0.007267859058645702,0.022397876630460445,0.002088218190980502,0.5478725356298114,1.1793604664939878
Epileptic,original,11500,178,4,4,575,333,20261139,PCA-QS,0.03459313736965756,0.02491965705648464,0.007233201217323649,0.028362215639587518,0.0020574439574285197,0.5602237170727921,1.6132561041667248
Epileptic,original,11500,178,4,4,575,333,20261139,SRS,0.037317889602308994,0.026833119873793863,0.007770197990662072,0.02720800818018887,0.0020428213199919156,0.5351036396275214,0.8059140451625275
Epileptic,original,11500,178,4,4,575,334,20261140,PCA-QS,0.03597827867192728,0.024535524388500714,0.0070981463032915556,0.024708447200659123,0.0020651974121804043,0.5490112881194722,1.2026025878843751
Epileptic,original,11500,178,4,4,575,334,20261140,SRS,0.057351351556646134,0.031057498785821747,0.009035047845942971,0.04720615888068913,0.0020754881152669474,0.5817331479104155,0.5484102450558861
Epileptic,original,11500,178,4,4,575,335,20261141,PCA-QS,0.03844416529552228,0.025738339873827967,0.007420505625200438,0.029628681811882274,0.0020588096824861834,0.5285445181577556,1.9159276891217853
Epileptic,original,11500,178,4,4,575,335,20261141,SRS,0.03978233318966724,0.025124811017396803,0.0072064521354795385,0.03126578889130904,0.002058437499231199,0.4603423144804429,0.4610096632615264
Epileptic,original,11500,178,4,4,575,336,20261142,PCA-QS,0.03109743359644628,0.023915457322774104,0.006915027488966735,0.02381796509563827,0.002052835742652209,0.4893015395412101,0.36629958811200347
Epileptic,original,11500,178,4,4,575,336,20261142,SRS,0.03640624955841646,0.024053408327228597,0.00694640159224357,0.027068118337719937,0.002052252538151108,0.531442390192763,0.6646150287055796
Epileptic,original,11500,178,4,4,575,337,20261143,PCA-QS,0.03149729272058411,0.023282953724335156,0.006724746824400814,0.02374569647100877,0.002090955294291529,0.5067134392709164,0.8930211085579034
Epileptic,original,11500,178,4,4,575,337,20261143,SRS,0.036348951127241125,0.025358643942121412,0.007319494592699974,0.024196922200083293,0.002046798143842419,0.5134054575327475,0.7684682274348869
Epileptic,original,11500,178,4,4,575,338,20261144,PCA-QS,0.03352234177233309,0.025319642710173756,0.007360630705344636,0.02313467430641758,0.0020511401642010155,0.5405430507725757,0.8022422468096777
Epileptic,original,11500,178,4,4,575,338,20261144,SRS,0.029850193652925155,0.023999521706232704,0.0069813844960762254,0.02147011284613498,0.002062355562910432,0.5596477663066363,1.1000373788134545
Epileptic,original,11500,178,4,4,575,339,20261145,PCA-QS,0.031701632319265365,0.024334066695814047,0.00706727810232516,0.021568445707032424,0.0020421329659230003,0.5239520382414986,0.9200640393592403
Epileptic,original,11500,178,4,4,575,339,20261145,SRS,0.03822687714969417,0.027661481155276987,0.00810606983021079,0.032009413336501424,0.00202999761210786,0.5838621121073523,1.6083029719313147
Epileptic,original,11500,178,4,4,575,340,20261146,PCA-QS,0.0366215766786497,0.02761279513530036,0.008010910513541518,0.030559341466494416,0.0020629891532114985,0.578940625866044,0.6938970420851348
Epileptic,original,11500,178,4,4,575,340,20261146,SRS,0.03964307475857645,0.027566875150070835,0.007984126897383502,0.03466239567584495,0.00206882062893544,0.6098235409600913,0.6075484805772268
Epileptic,original,11500,178,4,4,575,341,20261147,PCA-QS,0.04770069680927122,0.028519974905665442,0.008290812649121095,0.03382957298165401,0.002063744289759515,0.5371174850730215,2.3504941334843394
Epileptic,original,11500,178,4,4,575,341,20261147,SRS,0.03624120751794333,0.024902844957664576,0.0071641129061116166,0.02212100438572051,0.002049547291200258,0.47328286383020024,1.1977825347724422
Epileptic,original,11500,178,4,4,575,342,20261148,PCA-QS,0.03893758220847993,0.026781070306377264,0.0077869198097488814,0.027894135078517124,0.002068183276828249,0.5319527938940704,0.7366942828110655
Epileptic,original,11500,178,4,4,575,342,20261148,SRS,0.037919837841081556,0.0272098402841207,0.007893415256706131,0.030454012079626835,0.0020584655230789363,0.650345913430449,0.6310523071356965
Epileptic,original,11500,178,4,4,575,343,20261149,PCA-QS,0.04826185049335993,0.02609447667386894,0.007514913539248491,0.03421881659373227,0.002079360042787063,0.5845439341118734,1.3329655437440424
Epileptic,original,11500,178,4,4,575,343,20261149,SRS,0.03204569249150928,0.02446190533956474,0.007121679873996879,0.0247645401195431,0.002065076341396514,0.5191059097121966,1.7923801667541785
Epileptic,original,11500,178,4,4,575,344,20261150,PCA-QS,0.03513336666596877,0.02564789090393243,0.007482887134947147,0.024685606381840586,0.0020626901094413477,0.5358736110357042,1.2230548066334395
Epileptic,original,11500,178,4,4,575,344,20261150,SRS,0.037027559163249846,0.026884127460085002,0.007849383367309719,0.03143830145759985,0.002075969545612251,0.5723185913067907,0.9294083428557143
Epileptic,original,11500,178,4,4,575,345,20261151,PCA-QS,0.03729468683678275,0.02616535322673751,0.0076178345309173305,0.026568060964180518,0.0020495546996818965,0.521745545368411,1.0229917835733786
Epileptic,original,11500,178,4,4,575,345,20261151,SRS,0.03711090294080194,0.023998808173871768,0.006891635728774279,0.02491447151164472,0.0020626687164354953,0.5165325727216522,0.8040982070943044
Epileptic,original,11500,178,4,4,575,346,20261152,PCA-QS,0.03175843353493749,0.0238751728714007,0.0069278920826283475,0.023822423126926395,0.0020809693950226676,0.5213050853828428,0.8953725352668653
Epileptic,original,11500,178,4,4,575,346,20261152,SRS,0.03697764403968379,0.0227075629118278,0.006530946491125004,0.029900336591527577,0.0020620970663189075,0.4971631373370997,0.3867489304975593
Epileptic,original,11500,178,4,4,575,347,20261153,PCA-QS,0.032600803839278984,0.024436509594732658,0.007106407624204277,0.02466718038731308,0.002101268270467565,0.570526827839375,0.6107970415871893
Epileptic,original,11500,178,4,4,575,347,20261153,SRS,0.038075218851126594,0.023618678492358203,0.006801941093806069,0.025463394194352063,0.002077691868165446,0.5720186124903036,2.1213856621966016
Epileptic,original,11500,178,4,4,575,348,20261154,PCA-QS,0.03644636984204943,0.024807668106280406,0.007132014768664706,0.027638906343845804,0.002069718617510955,0.5202216204368477,2.1608236577486655
Epileptic,original,11500,178,4,4,575,348,20261154,SRS,0.04476480813240371,0.02830522267378376,0.008278043297110814,0.03471953538489814,0.002063968469883968,0.5607720997064674,0.7979676607538566
Epileptic,original,11500,178,4,4,575,349,20261155,PCA-QS,0.03129374858662456,0.024228316872191912,0.007017328966854916,0.021060422699044068,0.0020802369017681598,0.4885269322561518,0.8638293662166161
Epileptic,original,11500,178,4,4,575,349,20261155,SRS,0.04153183417088839,0.02698931534079933,0.007840284295313669,0.03183055912876753,0.0020855161171679094,0.5474041573600142,0.6558817915202473
Epileptic,original,11500,178,4,4,575,350,20261156,PCA-QS,0.032162895211285576,0.02304685772174685,0.006657301630091102,0.02208816899192989,0.0020582164069523783,0.4581580217946549,2.0337699991693268
Epileptic,original,11500,178,4,4,575,350,20261156,SRS,0.037202178814936954,0.025979857891618576,0.007457913131819708,0.027816549682022185,0.002074051745633685,0.566356315404001,0.7677079785198203
Epileptic,original,11500,178,4,4,575,351,20261157,PCA-QS,0.033456341180585866,0.02384718110863544,0.006917797556199168,0.023511440196179123,0.0020492565952483642,0.5060368691829332,1.8877151627886717
Epileptic,original,11500,178,4,4,575,351,20261157,SRS,0.03374264978460793,0.02395506896697536,0.00692315333457834,0.030954784419659376,0.0020595232331932674,0.49481729689405707,1.0952354804634776
Epileptic,original,11500,178,4,4,575,352,20261158,PCA-QS,0.02975308554142231,0.024937827987360595,0.0072384197424025425,0.020660685340999407,0.0020418046294242475,0.49433391168930985,0.907498744306318
Epileptic,original,11500,178,4,4,575,352,20261158,SRS,0.04059834817826377,0.02415045149335614,0.006941823078509258,0.027797625419617944,0.0020745377352954122,0.49673068160521455,1.7978286118197127
Epileptic,original,11500,178,4,4,575,353,20261159,PCA-QS,0.03483938839816097,0.025235781834184602,0.007345142616630767,0.03245284859231745,0.0020838593583197285,0.5364209654715284,1.3506408261736522
Epileptic,original,11500,178,4,4,575,353,20261159,SRS,0.03702247663304049,0.02642110406390649,0.007646057558579981,0.02702189514041997,0.0020558394947856324,0.5120201423910399,1.9719035736389892
Epileptic,original,11500,178,4,4,575,354,20261160,PCA-QS,0.03461323227962657,0.023958517602631985,0.006948494297412605,0.023218871143971143,0.0020682448933800595,0.5499462965833044,0.7242307181480381
Epileptic,original,11500,178,4,4,575,354,20261160,SRS,0.03658748060443565,0.025185495632950857,0.007315941322154014,0.02631154569487748,0.0020601465489213113,0.5412527428749707,0.8176727815636179
Epileptic,original,11500,178,4,4,575,355,20261161,PCA-QS,0.03604776217719532,0.023161650632195507,0.006693306623724863,0.024646541774659525,0.0020821135334249505,0.49461178782141124,0.862974349297302
Epileptic,original,11500,178,4,4,575,355,20261161,SRS,0.03931592775029123,0.026313244811863493,0.007637236578853322,0.030408817711938596,0.002040361608622707,0.5827894614232596,0.9872338280774785
Epileptic,original,11500,178,4,4,575,356,20261162,PCA-QS,0.037222900449242875,0.02600692819181498,0.007573579224894437,0.0281958718578732,0.0020321598356105148,0.5578229361465908,1.7843949405090729
Epileptic,original,11500,178,4,4,575,356,20261162,SRS,0.04724203405159715,0.0250497421444429,0.007039292739920103,0.03697867259527854,0.002057406538188293,0.4900329986917135,1.7705988758817635
Epileptic,original,11500,178,4,4,575,357,20261163,PCA-QS,0.0435142675804011,0.028394758624927907,0.008261506074626298,0.030378438746620162,0.0020678377357219785,0.5798035539866404,0.4577228127942574
Epileptic,original,11500,178,4,4,575,357,20261163,SRS,0.032645976514437985,0.024787909356157083,0.007218040143376248,0.024352599128150132,0.002066879676890737,0.4984395422633593,1.3911054114381685
Epileptic,original,11500,178,4,4,575,358,20261164,PCA-QS,0.03663691351708446,0.026423346043351396,0.007672031173912022,0.025808087766954202,0.0020397609194632033,0.5835152904347004,0.9183356957521931
Epileptic,original,11500,178,4,4,575,358,20261164,SRS,0.04167968571771403,0.026944929914443656,0.00785697474873319,0.0343759740771592,0.002062174553759333,0.530174964480985,1.0581901821192754
Epileptic,original,11500,178,4,4,575,359,20261165,PCA-QS,0.029870739307063094,0.025501940070988154,0.0074425385342239605,0.02213244371873202,0.0021010519393277836,0.5245602332430672,0.7617067026416685
Epileptic,original,11500,178,4,4,575,359,20261165,SRS,0.03160639298416698,0.02440332683889072,0.007048996313199531,0.02880209664093414,0.002057998238923767,0.48143224584922584,1.209762501150564
Epileptic,original,11500,178,4,4,575,360,20261166,PCA-QS,0.03880340090112822,0.025345458504253758,0.007366653091047198,0.03516486981259881,0.002072672226011313,0.5808266867174224,0.6077198097625206
Epileptic,original,11500,178,4,4,575,360,20261166,SRS,0.03313811475486779,0.027086312422022165,0.007874495673037843,0.024818792039745574,0.0020530953077734925,0.5162748401602677,1.4860720883275707
Epileptic,original,11500,178,4,4,575,361,20261167,PCA-QS,0.04604290100447601,0.02896231701598699,0.008431385914661218,0.03720775189457548,0.002071845747609822,0.5901060715158334,0.7434647966032524
Epileptic,original,11500,178,4,4,575,361,20261167,SRS,0.038709595618619676,0.026429451741026077,0.007644421512739575,0.027315854829465636,0.002055928364502615,0.5660561281687734,1.5881331440822706
Epileptic,original,11500,178,4,4,575,362,20261168,PCA-QS,0.033324401434875056,0.024525501617670552,0.007108826561535909,0.022411959285713934,0.0020492392636518777,0.542010926857615,0.41564271859704205
Epileptic,original,11500,178,4,4,575,362,20261168,SRS,0.051469676706853144,0.030333542397326305,0.008835436557496058,0.04532191522459783,0.0020690054482589808,0.6108634141783609,2.7686066430920646
Epileptic,original,11500,178,4,4,575,363,20261169,PCA-QS,0.03795806689738861,0.02602926357981014,0.007499647487834714,0.029749624910259342,0.0020488727294277593,0.5097569190213913,0.9806113212271835
Epileptic,original,11500,178,4,4,575,363,20261169,SRS,0.034137571631695646,0.026459452986323607,0.007730407361280278,0.028071402109087984,0.0020505911524600993,0.6180664199713127,1.114263006799238
Epileptic,original,11500,178,4,4,575,364,20261170,PCA-QS,0.039937301893066,0.02635295721044454,0.007654199118178454,0.03689926188596182,0.002085474311448879,0.6207083019761046,2.205130097200099
Epileptic,original,11500,178,4,4,575,364,20261170,SRS,0.04009637774008103,0.027335204405796662,0.007954542347590573,0.038154975821933945,0.0020544876046011988,0.5870047224907031,2.0682263099953486
Epileptic,original,11500,178,4,4,575,365,20261171,PCA-QS,0.034359515702220234,0.022979865773780604,0.006600763654841609,0.02488350370874315,0.002088723304955866,0.4729184305290783,1.6701689516782527
Epileptic,original,11500,178,4,4,575,365,20261171,SRS,0.031813614706079595,0.026035656453380376,0.00760897996309009,0.026248294942561756,0.002055846135403411,0.5652169018796327,0.5689265071019549
Epileptic,original,11500,178,4,4,575,366,20261172,PCA-QS,0.03754974351314364,0.02696745772631417,0.007844966496396918,0.026292221256733583,0.0020716485742465936,0.5522534720964741,0.5250433833370548
Epileptic,original,11500,178,4,4,575,366,20261172,SRS,0.02968035924842026,0.024635641247875015,0.007156914246161918,0.025749988519519817,0.0020786918991178766,0.5876293402347847,0.9619002436095581
Epileptic,original,11500,178,4,4,575,367,20261173,PCA-QS,0.03475032321594448,0.02598119722382773,0.007479300208498157,0.025453665291488292,0.0020533191688800623,0.5690522177997043,0.8614017479198828
Epileptic,original,11500,178,4,4,575,367,20261173,SRS,0.03503138460362368,0.024584656290218054,0.007107747819651351,0.028631508838364184,0.0020591654565466962,0.5440337700916793,0.7740863400616663
Epileptic,original,11500,178,4,4,575,368,20261174,PCA-QS,0.03807277194663758,0.025660943403759427,0.00743186489191048,0.030404002135380637,0.0020536030860772376,0.5686400462684413,0.8935711497889836
Epileptic,original,11500,178,4,4,575,368,20261174,SRS,0.036223823561258604,0.023641761044521262,0.00681646402357595,0.0288980541989865,0.002074111609175811,0.5109942832635365,0.7891430199607556
Epileptic,original,11500,178,4,4,575,369,20261175,PCA-QS,0.032718882317782194,0.025298839728426784,0.007345807428720139,0.02869952098536288,0.002075091567876312,0.5395842999519567,0.8448441650927057
Epileptic,original,11500,178,4,4,575,369,20261175,SRS,0.03906846934557989,0.027765560786188182,0.008066799361053565,0.03851471002456641,0.002079381681991744,0.5585587546403059,1.0358856910840475
Epileptic,original,11500,178,4,4,575,370,20261176,PCA-QS,0.03537801359972389,0.023347646504184808,0.006731703044785904,0.02391556146683982,0.0020739222339304095,0.5481188245542036,1.271188847627179
Epileptic,original,11500,178,4,4,575,370,20261176,SRS,0.039024690448690995,0.0256820106119677,0.007475150766836145,0.03338493895973649,0.0020729236962569995,0.5215784729023231,2.5150576122114265
Epileptic,original,11500,178,4,4,575,371,20261177,PCA-QS,0.03175145218311682,0.024869147404292035,0.00720919423655573,0.020795721894627306,0.0020228852437688505,0.5383449183743708,1.4676538520378033
Epileptic,original,11500,178,4,4,575,371,20261177,SRS,0.04144610140060653,0.024938758883788312,0.007118390462409412,0.027004028379694844,0.0020500139635665723,0.5588848396534719,2.0165154028131616
Epileptic,original,11500,178,4,4,575,372,20261178,PCA-QS,0.03346325158686407,0.022932627527979022,0.006675948003011122,0.03112509435952049,0.0020615351935991955,0.5353069150465928,2.6670655832809
Epileptic,original,11500,178,4,4,575,372,20261178,SRS,0.035171351853628595,0.024339402767315308,0.00705015781447136,0.024806618676690206,0.002071833267939583,0.5059038147203333,0.5163979381518948
Epileptic,original,11500,178,4,4,575,373,20261179,PCA-QS,0.03246383793916231,0.02514742286918575,0.007298876318470582,0.024427368965740826,0.0020551805238811977,0.5361082021134108,0.6112595756108624
Epileptic,original,11500,178,4,4,575,373,20261179,SRS,0.04292823773488874,0.027563062646911007,0.00799479601993242,0.03283049787948222,0.0020858144375683345,0.6174459831113721,0.8396970457362521
Epileptic,original,11500,178,4,4,575,374,20261180,PCA-QS,0.03627377094864909,0.026047920881797356,0.007583208765520254,0.030330807938016235,0.0020620066027236227,0.5503210235202924,1.6446103018651332
Epileptic,original,11500,178,4,4,575,374,20261180,SRS,0.03296181804928824,0.024815597626907486,0.00723667161237014,0.02616440876008319,0.002064094863837327,0.5850291084693658,0.878399201397407
Epileptic,original,11500,178,4,4,575,375,20261181,PCA-QS,0.036700084888003005,0.025537717785462637,0.007464022994802399,0.025995529774634818,0.0020503403512367965,0.5357560290882236,0.7318851696920712
Epileptic,original,11500,178,4,4,575,375,20261181,SRS,0.03356370204286932,0.024198020556618016,0.006987874914273927,0.02413184149065728,0.0020467974076840423,0.5389829549662364,0.8217779084675171
Epileptic,original,11500,178,4,4,575,376,20261182,PCA-QS,0.03629419222632836,0.02658335003361517,0.007748944087036229,0.025649258313245937,0.0020623484637458185,0.5713010698289873,0.9123696229156172
Epileptic,original,11500,178,4,4,575,376,20261182,SRS,0.03485332304365011,0.023980789238867838,0.006914062363439648,0.025499774417395926,0.002079469214400987,0.5293838814903205,1.2602287986574177
Epileptic,original,11500,178,4,4,575,377,20261183,PCA-QS,0.032482044140367615,0.024213978605624294,0.007070659275345519,0.025845376749368043,0.0020674892414723573,0.583857272632805,1.8590152169338305
Epileptic,original,11500,178,4,4,575,377,20261183,SRS,0.038722818933298715,0.026100621750833938,0.007486516261753467,0.027708407428612247,0.0020689670485080857,0.554262900309961,1.3113197833593797
Epileptic,original,11500,178,4,4,575,378,20261184,PCA-QS,0.03278840420340399,0.026496364682718373,0.007706869645628976,0.023205460502376596,0.002058488444899509,0.5724540735505477,2.095746096656097
Epileptic,original,11500,178,4,4,575,378,20261184,SRS,0.03601678626399964,0.021919762098572087,0.006320408080848635,0.024734156577375543,0.0020580635282500255,0.4903913173218452,2.0961894374933885
Epileptic,original,11500,178,4,4,575,379,20261185,PCA-QS,0.03282031579150069,0.0228366147866746,0.006582532012607079,0.025207406462687487,0.0020990714417713683,0.5367858481084181,1.0823892580930146
Epileptic,original,11500,178,4,4,575,379,20261185,SRS,0.03805816695899661,0.02639646424276385,0.007661915574928576,0.02387044424118301,0.0020742468754290783,0.5789370777000546,0.8458609591278238
Epileptic,original,11500,178,4,4,575,380,20261186,PCA-QS,0.036712328579962664,0.023426835927626777,0.006801512567156251,0.0224195016098534,0.0020422452547008384,0.5076365843186489,1.0808461894068273
Epileptic,original,11500,178,4,4,575,380,20261186,SRS,0.03635987289411166,0.024634846549748266,0.007137221582275292,0.030469664541172392,0.0020406477526619072,0.584836738040856,0.6795301955605851
Epileptic,original,11500,178,4,4,575,381,20261187,PCA-QS,0.034741065913500464,0.02426706506843188,0.007028732613942626,0.02802664551990297,0.0020383199531517444,0.5467706236561634,1.6487422089530797
Epileptic,original,11500,178,4,4,575,381,20261187,SRS,0.048310120778274075,0.02860151439875231,0.008327503606002769,0.04265873911761631,0.002072494910047943,0.6807047357691923,1.046017254953657
Epileptic,original,11500,178,4,4,575,382,20261188,PCA-QS,0.03587529734803183,0.026663384599142803,0.0077486244332638145,0.027594433522242667,0.0020884475736349874,0.6027560890593059,1.3664000107120098
Epileptic,original,11500,178,4,4,575,382,20261188,SRS,0.039828280515463,0.027035494151301968,0.007838804920669497,0.03374931282628424,0.002053226204503053,0.5415422616355416,1.2984009300303152
Epileptic,original,11500,178,4,4,575,383,20261189,PCA-QS,0.03489318031383108,0.025101580587904408,0.007271417558830503,0.026116926575580734,0.0020527769946889355,0.6141524615611831,0.5900339268812695
Epileptic,original,11500,178,4,4,575,383,20261189,SRS,0.039058511498549754,0.02570150173274298,0.007449491649062634,0.02663596569449922,0.0020507092558785813,0.5701969336462341,0.5729961595104871
Epileptic,original,11500,178,4,4,575,384,20261190,PCA-QS,0.03234453821406156,0.023006001141369085,0.006644269401339441,0.02623015823348318,0.002074827367425004,0.5580996793194175,0.759288917238499
Epileptic,original,11500,178,4,4,575,384,20261190,SRS,0.036245265709073056,0.024562966856856966,0.007109181228986095,0.02615626326161724,0.002053945420614151,0.5831057628270774,0.9034046585409202
Epileptic,original,11500,178,4,4,575,385,20261191,PCA-QS,0.033508921418957775,0.02506851573683555,0.007277039949125152,0.024703291166082053,0.0020864217516989554,0.5362116232043924,1.431985705168789
Epileptic,original,11500,178,4,4,575,385,20261191,SRS,0.04331988149386691,0.022790952850287254,0.006497853234588437,0.03269620345709079,0.0020709015828439276,0.5014383246178188,1.63953676935154
Epileptic,original,11500,178,4,4,575,386,20261192,PCA-QS,0.03245164109398677,0.024894090491251485,0.00725466275412305,0.023750980892391027,0.0020755415709117434,0.5447066781114588,1.550101573729931
Epileptic,original,11500,178,4,4,575,386,20261192,SRS,0.04279077848518632,0.028928928944375425,0.008447228917415896,0.03182663051385681,0.0020479123261819285,0.6060316916087699,0.9493168188762076
Epileptic,original,11500,178,4,4,575,387,20261193,PCA-QS,0.03520564717954378,0.02459963006561126,0.007149792352159518,0.02455468387536186,0.0020649323928896577,0.5998401884468817,1.2512174626432695
Epileptic,original,11500,178,4,4,575,387,20261193,SRS,0.04414269077674358,0.028984545094361124,0.008441470627737598,0.03371681560370199,0.0020759612628826665,0.5271780643016114,1.722959328314599
Epileptic,original,11500,178,4,4,575,388,20261194,PCA-QS,0.03550109000213651,0.02396160831539742,0.006971384845804253,0.024431025922673655,0.0020481434448838404,0.579485474163225,1.2749473178469608
Epileptic,original,11500,178,4,4,575,388,20261194,SRS,0.034185720441959444,0.023876348046530053,0.006878217868838303,0.026819131917617867,0.0020757788308782277,0.544406141352225,1.424707611576693
Epileptic,original,11500,178,4,4,575,389,20261195,PCA-QS,0.03578142493845193,0.02343780333122369,0.00676027949049961,0.02376267762281259,0.0020683415442159145,0.494143704173295,0.45757127020636357
Epileptic,original,11500,178,4,4,575,389,20261195,SRS,0.05179001609026693,0.031224761667206637,0.009115461922400201,0.044578532356560174,0.0020637761420669604,0.6019548274809227,3.070798841323393
Epileptic,original,11500,178,4,4,575,390,20261196,PCA-QS,0.031155319272901723,0.025494719185475676,0.007418929893173983,0.022619279039718165,0.002055065277986592,0.576983450825377,1.5026115918416345
Epileptic,original,11500,178,4,4,575,390,20261196,SRS,0.030821086886953324,0.02516939889934068,0.007328530087266421,0.02357922855806649,0.0020846227870644366,0.513070681319994,0.6971719920885716
Epileptic,original,11500,178,4,4,575,391,20261197,PCA-QS,0.035421382930860196,0.02679601157226369,0.007814852392442301,0.02866024970766823,0.0020368794659290585,0.6014896833856027,0.6283598629671916
Epileptic,original,11500,178,4,4,575,391,20261197,SRS,0.039134006826821645,0.026566750969509098,0.007725683778040902,0.03096506321412207,0.002073954976826317,0.5891357505945912,0.8268976167419261
Epileptic,original,11500,178,4,4,575,392,20261198,PCA-QS,0.03164231267211077,0.024137359180760036,0.00702539520077606,0.021775062774427312,0.0020318131510933743,0.596044865557116,1.6468034206241524
Epileptic,original,11500,178,4,4,575,392,20261198,SRS,0.03580597173740656,0.022693387443347753,0.006537010753322365,0.029898555405249994,0.0020780322438897574,0.5423230023059796,1.0567078300664428
Epileptic,original,11500,178,4,4,575,393,20261199,PCA-QS,0.03388194815143628,0.026210493218885255,0.0076172836085563736,0.02674931053233287,0.0020977274953140426,0.5751264144320868,0.6232631011619368
Epileptic,original,11500,178,4,4,575,393,20261199,SRS,0.034841184525416964,0.025962725331735857,0.0075421247848077915,0.027800297112175798,0.002087159304789226,0.5680618598124345,1.0581145726826062
Epileptic,original,11500,178,4,4,575,394,20261200,PCA-QS,0.032994783086861,0.02466304338550529,0.0071462981232543734,0.024912919215463347,0.0020568218660321114,0.5067158068342472,1.1361541570585512
Epileptic,original,11500,178,4,4,575,394,20261200,SRS,0.03189676860120237,0.02454847499798943,0.007124586523556849,0.024980701288418672,0.0020796585089831385,0.5814587529299354,2.2903611228278224
Epileptic,original,11500,178,4,4,575,395,20261201,PCA-QS,0.03569820671705261,0.027009343836162335,0.007836637964965977,0.023916959253449832,0.002075538044187382,0.5435352631925848,0.46913843366249486
Epileptic,original,11500,178,4,4,575,395,20261201,SRS,0.03937141398703985,0.027255682182865625,0.007938133841754314,0.031158724183150355,0.0020851948764381177,0.5144085235516372,0.4857161734487066
Epileptic,original,11500,178,4,4,575,396,20261202,PCA-QS,0.03422630766649517,0.022338773391207635,0.006464481330864932,0.02787790217467112,0.0020565715390054866,0.4914067875929602,1.1270136292354611
Epileptic,original,11500,178,4,4,575,396,20261202,SRS,0.0316064366028552,0.02540579640714342,0.007366155073988471,0.02205877245297394,0.0020718990086402173,0.5121395154022237,1.2372673904807898
Epileptic,original,11500,178,4,4,575,397,20261203,PCA-QS,0.03598011220559861,0.024774732931917846,0.007205263764981358,0.023500410523263682,0.002056810243584803,0.5802190842444086,1.1157003855273824
Epileptic,original,11500,178,4,4,575,397,20261203,SRS,0.04034154208688473,0.02279774918268695,0.006578666582625591,0.030584120007620896,0.0020773451079894667,0.48832740325776675,0.8385273467308669
Epileptic,original,11500,178,4,4,575,398,20261204,PCA-QS,0.033080628473827214,0.02525904369671613,0.007354853526128539,0.02405485443764377,0.002097940181814017,0.5312746935817394,2.0738368329009207
Epileptic,original,11500,178,4,4,575,398,20261204,SRS,0.037121845619393926,0.025871687091181424,0.0075165977220055585,0.029347791070089002,0.0020459729984673098,0.5449891186211722,1.6307597940353915
Epileptic,original,11500,178,4,4,575,399,20261205,PCA-QS,0.034772222023862674,0.025784970337961767,0.00750826267064479,0.02824696869473975,0.0020659605886354654,0.541136084254194,1.122019391540868
Epileptic,original,11500,178,4,4,575,399,20261205,SRS,0.03942042110924468,0.024651738485669872,0.0071136310746699296,0.029751697529214027,0.0020637785579515765,0.5183968112434502,1.8922526978137055
Epileptic,original,11500,178,4,4,575,400,20261206,PCA-QS,0.029717213850710196,0.024761456986944794,0.0072102109578161605,0.023302776875423703,0.002044149954617427,0.5557449471795052,0.6966766738510095
Epileptic,original,11500,178,4,4,575,400,20261206,SRS,0.0330976548566285,0.02571179116710793,0.007468338664482769,0.02840793032446065,0.002047711717297678,0.5402009201476159,0.5044627066442267
Epileptic,original,11500,178,4,4,575,401,20261207,PCA-QS,0.03508647697908893,0.02466385110617697,0.007084073730210509,0.02723539292565924,0.0020369660276219406,0.47000771206902686,0.7611039666051129
Epileptic,original,11500,178,4,4,575,401,20261207,SRS,0.0352481434804796,0.025847583729506865,0.007513530554622675,0.030421351714501554,0.0020741976046952933,0.5211173260271318,0.6220297446603706
Epileptic,original,11500,178,4,4,575,402,20261208,PCA-QS,0.03730971630937369,0.02406419073622626,0.006995853674373581,0.029450502570183446,0.0020510687378282534,0.5726097344296307,0.8794347007683031
Epileptic,original,11500,178,4,4,575,402,20261208,SRS,0.03640536859879835,0.026659517462811092,0.007784696324410559,0.03365197353722671,0.0020580180408911754,0.5210781150925601,1.8378583233783063
Epileptic,original,11500,178,4,4,575,403,20261209,PCA-QS,0.03332041930439477,0.024936183607552575,0.007246529598937322,0.023612948989828908,0.00206817554700661,0.5223973787544396,0.8056457376885368
Epileptic,original,11500,178,4,4,575,403,20261209,SRS,0.04711399314811731,0.029117144034270785,0.008473474432836133,0.03665418829132605,0.0020733047048608908,0.5839615710103205,0.7089563418841185
Epileptic,original,11500,178,4,4,575,404,20261210,PCA-QS,0.029848028969178257,0.023056943597948312,0.00668211910779432,0.026128272073655978,0.002077386670166744,0.49864671581842135,1.0323642995989646
Epileptic,original,11500,178,4,4,575,404,20261210,SRS,0.0369557205666971,0.02485196674056562,0.0072011987023897625,0.026111020066023727,0.0020548811064994106,0.5088541573041839,1.1506396277838933
Epileptic,original,11500,178,4,4,575,405,20261211,PCA-QS,0.033496753238298274,0.024632424483065747,0.007129922555241989,0.02888138678202168,0.0020466527504333773,0.5348964561260979,0.6422553375243348
Epileptic,original,11500,178,4,4,575,405,20261211,SRS,0.04066984726469896,0.025973807266762,0.007531494796547068,0.031805854650063026,0.002038385775367415,0.5280579847407086,1.1271494684010925
Epileptic,original,11500,178,4,4,575,406,20261212,PCA-QS,0.03317588705162662,0.024776775664587244,0.007188601467599815,0.02212454327850999,0.0020492931438482495,0.5712777030389359,1.8371449555996968
Epileptic,original,11500,178,4,4,575,406,20261212,SRS,0.03061888731202605,0.025803363191853078,0.007517297963034223,0.023225541665960137,0.0020507724642684294,0.5339036183401287,0.7514130879173345
Epileptic,original,11500,178,4,4,575,407,20261213,PCA-QS,0.03310817738585726,0.024248838949968595,0.007047611971635896,0.025838788727591933,0.0020658366994679247,0.5513509466789793,1.3994219175678644
Epileptic,original,11500,178,4,4,575,407,20261213,SRS,0.032893126041534215,0.024087846681424482,0.006999372473004095,0.025090104720170814,0.0020553208816487165,0.501957725509951,0.7247795145963541
Epileptic,original,11500,178,4,4,575,408,20261214,PCA-QS,0.03621209500816781,0.02702737566017682,0.007873475971935988,0.025741233352505333,0.002071252546505288,0.5668385483071345,0.49953456600829943
Epileptic,original,11500,178,4,4,575,408,20261214,SRS,0.033192132536449086,0.023363971004120833,0.006755931875898399,0.030027105961181633,0.002055072325063689,0.5494399459974044,0.877217546243792
Epileptic,original,11500,178,4,4,575,409,20261215,PCA-QS,0.035142374667936196,0.02534197482506522,0.007371423049034594,0.02680123791018474,0.0020521409556675204,0.5742789412960139,0.5650772934133945
Epileptic,original,11500,178,4,4,575,409,20261215,SRS,0.03409619102842936,0.024829089812771012,0.007161093190767226,0.023575189661078966,0.0020783107424596128,0.4992893453217431,1.2831146535303422
Epileptic,original,11500,178,4,4,575,410,20261216,PCA-QS,0.03851736149612998,0.025012590275320812,0.0071531718694114715,0.026123949413465297,0.0020853151065549653,0.5177996093330008,1.1240301025353023
Epileptic,original,11500,178,4,4,575,410,20261216,SRS,0.042277947400913445,0.02360905941278585,0.006734022043078853,0.03205715748023863,0.0020854283155101647,0.524852054661477,1.0621436318524744
Epileptic,original,11500,178,4,4,575,411,20261217,PCA-QS,0.03329530919317204,0.025173874347427825,0.007287031430280783,0.02540505639777635,0.0020794314428636217,0.5946919923851204,1.974429134242421
Epileptic,original,11500,178,4,4,575,411,20261217,SRS,0.03207597771244572,0.02614423195775213,0.007616070142678681,0.025833673852762473,0.0020502612719547736,0.5381958936823574,1.1208467893584317
Epileptic,original,11500,178,4,4,575,412,20261218,PCA-QS,0.034267074568187325,0.025231740705361577,0.007358134538029553,0.024290208924217183,0.002058981311049273,0.5122879378780217,0.5253262578373992
Epileptic,original,11500,178,4,4,575,412,20261218,SRS,0.0424743113291112,0.027340793406635953,0.007926093843437686,0.039912832662906794,0.002091986091140348,0.5126288670984483,1.498114949674409
Epileptic,original,11500,178,4,4,575,413,20261219,PCA-QS,0.03061468799837098,0.024377878645245103,0.007098170635669533,0.020152151004751317,0.0020301406965268793,0.5015687365995429,1.6681736826378706
Epileptic,original,11500,178,4,4,575,413,20261219,SRS,0.030520080825348458,0.023174643336894216,0.006729587011434315,0.02335032021779604,0.0020759182107663804,0.5111538442030142,1.090414771524286
Epileptic,original,11500,178,4,4,575,414,20261220,PCA-QS,0.03557684504414382,0.02345438869505732,0.006744035776160687,0.025456802141498258,0.0020814618139965465,0.5163801968519743,0.765268717759866
Epileptic,original,11500,178,4,4,575,414,20261220,SRS,0.035377840548876514,0.024229454837272058,0.007042590478091606,0.028562603017844523,0.002023694641348375,0.5522191656971484,0.9951159607640983
Epileptic,original,11500,178,4,4,575,415,20261221,PCA-QS,0.03886163708510847,0.024229289164911766,0.006956095744406796,0.029786719939302486,0.0020540293232706366,0.5104682369660891,1.84374975601858
Epileptic,original,11500,178,4,4,575,415,20261221,SRS,0.040222878515796937,0.027169714327515835,0.007935863636327027,0.03485684530044253,0.002066492615615012,0.5835168903067428,1.466371810671833
Epileptic,original,11500,178,4,4,575,416,20261222,PCA-QS,0.0340546351712024,0.025269377580035706,0.00731042527366539,0.02296286413594828,0.0020590981753442184,0.5053152914449646,0.6569241014254261
Epileptic,original,11500,178,4,4,575,416,20261222,SRS,0.03353974583504544,0.024323149118797512,0.007021288309028333,0.02338551935939215,0.0020504138038504056,0.522662681180804,0.6898829342719341
Epileptic,original,11500,178,4,4,575,417,20261223,PCA-QS,0.041463262478288146,0.02842205071979671,0.008259942253042583,0.03380624643299157,0.0020616536288987778,0.5847853626840067,0.7248955279535371
Epileptic,original,11500,178,4,4,575,417,20261223,SRS,0.034268002625889915,0.023346854052922555,0.006748592158137198,0.02711582310409888,0.00207253536909565,0.5330194551244872,2.4193558386365166
Epileptic,original,11500,178,4,4,575,418,20261224,PCA-QS,0.03505025345281183,0.026049543633802488,0.007580735787207566,0.02682614642040626,0.0020645571238040324,0.5395372841424189,2.2877556095241602
Epileptic,original,11500,178,4,4,575,418,20261224,SRS,0.04148353015500477,0.027107519383271775,0.007880997999071025,0.0316584876093593,0.002079069836437638,0.5999398037455106,1.6358921858491127
Epileptic,original,11500,178,4,4,575,419,20261225,PCA-QS,0.0315104257884535,0.023731373767215923,0.006891587479875493,0.023332982383770684,0.00206859514634144,0.5198265475681284,1.2493151406869134
Epileptic,original,11500,178,4,4,575,419,20261225,SRS,0.033838906487322094,0.023790599237783896,0.006868625036012881,0.025105538866975863,0.002051909731901828,0.5113399559734579,0.49075985679271006
Epileptic,original,11500,178,4,4,575,420,20261226,PCA-QS,0.034128274059681024,0.025608001502684333,0.007414503466659446,0.023205568851853542,0.0020624116299543488,0.5071455004613318,0.5932476040357715
Epileptic,original,11500,178,4,4,575,420,20261226,SRS,0.030569471274339403,0.024135395175573345,0.0070113086357290995,0.02222930108465171,0.0020376893273476747,0.5056756749015706,1.7682559272329952
Epileptic,original,11500,178,4,4,575,421,20261227,PCA-QS,0.038476345006138064,0.027832336827750763,0.008129806699526234,0.02873526893782774,0.002042141731119761,0.5414614503845477,1.4966487208293844
Epileptic,original,11500,178,4,4,575,421,20261227,SRS,0.03706536575339727,0.027386424292289005,0.00797134971264139,0.0264846433900221,0.002074815921971928,0.5948512942045996,1.0022153197050025
Epileptic,original,11500,178,4,4,575,422,20261228,PCA-QS,0.039816228561978376,0.024959333719435425,0.007229108586111191,0.03131136271891677,0.0020644081251175892,0.5390227661226668,1.933339996127764
Epileptic,original,11500,178,4,4,575,422,20261228,SRS,0.03508392364824104,0.023588482556235878,0.006786723567602425,0.02739904169284557,0.0020550450603627206,0.5714300043411017,0.5574473374533483
Epileptic,original,11500,178,4,4,575,423,20261229,PCA-QS,0.03186520137556153,0.023532876097661325,0.006821569106762035,0.023771610395300513,0.0020517390110436832,0.5125224366748108,1.6896045081271804
Epileptic,original,11500,178,4,4,575,423,20261229,SRS,0.03590894392794328,0.025461179177339817,0.007421282453060516,0.03023763418037717,0.0020701189844409417,0.5791319456940189,0.6772700523258586
Epileptic,original,11500,178,4,4,575,424,20261230,PCA-QS,0.034458031352302076,0.02459937276236197,0.007137155852191441,0.024162020995051492,0.0020629535400207236,0.5579254268676439,1.0399477519512368
Epileptic,original,11500,178,4,4,575,424,20261230,SRS,0.03681483904354242,0.027125810250450327,0.007847360722353947,0.028357309131548547,0.0020677826266668866,0.5967629360205221,0.9876606571294608
Epileptic,original,11500,178,4,4,575,425,20261231,PCA-QS,0.0321725289566288,0.024978243675777837,0.007258840244860443,0.022929968040774185,0.0020332058315673416,0.5203094926696308,1.3389672562495512
Epileptic,original,11500,178,4,4,575,425,20261231,SRS,0.02942371841393299,0.024749464490933275,0.007231342866159179,0.024535324196172326,0.0020576136210933107,0.5022309373733292,0.9560420917547249
Epileptic,original,11500,178,4,4,575,426,20261232,PCA-QS,0.042137911984460416,0.02344388811367358,0.006699121787660469,0.030564537718568374,0.0020651288305066078,0.5065604024096799,2.032643696894151
Epileptic,original,11500,178,4,4,575,426,20261232,SRS,0.037128203774437735,0.023390993342302244,0.006750520283574152,0.028547180095138458,0.002057307842879402,0.539506391050923,1.1647356193654184
Epileptic,original,11500,178,4,4,575,427,20261233,PCA-QS,0.036510417215737535,0.02620179914116965,0.007633278750651507,0.02653151334048154,0.002101089677189564,0.6181460628249054,1.5415303236701536
Epileptic,original,11500,178,4,4,575,427,20261233,SRS,0.03154729934694551,0.025333505722229015,0.007397862107283457,0.022799374175450637,0.002079091869248531,0.6068444505429493,1.1489256272249033
Epileptic,original,11500,178,4,4,575,428,20261234,PCA-QS,0.03468913979575932,0.024010317917306893,0.006903784130086903,0.025511712020822586,0.0020548106352042336,0.5084139352383426,0.8963981571420394
Epileptic,original,11500,178,4,4,575,428,20261234,SRS,0.0299272479591725,0.024920333006635258,0.007244136102809715,0.02360508935407779,0.0020648045582597548,0.5135040733064412,2.509335225026127
Epileptic,original,11500,178,4,4,575,429,20261235,PCA-QS,0.0332082379202266,0.024509165288433114,0.007076476475656733,0.024842762479327263,0.0020735970818782676,0.4876793646385722,1.4350926624484248
Epileptic,original,11500,178,4,4,575,429,20261235,SRS,0.029265455734238263,0.024771937890836926,0.0072219644790941185,0.022784782309186014,0.0020461846530135355,0.5033577075005226,0.555121018002218
Epileptic,original,11500,178,4,4,575,430,20261236,PCA-QS,0.03661166792842692,0.02626733627231964,0.007640728747639846,0.02788605423059387,0.002067467810922647,0.5688396233658117,0.9327739746739903
Epileptic,original,11500,178,4,4,575,430,20261236,SRS,0.03254183687052855,0.02408262281025123,0.006998806721660408,0.025565125133345745,0.0020629294247416353,0.5325639970061942,0.3909463133715783
Epileptic,original,11500,178,4,4,575,431,20261237,PCA-QS,0.033851295858655955,0.024744026264700687,0.007195840897435584,0.023743248809800832,0.0020368041379017106,0.4942171470219349,0.6223317920661732
Epileptic,original,11500,178,4,4,575,431,20261237,SRS,0.042418825195017155,0.02346053095293626,0.0066581006851977485,0.030221995653592515,0.002069569997831472,0.5009003688305261,0.6216726298768086
Epileptic,original,11500,178,4,4,575,432,20261238,PCA-QS,0.03242408769223872,0.024098690078652774,0.006987437019130243,0.024832924258195277,0.0020629085138496686,0.5119427534965657,1.2030760488610412
Epileptic,original,11500,178,4,4,575,432,20261238,SRS,0.036983580062124384,0.025675979986193677,0.007444434295634782,0.027295250959863182,0.002032367363069807,0.5449232452355476,1.148377326529937
Epileptic,original,11500,178,4,4,575,433,20261239,PCA-QS,0.0383079665334643,0.027132393677730578,0.007923048981733955,0.027847346981182852,0.002067992430700554,0.5540262196386255,2.4026291959824317
Epileptic,original,11500,178,4,4,575,433,20261239,SRS,0.03750661985804835,0.02460781986310349,0.007159710932624691,0.033143133089312826,0.0020530620642642055,0.5557185041369378,1.357642243923723
Epileptic,original,11500,178,4,4,575,434,20261240,PCA-QS,0.03458276655431679,0.025363286781722713,0.007400586199581637,0.02817601476204068,0.0020748989637938164,0.557864633897501,1.8517773083730231
Epileptic,original,11500,178,4,4,575,434,20261240,SRS,0.06790544088843012,0.03431882033722439,0.009895812558953453,0.06985072945295556,0.002092540002658715,0.5709158594626997,3.549433724375277
Epileptic,original,11500,178,4,4,575,435,20261241,PCA-QS,0.037386771987439615,0.026168372485405194,0.007608861535768835,0.02755114972218209,0.0020615329185904576,0.511939146580816,1.354867958234793
Epileptic,original,11500,178,4,4,575,435,20261241,SRS,0.03019703420702165,0.025112329301258805,0.007317017856439646,0.0238662458584038,0.0020723830677140927,0.5296158140635184,1.0563455614878587
Epileptic,original,11500,178,4,4,575,436,20261242,PCA-QS,0.03783435655298746,0.0262402367814053,0.007627176557451846,0.028664802501147335,0.002072900353149954,0.5732262451917916,0.642639828806018
Epileptic,original,11500,178,4,4,575,436,20261242,SRS,0.036373500186512316,0.02269582284507706,0.006564398206181242,0.026889144785835484,0.0020563896436344123,0.4976212370952135,0.7667007443539146
Epileptic,original,11500,178,4,4,575,437,20261243,PCA-QS,0.035753482041771076,0.026591507032079947,0.007701872553742154,0.02654908917461718,0.0020823259184392564,0.5853990100215004,1.116636211582282
Epileptic,original,11500,178,4,4,575,437,20261243,SRS,0.03572929108616663,0.025858810670464076,0.007544613078892627,0.0277652918350757,0.002070302677950443,0.5679846876205094,0.6365151330818951
Epileptic,original,11500,178,4,4,575,438,20261244,PCA-QS,0.03156238194096146,0.024585273895715166,0.007140531702045216,0.021766730145381885,0.002038604849708425,0.5601792719767413,0.6299784051576324
Epileptic,original,11500,178,4,4,575,438,20261244,SRS,0.03493763703735756,0.023124384185288043,0.0066942036047694265,0.025553305500672252,0.0020822012259654396,0.4374718876285665,0.5776745446162986
Epileptic,original,11500,178,4,4,575,439,20261245,PCA-QS,0.031713975466547785,0.024301201023910483,0.007031393354897216,0.01972032369157617,0.0020641072115630626,0.49745079768702977,0.9575875176778132
Epileptic,original,11500,178,4,4,575,439,20261245,SRS,0.03462164016568028,0.023526014241642444,0.006773209710475541,0.02587305872280332,0.002077129950718881,0.5312387724211987,0.3384066642410166
Epileptic,original,11500,178,4,4,575,440,20261246,PCA-QS,0.03492755291285593,0.024937018884039083,0.007248568128841992,0.027304348836905135,0.002088031401830757,0.5617410080327959,1.5218395344195437
Epileptic,original,11500,178,4,4,575,440,20261246,SRS,0.038997774977775866,0.023303615930215203,0.006713823311439609,0.030254261533386284,0.0020815959986135325,0.5010853844402853,1.677882498995538
Epileptic,original,11500,178,4,4,575,441,20261247,PCA-QS,0.03298793394807164,0.022864041476021904,0.00663024125902017,0.023673977596834206,0.002080121501561327,0.5472232682838374,0.6003845512058226
Epileptic,original,11500,178,4,4,575,441,20261247,SRS,0.03501170295080143,0.024166468119047477,0.0069991222746030165,0.025061724608454128,0.002069422722181102,0.5483023063450063,0.6623074920288367
Epileptic,original,11500,178,4,4,575,442,20261248,PCA-QS,0.03762458766279148,0.025289009849661277,0.007278108561768391,0.027673814323280865,0.0020464916400513783,0.5373916623046732,1.6376389299711993
Epileptic,original,11500,178,4,4,575,442,20261248,SRS,0.03330839137867735,0.02232817298484005,0.006431580400146252,0.027380307832226336,0.0020878342337776654,0.49910201306332647,0.8922075679400578
Epileptic,original,11500,178,4,4,575,443,20261249,PCA-QS,0.03614201780819714,0.02215248416007077,0.006374637131772915,0.024910711761753745,0.0020554147338112745,0.49334618846908673,1.6677650071347472
Epileptic,original,11500,178,4,4,575,443,20261249,SRS,0.03291965571388123,0.024804364565686517,0.0071902301557506985,0.02559602646579684,0.002076818126298522,0.5274208755999802,1.4980347720357583
Epileptic,original,11500,178,4,4,575,444,20261250,PCA-QS,0.032546584576145066,0.023493380704239192,0.00679413812992523,0.02482843644781596,0.0020533783892896997,0.5303519738338203,0.5500857456310296
Epileptic,original,11500,178,4,4,575,444,20261250,SRS,0.03667744969183901,0.025316334772482862,0.007351610242876316,0.026362139630998982,0.002061218694498764,0.6013942273132998,0.9951595647514608
Epileptic,original,11500,178,4,4,575,445,20261251,PCA-QS,0.03642498002980578,0.022778792459975414,0.0065991111830234084,0.031105486722646347,0.002081526529065397,0.4689730922995285,1.9944561786442176
Epileptic,original,11500,178,4,4,575,445,20261251,SRS,0.04066515291512981,0.024727360829354113,0.007136647517212513,0.03202009405335282,0.002047426552808569,0.532465550711326,1.1920839426653063
Epileptic,original,11500,178,4,4,575,446,20261252,PCA-QS,0.03259827677690963,0.025246130534786738,0.007354665748851635,0.022464191217533624,0.0020776333324450586,0.5189382294281305,2.2706653775132177
Epileptic,original,11500,178,4,4,575,446,20261252,SRS,0.03736476405585855,0.02295758233551741,0.006621265235212924,0.02870889906550822,0.0020847086379482973,0.5151769422648893,0.6983338031963344
Epileptic,original,11500,178,4,4,575,447,20261253,PCA-QS,0.03479362100993872,0.02396840386412762,0.006935352806500845,0.030981190431727867,0.0020561682405510935,0.5574661116476252,2.3566849684937825
Epileptic,original,11500,178,4,4,575,447,20261253,SRS,0.03415633971079563,0.024520397739610237,0.007147531901095066,0.02349376270522896,0.002049138854077527,0.51743226251469,0.8292010392341588
Epileptic,original,11500,178,4,4,575,448,20261254,PCA-QS,0.03523514240750123,0.023926710931516992,0.006924667708470195,0.028431518771709463,0.0020440448974473587,0.5595718069404967,1.1774486033076792
Epileptic,original,11500,178,4,4,575,448,20261254,SRS,0.0345960412048709,0.02742531054644628,0.008016683150228712,0.02637855169217218,0.002047871345512576,0.6164771073835503,0.7636155366370028
Epileptic,original,11500,178,4,4,575,449,20261255,PCA-QS,0.03502324769016417,0.026096313221406642,0.007576790584450474,0.02558529390242903,0.0020678480131025483,0.5671269538460448,0.5233969584971971
Epileptic,original,11500,178,4,4,575,449,20261255,SRS,0.03459580051108844,0.025124252197845143,0.007282532347161969,0.0253403724894401,0.002081804404264923,0.535167619584522,1.0607375288279794
Epileptic,original,11500,178,4,4,575,450,20261256,PCA-QS,0.033116108263415836,0.02433703260783814,0.0070834598223430524,0.021724670079690256,0.002064367771213126,0.5722660054912259,3.219135081445798
Epileptic,original,11500,178,4,4,575,450,20261256,SRS,0.03803816136287924,0.026269987863078607,0.007555786916344823,0.02651089742667523,0.0020622452018463377,0.5486640865166393,0.6925222885981943
Epileptic,original,11500,178,4,4,575,451,20261257,PCA-QS,0.034353350597986915,0.024237499878360037,0.007009607672440103,0.025263175687124217,0.002031480024945699,0.5046594208053207,1.3389297770142068
Epileptic,original,11500,178,4,4,575,451,20261257,SRS,0.03851856311638894,0.025535408403899854,0.007422745580450444,0.028817683305460307,0.0020588327019391067,0.5498680443666544,1.5054772531456782
Epileptic,original,11500,178,4,4,575,452,20261258,PCA-QS,0.03566893691286814,0.023897883907228554,0.006852224661809558,0.023638907183089586,0.0020763933306174828,0.5284648255169461,1.891576651256793
Epileptic,original,11500,178,4,4,575,452,20261258,SRS,0.03961982807058342,0.02501320205364202,0.007222630903892579,0.02399553537996013,0.002073622270011552,0.4996472585342887,0.6995225567847027
Epileptic,original,11500,178,4,4,575,453,20261259,PCA-QS,0.035706182007992054,0.024490299088797213,0.007073329361803259,0.02904340494204405,0.0020527924893211326,0.5256237792739847,0.7831835655874377
Epileptic,original,11500,178,4,4,575,453,20261259,SRS,0.0356928952874349,0.025068425643103586,0.007255769168261251,0.026368129909126736,0.0020639043536817975,0.479619269302085,0.7901828024024498
Epileptic,original,11500,178,4,4,575,454,20261260,PCA-QS,0.032493614793097765,0.022205085947586505,0.006445192198303452,0.023111883111404552,0.002070942144064414,0.45517897855983863,1.359571015933037
Epileptic,original,11500,178,4,4,575,454,20261260,SRS,0.03565544194125769,0.024369679787660855,0.007056906538481334,0.029281556676066245,0.002041615210616075,0.5932452761287064,0.3661936271987093
Epileptic,original,11500,178,4,4,575,455,20261261,PCA-QS,0.037281932213675706,0.023917955655120667,0.006867252175825621,0.02563097122298963,0.0020543232225886487,0.47957497498259405,0.6394135583176405
Epileptic,original,11500,178,4,4,575,455,20261261,SRS,0.032477840719112715,0.02385186019826708,0.006918529418340389,0.02373198367972229,0.0020529086775296613,0.5431020651126435,0.6826908302584301
Epileptic,original,11500,178,4,4,575,456,20261262,PCA-QS,0.03875892956984081,0.02439902053238346,0.0069570509487828155,0.027364131218725163,0.0020813220175695526,0.5195456734040695,0.7014706508022874
Epileptic,original,11500,178,4,4,575,456,20261262,SRS,0.03511712160715134,0.025239887567533238,0.007326829800789615,0.028537451174722506,0.0020499963423277717,0.6125862733249874,0.8119547290454463
Epileptic,original,11500,178,4,4,575,457,20261263,PCA-QS,0.034427667792146364,0.023302299918529952,0.0067213330053735474,0.026452441454653197,0.0020659819661488815,0.4862232902334556,1.7740645126754802
Epileptic,original,11500,178,4,4,575,457,20261263,SRS,0.03577385758159549,0.024617965438482377,0.007113612774169446,0.026289839971539664,0.0020752564729384585,0.5476468148459719,1.0085754722163565
Epileptic,original,11500,178,4,4,575,458,20261264,PCA-QS,0.03289968271249332,0.0245605428256069,0.00715748195948437,0.025273089588711883,0.0020575371482969692,0.549615483963598,1.5143141555188977
Epileptic,original,11500,178,4,4,575,458,20261264,SRS,0.03841336964724843,0.026589999003514636,0.0077106880182495645,0.03305002242886168,0.002052151533236965,0.5903348540976118,1.7729599363194146
Epileptic,original,11500,178,4,4,575,459,20261265,PCA-QS,0.03294155442625034,0.023612652802182544,0.006841846789333072,0.023299023886194092,0.002050255979664364,0.4615114266587415,0.4313422516852322
Epileptic,original,11500,178,4,4,575,459,20261265,SRS,0.03116266912160695,0.02478182408345378,0.007192754829586945,0.023015487226420106,0.0020562296555483336,0.4947035617785222,1.0396109237247841
Epileptic,original,11500,178,4,4,575,460,20261266,PCA-QS,0.03685020748367837,0.026296571421156583,0.007676590373868438,0.02629639993998012,0.0020387339944012524,0.620821935139096,1.0622309865633899
Epileptic,original,11500,178,4,4,575,460,20261266,SRS,0.04618596668777723,0.02889414385132237,0.008401872414400022,0.036183339196215414,0.002076240556696323,0.5451258590770148,1.34460522312954
Epileptic,original,11500,178,4,4,575,461,20261267,PCA-QS,0.036963085561704405,0.023876320681696043,0.0068909292791070895,0.025812944399577376,0.0020630180514353857,0.5606883226054825,0.8083961742624
Epileptic,original,11500,178,4,4,575,461,20261267,SRS,0.030303523058680202,0.02474340910273113,0.007239120750300514,0.02332055196177052,0.0020677246879069427,0.568148256015073,0.5617071857778799
Epileptic,original,11500,178,4,4,575,462,20261268,PCA-QS,0.03351931118018547,0.027143192985790928,0.007877970337782154,0.02674022648452734,0.002049728844987413,0.5239251161693612,0.8585986564699596
Epileptic,original,11500,178,4,4,575,462,20261268,SRS,0.03977480153109627,0.024927942145531505,0.007122651443186364,0.024674220292434157,0.0020511597992774362,0.5068364633597973,1.0744081523055489
Epileptic,original,11500,178,4,4,575,463,20261269,PCA-QS,0.03855840999512053,0.026541192082783414,0.007713809575641827,0.028959867153449892,0.002068161250014185,0.4968755002882654,0.9934843881809896
Epileptic,original,11500,178,4,4,575,463,20261269,SRS,0.04509842612412321,0.028232897448750426,0.00821065198114155,0.0379638508943092,0.0020808312053457977,0.5818873563331023,1.0394338328089439
Epileptic,original,11500,178,4,4,575,464,20261270,PCA-QS,0.03572114351608836,0.02560534887914196,0.007434786092665199,0.025708650875701622,0.0020711480438527904,0.5558052885564705,0.8324924409388168
Epileptic,original,11500,178,4,4,575,464,20261270,SRS,0.0335495880726962,0.024684386945179753,0.007140851759792269,0.023728483872215378,0.0020736445683852125,0.529344488781468,0.9814640192172769
Epileptic,original,11500,178,4,4,575,465,20261271,PCA-QS,0.03376950979560714,0.023341817278453872,0.006786850322195934,0.027555922942649858,0.002096449442204518,0.46947990398822104,1.165325836627111
Epileptic,original,11500,178,4,4,575,465,20261271,SRS,0.041064815141204684,0.02699701071966757,0.007833770050743694,0.03242717702501352,0.0020705162009934932,0.5506685438021388,1.3787479201779693
Epileptic,original,11500,178,4,4,575,466,20261272,PCA-QS,0.032960155787105115,0.024842837846893066,0.007245459148711601,0.027665800806264684,0.00205290268769907,0.5454589960470915,1.4685147613470613
Epileptic,original,11500,178,4,4,575,466,20261272,SRS,0.03672476233454145,0.023549513615500835,0.00682046656190335,0.03011723452446624,0.0020758262853280162,0.5153907946630164,1.2879220241378162
Epileptic,original,11500,178,4,4,575,467,20261273,PCA-QS,0.03767522988514149,0.025314783689588356,0.007352959999935224,0.03097492536214297,0.0020686445152295427,0.4989781088215586,0.7171178360842584
Epileptic,original,11500,178,4,4,575,467,20261273,SRS,0.03408147839515113,0.025138305742865876,0.007319366184940722,0.020734531191539674,0.0020592079869840387,0.5758938647453012,1.5676707959091742
Epileptic,original,11500,178,4,4,575,468,20261274,PCA-QS,0.03655776109195726,0.02563052917482294,0.0074521977500231675,0.031842023771893935,0.0020720927068049945,0.5396710054824807,0.5632882538994132
Epileptic,original,11500,178,4,4,575,468,20261274,SRS,0.04305386118024813,0.021944055043282715,0.00628359554719533,0.028897960384684396,0.002078883749865657,0.520268963861919,2.22794767453457
Epileptic,original,11500,178,4,4,575,469,20261275,PCA-QS,0.03295957565997613,0.02317539429417242,0.006709808077369813,0.02588809173537321,0.0020904618041796648,0.524325177050381,0.6437427542459816
Epileptic,original,11500,178,4,4,575,469,20261275,SRS,0.03301840175037427,0.024637569363919195,0.007173313146555686,0.02860978235267808,0.0020630903633796407,0.49797035566624587,1.3056220249466859
Epileptic,original,11500,178,4,4,575,470,20261276,PCA-QS,0.035186536508973305,0.023810609268472595,0.006911431840986545,0.031367807963823324,0.00205628674473001,0.531673743173853,0.936515175895638
Epileptic,original,11500,178,4,4,575,470,20261276,SRS,0.03456478942966293,0.027234041568359162,0.0078971871558722,0.03319368203075612,0.002070881160941778,0.5451007961970252,0.8144717967601409
Epileptic,original,11500,178,4,4,575,471,20261277,PCA-QS,0.03568055270071513,0.023914305805446658,0.006930090710373262,0.02648549423069646,0.0020560668004469844,0.5574125353703641,0.5105925475966939
Epileptic,original,11500,178,4,4,575,471,20261277,SRS,0.03545708397888797,0.02503617497342506,0.007213857048412056,0.027419313018869573,0.002035554312867919,0.5347320851509235,0.8192781823402135
Epileptic,original,11500,178,4,4,575,472,20261278,PCA-QS,0.03498449497462977,0.026832105886756684,0.007833594735454261,0.02337842472876872,0.002046627291641771,0.5123762850819688,1.6186102517545102
Epileptic,original,11500,178,4,4,575,472,20261278,SRS,0.03307995388847089,0.024841194903516134,0.0072061153882349675,0.02188469482328692,0.002088020631888467,0.5557562482241624,0.8109247546971072
Epileptic,original,11500,178,4,4,575,473,20261279,PCA-QS,0.03698404652108645,0.024651414964276527,0.007091943384064518,0.028146749202083043,0.0021061029441900615,0.47654610670196523,0.8658627667865382
Epileptic,original,11500,178,4,4,575,473,20261279,SRS,0.04526067036196458,0.024786895408108092,0.007076554767111732,0.031173062251546924,0.0020611913378834126,0.5291465913728194,0.7386310410468298
Epileptic,original,11500,178,4,4,575,474,20261280,PCA-QS,0.03282613249759703,0.02503505510110465,0.007290462979954313,0.02893331031323676,0.002059223075134799,0.5104710536019729,0.9429645467425449
Epileptic,original,11500,178,4,4,575,474,20261280,SRS,0.035632069161582854,0.02363988629911693,0.006816533849722319,0.028869313935587115,0.0020460761527881046,0.5091407837997208,3.6464077040214913
Epileptic,original,11500,178,4,4,575,475,20261281,PCA-QS,0.03561849353204505,0.0240423015467017,0.006928239883855169,0.02620996357903138,0.002081093609364929,0.5111823730004916,2.023823171845695
Epileptic,original,11500,178,4,4,575,475,20261281,SRS,0.03984209158672735,0.02566755331228145,0.007433246968122725,0.03300844821231408,0.002058379079297035,0.5571079220068104,1.364087262867403
Epileptic,original,11500,178,4,4,575,476,20261282,PCA-QS,0.035175915236466924,0.023774704812587467,0.0068716349365575075,0.023580857607768735,0.0020754665099511154,0.5170011795773286,0.3649322775326469
Epileptic,original,11500,178,4,4,575,476,20261282,SRS,0.04691003290302478,0.026772617542094205,0.007743847931829453,0.03813504852419314,0.002063489557569887,0.5425489704901588,1.7771107937132362
Epileptic,original,11500,178,4,4,575,477,20261283,PCA-QS,0.03434939341216233,0.02538427551827617,0.007392557526284715,0.025648531729775215,0.002058017025382889,0.5130663512084175,0.9887529118248947
Epileptic,original,11500,178,4,4,575,477,20261283,SRS,0.03256326196000586,0.024685664272334838,0.007161146313362782,0.024766815228595362,0.0020709762719594207,0.5416572767930864,2.528878593922399
Epileptic,original,11500,178,4,4,575,478,20261284,PCA-QS,0.0301060874379697,0.023518418085712218,0.0068221124982153795,0.020719412540866955,0.0020693843208219355,0.5248077397608165,1.701741366091779
Epileptic,original,11500,178,4,4,575,478,20261284,SRS,0.042429583467982264,0.02769599304484953,0.008051688941490321,0.02925805379347146,0.0020713985777573666,0.5030999794524055,1.4892587321312012
Epileptic,original,11500,178,4,4,575,479,20261285,PCA-QS,0.033751780570657364,0.023833773627935897,0.006930759062744076,0.02721153543166821,0.0020752969576688374,0.5591299125388572,1.1547006920887914
Epileptic,original,11500,178,4,4,575,479,20261285,SRS,0.04239216555190671,0.02475027938789555,0.0070939648067570695,0.028869542994677033,0.0020784416954527083,0.5029668214671484,1.7405337898563538
Epileptic,original,11500,178,4,4,575,480,20261286,PCA-QS,0.040615286805096976,0.027600728800970677,0.008043887431524127,0.03667699770150179,0.0020888845020771204,0.5562101448679397,0.931535038979686
Epileptic,original,11500,178,4,4,575,480,20261286,SRS,0.03932531258004576,0.023702783046585876,0.006810838473248373,0.02894717125364643,0.0020605419719711133,0.5110051860124527,1.8061346987124502
Epileptic,original,11500,178,4,4,575,481,20261287,PCA-QS,0.03520497753000647,0.0238419637923262,0.006920489577792021,0.025730927221777833,0.002057247889816952,0.6017918773382049,0.9679407706667398
Epileptic,original,11500,178,4,4,575,481,20261287,SRS,0.04445500455028308,0.028670863754319518,0.008320268731267948,0.035521692900555735,0.0020603027011047454,0.5529796759311993,0.87171381176831
Epileptic,original,11500,178,4,4,575,482,20261288,PCA-QS,0.04165743711612188,0.026462441999201024,0.007659384025458544,0.03786529997148591,0.0020895165195536124,0.5449335754698367,2.4136231730537205
Epileptic,original,11500,178,4,4,575,482,20261288,SRS,0.03510626487373998,0.026308138143143103,0.007673418711610023,0.030074669709772905,0.002061453114961673,0.5459930050323123,1.0698228068964877
Epileptic,original,11500,178,4,4,575,483,20261289,PCA-QS,0.0335707640940978,0.025787693462060356,0.0075334289961055964,0.026569363056534456,0.002042985647078434,0.5789666145856399,1.1572141196263828
Epileptic,original,11500,178,4,4,575,483,20261289,SRS,0.034309876902940434,0.025005301404242185,0.007247395038762349,0.026170196749122354,0.0020592076745610294,0.4807021828518368,0.594895303126745
Epileptic,original,11500,178,4,4,575,484,20261290,PCA-QS,0.036538010769469186,0.02645594665817773,0.007681334681459902,0.028787897279073604,0.0020737628339619904,0.542360891295813,1.0875037025666177
Epileptic,original,11500,178,4,4,575,484,20261290,SRS,0.03313309609486459,0.02620205380241623,0.007619020013722235,0.025450658749319288,0.0020564201656163754,0.5787311453531176,0.829538003040052
Epileptic,original,11500,178,4,4,575,485,20261291,PCA-QS,0.03416874926819094,0.024309015288353355,0.007019359561457096,0.023762405315117974,0.0020658804069129733,0.5318965625217514,1.8829498865270609
Epileptic,original,11500,178,4,4,575,485,20261291,SRS,0.03597063720677308,0.0247205328410782,0.007088938019778424,0.022487955457380693,0.0020443807264344123,0.4739268126724464,1.7775127196319693
Epileptic,original,11500,178,4,4,575,486,20261292,PCA-QS,0.03208731622093666,0.02466889203764635,0.007139874320317906,0.02245081664223747,0.002035151518752028,0.45260764336520026,1.425916476874898
Epileptic,original,11500,178,4,4,575,486,20261292,SRS,0.041377093331398995,0.024629626706056472,0.007041628280963273,0.030773746457368745,0.0020968784532039322,0.5283003720842041,1.6327993742206168
Epileptic,original,11500,178,4,4,575,487,20261293,PCA-QS,0.0312113262978785,0.02450398610318441,0.007159678330657821,0.023318598174215666,0.0020419532211164194,0.5113457983454347,0.6918220258908199
Epileptic,original,11500,178,4,4,575,487,20261293,SRS,0.04089345394293569,0.027146644224050973,0.00788133554760108,0.033307823209760556,0.0020392421722402873,0.5258426657169818,0.8917182058023927
Epileptic,original,11500,178,4,4,575,488,20261294,PCA-QS,0.03340501610267229,0.021662312454585442,0.006279926005495714,0.025425201963059862,0.002054307615218684,0.4850212175003401,0.4039997248239324
Epileptic,original,11500,178,4,4,575,488,20261294,SRS,0.03604718630954777,0.02485747018769344,0.0072113499091743605,0.028883065686278186,0.0020486561204333814,0.5368857110438301,0.6579213955570533
Epileptic,original,11500,178,4,4,575,489,20261295,PCA-QS,0.03648211308694567,0.026714259004025638,0.007741970317130823,0.026747444349719984,0.002066371381187086,0.529762451845007,1.1720677649870848
Epileptic,original,11500,178,4,4,575,489,20261295,SRS,0.03413421981700847,0.023343678653096795,0.006751030702279373,0.025218057848290343,0.002056665304120651,0.5078329923768369,2.3873506240386444
Epileptic,original,11500,178,4,4,575,490,20261296,PCA-QS,0.03385840820047158,0.023354273733681964,0.006751613624741705,0.022699465945617447,0.002049006611654863,0.5235173214105452,0.7494283550971265
Epileptic,original,11500,178,4,4,575,490,20261296,SRS,0.03471748657927103,0.02389384813631747,0.0068906345878422546,0.023298296891383075,0.002060221943741775,0.4825738681320182,0.7121387594047587
Epileptic,original,11500,178,4,4,575,491,20261297,PCA-QS,0.03488284836032925,0.026241915323793726,0.0076483271927370155,0.02744620783401075,0.0020843347340503138,0.5266056869233461,0.706060949554867
Epileptic,original,11500,178,4,4,575,491,20261297,SRS,0.046946628729995284,0.02807186454682802,0.008162612394182641,0.04129490897783761,0.002065407867433472,0.5783043380787863,1.153129005621005
Epileptic,original,11500,178,4,4,575,492,20261298,PCA-QS,0.03209063590731716,0.025025181427031862,0.0072221475410713986,0.02290494985937208,0.0020541147794642754,0.5332250863798284,0.8903441714613516
Epileptic,original,11500,178,4,4,575,492,20261298,SRS,0.033279023026141864,0.02396771852019147,0.006969623839158841,0.027581670609412967,0.002072515678809768,0.5311740957482449,1.117340806653082
Epileptic,original,11500,178,4,4,575,493,20261299,PCA-QS,0.03231434042650493,0.025507530904264022,0.007416662804065921,0.023929851502739297,0.00205351579056569,0.5384863829304297,1.0937746278148337
Epileptic,original,11500,178,4,4,575,493,20261299,SRS,0.0449336224069776,0.028155667130441944,0.008166701734627514,0.034004293825292464,0.0020952712889644636,0.5315528628400368,2.620983163411041
Epileptic,original,11500,178,4,4,575,494,20261300,PCA-QS,0.03517493685326031,0.02503277432572655,0.007304918041536147,0.027750597921087916,0.002069715016388056,0.566928898778954,1.6415393071892133
Epileptic,original,11500,178,4,4,575,494,20261300,SRS,0.040798642654196915,0.0267139675535438,0.007732850559291518,0.027073897411238335,0.0020454824792798267,0.5567388909854939,0.4091963072426542
Epileptic,original,11500,178,4,4,575,495,20261301,PCA-QS,0.03131875857364844,0.024976554404081065,0.007271595468658104,0.02322923448248737,0.0020478770557742676,0.5048735078054182,0.521633290084947
Epileptic,original,11500,178,4,4,575,495,20261301,SRS,0.03453217629637252,0.02478846543432686,0.007169987449397329,0.025904043835707213,0.0020793783279007497,0.5042453831145634,1.8003435700779655
Epileptic,original,11500,178,4,4,575,496,20261302,PCA-QS,0.031293453278190594,0.023777313787903744,0.00687884449958051,0.025705445671540872,0.002067185913969554,0.5089725866175524,1.0700895574151192
Epileptic,original,11500,178,4,4,575,496,20261302,SRS,0.03876309599562354,0.02533029093799583,0.007331739283153253,0.0255757215933734,0.002046396540253231,0.5516307227164695,0.7361086188506302
Epileptic,original,11500,178,4,4,575,497,20261303,PCA-QS,0.043543765463568966,0.029307316643410627,0.008521245817259803,0.03371268111216885,0.0020814699885103793,0.6241035650146942,1.3521235628045727
Epileptic,original,11500,178,4,4,575,497,20261303,SRS,0.03641259326623032,0.023913198597053237,0.006891896599819468,0.02645909882806663,0.002064389246854227,0.4991683355135354,0.9514742628268884
Epileptic,original,11500,178,4,4,575,498,20261304,PCA-QS,0.03605354358700149,0.025635628227740008,0.0074580807223974775,0.02789191371527444,0.0020602985948872223,0.5799508247361866,1.3968300334687354
Epileptic,original,11500,178,4,4,575,498,20261304,SRS,0.03248870839673439,0.02359194409239619,0.006798801398640693,0.023605577466030425,0.0020590144885146667,0.4675753356845594,1.376678961150091
Epileptic,original,11500,178,4,4,575,499,20261305,PCA-QS,0.03639906443576534,0.022611799428881797,0.006511187053684842,0.025887391816135974,0.0020533622337553293,0.4994449887799817,0.8949457805690694
Epileptic,original,11500,178,4,4,575,499,20261305,SRS,0.041867570012798526,0.026399529089860905,0.007686670085002636,0.030692801333675135,0.002050814082891577,0.587302767551939,0.5369386976169711
Epileptic,original,11500,178,4,4,575,500,20261306,PCA-QS,0.0350756819566552,0.025578032034335466,0.007462509948625902,0.025930341299391202,0.00208524744847337,0.5570966222415447,0.6944912934698464
Epileptic,original,11500,178,4,4,575,500,20261306,SRS,0.03768120335936986,0.02459761799654111,0.007099928109751897,0.030147763777961245,0.0020641642543171444,0.5830174295289323,0.42834121604775577
Epileptic,original,11500,178,4,4,575,501,20261307,PCA-QS,0.0340576639338011,0.0235047334460861,0.006778740371165425,0.02443655397299871,0.0020673837675405336,0.5528162562502,2.106377797937256
Epileptic,original,11500,178,4,4,575,501,20261307,SRS,0.037597728832715616,0.026308838786577346,0.007568388548624782,0.027313635679343307,0.0020690129029318077,0.49752907631128285,1.3069860911248758
Epileptic,original,11500,178,4,4,575,502,20261308,PCA-QS,0.0346890840850017,0.02637473738834351,0.0076896019366489215,0.025442985704653864,0.0020643112794232637,0.5412237542036911,1.9115568900721267
Epileptic,original,11500,178,4,4,575,502,20261308,SRS,0.03298353000364495,0.024821583697928726,0.00715734384643816,0.023866952915922113,0.002068800330926939,0.4901897407625838,1.2777833124044544
Epileptic,original,11500,178,4,4,575,503,20261309,PCA-QS,0.03515684961738819,0.0230976480205928,0.006663941786592248,0.023959720371856008,0.0020495717255732083,0.5036128810572709,1.6832521887597085
Epileptic,original,11500,178,4,4,575,503,20261309,SRS,0.03011208354218242,0.023638327322184665,0.006870282446332123,0.021602278469307734,0.002039205707688146,0.5005878329044947,0.9268502595016173
Epileptic,original,11500,178,4,4,575,504,20261310,PCA-QS,0.03780879278430275,0.02700405382521844,0.007852938308575657,0.026552594974830868,0.0020549418291110105,0.5526959811119592,1.2808269114148065
Epileptic,original,11500,178,4,4,575,504,20261310,SRS,0.034478707688933484,0.02509923017469338,0.007281550187153257,0.02525643776253972,0.0020732030518256935,0.5130816846012527,1.3243656781644315
Epileptic,original,11500,178,4,4,575,505,20261311,PCA-QS,0.036122560971154086,0.024693919140624118,0.0071472767594572915,0.02756961116500989,0.002067027006812411,0.5410787890106094,0.6902959738699134
Epileptic,original,11500,178,4,4,575,505,20261311,SRS,0.03252077461702848,0.026600105230398508,0.007759241603737345,0.02572110479477807,0.002066485096912997,0.5236314843946585,1.002467013584902
Epileptic,original,11500,178,4,4,575,506,20261312,PCA-QS,0.031597771284635146,0.025355877924253534,0.007359159556674031,0.02606937608204163,0.00206811606988496,0.4594082519247977,0.48975923962718876
Epileptic,original,11500,178,4,4,575,506,20261312,SRS,0.0425362270728155,0.023848506780641585,0.006795972782546392,0.03202105201610017,0.002076371306033386,0.510756389764106,1.7294956716645875
Epileptic,original,11500,178,4,4,575,507,20261313,PCA-QS,0.03478487178579192,0.024870154928812175,0.007156353272172828,0.023575364343205507,0.0020508730492715095,0.4696673960291725,0.82610177423104
Epileptic,original,11500,178,4,4,575,507,20261313,SRS,0.03227356509997198,0.024410373054614413,0.007076794123186371,0.026230957868062177,0.0020803336602510584,0.5391120014968843,0.4592618578408001
Epileptic,original,11500,178,4,4,575,508,20261314,PCA-QS,0.03588111543671629,0.02594569781704305,0.007501219983504413,0.02966404973601655,0.0020880434532630754,0.5423852514614789,1.1623502851094245
Epileptic,original,11500,178,4,4,575,508,20261314,SRS,0.044135165579481626,0.028018970217064162,0.008127029377323134,0.03684155276117629,0.0020675280270439304,0.5524926351337425,1.491786118282719
Epileptic,original,11500,178,4,4,575,509,20261315,PCA-QS,0.03488027619248125,0.02726859262807833,0.007938058920263688,0.02603405097363165,0.0020712287185315876,0.5429862522198995,1.1713427348432044
Epileptic,original,11500,178,4,4,575,509,20261315,SRS,0.04037928548307887,0.027683256615710125,0.008048929949925586,0.03467564518563471,0.0020550113879910766,0.6175775794694947,1.4662267679381056
Epileptic,original,11500,178,4,4,575,510,20261316,PCA-QS,0.030053888844584972,0.0247441053750644,0.007200741959844041,0.02090771215478604,0.0021159414922997176,0.5386234985888003,0.4218479523498624
Epileptic,original,11500,178,4,4,575,510,20261316,SRS,0.03981117331615466,0.027532091051368852,0.00800293440566428,0.03448206475282056,0.002073822207349441,0.5354220742894642,1.925537679412991
Epileptic,original,11500,178,4,4,575,511,20261317,PCA-QS,0.03000255153522686,0.025049957049378135,0.007288484966570205,0.022536846652572606,0.0020788726491635856,0.5160467605955787,1.8045573004678275
Epileptic,original,11500,178,4,4,575,511,20261317,SRS,0.039564350507759805,0.025808299686983373,0.007492349499261583,0.03337548598667972,0.002068824069944308,0.5899906800771555,0.7100289289760261
Epileptic,original,11500,178,4,4,575,512,20261318,PCA-QS,0.03347185649351601,0.025636892514252066,0.007457799857126812,0.024723300692215844,0.0020738538456414298,0.5369750621386608,1.0304540851471968
Epileptic,original,11500,178,4,4,575,512,20261318,SRS,0.03783095886822192,0.023186435080511044,0.00666862171175039,0.02705926068772868,0.002063850465986016,0.46742604040501595,0.5811315688675157
Epileptic,original,11500,178,4,4,575,513,20261319,PCA-QS,0.03626143212206037,0.02608667504911697,0.007595943520692427,0.023872468006874925,0.0020474763859267588,0.6074302656261266,0.7590923325129876
Epileptic,original,11500,178,4,4,575,513,20261319,SRS,0.034853713321866445,0.02351023790175014,0.006813238299460039,0.02322733315652492,0.0020716362884552323,0.5156274354649585,1.3404242574610754
Epileptic,original,11500,178,4,4,575,514,20261320,PCA-QS,0.04077563773184575,0.02564662345774639,0.0074151597125615325,0.03578707845764306,0.002048767312967219,0.5700965877279499,0.8475464433150486
Epileptic,original,11500,178,4,4,575,514,20261320,SRS,0.04417594873216278,0.026939179992916312,0.007850628770362909,0.03553451689549725,0.0020983451352768667,0.5887000057362228,2.1539862179455236
Epileptic,original,11500,178,4,4,575,515,20261321,PCA-QS,0.038425883719809206,0.02626690564316725,0.0076250609091468476,0.028753229607817232,0.002062321709943322,0.5561266330059467,2.0643705252570395
Epileptic,original,11500,178,4,4,575,515,20261321,SRS,0.03741522781058161,0.024839060626768012,0.0071149352127608135,0.0283078570831492,0.0020629936800622027,0.5270077566586852,2.3093678927507564
Epileptic,original,11500,178,4,4,575,516,20261322,PCA-QS,0.03221743289872865,0.024565804324541838,0.0071464253314543836,0.020942152819952042,0.0020419789980142843,0.4346926235015859,0.6251718529762058
Epileptic,original,11500,178,4,4,575,516,20261322,SRS,0.0358351963649877,0.024001134984806445,0.006921498858379701,0.02281563424204336,0.0020585911726046704,0.5496408254950979,1.133666749975375
Epileptic,original,11500,178,4,4,575,517,20261323,PCA-QS,0.03019072901297681,0.025828290062471854,0.007480928494479105,0.024359971244839684,0.0020634966547824814,0.5951333863371271,1.5566839258874643
Epileptic,original,11500,178,4,4,575,517,20261323,SRS,0.03327027264291818,0.0244547228264532,0.00709438158718901,0.026269594510687,0.0020505577938909727,0.5967840404299339,1.2811020854833735
Epileptic,original,11500,178,4,4,575,518,20261324,PCA-QS,0.030831600407045592,0.024489192354022006,0.007125413883288768,0.02174822935328713,0.002016446264970002,0.5587050997168981,0.9257081497991608
Epileptic,original,11500,178,4,4,575,518,20261324,SRS,0.031191952492290453,0.024486818123232224,0.007132956795138624,0.021657380053721198,0.0020485292844239504,0.5215465268658994,0.47973056204919046
Epileptic,original,11500,178,4,4,575,519,20261325,PCA-QS,0.0353862757331737,0.02520525312188052,0.007342294046703766,0.027724555537760764,0.002074732354384015,0.6020769182444511,1.1176086343939833
Epileptic,original,11500,178,4,4,575,519,20261325,SRS,0.035062187587241604,0.02534894109953749,0.007337561260867282,0.02807010380945485,0.0020631687644760005,0.6002794701718366,1.0737085199754917
Epileptic,original,11500,178,4,4,575,520,20261326,PCA-QS,0.03396576331663888,0.026009884449882094,0.007573951014187968,0.0272206926402756,0.0020468006551768794,0.582173036492397,1.0762447244894293
Epileptic,original,11500,178,4,4,575,520,20261326,SRS,0.03823355595255932,0.025134179296261588,0.007300531158865061,0.02940393263416574,0.0020499775853648388,0.5405988464576021,1.561364404230809
Epileptic,original,11500,178,4,4,575,521,20261327,PCA-QS,0.03708807293775546,0.02727727252264922,0.00794844660371267,0.028094624588003825,0.002066904356380319,0.5540131170865715,0.6175869507124613
Epileptic,original,11500,178,4,4,575,521,20261327,SRS,0.0358185194850697,0.024697849016076703,0.007107451119343471,0.023325776438410273,0.002067175414212039,0.4974285933601738,0.6018094675367884
Epileptic,original,11500,178,4,4,575,522,20261328,PCA-QS,0.035125485623296634,0.024877201544225527,0.007259956433620609,0.02574163856778,0.002072215935786175,0.5261044297622522,1.6056167921189257
Epileptic,original,11500,178,4,4,575,522,20261328,SRS,0.03967196302836235,0.024057454436324455,0.00690985577996678,0.02559504912004762,0.0020547319158979002,0.5333734020568227,1.6479944163654805
Epileptic,original,11500,178,4,4,575,523,20261329,PCA-QS,0.03162646701710448,0.024886161792413684,0.007237545360868062,0.02470795803081316,0.002061939158976117,0.5080088483405952,1.2231212271301268
Epileptic,original,11500,178,4,4,575,523,20261329,SRS,0.034696068688011394,0.02332930733818277,0.00672382854212784,0.02398477857550141,0.002075583288893272,0.47857452189533983,1.6481420473964834
Epileptic,original,11500,178,4,4,575,524,20261330,PCA-QS,0.0458499363309524,0.030757211301619417,0.008975560663207906,0.04200557277979122,0.002062509844270118,0.6259663387663073,3.4381265196560395
Epileptic,original,11500,178,4,4,575,524,20261330,SRS,0.035500555980953225,0.02322038898824604,0.006700193304854905,0.024638404641557088,0.0020387495164183632,0.5482455775115594,3.0150959028095694
Epileptic,original,11500,178,4,4,575,525,20261331,PCA-QS,0.036074439645402585,0.024356721765428194,0.007056931454667518,0.0255432005702243,0.0020771724571105317,0.5580415872125283,1.0576481629099204
Epileptic,original,11500,178,4,4,575,525,20261331,SRS,0.04118045964689461,0.02356815414970444,0.006732969115371001,0.03392750352143814,0.002051594197558793,0.5033748623514731,1.722198447617838
Epileptic,original,11500,178,4,4,575,526,20261332,PCA-QS,0.03246272070389705,0.025615896124722287,0.007426055029186152,0.026233787355149474,0.0020878483973867804,0.4834140092965456,0.7653125271543435
Epileptic,original,11500,178,4,4,575,526,20261332,SRS,0.033503288546892086,0.025804714262895677,0.007500890330974009,0.025384768711141703,0.0020644079678616522,0.5159437812569515,0.43849521911840406
Epileptic,original,11500,178,4,4,575,527,20261333,PCA-QS,0.03610106949507043,0.02602133069987365,0.007550348061014577,0.027706424387982764,0.0020613735177496266,0.5205542346349732,0.7505649353086986
Epileptic,original,11500,178,4,4,575,527,20261333,SRS,0.03371056357407155,0.026933381364952606,0.007878637749095087,0.025759525064506406,0.002089314779288582,0.5863633355535787,0.6864239631830066
Epileptic,original,11500,178,4,4,575,528,20261334,PCA-QS,0.03765300401902423,0.02683362972305174,0.007799043982602612,0.028598863564612387,0.002067533591855172,0.5316083197864431,0.5934814290241993
Epileptic,original,11500,178,4,4,575,528,20261334,SRS,0.038586140553635254,0.026209731390038845,0.007607492768523888,0.0347268102828906,0.0020440620062770268,0.5380741189827905,1.5548056348283905
Epileptic,original,11500,178,4,4,575,529,20261335,PCA-QS,0.03662285318948436,0.02351932284425828,0.006756267648597525,0.02351294952813454,0.002052690544487528,0.4762387956315868,1.328997233701099
Epileptic,original,11500,178,4,4,575,529,20261335,SRS,0.03569119803707273,0.024342808600320977,0.007009556119835666,0.02660387245725282,0.0020975494676728737,0.5354519757312776,0.9106673698155775
Epileptic,original,11500,178,4,4,575,530,20261336,PCA-QS,0.0401174573620145,0.023348714891950277,0.006706398570843834,0.02665552802290172,0.0020567214921001615,0.45210300700330613,1.4714254590639335
Epileptic,original,11500,178,4,4,575,530,20261336,SRS,0.03572548677690245,0.02626811261240158,0.00765522479826692,0.0280091208109301,0.002044571286546212,0.599721394976482,0.4734192237421017
Epileptic,original,11500,178,4,4,575,531,20261337,PCA-QS,0.03488714108193983,0.025871813562241257,0.007487500492498712,0.027000049995102415,0.0020448064006649944,0.5550359397116188,0.8484343842770723
Epileptic,original,11500,178,4,4,575,531,20261337,SRS,0.03345711545077038,0.02136598149984643,0.006151667709555305,0.025804952155908722,0.002083573893381362,0.4835074673043602,1.480256933554538
Epileptic,original,11500,178,4,4,575,532,20261338,PCA-QS,0.03335197314172045,0.025628426607069967,0.007416381610029344,0.021689901977811843,0.0020548046656090548,0.5640606212735589,0.4468551737675783
Epileptic,original,11500,178,4,4,575,532,20261338,SRS,0.04410668167905819,0.027764060334690865,0.008056759954616063,0.03538053856880374,0.0020407395779354935,0.5607429779761014,1.7405610670887586
Epileptic,original,11500,178,4,4,575,533,20261339,PCA-QS,0.03766827811286065,0.02758318895174385,0.008012006408600957,0.028312174771874865,0.0020548631295298258,0.5480177572870382,1.530101039183751
Epileptic,original,11500,178,4,4,575,533,20261339,SRS,0.03386867197049198,0.02498278420121067,0.007260615225133125,0.02429418136503969,0.0020729124551786783,0.5193453714781866,1.9436264223641615
Epileptic,original,11500,178,4,4,575,534,20261340,PCA-QS,0.03597759934494959,0.02496683699963804,0.0072517198160882345,0.029670481644808788,0.0020443018499219936,0.5449116183047339,0.6847722195718343
Epileptic,original,11500,178,4,4,575,534,20261340,SRS,0.03252609113312914,0.02564346230977261,0.0074016131653369035,0.024629252138845814,0.0020578600117575224,0.5270863306805026,0.6703018663302552
Epileptic,original,11500,178,4,4,575,535,20261341,PCA-QS,0.03666020587821223,0.026936788172956815,0.007767043223770885,0.02472210150250831,0.0020569523602783136,0.5217417501974546,1.570073375112864
Epileptic,original,11500,178,4,4,575,535,20261341,SRS,0.037764241244056286,0.025756877526988877,0.007497752062267509,0.027010435211396455,0.0020520138545444566,0.5431376022392767,1.6754979977889592
Epileptic,original,11500,178,4,4,575,536,20261342,PCA-QS,0.03341884174256219,0.02471329482288693,0.007190533413183124,0.02281203970344059,0.002068859540897574,0.4902340586390177,0.6198448083388599
Epileptic,original,11500,178,4,4,575,536,20261342,SRS,0.03319941612289202,0.026333857986854888,0.007708938216817578,0.02697744339142183,0.002062891240893356,0.5369241566653697,1.6999289010484904
Epileptic,original,11500,178,4,4,575,537,20261343,PCA-QS,0.03239610002412005,0.024627878377332747,0.007157646907889527,0.024092240396642595,0.0020789414566133196,0.5211874116871664,1.5556526458479243
Epileptic,original,11500,178,4,4,575,537,20261343,SRS,0.03961305974199338,0.0234389262066872,0.006705054868006825,0.030688892395655643,0.00206410148374859,0.5463786201142671,0.503275151272262
Epileptic,original,11500,178,4,4,575,538,20261344,PCA-QS,0.03250143716430979,0.02443807759061047,0.007077990478348015,0.02362934370553127,0.0020730702098104344,0.518570030973193,0.7441759988951467
Epileptic,original,11500,178,4,4,575,538,20261344,SRS,0.03278441564451975,0.02583810210230808,0.007472448925620379,0.02667238808897565,0.0020688556574072928,0.5738746525028156,0.8088061090806589
Epileptic,original,11500,178,4,4,575,539,20261345,PCA-QS,0.03446969778029387,0.023579927863329034,0.006832482671028912,0.02435418019902791,0.0020560914576429473,0.5494442387819757,0.5649776138217889
Epileptic,original,11500,178,4,4,575,539,20261345,SRS,0.03404737492904512,0.024456948187152616,0.007093264372907818,0.02366257981816311,0.002065524546432116,0.4980852638098736,1.3296103906555603
Epileptic,original,11500,178,4,4,575,540,20261346,PCA-QS,0.03457820429081564,0.02584209707454392,0.007513893884029034,0.02535953047101458,0.0020689849769372714,0.5651921750476379,0.9233526272296783
Epileptic,original,11500,178,4,4,575,540,20261346,SRS,0.04344404725994713,0.028232261880533533,0.008212616151466413,0.03573664045660152,0.0020609517114610117,0.6271577067924804,1.7516077506377672
Epileptic,original,11500,178,4,4,575,541,20261347,PCA-QS,0.03273863648980325,0.0245969990691964,0.007151499584785625,0.027006500855872417,0.0020621779605937344,0.5516917727201731,0.8069265057841987
Epileptic,original,11500,178,4,4,575,541,20261347,SRS,0.03491261368505233,0.024451284274561863,0.007086703406064377,0.027498982902699254,0.0020506224486290013,0.5519280251047464,0.6768424387986169
Epileptic,original,11500,178,4,4,575,542,20261348,PCA-QS,0.03517390136214073,0.023578930858873793,0.006835657069635993,0.02369365151706404,0.0020515893848733445,0.4679671040240866,1.3626223922824823
Epileptic,original,11500,178,4,4,575,542,20261348,SRS,0.03842991613356333,0.027570893697007586,0.008044801980301686,0.028042652990647454,0.002063971304229209,0.5422339963659262,0.9222998620057146
Epileptic,original,11500,178,4,4,575,543,20261349,PCA-QS,0.039930560540645275,0.026535403263133764,0.0076965117494642975,0.03442425152592676,0.0020577827167585915,0.5677836906178715,1.3361702696000246
Epileptic,original,11500,178,4,4,575,543,20261349,SRS,0.033755613711251437,0.024138007244084783,0.006980823928456044,0.02288775905074303,0.0020881676275448483,0.5122753188093346,0.8602823657917282
Epileptic,original,11500,178,4,4,575,544,20261350,PCA-QS,0.03475846542790331,0.02391163540748828,0.006907008087810914,0.024816176904085552,0.0020548044048864698,0.5364823242313694,1.1833368589600972
Epileptic,original,11500,178,4,4,575,544,20261350,SRS,0.03942142883756473,0.026129261955898948,0.007529063709350311,0.030297912600335763,0.0020802802378325157,0.5526444670401854,1.0772216269979258
Epileptic,original,11500,178,4,4,575,545,20261351,PCA-QS,0.036877249956308256,0.023596894451170046,0.006820524196055449,0.02417664841055789,0.002069980375295138,0.5453636146334022,1.802516532911877
Epileptic,original,11500,178,4,4,575,545,20261351,SRS,0.04063898958887774,0.027465027497316174,0.007994247183277124,0.029134948230733926,0.0020905193592086033,0.569596515172617,0.7768309766862329
Epileptic,original,11500,178,4,4,575,546,20261352,PCA-QS,0.032928972665710876,0.02478819800942046,0.0072225074340421525,0.026292361092727035,0.0020695937936496133,0.5149420700446722,1.181557817766882
Epileptic,original,11500,178,4,4,575,546,20261352,SRS,0.04095756568148234,0.02870581330906121,0.008387863965251463,0.030035874477395197,0.0020621035519219066,0.5792593654276009,1.4443129873398122
Epileptic,original,11500,178,4,4,575,547,20261353,PCA-QS,0.03979985048502629,0.025858092389872692,0.007525345326995455,0.02977546289215738,0.002057341948647948,0.5816939233439992,1.7833598853074988
Epileptic,original,11500,178,4,4,575,547,20261353,SRS,0.039759356191425746,0.025027289620110145,0.007191230034811235,0.024999994714852036,0.0020582474412071164,0.5047563915792875,1.1786899658803636
Epileptic,original,11500,178,4,4,575,548,20261354,PCA-QS,0.0332950793962364,0.02693688030098888,0.007830722087620567,0.030627389893194135,0.0020877694311383817,0.542852751777592,1.110817100443901
Epileptic,original,11500,178,4,4,575,548,20261354,SRS,0.04090609909985441,0.02771130466060195,0.00809075278250744,0.030708229884202964,0.002052404875991482,0.5683776112749467,1.0417353440099084
Epileptic,original,11500,178,4,4,575,549,20261355,PCA-QS,0.04012358626107031,0.02346320002680673,0.006713120674653345,0.03036620341513263,0.0020595737065506156,0.493831378397548,1.4122186287560257
Epileptic,original,11500,178,4,4,575,549,20261355,SRS,0.0360056705417311,0.026238188136848528,0.007681335660567219,0.028841642138146995,0.0020511713895376314,0.5728407117211524,0.6926492880101747
Epileptic,original,11500,178,4,4,575,550,20261356,PCA-QS,0.03392198959618502,0.025546657636878748,0.0074299493208387045,0.023353726261721164,0.0020744708297691012,0.5486972633097095,1.044757859322445
Epileptic,original,11500,178,4,4,575,550,20261356,SRS,0.03212896604624836,0.02478394662820682,0.00721084956408372,0.024703062321837166,0.002072787438234897,0.4845603471794943,0.9048186584441718
Epileptic,original,11500,178,4,4,575,551,20261357,PCA-QS,0.03839033375719794,0.02673585190605166,0.007787049095907278,0.0345172716910227,0.002051679446029881,0.5606565845986974,0.6162507406961939
Epileptic,original,11500,178,4,4,575,551,20261357,SRS,0.04276682423007364,0.0263992460943222,0.007515385420768812,0.03139161960435466,0.002084217921859948,0.5120833374566673,0.7701791518455132
Epileptic,original,11500,178,4,4,575,552,20261358,PCA-QS,0.0400336150122119,0.027645040146262293,0.007995145780425659,0.033552450779062326,0.0020776279020238435,0.5730116369074644,1.7538003376155944
Epileptic,original,11500,178,4,4,575,552,20261358,SRS,0.032209873006094264,0.023582348192374394,0.006816043623604351,0.021371505125371115,0.002060857788096374,0.5139244844123959,0.5721040989988512
Epileptic,original,11500,178,4,4,575,553,20261359,PCA-QS,0.032403039833254356,0.026708091780133753,0.007772206298678799,0.02547863307754028,0.0020525637774229098,0.5828074690479936,0.9766010123131404
Epileptic,original,11500,178,4,4,575,553,20261359,SRS,0.03566658449289588,0.028240875901640563,0.00820616109385653,0.027539111871712763,0.002061103300479114,0.5502947796814873,1.6701358603907468
Epileptic,original,11500,178,4,4,575,554,20261360,PCA-QS,0.037402357731784935,0.026157169615018756,0.007594782088450939,0.024095721314470353,0.0020617570401872,0.5192999432531002,1.7335370331432622
Epileptic,original,11500,178,4,4,575,554,20261360,SRS,0.0342875438877354,0.02284265896018978,0.006602855278722543,0.030188697037976553,0.0020877983052232855,0.513950909018412,0.6153694436736228
Epileptic,original,11500,178,4,4,575,555,20261361,PCA-QS,0.037700770011122445,0.026831371897871055,0.0077995711852376585,0.029484123321646294,0.002057380849845537,0.5944625058855898,0.4700762155472937
Epileptic,original,11500,178,4,4,575,555,20261361,SRS,0.05458036472807253,0.030051028871790248,0.00874995959079784,0.051000530961230695,0.0020385643155217694,0.5600265551545711,1.4507249980894112
Epileptic,original,11500,178,4,4,575,556,20261362,PCA-QS,0.029338033264159454,0.02331455304444623,0.0067519509206086835,0.02409979704575882,0.002047200042851133,0.4969747486321013,0.4298736045946285
Epileptic,original,11500,178,4,4,575,556,20261362,SRS,0.03825998302539703,0.024826401739151575,0.0071233071652815,0.03000195096781333,0.002078826560695613,0.5865858726556787,1.1556570244412039
Epileptic,original,11500,178,4,4,575,557,20261363,PCA-QS,0.0324681479359653,0.024509501239692696,0.007114844495580644,0.025921790923112198,0.002070279705713804,0.5665355140180139,0.552204497604997
Epileptic,original,11500,178,4,4,575,557,20261363,SRS,0.04506775081432124,0.02724499451695525,0.007860742961690887,0.031111528576328595,0.0020736474964835367,0.5714402129869692,2.881549534533186
Epileptic,original,11500,178,4,4,575,558,20261364,PCA-QS,0.035833043895041806,0.02634039499011739,0.00759911626214449,0.025614523855702842,0.002044310975974258,0.5648951502322498,0.4424897863623046
Epileptic,original,11500,178,4,4,575,558,20261364,SRS,0.03847246024647249,0.024181629050058683,0.006959478877545043,0.03123056146493397,0.002079729503479864,0.5604510977987589,0.9089830623705908
Epileptic,original,11500,178,4,4,575,559,20261365,PCA-QS,0.03499026921340671,0.02493003799618957,0.007268749293673867,0.03025026964132138,0.002075514041217907,0.5682246452813771,0.786975638959962
Epileptic,original,11500,178,4,4,575,559,20261365,SRS,0.04610677077985752,0.025903189330500426,0.00735563155642286,0.036238287490430565,0.0020618061983927473,0.47895354741616164,0.5820012107522736
Epileptic,original,11500,178,4,4,575,560,20261366,PCA-QS,0.03564442204035738,0.025567065905963585,0.0074034412619107745,0.02681496891250923,0.0020552939878899046,0.5308169519430324,1.0133351122231833
Epileptic,original,11500,178,4,4,575,560,20261366,SRS,0.03475344554836815,0.022168730752916612,0.006387054164020469,0.028143032657018452,0.0020692888031538024,0.5225774411085735,1.2837526109968225
Epileptic,original,11500,178,4,4,575,561,20261367,PCA-QS,0.036334881647129016,0.02606265407165328,0.007563466796028222,0.027947651330912038,0.0020764095014180147,0.5270076140131874,1.0304199186655112
Epileptic,original,11500,178,4,4,575,561,20261367,SRS,0.0319033225437958,0.02560626816603183,0.007468721424663162,0.0242955356822101,0.0020668179859410075,0.5372751100901876,2.0304991037177684
Epileptic,original,11500,178,4,4,575,562,20261368,PCA-QS,0.03786832835959394,0.025255189605862878,0.007356593880137766,0.030086829307403917,0.00206547325949691,0.5218458093441241,3.4710809391930537
Epileptic,original,11500,178,4,4,575,562,20261368,SRS,0.036929637250343594,0.026609092101962672,0.0077694307179446065,0.026643427099296346,0.002067978592017653,0.5184608606553841,0.7712449393617365
Epileptic,original,11500,178,4,4,575,563,20261369,PCA-QS,0.03275883652159925,0.024455326505918577,0.007093026620811304,0.023881289156687302,0.0020542516923752144,0.5160721492563577,1.53109972643759
Epileptic,original,11500,178,4,4,575,563,20261369,SRS,0.04628756158686208,0.024166716611452307,0.006855022104563736,0.03191785097969202,0.0020695216686239513,0.497622496586733,2.2903408587010596
Epileptic,original,11500,178,4,4,575,564,20261370,PCA-QS,0.03867593559364406,0.02244781910701961,0.0064452508329355925,0.02750767078287808,0.002041711755174086,0.4519310702975053,1.804229312204666
Epileptic,original,11500,178,4,4,575,564,20261370,SRS,0.03143655403949758,0.02566998718369229,0.007500714433903552,0.02686504515922472,0.002090549170548838,0.5335191672772546,0.9171016767691647
Epileptic,original,11500,178,4,4,575,565,20261371,PCA-QS,0.03524975054823683,0.02616512064291258,0.007586003045888549,0.02614207935279289,0.002071937466549608,0.5496164526019685,0.834509033097544
Epileptic,original,11500,178,4,4,575,565,20261371,SRS,0.03229260060341715,0.024157539061618816,0.006996582338095477,0.02230406622338954,0.002088133522481666,0.5113600871262042,1.3032096441154792
Epileptic,original,11500,178,4,4,575,566,20261372,PCA-QS,0.04134687675865909,0.028312417285973994,0.008229269534005107,0.030773028812328462,0.0020475395305984555,0.5775625510674482,0.7875397896423022
Epileptic,original,11500,178,4,4,575,566,20261372,SRS,0.04044303710346244,0.025990894642136272,0.007542322755263674,0.0314156267736827,0.0020741346033713638,0.5383348032551335,0.7914318529883744
Epileptic,original,11500,178,4,4,575,567,20261373,PCA-QS,0.03595829712977613,0.02457380084135102,0.007154066626310665,0.027709068607624232,0.002045649364186359,0.5069545147909728,1.725609464879302
Epileptic,original,11500,178,4,4,575,567,20261373,SRS,0.04115279514775966,0.022941485443838637,0.006563930705170462,0.03004202532891398,0.0021080481656154237,0.5013107243375865,0.568454768200552
Epileptic,original,11500,178,4,4,575,568,20261374,PCA-QS,0.04006903969628976,0.026329499643394795,0.007655281045425978,0.030679366135917263,0.0020620793429272075,0.6102832157997845,2.5191977949358466
Epileptic,original,11500,178,4,4,575,568,20261374,SRS,0.04259859632203806,0.023413009884163144,0.0066498187255712715,0.03563160638327467,0.0020860417515763184,0.5174577121625596,0.6503644523122684
Epileptic,original,11500,178,4,4,575,569,20261375,PCA-QS,0.02917592415829348,0.023247452229679683,0.006761136659861703,0.0202748736302496,0.002064359872645294,0.509903173998634,1.3737892940163383
Epileptic,original,11500,178,4,4,575,569,20261375,SRS,0.042676322355649825,0.026208584813814648,0.0076203885399015936,0.03098423664106953,0.002062051036705213,0.5690268260645263,1.4141092759826694
Epileptic,original,11500,178,4,4,575,570,20261376,PCA-QS,0.03412325643672201,0.023519922611045706,0.006816451073829869,0.02196982063174069,0.0020490020049707372,0.47397961838421315,1.0418408820755705
Epileptic,original,11500,178,4,4,575,570,20261376,SRS,0.04101736427996203,0.02704530614556441,0.0077927895104081225,0.03121389451622214,0.0020466782753445247,0.5321072634195798,2.3115343484285042
Epileptic,original,11500,178,4,4,575,571,20261377,PCA-QS,0.0408548817118325,0.02676151684130488,0.007759973419688792,0.03585003259236785,0.0020616233167656925,0.5361143928842347,1.1554630998063626
Epileptic,original,11500,178,4,4,575,571,20261377,SRS,0.04256100649326999,0.02361190720954298,0.006732059072379293,0.03378625476482355,0.0020636927468642907,0.5296952843378971,2.3747906141696116
Epileptic,original,11500,178,4,4,575,572,20261378,PCA-QS,0.041225979561146826,0.02878356035077821,0.00836812505845733,0.032145525745461256,0.00209627018922345,0.5702183480369528,2.4511924460022643
Epileptic,original,11500,178,4,4,575,572,20261378,SRS,0.03708190480861565,0.024380859957752618,0.007015908200508315,0.0261362997874528,0.002065844941942217,0.5110824798305363,0.8441833998992074
Epileptic,original,11500,178,4,4,575,573,20261379,PCA-QS,0.03899834196522455,0.025261332724404027,0.0073063209629758395,0.02677576111928026,0.002030714408995597,0.5223668687911461,1.5407707743995869
Epileptic,original,11500,178,4,4,575,573,20261379,SRS,0.03638437774235988,0.02553205783447765,0.00738823017395241,0.027414341428258382,0.002029473397876266,0.5243152216511375,1.0743018625807994
Epileptic,original,11500,178,4,4,575,574,20261380,PCA-QS,0.0368503205311248,0.022963491919771494,0.006586206091613846,0.02583608997626463,0.002082727665267537,0.4887814281664589,1.0483139834292168
Epileptic,original,11500,178,4,4,575,574,20261380,SRS,0.04503348455235998,0.0278420412169419,0.0081026326458594,0.03243392380819188,0.0020346605193322783,0.6247375460780992,1.256338448016728
Epileptic,original,11500,178,4,4,575,575,20261381,PCA-QS,0.036848392745556166,0.024678868725952728,0.007089553012929862,0.02883647065739936,0.0020855743313287437,0.5309876979970383,1.605805418663422
Epileptic,original,11500,178,4,4,575,575,20261381,SRS,0.046078056552654276,0.025409295244560877,0.0072184385986458635,0.03325372663994486,0.0020466903157014263,0.48795713347930403,1.5252335076681605
Epileptic,original,11500,178,4,4,575,576,20261382,PCA-QS,0.0376691643454921,0.02394404272666939,0.0069157809469462565,0.02768137620713773,0.0020453434806403602,0.6159706148261289,0.8704621174095414
Epileptic,original,11500,178,4,4,575,576,20261382,SRS,0.033423866387585724,0.021503940412482467,0.0062059657378773295,0.025297456261348827,0.0020769016293544244,0.5005755275536254,1.9663393821233863
Epileptic,original,11500,178,4,4,575,577,20261383,PCA-QS,0.03445543194826219,0.02632075581166032,0.007664802425886858,0.025739556115937035,0.0020530043883675614,0.5920905498813598,1.25550043873456
Epileptic,original,11500,178,4,4,575,577,20261383,SRS,0.03306542350841958,0.024518640904987843,0.0071104904801678375,0.022719128924817866,0.0020736435341516205,0.5371476947501882,1.3095952154432815
Epileptic,original,11500,178,4,4,575,578,20261384,PCA-QS,0.032838068303668984,0.02468652932562262,0.007164710298956235,0.021626738364348697,0.002088974908083207,0.47887380064150253,1.271407933449202
Epileptic,original,11500,178,4,4,575,578,20261384,SRS,0.0423899550637708,0.0270718517902349,0.007889677511915768,0.030780459209418964,0.0020338858094534743,0.5434187204972565,1.4210935012638577
Epileptic,original,11500,178,4,4,575,579,20261385,PCA-QS,0.033051908273275005,0.025223042614227052,0.007347479041343916,0.025472637058241432,0.002075356803486166,0.5062562610528963,1.071135345602507
Epileptic,original,11500,178,4,4,575,579,20261385,SRS,0.03733916236258615,0.025997400658673245,0.007531016253497963,0.03298488348968576,0.0020805739201964755,0.5077481482683205,0.9635336706641118
Epileptic,original,11500,178,4,4,575,580,20261386,PCA-QS,0.03153993957082819,0.024549880072607118,0.007133205337611512,0.02618574494980308,0.0020893813755482023,0.525764629174945,1.2743108622813117
Epileptic,original,11500,178,4,4,575,580,20261386,SRS,0.03350281859207893,0.024064835113226962,0.006982897957065751,0.025383056846363772,0.0020537850706336507,0.5192871280888935,1.1080010015496051
Epileptic,original,11500,178,4,4,575,581,20261387,PCA-QS,0.032331017363508505,0.025549731031696905,0.007460013061917373,0.02561487855081701,0.0020616186619521783,0.5649861948152917,0.9924148239670421
Epileptic,original,11500,178,4,4,575,581,20261387,SRS,0.03941696999381567,0.02660748273519964,0.007762019118110287,0.03244454422076437,0.002079659192467782,0.5311188649607996,1.4244285882845427
Epileptic,original,11500,178,4,4,575,582,20261388,PCA-QS,0.03373231762745163,0.024309211540543836,0.007065908786331566,0.029806106308091884,0.0020737727742311833,0.582457343753432,1.094314144362107
Epileptic,original,11500,178,4,4,575,582,20261388,SRS,0.03228402832504864,0.023964616373432612,0.006979308030850525,0.02185089494533088,0.0020592584379726282,0.5056892092743979,0.4742065407713104
Epileptic,original,11500,178,4,4,575,583,20261389,PCA-QS,0.03244093210998509,0.023792238287414447,0.006935672594238313,0.023709229543085186,0.0020478298866188475,0.5531230027945139,1.282320739209226
Epileptic,original,11500,178,4,4,575,583,20261389,SRS,0.03607167744539716,0.02546237711698432,0.007341584445518074,0.024985070198635384,0.002049541356255559,0.5318811452864078,1.4615546534212411
Epileptic,original,11500,178,4,4,575,584,20261390,PCA-QS,0.036801071074705274,0.02707505636610164,0.007888443871894526,0.030369258056335724,0.0020707668797247695,0.5479984700710642,0.8914308531613659
Epileptic,original,11500,178,4,4,575,584,20261390,SRS,0.032135210682790724,0.023749457282626677,0.006876701674052083,0.02056363354585855,0.002053960673613649,0.5276579608356946,1.0020092312129125
Epileptic,original,11500,178,4,4,575,585,20261391,PCA-QS,0.03450018609612248,0.0243713125701714,0.007057266398406457,0.021054352919668062,0.002015015842226183,0.5239384103643788,1.3950443459254214
Epileptic,original,11500,178,4,4,575,585,20261391,SRS,0.03762414261308853,0.0230324777455052,0.006629659084678423,0.027124357217457984,0.002087598111939079,0.5494959876878531,0.6993116920005003
Epileptic,original,11500,178,4,4,575,586,20261392,PCA-QS,0.03228981430267448,0.02366461777927229,0.0068993278965211536,0.02031548692892038,0.002049420056156106,0.5406026211831991,0.5784105805088755
Epileptic,original,11500,178,4,4,575,586,20261392,SRS,0.03907881143153982,0.023875580006262144,0.006870361730138486,0.0319813107080833,0.002076463132542525,0.5134590640608167,1.5900719652261381
Epileptic,original,11500,178,4,4,575,587,20261393,PCA-QS,0.032012960726528754,0.02531470442092233,0.007350684755994748,0.023948779147705324,0.0020753205391840523,0.5407687946485868,1.6136355593507279
Epileptic,original,11500,178,4,4,575,587,20261393,SRS,0.03898148273160078,0.02583265008687925,0.007519612035993208,0.033282266640620506,0.0020679225491005587,0.5895137811617542,0.6559196944823883
Epileptic,original,11500,178,4,4,575,588,20261394,PCA-QS,0.03431157435146376,0.02430792056928134,0.007046586176153169,0.028613727448242088,0.0020793863023218003,0.5406928701666297,0.8731766650365698
Epileptic,original,11500,178,4,4,575,588,20261394,SRS,0.03327353586182043,0.024039767859458796,0.00691449783262773,0.026454296655057163,0.0020692961636694335,0.5368298822872316,2.151305245861584
Epileptic,original,11500,178,4,4,575,589,20261395,PCA-QS,0.036891843553472414,0.025672162761110846,0.007484768759789406,0.02890854665093734,0.0020391762362732373,0.5761923625409237,0.7198072418664373
Epileptic,original,11500,178,4,4,575,589,20261395,SRS,0.03369428979351329,0.023759669791800254,0.006890664782414667,0.025700174310902213,0.002078828833822521,0.4655348819624468,0.8699900114935047
Epileptic,original,11500,178,4,4,575,590,20261396,PCA-QS,0.03289324363931909,0.026533395561309715,0.00774643528491738,0.024898851796571364,0.0020385353655214856,0.5140669312520841,1.3452789849607656
Epileptic,original,11500,178,4,4,575,590,20261396,SRS,0.03480055050203053,0.026243707771834764,0.007630626833991036,0.025805488980447322,0.0020410862963022567,0.5254109473585786,0.5420707002889359
Epileptic,original,11500,178,4,4,575,591,20261397,PCA-QS,0.03218468791658367,0.023892866135062793,0.006922673371360096,0.024202554097323414,0.002021599091205005,0.5010016945924428,0.9527226452302189
Epileptic,original,11500,178,4,4,575,591,20261397,SRS,0.04040875896255381,0.02568285808934332,0.007365833044613462,0.02972518622524234,0.002053736092822856,0.5144071089405179,2.126135186023594
Epileptic,original,11500,178,4,4,575,592,20261398,PCA-QS,0.03401045002918176,0.024665286697067548,0.007149067622062945,0.023985111082454935,0.0020561860439607745,0.5718399740539634,0.8378881137570525
Epileptic,original,11500,178,4,4,575,592,20261398,SRS,0.036043747431139014,0.0266398517601854,0.00773848406844666,0.029935204526562842,0.002059518931240746,0.5789688263761399,0.9013414985189259
Epileptic,original,11500,178,4,4,575,593,20261399,PCA-QS,0.03272956211794161,0.024131375511202268,0.006987254970649544,0.0235592730550529,0.002061909499030738,0.5036373537727779,2.6157130954606003
Epileptic,original,11500,178,4,4,575,593,20261399,SRS,0.03641936606017021,0.025479701138842913,0.007427254173928532,0.031936039714038245,0.0020679623966358583,0.5194285271551227,1.3389455629837583
Epileptic,original,11500,178,4,4,575,594,20261400,PCA-QS,0.03416305632674364,0.024565251063674735,0.00712546183593271,0.023260600920703922,0.002044460853433245,0.5671654260387234,0.9745237692399956
Epileptic,original,11500,178,4,4,575,594,20261400,SRS,0.035555387548129556,0.0239255146362636,0.006912661895861021,0.027768737952840183,0.00203782906012708,0.5538152511081009,1.4729668119975927
Epileptic,original,11500,178,4,4,575,595,20261401,PCA-QS,0.03915205539542752,0.02622407515218728,0.007629916985716587,0.027771831911300282,0.0020585890675629544,0.5535760404069856,0.5819234562536615
Epileptic,original,11500,178,4,4,575,595,20261401,SRS,0.030884178504895714,0.026638929857996915,0.0077482424016677804,0.023692410821363197,0.002083611447409797,0.4768600528828307,1.094324692374043
Epileptic,original,11500,178,4,4,575,596,20261402,PCA-QS,0.03653066495569394,0.022910334576855172,0.006584874078261397,0.02834341550013697,0.0020562525525814816,0.5318690491135178,1.162180009311553
Epileptic,original,11500,178,4,4,575,596,20261402,SRS,0.03919624450112344,0.02613167756234358,0.0076133423469572315,0.03099905592705099,0.00206488658466126,0.530516351373255,0.9665727660966048
Epileptic,original,11500,178,4,4,575,597,20261403,PCA-QS,0.0430956572379424,0.027351836272829916,0.00790160518539284,0.03352613621110656,0.002063734030336971,0.5456462299562774,0.7779699333409243
Epileptic,original,11500,178,4,4,575,597,20261403,SRS,0.036581536589585496,0.023301128737438663,0.006726281887229474,0.022723457589773233,0.0020688269958560363,0.5086869842985482,2.381059916183896
Epileptic,original,11500,178,4,4,575,598,20261404,PCA-QS,0.035251200999973725,0.026101920141746063,0.0075162190339788226,0.02590365583201759,0.0020805880642553,0.5362890519655679,0.9359558382006768
Epileptic,original,11500,178,4,4,575,598,20261404,SRS,0.04104024880921991,0.023992417097341026,0.006824778696980439,0.03306604165872962,0.0020642587975506364,0.48985892055038105,2.390020046311768
Epileptic,original,11500,178,4,4,575,599,20261405,PCA-QS,0.031527448369823234,0.025689400364935014,0.007464213062908151,0.02208469729922591,0.002067819117768033,0.5092309332237916,0.5786807713350173
Epileptic,original,11500,178,4,4,575,599,20261405,SRS,0.0353276858732367,0.024789605145385415,0.007126549325450241,0.027284197187956494,0.002085953992609002,0.49163332372834256,0.9014369172913373
Epileptic,original,11500,178,4,4,575,600,20261406,PCA-QS,0.03705591995246238,0.026363437870145775,0.007606520831303754,0.026738294684610864,0.002049726327754176,0.6172442682277067,1.4126246655640853
Epileptic,original,11500,178,4,4,575,600,20261406,SRS,0.03275908905492857,0.023985950077589566,0.006938584178508777,0.02375598827990366,0.002050895338877796,0.5039819358291547,0.48086907034693505
Epileptic,original,11500,178,4,4,575,601,20261407,PCA-QS,0.03582695067408573,0.02374457875843379,0.00684725219718165,0.023263321800422787,0.0020387267103325,0.557203920376831,1.3761471298242116
Epileptic,original,11500,178,4,4,575,601,20261407,SRS,0.03540541502597728,0.024187576280290304,0.007003864767773355,0.026085642019150868,0.002076256392278148,0.5284930114300125,1.4222895090301044
Epileptic,original,11500,178,4,4,575,602,20261408,PCA-QS,0.040641222519581265,0.02654153048182646,0.0076948289421510906,0.03678297648657747,0.0020708629140055047,0.5967607986464235,0.634681971108039
Epileptic,original,11500,178,4,4,575,602,20261408,SRS,0.035409453973058676,0.02512845274639196,0.007289127979644051,0.03088379659850915,0.0020888593685710988,0.5884325079279108,0.8402879102341457
Epileptic,original,11500,178,4,4,575,603,20261409,PCA-QS,0.031541181439756164,0.024571552441289737,0.00713032525252632,0.022773321897973986,0.0020395331368795525,0.5333369924314195,1.8393974917409888
Epileptic,original,11500,178,4,4,575,603,20261409,SRS,0.038807512702552935,0.026600171238470405,0.0077287586269666735,0.031884995682675665,0.0020949771566342586,0.5116139582131962,0.9367455424599916
Epileptic,original,11500,178,4,4,575,604,20261410,PCA-QS,0.03410857644229009,0.02734713972065521,0.007997616015255584,0.028219724823745906,0.0020513416770577735,0.5646588458743892,1.4050752327826717
Epileptic,original,11500,178,4,4,575,604,20261410,SRS,0.03811520204334762,0.024655258253998634,0.007165393762168836,0.032745519435776416,0.0020610619950922485,0.5598084830767958,1.939023357154144
Epileptic,original,11500,178,4,4,575,605,20261411,PCA-QS,0.032743919316154384,0.02493966067828387,0.007215531187311176,0.021326227540114928,0.002079576467416442,0.4660021106001201,1.5660598081222763
Epileptic,original,11500,178,4,4,575,605,20261411,SRS,0.03290038185013793,0.024354172366445916,0.007083462746166227,0.02436822084160717,0.0020367063632729552,0.554135264114718,2.1947557600089524
Epileptic,original,11500,178,4,4,575,606,20261412,PCA-QS,0.034518668354364714,0.025639401451819706,0.007419222938828881,0.02650178896477584,0.002063016376554156,0.5571161583359708,1.3257011475114249
Epileptic,original,11500,178,4,4,575,606,20261412,SRS,0.03394244034993373,0.02390354692345266,0.0069331097187333955,0.026465981144626838,0.0020747595970456237,0.5021925221432736,0.7254661937527993
Epileptic,original,11500,178,4,4,575,607,20261413,PCA-QS,0.03578014652772036,0.027135077241726216,0.00790512885346957,0.025389802945619877,0.0020224787026977688,0.5513151421209486,0.8592520687867866
Epileptic,original,11500,178,4,4,575,607,20261413,SRS,0.03643625462662146,0.027336825793374632,0.007896165933223795,0.029124176438433125,0.00203962705039362,0.4985501905846044,1.3920250382252297
Epileptic,original,11500,178,4,4,575,608,20261414,PCA-QS,0.03680019565884012,0.0261227121515571,0.007548259937697479,0.028736255359900653,0.0020729151727184566,0.5559826442974195,0.6002693607659011
Epileptic,original,11500,178,4,4,575,608,20261414,SRS,0.04696075265554978,0.029164290487109622,0.008485533426342872,0.03868082064057887,0.0020570079388711584,0.6077485448614467,0.9981839202148771
Epileptic,original,11500,178,4,4,575,609,20261415,PCA-QS,0.03362293588217352,0.024741297257396135,0.007140580096831065,0.021905169034077687,0.0020587529830598987,0.5467445752134733,1.093642411245494
Epileptic,original,11500,178,4,4,575,609,20261415,SRS,0.03635616233428214,0.026004360305597742,0.0075462861656708504,0.026807413189313678,0.0020777527081580795,0.5455614883626644,0.9773352660186686
Epileptic,original,11500,178,4,4,575,610,20261416,PCA-QS,0.032049597602053746,0.02293645161650728,0.006646075084446263,0.02567546179663971,0.0020521320878840073,0.47967334873365636,0.9193373542641919
Epileptic,original,11500,178,4,4,575,610,20261416,SRS,0.032825794631280256,0.0244684746653371,0.007098614371699281,0.023864764209276856,0.002064432292181537,0.5013409362460743,1.3984647106111494
Epileptic,original,11500,178,4,4,575,611,20261417,PCA-QS,0.03064409902178988,0.024837020570603285,0.007219522513516933,0.023887035638455956,0.002073391286460109,0.591797794647529,1.6109000996204066
Epileptic,original,11500,178,4,4,575,611,20261417,SRS,0.034053966900809175,0.022386845230037818,0.006425489977767678,0.02590491817344187,0.0020779088870151625,0.4767095346944617,2.26522585721215
Epileptic,original,11500,178,4,4,575,612,20261418,PCA-QS,0.03648902426587619,0.024797018230222522,0.0071897164228360315,0.026875857218520594,0.0020437363345473807,0.5047179930404826,0.7091770936229154
Epileptic,original,11500,178,4,4,575,612,20261418,SRS,0.03843890863726967,0.026424609422417675,0.007714067519385707,0.02638937437789579,0.0020661307358696,0.5588506792941562,1.8002307864412195
Epileptic,original,11500,178,4,4,575,613,20261419,PCA-QS,0.03259626221484443,0.023791800539897757,0.006887278011657529,0.023609018327665154,0.0020705732103348026,0.5223477228594284,0.7419763735961602
Epileptic,original,11500,178,4,4,575,613,20261419,SRS,0.0356053306740197,0.025385850717675785,0.007354790022631075,0.024849525569871744,0.0020537943509449075,0.5596406343167781,0.3370082300321043
Epileptic,original,11500,178,4,4,575,614,20261420,PCA-QS,0.03535785349134905,0.026195787224477515,0.007595575878804064,0.02824127627882156,0.0020675704964631444,0.5551702234936683,0.6066589573612219
Epileptic,original,11500,178,4,4,575,614,20261420,SRS,0.030139199363292016,0.02477397699817288,0.007235375554286456,0.023200314798769384,0.0020682908288174678,0.5115913072613918,1.9409319786415873
Epileptic,original,11500,178,4,4,575,615,20261421,PCA-QS,0.041002917159001846,0.026164039756927493,0.007534752397191139,0.029449423234739314,0.002068362297922022,0.5425656084017122,1.9472016884263488
Epileptic,original,11500,178,4,4,575,615,20261421,SRS,0.03394784114630799,0.02543287497835113,0.007410099088295201,0.02735190004574939,0.0020474549947194507,0.5725125416806249,0.9881313853835608
Epileptic,original,11500,178,4,4,575,616,20261422,PCA-QS,0.03261802028270409,0.024794467712245364,0.0071742779884174475,0.02232849760902056,0.0020680062206468227,0.5206021055728998,0.4986514025311056
Epileptic,original,11500,178,4,4,575,616,20261422,SRS,0.04842649260565648,0.028064009975200664,0.008153063860268855,0.037792118361604565,0.002046367027131244,0.5978221030017716,0.7776225235425036
Epileptic,original,11500,178,4,4,575,617,20261423,PCA-QS,0.03774013657580011,0.023384301519450975,0.006748472619410339,0.0306532184389674,0.0020767745034258518,0.5127413975814389,1.3933268669679157
Epileptic,original,11500,178,4,4,575,617,20261423,SRS,0.04813316346702561,0.028053183019109265,0.008126516070623176,0.04153102605674697,0.00206933382827021,0.5300134314250422,1.7383175876930774
Epileptic,original,11500,178,4,4,575,618,20261424,PCA-QS,0.03386908435098335,0.024630587326280026,0.007159947802483851,0.027662814865282215,0.002065163742290896,0.5588251899118862,2.1895794761866347
Epileptic,original,11500,178,4,4,575,618,20261424,SRS,0.036194069986695825,0.02716249142100204,0.007941855053235011,0.028487956350710775,0.0020510670166127894,0.580061392235388,0.45539515180369683
Epileptic,original,11500,178,4,4,575,619,20261425,PCA-QS,0.03126241564890872,0.024208310348728595,0.007045329768468521,0.022210701709218128,0.002075280458003373,0.4995336455589693,0.7240360773922568
Epileptic,original,11500,178,4,4,575,619,20261425,SRS,0.03464909455504249,0.026103147764803575,0.007576677037285723,0.022433494995288683,0.00205638521614069,0.5510915340272824,0.9176621471591241
Epileptic,original,11500,178,4,4,575,620,20261426,PCA-QS,0.039348736152399734,0.022428558698316246,0.006399411908854462,0.027752894607839806,0.002058385955243238,0.5126413874841437,3.0236363347903876
Epileptic,original,11500,178,4,4,575,620,20261426,SRS,0.03795062585883082,0.026419050273491975,0.007662583902407099,0.027441736605382516,0.002082330237182017,0.5680541811272289,0.9948165246023325
Epileptic,original,11500,178,4,4,575,621,20261427,PCA-QS,0.0353394346366201,0.027552292229603464,0.008072806634884033,0.030967060798838375,0.002069006355637984,0.5374346030904903,0.5799186028829397
Epileptic,original,11500,178,4,4,575,621,20261427,SRS,0.03622000876714588,0.026272357936078936,0.0076668632578556625,0.026667170163269915,0.0020673731419532924,0.5530511947331348,0.7945989378154207
Epileptic,original,11500,178,4,4,575,622,20261428,PCA-QS,0.030414112609828833,0.02487705765178401,0.00724679353381763,0.022380832223095837,0.002079536409243071,0.5128233459358928,0.9603537542756689
Epileptic,original,11500,178,4,4,575,622,20261428,SRS,0.03678956433635041,0.02480680483479933,0.007140946217354513,0.030709675029028105,0.0020714922793799275,0.5105333087041126,0.894133033693604
Epileptic,original,11500,178,4,4,575,623,20261429,PCA-QS,0.03588851064729121,0.02432940758524915,0.007025094117169804,0.02882112843789386,0.0020604371330185736,0.5622020073789677,0.8308793754285855
Epileptic,original,11500,178,4,4,575,623,20261429,SRS,0.057375691467252174,0.030922402511366583,0.008968648554698262,0.05029914748814157,0.0020577397953985823,0.639131564049088,2.0125740805816847
Epileptic,original,11500,178,4,4,575,624,20261430,PCA-QS,0.03756109215760519,0.02579178641410506,0.007504679067948141,0.028169367791939237,0.0020639682548407924,0.6022243222131917,0.6008789794584702
Epileptic,original,11500,178,4,4,575,624,20261430,SRS,0.045939484312458034,0.03039960872348292,0.00884937846300583,0.04052436616909638,0.002059148989820399,0.554701919864906,2.1926658278934834
Epileptic,original,11500,178,4,4,575,625,20261431,PCA-QS,0.03602283851355379,0.024048549664451278,0.006956863809781566,0.026304226102633166,0.002057514649525489,0.5456480527822853,0.5974443787014203
Epileptic,original,11500,178,4,4,575,625,20261431,SRS,0.03433893890015304,0.024928552149728507,0.007212069360948449,0.02275708227064399,0.0020682470691912795,0.5969447017064515,0.7128369545611132
Epileptic,original,11500,178,4,4,575,626,20261432,PCA-QS,0.03622299938586217,0.026685467493690215,0.007779180058311683,0.0296987604618959,0.0020682115404715836,0.5975359907030969,1.9327629980966061
Epileptic,original,11500,178,4,4,575,626,20261432,SRS,0.03533180761319625,0.023589725822060845,0.006790265102603827,0.02893246840173269,0.002062229191066054,0.49525806736775807,1.7707164243916327
Epileptic,original,11500,178,4,4,575,627,20261433,PCA-QS,0.03505731100167871,0.024142112756353758,0.006968953318119744,0.024222015261821994,0.002079462553125743,0.5388530560911582,1.68106671670198
Epileptic,original,11500,178,4,4,575,627,20261433,SRS,0.045977387011698685,0.028778607188081583,0.008377533082888912,0.03777397695019857,0.002069653662070533,0.6373129853178198,3.427937887475668
Epileptic,original,11500,178,4,4,575,628,20261434,PCA-QS,0.03924212962529665,0.025564005949838476,0.007384072335571166,0.030886611541317777,0.0020589036410902364,0.5325361912946758,1.142252029314188
Epileptic,original,11500,178,4,4,575,628,20261434,SRS,0.03682601511562385,0.027260698408689804,0.007920956588057528,0.026307646213648894,0.002068311295040083,0.5755611792301928,0.688001303740849
Epileptic,original,11500,178,4,4,575,629,20261435,PCA-QS,0.03402364703436562,0.025383577782614193,0.007382301059374828,0.02762193776797517,0.0020770482715035147,0.5646403012394607,0.778739742247162
Epileptic,original,11500,178,4,4,575,629,20261435,SRS,0.03386994870724883,0.02393177412162222,0.006927982811621011,0.024670104690242667,0.0020516867885074343,0.5166121039884044,0.40074948579815406
Epileptic,original,11500,178,4,4,575,630,20261436,PCA-QS,0.0335652756226288,0.024573393862987892,0.0071271764701191535,0.023426119313938898,0.0020580052026615944,0.5729995754741399,0.6573077986352787
Epileptic,original,11500,178,4,4,575,630,20261436,SRS,0.045778561467491485,0.028232596831071325,0.008187320772080123,0.03774936202939472,0.0020830062396238404,0.5903992641921291,1.7783601311022532
Epileptic,original,11500,178,4,4,575,631,20261437,PCA-QS,0.03603514501062297,0.02549257544907858,0.007359897233385937,0.02708208047403282,0.0020676236000683034,0.5783515864628563,1.5940919037361245
Epileptic,original,11500,178,4,4,575,631,20261437,SRS,0.04203617899834403,0.02644171483830514,0.007655245796176381,0.031169155283771843,0.002066777676714585,0.5542315567025741,0.8082186061968181
Epileptic,original,11500,178,4,4,575,632,20261438,PCA-QS,0.03708039628878964,0.025749439754635107,0.007428557661923945,0.024797393841536675,0.002062440708889194,0.5278310665242966,1.053689156135213
Epileptic,original,11500,178,4,4,575,632,20261438,SRS,0.03183925626709963,0.0249156302703418,0.007232107224974794,0.025639619553986748,0.002068506200952704,0.5370366812644689,0.9421759088470325
Epileptic,original,11500,178,4,4,575,633,20261439,PCA-QS,0.03281198729473126,0.025560749049793486,0.00745513755173771,0.026739551742684498,0.0020627584537381565,0.5220553272786048,0.43246847974422326
Epileptic,original,11500,178,4,4,575,633,20261439,SRS,0.03592776479561155,0.025341138006480694,0.007272604002051209,0.023625284671279445,0.0020737631436857124,0.522753111698822,1.1051225243737501
Epileptic,original,11500,178,4,4,575,634,20261440,PCA-QS,0.030742255329877087,0.02358981581865091,0.006863559209056318,0.0209456407616031,0.002061407883944153,0.5228151796091266,0.704005949011472
Epileptic,original,11500,178,4,4,575,634,20261440,SRS,0.04372583021904939,0.023093636964988392,0.006518872152518092,0.036214799942564824,0.002061929125944808,0.4607591019731161,2.0625895950109467
Epileptic,original,11500,178,4,4,575,635,20261441,PCA-QS,0.030969645386803957,0.024411143156087407,0.007062138487656871,0.022635235452087343,0.002099442132074546,0.4743911325054432,1.2869902047520076
Epileptic,original,11500,178,4,4,575,635,20261441,SRS,0.03488900829791517,0.02324598254483967,0.006747776999988124,0.02622607417963252,0.002054466059622318,0.549259343016703,2.305841461922459
Epileptic,original,11500,178,4,4,575,636,20261442,PCA-QS,0.03541490456385487,0.025720350813843235,0.007491835737222144,0.026201680914549996,0.002058060126596164,0.5412948574688035,0.32107207710984614
Epileptic,original,11500,178,4,4,575,636,20261442,SRS,0.032641176626129,0.02599258657193316,0.0075037423499691456,0.0258567339367044,0.0020547851700965076,0.5720542831471702,1.732403338317443
Epileptic,original,11500,178,4,4,575,637,20261443,PCA-QS,0.037902726651069925,0.024512814124226952,0.007095469722407668,0.028812600494079632,0.0020714296770475097,0.5655978672963132,0.6429319000702259
Epileptic,original,11500,178,4,4,575,637,20261443,SRS,0.03938197986464115,0.024527766984125295,0.006978177248857904,0.03233397135591076,0.002083286996123557,0.5417493213769724,0.6756181448870461
Epileptic,original,11500,178,4,4,575,638,20261444,PCA-QS,0.03328165629600431,0.02630558260057171,0.007629259136760385,0.028229965259459533,0.0020531762490825427,0.5202101860110362,2.563544106394031
Epileptic,original,11500,178,4,4,575,638,20261444,SRS,0.038423787070840605,0.027824744358114963,0.008137795308484231,0.031839198743758956,0.00207051856763891,0.6220084733687625,2.2745968454433814
Epileptic,original,11500,178,4,4,575,639,20261445,PCA-QS,0.02991740426220992,0.022179421489138523,0.006459452722788541,0.021791570440344188,0.0020344248351767853,0.48134206711241045,0.4374862889615676
Epileptic,original,11500,178,4,4,575,639,20261445,SRS,0.03309893114750751,0.025959156842161133,0.0075592161296793615,0.022528307282808413,0.0021016171696916536,0.5223406675167788,1.9275793955478866
Epileptic,original,11500,178,4,4,575,640,20261446,PCA-QS,0.03100398880402217,0.023666755611449663,0.006873860170786896,0.02087808547684844,0.0020347872920471197,0.5589118307646361,0.8903883699759177
Epileptic,original,11500,178,4,4,575,640,20261446,SRS,0.03744079075249473,0.02612872902008409,0.0075750495263131,0.02766592617784802,0.0020567215066844076,0.5559804604683565,0.6200708318147
Epileptic,original,11500,178,4,4,575,641,20261447,PCA-QS,0.03802501990266068,0.02444597955824058,0.007034189498504343,0.02489726774548906,0.002047904280263089,0.5137169396645244,0.5049657534611252
Epileptic,original,11500,178,4,4,575,641,20261447,SRS,0.03744232565021076,0.023262410454275444,0.006671597323004775,0.03330851749882768,0.0020667570584322905,0.483785447326546,0.6543243585549211
Epileptic,original,11500,178,4,4,575,642,20261448,PCA-QS,0.03207832347945384,0.024878553394372317,0.007242889485824992,0.025009848691464498,0.0020614108517516827,0.5053849400618212,0.9625329743713908
Epileptic,original,11500,178,4,4,575,642,20261448,SRS,0.034329454827409005,0.026755163069966056,0.007810839667972555,0.024891461747683863,0.0020342388299381497,0.5082561189420616,0.6388515780655709
Epileptic,original,11500,178,4,4,575,643,20261449,PCA-QS,0.03755038862867881,0.025732167033696844,0.007478653758293513,0.031047092329277604,0.0020648881424335467,0.5813426058690678,1.5207311237636858
Epileptic,original,11500,178,4,4,575,643,20261449,SRS,0.032791608547259,0.025292144582279595,0.00738229503137393,0.025540581571645404,0.002052321544105627,0.47874109271646736,1.5543841907523592
Epileptic,original,11500,178,4,4,575,644,20261450,PCA-QS,0.040670019516749596,0.02861708767647232,0.008353297874943419,0.02932069238307733,0.0020495336802789383,0.623048404651846,2.8786554557674267
Epileptic,original,11500,178,4,4,575,644,20261450,SRS,0.03335608821425569,0.022427912561331403,0.006469155088179198,0.02995100875340384,0.0020675694241242743,0.4756402739986127,1.2582829567944454
Epileptic,original,11500,178,4,4,575,645,20261451,PCA-QS,0.03603571250269706,0.02518120609108849,0.007284939081875284,0.023173181586473746,0.0020322295695458423,0.5516544467542844,0.964717251207428
Epileptic,original,11500,178,4,4,575,645,20261451,SRS,0.034031473925353314,0.0259696131802079,0.007566333151664298,0.025929852921905194,0.0020677356597393086,0.5297744882516804,1.1716235477425705
Epileptic,original,11500,178,4,4,575,646,20261452,PCA-QS,0.03640098409327892,0.02375813040232121,0.006861413661203543,0.029157854647888115,0.002051877063907774,0.5376138316516285,2.4376872579638182
Epileptic,original,11500,178,4,4,575,646,20261452,SRS,0.03985675891395373,0.02559249874100493,0.007360226763350987,0.035969458214179184,0.002067530697243725,0.5983017786134498,1.0577383328610463
Epileptic,original,11500,178,4,4,575,647,20261453,PCA-QS,0.036161714316745516,0.02240841815390704,0.00642923706681313,0.027070493642408877,0.0020745851766855727,0.4454054845420237,2.4277467102160464
Epileptic,original,11500,178,4,4,575,647,20261453,SRS,0.03356489530278025,0.024893496821362555,0.007196646478680725,0.026217635324570665,0.002075106259104339,0.49524525035604045,0.9666997880620312
Epileptic,original,11500,178,4,4,575,648,20261454,PCA-QS,0.03317893118247125,0.024889579406782436,0.007264077154568568,0.026003518346588095,0.0020593338432825896,0.5660355395419482,0.5443858515594706
Epileptic,original,11500,178,4,4,575,648,20261454,SRS,0.03519592516005377,0.02343194278150138,0.0067750722434759235,0.027524977389010274,0.002035512513759866,0.5490886174911508,1.1317437289614958
Epileptic,original,11500,178,4,4,575,649,20261455,PCA-QS,0.036642137839682856,0.025274237503666964,0.007373795156398116,0.02751170443960227,0.00204793726189759,0.558878032232435,0.9441174745401539
Epileptic,original,11500,178,4,4,575,649,20261455,SRS,0.038842446119544384,0.02749933548502667,0.007901946526879497,0.03670570380218052,0.002080917756577517,0.4895638742026296,0.7931523944331479
Epileptic,original,11500,178,4,4,575,650,20261456,PCA-QS,0.03627911417523863,0.024548763875970818,0.007125296219193669,0.028108059302745403,0.002073770093597428,0.5366906987835289,1.104022892721538
Epileptic,original,11500,178,4,4,575,650,20261456,SRS,0.03597706672562017,0.02680307237980028,0.007826526374067265,0.028181120139336713,0.0020760781882782804,0.5075098830300426,0.578506845975362
Epileptic,original,11500,178,4,4,575,651,20261457,PCA-QS,0.03322272792267314,0.023131059688514012,0.006709601882492498,0.025090220472893776,0.0020470492966981127,0.5133189766232293,1.2143374167109284
Epileptic,original,11500,178,4,4,575,651,20261457,SRS,0.04264289025417121,0.023744021060206153,0.006726985863909777,0.03045560397242042,0.002070899718138147,0.501431165300455,2.572756670423427
Epileptic,original,11500,178,4,4,575,652,20261458,PCA-QS,0.03633747364495066,0.024745065027483054,0.007107379458686499,0.02450438766824803,0.0020385256536763867,0.5484445759537458,0.6163698802835478
Epileptic,original,11500,178,4,4,575,652,20261458,SRS,0.03856695231155178,0.023740784027983783,0.006865692591627956,0.030706858065130405,0.0020795240505550373,0.5165818209112725,0.8422715477193552
Epileptic,original,11500,178,4,4,575,653,20261459,PCA-QS,0.034633423754072856,0.026155582124439792,0.0076047708773920855,0.026871472415637143,0.0020673450637996283,0.6120612514090688,0.48839077092472044
Epileptic,original,11500,178,4,4,575,653,20261459,SRS,0.033300536419508815,0.024760914916502823,0.00720309185661808,0.026004690667026154,0.0020781578739870656,0.49177614421179683,0.8772051868947579
Epileptic,original,11500,178,4,4,575,654,20261460,PCA-QS,0.0362008688860683,0.02576315230500176,0.007471226775229512,0.024349802697539502,0.002060531746654853,0.5750300409555852,1.0928847051350852
Epileptic,original,11500,178,4,4,575,654,20261460,SRS,0.04863726207038622,0.024861162004280967,0.007069733266696537,0.0411716925723038,0.002035167754153694,0.5130865369913596,2.0141236571569268
Epileptic,original,11500,178,4,4,575,655,20261461,PCA-QS,0.04325528933627629,0.027758708265276964,0.00805217506352766,0.031263810267979864,0.0020499431363184954,0.5535734021673202,1.0597430157110876
Epileptic,original,11500,178,4,4,575,655,20261461,SRS,0.035384519589635295,0.02425003785913103,0.007032563625072715,0.02838861796879577,0.0020670444570878056,0.5061538091481086,0.7731223505841501
Epileptic,original,11500,178,4,4,575,656,20261462,PCA-QS,0.030114153999229846,0.02561821037376525,0.007457826842314706,0.022085525049938326,0.0020831264198716594,0.5108554757619908,0.4334692731320555
Epileptic,original,11500,178,4,4,575,656,20261462,SRS,0.04830635702263516,0.029945784398725864,0.008718293715437213,0.041864637842707,0.0020519783122606213,0.5735503788916534,2.770281349347349
Epileptic,original,11500,178,4,4,575,657,20261463,PCA-QS,0.03192022239431116,0.024509359721843836,0.0071206265543763405,0.023712796287775006,0.0020900469575267644,0.5233559084202424,1.1321051907650694
Epileptic,original,11500,178,4,4,575,657,20261463,SRS,0.03173998724536656,0.02492959427937734,0.007261985271975772,0.024947051543769305,0.002060496559404539,0.5117704585472879,1.3621607670484739
Epileptic,original,11500,178,4,4,575,658,20261464,PCA-QS,0.03571985945492693,0.02582190569518539,0.0075213008747607325,0.02566615327846833,0.0020600202398598283,0.5247390300255168,1.8509559104297901
Epileptic,original,11500,178,4,4,575,658,20261464,SRS,0.03507260772217312,0.0252620861556707,0.007344818976732178,0.026687945619288556,0.002091981588592525,0.5545343339733199,0.882215231476358
Epileptic,original,11500,178,4,4,575,659,20261465,PCA-QS,0.029840633406795023,0.024536313785232095,0.0071613774912575225,0.02321985175564656,0.0020787951539469078,0.5131698048228972,0.8128266804330224
Epileptic,original,11500,178,4,4,575,659,20261465,SRS,0.03131337330322629,0.025403361808115563,0.007370049189449489,0.02202737345551853,0.002083796788065515,0.614936086598362,0.755188210356105
Epileptic,original,11500,178,4,4,575,660,20261466,PCA-QS,0.035682038279125194,0.023809325515737487,0.006884764991783904,0.025588416100836398,0.002094287534546691,0.5489464374591684,0.5796650006324137
Epileptic,original,11500,178,4,4,575,660,20261466,SRS,0.037622159107940575,0.02802845417092008,0.008134743675864177,0.030903913178772058,0.002067270084867183,0.5617808732246348,0.9453796778824484
Epileptic,original,11500,178,4,4,575,661,20261467,PCA-QS,0.03243721747117338,0.02412568760883385,0.0070049109617350445,0.023337258154867868,0.0020673595688161053,0.5617700269538519,2.071696129354472
Epileptic,original,11500,178,4,4,575,661,20261467,SRS,0.035511962137468246,0.02537046698070575,0.007312486067168278,0.026877611095617482,0.0020685993409629987,0.6087343035348306,1.1870897686897985
Epileptic,original,11500,178,4,4,575,662,20261468,PCA-QS,0.0352598055466913,0.024166073651092045,0.006990237795253333,0.024468411547525548,0.0021009435526932432,0.5111095829463398,0.9936908833466662
Epileptic,original,11500,178,4,4,575,662,20261468,SRS,0.03753629697371987,0.02411845316537019,0.006998974325951558,0.027153132682881775,0.0020686276267135317,0.5207744123236958,0.7911484972634208
Epileptic,original,11500,178,4,4,575,663,20261469,PCA-QS,0.035379612945899426,0.02271578952314849,0.006543629337165714,0.026983328945929586,0.002064518360299247,0.4926839744445209,0.4156978849867642
Epileptic,original,11500,178,4,4,575,663,20261469,SRS,0.03361494138310648,0.024612747023044643,0.007139338995383099,0.0287781466662711,0.002063767223314177,0.5129360086861289,0.41718931428851236
Epileptic,original,11500,178,4,4,575,664,20261470,PCA-QS,0.03747782454188096,0.024308288726992398,0.0070102082663404735,0.028766860658981486,0.002045284512742867,0.5443447954432684,0.5551909019709499
Epileptic,original,11500,178,4,4,575,664,20261470,SRS,0.04078834761511882,0.027971692561299204,0.008152442557143478,0.032360409800226364,0.0020699420077464306,0.6295979005144788,0.8802368180665494
Epileptic,original,11500,178,4,4,575,665,20261471,PCA-QS,0.031818941831517164,0.02363701751362796,0.006832576135144732,0.0236304022437821,0.0020651133276724403,0.5087237222167407,0.7837570852008313
Epileptic,original,11500,178,4,4,575,665,20261471,SRS,0.041579128944152964,0.027723541540209073,0.008042861411287391,0.036070798249769,0.002066650793066626,0.5086109469760384,0.632832789410612
Epileptic,original,11500,178,4,4,575,666,20261472,PCA-QS,0.03362739622602467,0.024393610332324647,0.0070664442326525715,0.02732446022595525,0.002055855014830013,0.5796020639760101,0.8002749027753684
Epileptic,original,11500,178,4,4,575,666,20261472,SRS,0.050061765374388514,0.028890606518110807,0.008353412139546889,0.036654472843236974,0.0020874595682168575,0.5091909205140432,1.1270970500889603
Epileptic,original,11500,178,4,4,575,667,20261473,PCA-QS,0.03123637686359708,0.025920327353012727,0.007564107642842812,0.02231288958105182,0.002115232262656178,0.5034636480858721,1.1541398292933351
Epileptic,original,11500,178,4,4,575,667,20261473,SRS,0.03464193877667604,0.02553184975232613,0.007420847882662694,0.026939225817109502,0.0020863208266598053,0.5556576394243019,0.6464284056704223
Epileptic,original,11500,178,4,4,575,668,20261474,PCA-QS,0.031213604903465378,0.023898668425182294,0.006939860971193262,0.022974680231314437,0.00207298965718463,0.5087627914012668,0.7304086455300146
Epileptic,original,11500,178,4,4,575,668,20261474,SRS,0.043582174839622435,0.022607806331345074,0.006433907239809523,0.03200968587924713,0.0020730539294254195,0.5011713960481551,0.5678922830595068
Epileptic,original,11500,178,4,4,575,669,20261475,PCA-QS,0.029492825366358357,0.024261612206442053,0.007082915244358394,0.02061431770882649,0.0020495803235684134,0.4995509402943648,1.1915843318952868
Epileptic,original,11500,178,4,4,575,669,20261475,SRS,0.04451380892499137,0.02484877101174563,0.007117504086659212,0.039616206899326656,0.0020667251759706796,0.6124819836677786,0.402952883556875
Epileptic,original,11500,178,4,4,575,670,20261476,PCA-QS,0.03411876242254567,0.026340828363340466,0.007629663778671033,0.02542290806595382,0.002050015472451463,0.5737919521226424,0.8555172648195499
Epileptic,original,11500,178,4,4,575,670,20261476,SRS,0.03368176477180553,0.024322204617024286,0.007051188676809256,0.022235530779054713,0.0020958852712505338,0.5071539114513784,0.8647172638509056
Epileptic,original,11500,178,4,4,575,671,20261477,PCA-QS,0.03982652241026194,0.02774236653788489,0.008043867972784497,0.0357422506386591,0.002059384028708655,0.5614355641916872,0.3642970001958523
Epileptic,original,11500,178,4,4,575,671,20261477,SRS,0.03820302594797372,0.02355519336166478,0.00679240391621012,0.029051443329414894,0.002053451101456047,0.49210703891268714,0.7388042285729958
Epileptic,original,11500,178,4,4,575,672,20261478,PCA-QS,0.03708492457600417,0.0257355243322256,0.007491156739135868,0.023377752977603805,0.0020491032953414124,0.5314227446250919,0.8951076899954451
Epileptic,original,11500,178,4,4,575,672,20261478,SRS,0.04961761240793935,0.030444227187495256,0.008848397501650377,0.03687128470217793,0.0020605977331903413,0.5696760676052705,2.2082127155258773
Epileptic,original,11500,178,4,4,575,673,20261479,PCA-QS,0.03852145116697426,0.02326311048134116,0.0066986503786191955,0.02753512823107762,0.0020732242391138357,0.5154109178714562,1.0694778091808814
Epileptic,original,11500,178,4,4,575,673,20261479,SRS,0.04029635974724451,0.027660104697667352,0.008047870639846627,0.03354370813145735,0.0020334742598426465,0.5686322268844054,2.5114223775559554
Epileptic,original,11500,178,4,4,575,674,20261480,PCA-QS,0.03115453032877052,0.023831621287872196,0.006930974464602239,0.025354510539742137,0.0020605108346533,0.5513587030104822,1.2351930242937221
Epileptic,original,11500,178,4,4,575,674,20261480,SRS,0.03628210369095981,0.026909023050766662,0.00784232840863081,0.030305977608351853,0.0020611576730489526,0.546713927567849,1.5203908448340446
Epileptic,original,11500,178,4,4,575,675,20261481,PCA-QS,0.03345878751811864,0.02569675945214001,0.007500841085477681,0.025106022195538813,0.0020475239452095455,0.509516129166199,0.791554061384343
Epileptic,original,11500,178,4,4,575,675,20261481,SRS,0.03696517155567246,0.026752962479152407,0.00778182921313494,0.02765771399537975,0.002057979990138205,0.5844308555036422,0.7112616033058743
Epileptic,original,11500,178,4,4,575,676,20261482,PCA-QS,0.042888021109506846,0.02745594624501162,0.0080015457075779,0.03615240183158619,0.0020774888338633947,0.5975576881469635,0.3902748017354898
Epileptic,original,11500,178,4,4,575,676,20261482,SRS,0.03975538539734978,0.02499438350796004,0.007173506303036611,0.024589616050205265,0.0020806632016125166,0.5580872752961974,0.9510012508272518
Epileptic,original,11500,178,4,4,575,677,20261483,PCA-QS,0.028951778941587347,0.024255923564852892,0.007032673796140376,0.02061570476021579,0.0020203914382163233,0.5439030689092625,0.5377409960535361
Epileptic,original,11500,178,4,4,575,677,20261483,SRS,0.03485788022174859,0.025194739039805646,0.0073463593048096465,0.028112046542858593,0.0020519937682324484,0.4866674518073839,0.7717383103475294
Epileptic,original,11500,178,4,4,575,678,20261484,PCA-QS,0.030766416437269767,0.02546184208858979,0.007412772780091258,0.023212233993868736,0.0020315580172117938,0.5463773377011888,0.5143297736341585
Epileptic,original,11500,178,4,4,575,678,20261484,SRS,0.036892665995874874,0.02308648887880011,0.006650225431170412,0.028348692841930756,0.0020458437166806596,0.5161171343920365,2.288546082426909
Epileptic,original,11500,178,4,4,575,679,20261485,PCA-QS,0.03344082900440235,0.025001978790958154,0.007269909364296046,0.025063439615568228,0.0020292795637137937,0.5250889989536442,1.007737366238965
Epileptic,original,11500,178,4,4,575,679,20261485,SRS,0.05198067639192197,0.03127536054419736,0.009104754541167593,0.04189409376297171,0.0020666849550746865,0.6077374426201348,0.8628063156408693
Epileptic,original,11500,178,4,4,575,680,20261486,PCA-QS,0.03711280096783824,0.025140855507639698,0.007281954867671637,0.027311241000608888,0.0020641377321765084,0.4691828228428181,0.7368087196254605
Epileptic,original,11500,178,4,4,575,680,20261486,SRS,0.03310246956441798,0.024915051564240863,0.00726242664233982,0.023038824513024636,0.002055611329022102,0.5140391012325558,1.2248388536086086
Epileptic,original,11500,178,4,4,575,681,20261487,PCA-QS,0.03719324868631564,0.02511262549547205,0.00727851481586442,0.02647729730413495,0.0020693980860697985,0.5736598634091817,0.6335142172012512
Epileptic,original,11500,178,4,4,575,681,20261487,SRS,0.045423498386929155,0.028461065358040067,0.008285491100117604,0.029963218427315752,0.0020351160798429482,0.586083852856188,0.7166031617467505
Epileptic,original,11500,178,4,4,575,682,20261488,PCA-QS,0.03477354245638989,0.024128183696600188,0.007005922831513406,0.022776864172332267,0.002070984043223494,0.5125953261262777,0.7639512682500471
Epileptic,original,11500,178,4,4,575,682,20261488,SRS,0.046428511670156714,0.028822099318423732,0.008385670033634758,0.035441743597536046,0.002050821769364087,0.612791563617773,1.6102439387927079
Epileptic,original,11500,178,4,4,575,683,20261489,PCA-QS,0.03739442062436562,0.02808096923363666,0.008202951043491877,0.03287543644428759,0.0020657113646759847,0.5308355496260055,0.5847358962346592
Epileptic,original,11500,178,4,4,575,683,20261489,SRS,0.03849898433329736,0.02365118651863166,0.006830395860321133,0.0293825447328242,0.0020644083048185387,0.5498329403030356,0.767034432142309
Epileptic,original,11500,178,4,4,575,684,20261490,PCA-QS,0.03509056030716634,0.025918850506598288,0.007538761625270673,0.026097638963166858,0.002092883868135306,0.5808398624473183,0.6995799937583308
Epileptic,original,11500,178,4,4,575,684,20261490,SRS,0.03853852437334518,0.024349839489400626,0.007034597244000652,0.026182463529369926,0.002064610221654719,0.5147709901215733,0.9689911557141178
Epileptic,original,11500,178,4,4,575,685,20261491,PCA-QS,0.03378214478430412,0.0238121626798964,0.006897077607561427,0.02565412172816295,0.0020662650126707146,0.5524072696258854,0.7017183151122912
Epileptic,original,11500,178,4,4,575,685,20261491,SRS,0.03673455419932649,0.0240093165547028,0.006930112786226159,0.02892301926959462,0.0020306740430547756,0.5098810937686232,0.7548617301862112
Epileptic,original,11500,178,4,4,575,686,20261492,PCA-QS,0.03612996193694682,0.023455765901725083,0.006740245471763024,0.02404660236047107,0.0020617196969171477,0.5034943152185999,0.7121600957808238
Epileptic,original,11500,178,4,4,575,686,20261492,SRS,0.036240194711042804,0.0250055319187851,0.007268875317008583,0.030532905649826247,0.0020782350202440715,0.5770383051531764,0.7993401512257672
Epileptic,original,11500,178,4,4,575,687,20261493,PCA-QS,0.03648667726564277,0.02682703147931938,0.007843894306265604,0.026130354825911084,0.002049411195336779,0.5343240484033516,0.6740985394337259
Epileptic,original,11500,178,4,4,575,687,20261493,SRS,0.03881037553406741,0.023264367763987995,0.0066737597032884835,0.029827235053764056,0.0020490769107217497,0.46519864391138777,0.5315667954993903
Epileptic,original,11500,178,4,4,575,688,20261494,PCA-QS,0.03278276646788602,0.025565311980754242,0.00739348304732934,0.02495959637516343,0.002077154169226234,0.5161036776916511,1.3589479679368117
Epileptic,original,11500,178,4,4,575,688,20261494,SRS,0.03384438300349675,0.023952911708227654,0.006955296428361869,0.024477350452025703,0.0020644992924034253,0.5561166737328725,0.9457740535273318
Epileptic,original,11500,178,4,4,575,689,20261495,PCA-QS,0.030254604482529406,0.024131994967165213,0.0070493539927305145,0.02159757359764214,0.0020484350089540657,0.4528771756100368,1.0260747529855032
Epileptic,original,11500,178,4,4,575,689,20261495,SRS,0.035119825526704375,0.02476280668316972,0.007182098079218823,0.024924887038858756,0.0020923522531688934,0.5639500324315867,0.8191611307461678
Epileptic,original,11500,178,4,4,575,690,20261496,PCA-QS,0.033723216744481185,0.02366314055924168,0.006822632787138145,0.027570853484666813,0.0020637934648299223,0.5143811437223313,2.0717866792300934
Epileptic,original,11500,178,4,4,575,690,20261496,SRS,0.039495957476009265,0.02622172057392515,0.007554573327805938,0.032597037705508924,0.002034806939948029,0.5341292514496578,1.0929802314365165
Epileptic,original,11500,178,4,4,575,691,20261497,PCA-QS,0.035245012353162686,0.024623719519253108,0.007112269454497238,0.024440304420332737,0.0020462425523466725,0.4886202569236357,0.9054209096223205
Epileptic,original,11500,178,4,4,575,691,20261497,SRS,0.033136077168651516,0.024691263717305522,0.0071447376057400735,0.02780713563266346,0.0021015876025335277,0.5276466737897679,1.430945051166904
Epileptic,original,11500,178,4,4,575,692,20261498,PCA-QS,0.03627034285463066,0.022530719616705698,0.006479650502448645,0.027406907224396093,0.0020582351903190113,0.47346087423816435,1.2232717958450814
Epileptic,original,11500,178,4,4,575,692,20261498,SRS,0.03518910623472883,0.02611396325345859,0.007593912516052855,0.02788787274002935,0.0020536570765462073,0.540523667030455,0.4550046021154075
Epileptic,original,11500,178,4,4,575,693,20261499,PCA-QS,0.0345579799465655,0.026922499060907358,0.007895887123839007,0.030267305842530234,0.002036331969148727,0.5741778781018294,0.8212549824112163
Epileptic,original,11500,178,4,4,575,693,20261499,SRS,0.04210513993905679,0.023107336766651648,0.006627611513905164,0.03305690840403841,0.0020728924415526896,0.5389068944239215,2.514521441902709
Epileptic,original,11500,178,4,4,575,694,20261500,PCA-QS,0.035962491954564114,0.023797179352687412,0.006877193125342765,0.029901562239222912,0.0020552578443057213,0.5309788502676852,2.175797913701083
Epileptic,original,11500,178,4,4,575,694,20261500,SRS,0.03772757437395789,0.027148148303957655,0.007893355122394604,0.027200263386021106,0.002057568166304605,0.5847788479712529,1.2445428641842327
Epileptic,original,11500,178,4,4,575,695,20261501,PCA-QS,0.03708236174214053,0.026535580616199303,0.007712367253439028,0.029274993306696473,0.0020373133444383995,0.5344711042144591,1.8371884112958172
Epileptic,original,11500,178,4,4,575,695,20261501,SRS,0.030935641230388618,0.02617719212883404,0.007611045185218111,0.023167677325883318,0.0020456335644098364,0.5935980336793197,1.5723099990782723
Epileptic,original,11500,178,4,4,575,696,20261502,PCA-QS,0.03427153829707159,0.024360554232978008,0.0070619069759031835,0.024035764018295325,0.0020368871828514053,0.5338143374893726,0.925086710295779
Epileptic,original,11500,178,4,4,575,696,20261502,SRS,0.03512617404319582,0.024193518314523585,0.006980534870766383,0.021492099209028837,0.0020892617598334906,0.4712600021671113,0.7268831614539687
Epileptic,original,11500,178,4,4,575,697,20261503,PCA-QS,0.037206698583391526,0.025497076923323734,0.007369679592965347,0.02530423127900505,0.0020419108168576224,0.5754660636808039,1.7646439876828972
Epileptic,original,11500,178,4,4,575,697,20261503,SRS,0.03379648064737123,0.02431456031800755,0.0070720671284468985,0.029324287199562704,0.00205411162178496,0.5618401045648268,1.1242136225732589
Epileptic,original,11500,178,4,4,575,698,20261504,PCA-QS,0.042105202846790216,0.028079115581837198,0.008143166947063673,0.03528645459906343,0.002077418631050186,0.5490731143739697,1.6609572658067846
Epileptic,original,11500,178,4,4,575,698,20261504,SRS,0.050875853814705704,0.0245114408918867,0.006870887063761513,0.0409428832938854,0.0020584600573924877,0.4876036657226668,1.5326412064693342
Epileptic,original,11500,178,4,4,575,699,20261505,PCA-QS,0.032551177841046657,0.025293160076603233,0.007295587030147367,0.022078652309051705,0.002046819990845788,0.4672907029498496,1.0885228728465772
Epileptic,original,11500,178,4,4,575,699,20261505,SRS,0.03941459963800594,0.02793251471306314,0.00811846532396761,0.03229551780085238,0.0020580391702829924,0.6486719697264653,3.206433842430472
Epileptic,original,11500,178,4,4,575,700,20261506,PCA-QS,0.03228478867616117,0.0248215831863659,0.007224861677725257,0.025083026881905113,0.002086262286654849,0.5236463133066308,1.2742675329057465
Epileptic,original,11500,178,4,4,575,700,20261506,SRS,0.034802209675503966,0.02524662863894802,0.0073371101490131135,0.030275054609228746,0.002067744622192039,0.5214303433613123,0.5494048287971268
Epileptic,original,11500,178,4,4,575,701,20261507,PCA-QS,0.03605521432476029,0.025568495425556777,0.007425648039589439,0.032547444952271576,0.0020955989386659776,0.5977561672650575,1.668071707820935
Epileptic,original,11500,178,4,4,575,701,20261507,SRS,0.04317254049277681,0.02859342920366824,0.008287192462507285,0.033586151174173295,0.0020523019973291185,0.5355625262023055,1.964039925245259
Epileptic,original,11500,178,4,4,575,702,20261508,PCA-QS,0.03590773079870121,0.02494457371858867,0.007263520375073097,0.025951367769232903,0.00206045729078598,0.5675789549757323,1.2875024335463865
Epileptic,original,11500,178,4,4,575,702,20261508,SRS,0.04470084984599161,0.022422654306732192,0.006375519671518362,0.03185768450894422,0.0020985074840524885,0.4547254693527247,1.9098084741611
Epileptic,original,11500,178,4,4,575,703,20261509,PCA-QS,0.028455272113313074,0.022539449622611684,0.00655150186020118,0.020170139293110623,0.002083417879628657,0.48865156567157203,0.5599023385216322
Epileptic,original,11500,178,4,4,575,703,20261509,SRS,0.03354585496959684,0.024103403370932548,0.006999157613207759,0.022166377316723995,0.002069115900026234,0.5180852390892448,2.869479531980042
Epileptic,original,11500,178,4,4,575,704,20261510,PCA-QS,0.03352943269392175,0.02579652265002595,0.0075269613196313956,0.025788152339041304,0.0020883536437024033,0.5283575234995488,1.4340849183788067
Epileptic,original,11500,178,4,4,575,704,20261510,SRS,0.03446461637512057,0.026694322866036554,0.007767376776212187,0.025621961558913497,0.0020642735135438335,0.5893847241435249,1.6114911416229163
Epileptic,original,11500,178,4,4,575,705,20261511,PCA-QS,0.03288410967194815,0.02475983453717274,0.0071974716524640815,0.026796300819098562,0.00207194952912225,0.5460380372938529,0.3540682588503507
Epileptic,original,11500,178,4,4,575,705,20261511,SRS,0.03858665314188911,0.028004081162047605,0.008167861381883709,0.028525646411624805,0.0020544115817688075,0.5883461774940004,1.4281829106410862
Epileptic,original,11500,178,4,4,575,706,20261512,PCA-QS,0.03623857749175167,0.025608501644554065,0.007451470574154913,0.02692337429635039,0.00206865829891725,0.5348662179960781,0.8038196256258011
Epileptic,original,11500,178,4,4,575,706,20261512,SRS,0.03995370775564765,0.023548690502157237,0.006744229373099538,0.0313521758940869,0.0020709545243222903,0.46144637927742765,2.048475448911491
Epileptic,original,11500,178,4,4,575,707,20261513,PCA-QS,0.03625912086677503,0.026603346425672164,0.007735337270651787,0.032339237030988954,0.0020788101105984912,0.5528996339420087,0.5548102349640525
Epileptic,original,11500,178,4,4,575,707,20261513,SRS,0.03609101674719411,0.02324944468980316,0.006733413033541734,0.023531808517716968,0.0020624460243982993,0.47650049659234567,1.598882174459195
Epileptic,original,11500,178,4,4,575,708,20261514,PCA-QS,0.034584061826994736,0.026707997162250554,0.007748238871927637,0.025515742930419805,0.002067081794059483,0.5403696459939319,0.7132548226338
Epileptic,original,11500,178,4,4,575,708,20261514,SRS,0.039187646324126815,0.023911448535534393,0.006773661920032623,0.030514983055017098,0.0020583575244242716,0.4668955710795688,1.067335780356425
Epileptic,original,11500,178,4,4,575,709,20261515,PCA-QS,0.036175774169271306,0.025812226886833455,0.007527664875116572,0.028278010203100834,0.002029184332362278,0.5849544451553702,1.2803128838981535
Epileptic,original,11500,178,4,4,575,709,20261515,SRS,0.03721247988619969,0.02434826522296434,0.0070023772924045595,0.02735792731302311,0.0020720064315698688,0.518613589084733,1.3062084027502172
Epileptic,original,11500,178,4,4,575,710,20261516,PCA-QS,0.03457395124735846,0.02581465508528233,0.0075184323586949715,0.02592012305576219,0.002060487370200925,0.5660943937724757,0.5494413577368251
Epileptic,original,11500,178,4,4,575,710,20261516,SRS,0.04893938405202914,0.028768342200864293,0.008328846989499159,0.03904226260964272,0.0020729209878155123,0.5940589477077244,0.80693118883951
Epileptic,original,11500,178,4,4,575,711,20261517,PCA-QS,0.03347860298939676,0.02460177494894791,0.007141786241752739,0.022644111376694198,0.002039082334412484,0.5190197876373758,0.8578642476123467
Epileptic,original,11500,178,4,4,575,711,20261517,SRS,0.03450178714863585,0.026746657006581773,0.007732187365703668,0.02393693759069393,0.0020588821885533575,0.5564314819393508,0.8828954042351695
Epileptic,original,11500,178,4,4,575,712,20261518,PCA-QS,0.029945511101499046,0.02314585067145449,0.00672441396942799,0.023729042432147907,0.00209860161410633,0.5131319090541102,1.71637415628835
Epileptic,original,11500,178,4,4,575,712,20261518,SRS,0.031780883791483014,0.024675807244133097,0.007141623809472204,0.02387105962688807,0.0020462351284993817,0.5499665001452801,0.7006418903212565
Epileptic,original,11500,178,4,4,575,713,20261519,PCA-QS,0.04110164847327158,0.02703768670576866,0.007862719120394417,0.03300236325784489,0.0020613463271733964,0.5431340781070139,1.5884324650010357
Epileptic,original,11500,178,4,4,575,713,20261519,SRS,0.04877381949425785,0.028717741969819643,0.008325443617702344,0.04123773956708199,0.002042135751170208,0.5567466775411977,0.8292593372974892
Epileptic,original,11500,178,4,4,575,714,20261520,PCA-QS,0.032245608458804434,0.0219136440038935,0.006372857816992094,0.02364254864081694,0.002064059422493555,0.4744530113011845,0.6668550931160834
Epileptic,original,11500,178,4,4,575,714,20261520,SRS,0.03610320183084439,0.02565563432531012,0.00741998534016547,0.028401355291116204,0.0020585613691503184,0.5771515759021998,0.5121681872070726
Epileptic,original,11500,178,4,4,575,715,20261521,PCA-QS,0.030310548476108434,0.02427297142139451,0.007056051261522755,0.02441583719262752,0.0020448515343870436,0.5896194853370605,0.5949279908130691
Epileptic,original,11500,178,4,4,575,715,20261521,SRS,0.0320304079025524,0.0264520555754642,0.0076439123385300895,0.02458518948025734,0.002026933792177046,0.472183434113687,0.9061691757391168
Epileptic,original,11500,178,4,4,575,716,20261522,PCA-QS,0.03203132103777278,0.025303549873734836,0.0073828083334389095,0.025368943415088552,0.0020710280415620983,0.5448514864194389,0.45642905906049724
Epileptic,original,11500,178,4,4,575,716,20261522,SRS,0.040943067858777785,0.02685004920414569,0.007775950345691979,0.03366661126015558,0.002067261203531493,0.5070602593289624,0.3778717789709228
Epileptic,original,11500,178,4,4,575,717,20261523,PCA-QS,0.03090264260797866,0.025049115110719018,0.007285280239613603,0.021607513310469173,0.0020477988881573658,0.5461579044803513,0.5301874850274239
Epileptic,original,11500,178,4,4,575,717,20261523,SRS,0.03562838346195821,0.02593763556920059,0.007536046311628021,0.025671359027240825,0.0020583840949295862,0.574582647824794,1.1595456388599077
Epileptic,original,11500,178,4,4,575,718,20261524,PCA-QS,0.037824434402116254,0.024486047103053264,0.007056173184865983,0.02740755650624216,0.0020727027505282524,0.5568286026058574,2.426923635974368
Epileptic,original,11500,178,4,4,575,718,20261524,SRS,0.03714523269973397,0.02630804556366089,0.007614382433698719,0.032325333348630636,0.0020541441770488594,0.5977972985596207,1.333674738352875
Epileptic,original,11500,178,4,4,575,719,20261525,PCA-QS,0.03356931097966634,0.024475667800729094,0.0070782223366545926,0.02244568474787556,0.00207761044807864,0.5145857607981659,0.37584928772533505
Epileptic,original,11500,178,4,4,575,719,20261525,SRS,0.037908851282822086,0.024719934926503543,0.007197912522981963,0.026739696614397346,0.0020748469397207743,0.5866852074078556,1.039926005367151
Epileptic,original,11500,178,4,4,575,720,20261526,PCA-QS,0.034660592555257934,0.02439414623870869,0.00707648152973903,0.026204762379350655,0.0020445438375863755,0.5911731931348134,0.3915679798835249
Epileptic,original,11500,178,4,4,575,720,20261526,SRS,0.03255414859537789,0.024975965757077525,0.007252842828092799,0.023516695477781013,0.002069579832304068,0.5185562590739076,0.8255795252713216
Epileptic,original,11500,178,4,4,575,721,20261527,PCA-QS,0.03678159788312392,0.02691801686586996,0.007842216580654942,0.0295191003563815,0.002055594146642303,0.5803464843041487,0.6722976713560422
Epileptic,original,11500,178,4,4,575,721,20261527,SRS,0.05410348354046424,0.03020414444947701,0.008730765344290263,0.04516497978964118,0.0020689061907904023,0.5488013200509091,0.9836002051462363
Epileptic,original,11500,178,4,4,575,722,20261528,PCA-QS,0.03242159680949173,0.024694988374016832,0.007166584419578836,0.02563216045747474,0.0020793130640903877,0.517167531382027,1.0685711056401828
Epileptic,original,11500,178,4,4,575,722,20261528,SRS,0.04078376864657472,0.02720400286889086,0.007899854273562223,0.029638752702076943,0.0020776016542394427,0.5624867231562953,0.7930427034642517
Epileptic,original,11500,178,4,4,575,723,20261529,PCA-QS,0.036280009264483944,0.022999284381281068,0.006617530808035481,0.02595528434734362,0.0020711287884566765,0.5137994848940559,1.1816000416631895
Epileptic,original,11500,178,4,4,575,723,20261529,SRS,0.04334703801226237,0.027886923723838507,0.008096003240150421,0.03895737865259896,0.002059487844725949,0.6349250509465317,0.8064541669363336
Epileptic,original,11500,178,4,4,575,724,20261530,PCA-QS,0.03204876294901305,0.02564262202130338,0.007417854835312797,0.022392160995655885,0.0020846202851532297,0.532536892577598,1.063478395940707
Epileptic,original,11500,178,4,4,575,724,20261530,SRS,0.03494346997376739,0.02369038106107592,0.006843322346788337,0.02258589216904916,0.0020577648439431013,0.5632509346328889,2.7635436130718007
Epileptic,original,11500,178,4,4,575,725,20261531,PCA-QS,0.03924604716291014,0.023457521465531806,0.006706874124075625,0.033471496174888316,0.002069325480511838,0.47771506212759657,0.8138330353657198
Epileptic,original,11500,178,4,4,575,725,20261531,SRS,0.044597453136805326,0.024952386971273204,0.007094971081918993,0.028986425550691308,0.0020515166955026036,0.5084577394897539,0.8972688315562708
Epileptic,original,11500,178,4,4,575,726,20261532,PCA-QS,0.03282117049887709,0.025974024571028625,0.007565504684735613,0.02367708294529791,0.0020543023643976185,0.5391990796618682,0.8620622283349769
Epileptic,original,11500,178,4,4,575,726,20261532,SRS,0.04329517056368615,0.028172919089237528,0.008212830220486371,0.03803178603011759,0.0020750807033743913,0.5837859606244131,2.443646117925344
Epileptic,original,11500,178,4,4,575,727,20261533,PCA-QS,0.035725072635521736,0.024541021679451647,0.00710884525432926,0.02346339921831664,0.002044230802142007,0.4858474784556313,1.1321635885035675
Epileptic,original,11500,178,4,4,575,727,20261533,SRS,0.037479359720239504,0.02381231577262733,0.006884238756906463,0.028402093969795317,0.002055129048061822,0.5667643214198569,0.5188423184376068
Epileptic,original,11500,178,4,4,575,728,20261534,PCA-QS,0.03478043645710822,0.024931025493579236,0.007259291598005412,0.024205253883264888,0.002024990636415653,0.5464341697994963,1.0236967064585791
Epileptic,original,11500,178,4,4,575,728,20261534,SRS,0.03640536478824294,0.02510775820075266,0.007273724249517345,0.025859314770650954,0.0020903018510333945,0.5634320408868653,0.6372160869772191
Epileptic,original,11500,178,4,4,575,729,20261535,PCA-QS,0.032562063391838224,0.02500764827933803,0.007298661659947957,0.02328620962896011,0.0020643183990268783,0.4993082783440553,0.6143419990260376
Epileptic,original,11500,178,4,4,575,729,20261535,SRS,0.03671205105308686,0.025823616217722268,0.0074391521542435035,0.027086380010976185,0.002084375312327326,0.5626377577486446,1.4336057041536543
Epileptic,original,11500,178,4,4,575,730,20261536,PCA-QS,0.03194074678322315,0.024919864420266547,0.007262269128973528,0.023265637078093704,0.002056240183908524,0.5451667556658787,0.5531100331770632
Epileptic,original,11500,178,4,4,575,730,20261536,SRS,0.03399739082047583,0.025485162157860584,0.00740760925059676,0.025256510024844303,0.0020663985708539957,0.5272752768788763,1.1791958999833658
Epileptic,original,11500,178,4,4,575,731,20261537,PCA-QS,0.032689251629460764,0.024220632523344648,0.007047692681223628,0.02290543588407168,0.0020715587439375472,0.5216905178214829,1.2870000971971767
Epileptic,original,11500,178,4,4,575,731,20261537,SRS,0.04057968128345976,0.024690225795572594,0.007081256810500497,0.02939407243742309,0.0020506503840879054,0.5273987640421697,1.1436630004627388
Epileptic,original,11500,178,4,4,575,732,20261538,PCA-QS,0.03341765354388412,0.024948020657142356,0.00722630492379149,0.025325077478397517,0.0020715333012501828,0.4928452920888438,1.6582174578319633
Epileptic,original,11500,178,4,4,575,732,20261538,SRS,0.033349552853105376,0.023454970869056107,0.006768718508373091,0.0236069823117262,0.0020109553696649345,0.5371588391190593,2.449503843821247
Epileptic,original,11500,178,4,4,575,733,20261539,PCA-QS,0.0348838166327774,0.022646748017369697,0.00652575579115623,0.02668642171305713,0.0020306101766514265,0.4963196482948867,1.8508884200488929
Epileptic,original,11500,178,4,4,575,733,20261539,SRS,0.03815597378475931,0.022241420015155035,0.006386570740987762,0.026764988280495672,0.0020859407580817333,0.4283144561057444,1.5947386181135526
Epileptic,original,11500,178,4,4,575,734,20261540,PCA-QS,0.03269145736442856,0.025048533978312637,0.007289984505431973,0.026867688602431272,0.0020593075450258255,0.5206354647947063,1.1277294849375932
Epileptic,original,11500,178,4,4,575,734,20261540,SRS,0.03724136591804715,0.027259537666385236,0.007922751468265597,0.030113453336243268,0.002063971165970827,0.557282794277325,0.8819551190184098
Epileptic,original,11500,178,4,4,575,735,20261541,PCA-QS,0.032500059877690085,0.023908788465618894,0.0069389990913187385,0.023977317866226144,0.0020934179225548825,0.5182492225009,0.8797488405081502
Epileptic,original,11500,178,4,4,575,735,20261541,SRS,0.034021873908839075,0.026073568766377384,0.007582474827769132,0.026170795650239498,0.002074717603031699,0.536549216962829,0.7431780092902881
Epileptic,original,11500,178,4,4,575,736,20261542,PCA-QS,0.02960133736433758,0.024261775944244775,0.007067757841743986,0.023062073065419852,0.002067757516887652,0.5342235180294188,0.8305112816321936
Epileptic,original,11500,178,4,4,575,736,20261542,SRS,0.03524372192658297,0.024661809774436196,0.007175421660271725,0.02188498598997768,0.0020187505665734034,0.554181904775113,0.7802848711668534
Epileptic,original,11500,178,4,4,575,737,20261543,PCA-QS,0.03620255377578,0.02586506466283573,0.007484691648523342,0.02418031865435033,0.00204620569010585,0.5584453425275185,0.8127532508598531
Epileptic,original,11500,178,4,4,575,737,20261543,SRS,0.03453200576691187,0.02563654819183916,0.007440827819073139,0.025433571425873325,0.002044501976120188,0.5380974984026623,0.6736356138838391
Epileptic,original,11500,178,4,4,575,738,20261544,PCA-QS,0.04061782001065195,0.02551578088813223,0.007347563890187275,0.032291719185879586,0.0020430981331256994,0.5442260332096721,0.6298704140380569
Epileptic,original,11500,178,4,4,575,738,20261544,SRS,0.03696512202378221,0.024572784138608347,0.007040500088354677,0.026823568188863334,0.0021002501592744024,0.5713156009512048,1.1316614919268053
Epileptic,original,11500,178,4,4,575,739,20261545,PCA-QS,0.030313684103723867,0.022752860140878378,0.006594996343280947,0.024024254864905004,0.002087991851316865,0.47900814694263494,1.12984748870593
Epileptic,original,11500,178,4,4,575,739,20261545,SRS,0.03377155966529385,0.027426948234917665,0.007996139283377657,0.024507588053603868,0.0020621205040400165,0.5923914158595704,1.6516515921971742
Epileptic,original,11500,178,4,4,575,740,20261546,PCA-QS,0.032156567609966685,0.024297528317372794,0.007024559449620699,0.02443963234468427,0.0020463624181126846,0.5468231454134593,1.3297120734725836
Epileptic,original,11500,178,4,4,575,740,20261546,SRS,0.035245029859710265,0.025927846173205035,0.007530122713185031,0.026062124675998888,0.0020637960599484825,0.5752187350695894,1.0734679462010903
Epileptic,original,11500,178,4,4,575,741,20261547,PCA-QS,0.031333348702946406,0.02378922821126274,0.006914416360992659,0.021628605151047253,0.0020419259996332737,0.5160009926400319,0.47974069342254305
Epileptic,original,11500,178,4,4,575,741,20261547,SRS,0.04069714893555124,0.026360565801773407,0.007669925443264399,0.031736204780523636,0.0020803260610069425,0.6009208402105898,0.4613359696167146
Epileptic,original,11500,178,4,4,575,742,20261548,PCA-QS,0.0366610975888352,0.023908661908152534,0.006938312072556348,0.02992120486778127,0.0020815978472383434,0.5324871178806169,0.7984398353724059
Epileptic,original,11500,178,4,4,575,742,20261548,SRS,0.04383611142053791,0.027969160589315745,0.008131496424538196,0.03577714016851985,0.0020734516135810076,0.5936795124707098,1.7651941065259242
Epileptic,original,11500,178,4,4,575,743,20261549,PCA-QS,0.037161604266635784,0.024811387633338254,0.007155086681149571,0.022905830125626636,0.0020725743543321814,0.5641881351067493,0.5562240416802605
Epileptic,original,11500,178,4,4,575,743,20261549,SRS,0.03455630988762226,0.0244178504543686,0.007080351878322703,0.026168232809292036,0.0020828412828635336,0.5333354328130994,1.5430260065063703
Epileptic,original,11500,178,4,4,575,744,20261550,PCA-QS,0.03178621482481991,0.025218713529310644,0.007313416661664941,0.026511880799958476,0.002047979917348123,0.5234693175008832,0.5619924681619343
Epileptic,original,11500,178,4,4,575,744,20261550,SRS,0.033171070652707406,0.02610656621706547,0.007585415624804022,0.02462154053459109,0.002076223286564655,0.5281454349014226,1.3294791817666125
Epileptic,original,11500,178,4,4,575,745,20261551,PCA-QS,0.03148810203374676,0.023374909023814675,0.006724940221764873,0.02107571002840558,0.0020535110856252725,0.5087151646978513,0.514734903032708
Epileptic,original,11500,178,4,4,575,745,20261551,SRS,0.03274322307435464,0.025586642239609547,0.007414596868226297,0.022302110926389673,0.0020538795180384804,0.5826087197940354,1.5774062836993519
Epileptic,original,11500,178,4,4,575,746,20261552,PCA-QS,0.032829327444957604,0.024976583784650907,0.007262552956441498,0.024844472373702686,0.002059986761419399,0.5291017478961871,0.5590016020023659
Epileptic,original,11500,178,4,4,575,746,20261552,SRS,0.03508708603335688,0.025585938545242937,0.007356494362571818,0.03451694143321227,0.002073579528397497,0.5732925438533802,0.6398307205432784
Epileptic,original,11500,178,4,4,575,747,20261553,PCA-QS,0.03172276980817102,0.024471942807538397,0.007090705545781229,0.023803460349562044,0.0020365055223240175,0.520307431515873,0.7916706739146393
Epileptic,original,11500,178,4,4,575,747,20261553,SRS,0.03795358764030384,0.025749149863659872,0.007483778095726922,0.02884521274520324,0.002061817914856284,0.5688188493312418,1.9056012869818306
Epileptic,original,11500,178,4,4,575,748,20261554,PCA-QS,0.03768861911093281,0.02226754551391498,0.006416386244500275,0.027210989523235085,0.00207011084948813,0.4534538179212042,1.9426577395916993
Epileptic,original,11500,178,4,4,575,748,20261554,SRS,0.035331182608743114,0.02418372049302858,0.006970616373252285,0.027559738632319863,0.002063370955155332,0.5284201302929008,3.046899583378971
Epileptic,original,11500,178,4,4,575,749,20261555,PCA-QS,0.033694486693146786,0.024729476295129466,0.00718373228926187,0.027853111524692054,0.00206584456008407,0.5534569102946753,0.6765901592210748
Epileptic,original,11500,178,4,4,575,749,20261555,SRS,0.032829138572574704,0.02460797865994775,0.0071619269131593735,0.02515452757578096,0.002037839943077035,0.5623366605988533,1.3492488109436884
Epileptic,original,11500,178,4,4,575,750,20261556,PCA-QS,0.034543061516833874,0.026294402868648422,0.007706869687324998,0.029416083791426573,0.002041716270923818,0.5732260172614395,0.7357263874231253
Epileptic,original,11500,178,4,4,575,750,20261556,SRS,0.044674617888390535,0.028085949397165424,0.008168756234709518,0.0367799576469654,0.0020707481696515197,0.5490895128283376,1.7722985341004132
Epileptic,original,11500,178,4,4,575,751,20261557,PCA-QS,0.035743373471791434,0.025167977752720838,0.00731466562534853,0.027981291954516152,0.0020693469087442037,0.5758935527343445,0.8972569534062794
Epileptic,original,11500,178,4,4,575,751,20261557,SRS,0.033734816101960934,0.02415600645646008,0.007014607856276228,0.02214486402982274,0.0020605959905685553,0.5109923302642417,0.44341793917630046
Epileptic,original,11500,178,4,4,575,752,20261558,PCA-QS,0.03223302212181264,0.02338615289028919,0.006793853859048879,0.023393294165950707,0.0020390577814122287,0.5095770654440014,2.100110680479544
Epileptic,original,11500,178,4,4,575,752,20261558,SRS,0.02931169058250716,0.024217068144889067,0.007076473338075274,0.022183010388854285,0.0020501074061769864,0.5636544323065348,0.5071669938396126
Epileptic,original,11500,178,4,4,575,753,20261559,PCA-QS,0.030407621127708083,0.024238469279748442,0.007044024325542452,0.02105781296767617,0.0020252355340879425,0.5461794765416442,0.6960228181788447
Epileptic,original,11500,178,4,4,575,753,20261559,SRS,0.03282968421733943,0.024569011241765564,0.007107314949089282,0.022049161294946273,0.0020736481089389165,0.47775040653225126,1.5668617578823036
Epileptic,original,11500,178,4,4,575,754,20261560,PCA-QS,0.037361914320908865,0.027240850506849518,0.007941515739477201,0.029722258352533615,0.0020589918523579525,0.6399405283646035,2.299906029086508
Epileptic,original,11500,178,4,4,575,754,20261560,SRS,0.05051212384553934,0.02951452699707565,0.00859614687747282,0.04745242426595553,0.002072807169124006,0.573465229919628,0.5777803210876482
Epileptic,original,11500,178,4,4,575,755,20261561,PCA-QS,0.03949910580912162,0.02372424052969263,0.006784129531923139,0.030590907893913055,0.0020768700013989905,0.474722577047425,0.5105732269457685
Epileptic,original,11500,178,4,4,575,755,20261561,SRS,0.03402902438438702,0.023059394856178927,0.006671963057125542,0.022883677265088664,0.0020435437888386043,0.5100120027495049,0.4678397234435044
Epileptic,original,11500,178,4,4,575,756,20261562,PCA-QS,0.033594456790855994,0.0245696906025312,0.007191752142412798,0.02478943471013828,0.0020759125275981332,0.5548888836504313,1.4732280820383534
Epileptic,original,11500,178,4,4,575,756,20261562,SRS,0.04420727324745987,0.026994711082017862,0.007837816483392171,0.037128629977010164,0.0020581249598295693,0.6492006293539089,0.6546741864401002
Epileptic,original,11500,178,4,4,575,757,20261563,PCA-QS,0.0336570926238995,0.025276261307293314,0.007389363882307976,0.024086891327407045,0.0020230422857804038,0.5309132689111238,1.0531293963992854
Epileptic,original,11500,178,4,4,575,757,20261563,SRS,0.04370160334680081,0.027712844791589513,0.008022629998342374,0.03848452393903834,0.002057577138164889,0.6630238228481954,2.3341031824225396
Epileptic,original,11500,178,4,4,575,758,20261564,PCA-QS,0.030030592147606686,0.024168463380118257,0.007023992580207153,0.023292243432804227,0.002076888593956474,0.50323510045287,1.0896848102344405
Epileptic,original,11500,178,4,4,575,758,20261564,SRS,0.04004854877061558,0.022798565761163556,0.006559639973452601,0.03144617000589989,0.0020558076401063037,0.5317185462770193,1.2134306566907436
Epileptic,original,11500,178,4,4,575,759,20261565,PCA-QS,0.0352801584120292,0.02611911501031012,0.00762294414556916,0.02876436116072867,0.0020732452374862087,0.5809391046489963,1.6675714823039527
Epileptic,original,11500,178,4,4,575,759,20261565,SRS,0.03273511556984059,0.024390162834187937,0.0070932273773046265,0.02723407844492698,0.00206269083426359,0.5850758146644921,0.8726395779005449
Epileptic,original,11500,178,4,4,575,760,20261566,PCA-QS,0.03241467709958884,0.024002164934425498,0.006961525246205134,0.023189928708744034,0.0020689682083143267,0.5468109690767671,1.2037492011683897
Epileptic,original,11500,178,4,4,575,760,20261566,SRS,0.034851314901918604,0.024732491349473855,0.007123490216597041,0.02529607577650772,0.002067331524428669,0.5213148034791055,0.7495381036470177
Epileptic,original,11500,178,4,4,575,761,20261567,PCA-QS,0.030265048414179787,0.023411440965962087,0.0068058700088651745,0.021548781066316636,0.0020594774234379064,0.4907283696494049,0.8259800108339076
Epileptic,original,11500,178,4,4,575,761,20261567,SRS,0.0412311354738646,0.027839479452202155,0.008083069822219116,0.031234120510191588,0.002068982174093683,0.5568157674817792,0.9719389415844795
Epileptic,original,11500,178,4,4,575,762,20261568,PCA-QS,0.038032536245065064,0.027022992216674938,0.007887051909524026,0.029176521434978397,0.002045133067329917,0.5881524315431192,1.686279819712746
Epileptic,original,11500,178,4,4,575,762,20261568,SRS,0.037667591900023494,0.022981073462738578,0.0066079618486919265,0.02553459635321431,0.002065144277880508,0.44962781599865853,1.6725836068865707
Epileptic,original,11500,178,4,4,575,763,20261569,PCA-QS,0.03400963052918386,0.024061959148342672,0.0069850697080243804,0.023403473344647097,0.002072324294853257,0.5802986208216204,1.5297854553715862
Epileptic,original,11500,178,4,4,575,763,20261569,SRS,0.03396495898190035,0.02572133168134624,0.007442725837173121,0.02833885383848056,0.0020699102085949533,0.5421963820131787,1.4778321456210761
Epileptic,original,11500,178,4,4,575,764,20261570,PCA-QS,0.03394368847444786,0.024391122422229253,0.007048263413059606,0.026698126727717764,0.002090541498290131,0.5369825589965659,1.4556545265446468
Epileptic,original,11500,178,4,4,575,764,20261570,SRS,0.031131105662690894,0.024535530662274298,0.0071245085444752105,0.026543428515756418,0.0020604574114165045,0.5209134030192704,0.6773566588855975
Epileptic,original,11500,178,4,4,575,765,20261571,PCA-QS,0.030825909058834703,0.022852867751210978,0.006620740668794896,0.024887246147500264,0.002030322850712226,0.5090338758954772,1.7286731120311423
Epileptic,original,11500,178,4,4,575,765,20261571,SRS,0.03296122760027423,0.025190086904904683,0.00732272703640949,0.025545253708980198,0.0020946980002487714,0.5099867789680483,0.7082707717038956
Epileptic,original,11500,178,4,4,575,766,20261572,PCA-QS,0.035113183946012594,0.02586477207362496,0.007494214940444893,0.02318092307099917,0.00207009630899747,0.522677352612721,0.8012554552657623
Epileptic,original,11500,178,4,4,575,766,20261572,SRS,0.04205273008599858,0.027388609342084255,0.00794146801617205,0.033313499927761114,0.0020582037509325047,0.5369280572477555,0.7023332302576537
Epileptic,original,11500,178,4,4,575,767,20261573,PCA-QS,0.033041809902183354,0.02548566313500608,0.007418174142788526,0.025086223763684856,0.002062439267171224,0.5383684374167617,0.7303211894755112
Epileptic,original,11500,178,4,4,575,767,20261573,SRS,0.03668863356408629,0.023786585733828285,0.006850295855947197,0.029200012333634007,0.002074424426181989,0.5424806711802962,1.1838168634465436
Epileptic,original,11500,178,4,4,575,768,20261574,PCA-QS,0.03739937261140879,0.024829896039621262,0.007120838088073243,0.024538040215233536,0.002073098985823801,0.5408949859032669,0.6232483432701784
Epileptic,original,11500,178,4,4,575,768,20261574,SRS,0.035417450129265116,0.02500713573739194,0.0072645915940319295,0.027803710767621226,0.0020756170309103963,0.5791244397284517,1.0263908070029326
Epileptic,original,11500,178,4,4,575,769,20261575,PCA-QS,0.0363927458225588,0.025820775891750348,0.0075026275815327295,0.0281462843464233,0.0020194250333676537,0.5579488316453113,0.6742962142917104
Epileptic,original,11500,178,4,4,575,769,20261575,SRS,0.03133756280274592,0.02426245186250386,0.007067222440368304,0.021952647962313776,0.0020637965783742852,0.4457931958931058,0.7161705749605812
Epileptic,original,11500,178,4,4,575,770,20261576,PCA-QS,0.03469403405736633,0.024790085283060686,0.007183260869267463,0.023519319747636658,0.0020853388784998644,0.5433616787386888,0.5558345607749661
Epileptic,original,11500,178,4,4,575,770,20261576,SRS,0.03290717030389149,0.024786154412555505,0.007185731861154415,0.02383667084578356,0.002070470389240648,0.4827168076257189,0.5416937445592999
Epileptic,original,11500,178,4,4,575,771,20261577,PCA-QS,0.034025312624184186,0.023199809649003762,0.0067106268734616085,0.025563568168545103,0.0020575850278143227,0.46559797152306687,0.5239810234407697
Epileptic,original,11500,178,4,4,575,771,20261577,SRS,0.039850424102113556,0.0279900236914995,0.008082175626648145,0.03462264542867821,0.0020732800478477057,0.5331960617822933,1.6202278891065849
Epileptic,original,11500,178,4,4,575,772,20261578,PCA-QS,0.032373535872922465,0.024694583809691084,0.007191325495390258,0.02243236252748204,0.0020734783488592524,0.5166583032533939,2.003670708917069
Epileptic,original,11500,178,4,4,575,772,20261578,SRS,0.03102202214362769,0.022848052655259604,0.0066566390071242905,0.021500080641629893,0.0020625096411775105,0.5218582704651559,1.0122090416073033
Epileptic,original,11500,178,4,4,575,773,20261579,PCA-QS,0.030364238665938854,0.025307656285322652,0.007357516370916645,0.019899584176453544,0.0020472006951211402,0.5507346312454658,0.7584515262704952
Epileptic,original,11500,178,4,4,575,773,20261579,SRS,0.03375185683858842,0.025214075621487468,0.007292631704428799,0.02513617019974923,0.002060129051739502,0.5315614282885841,0.7421279148968329
Epileptic,original,11500,178,4,4,575,774,20261580,PCA-QS,0.03660257742985461,0.026233666584123294,0.0076395042160315105,0.028971006018661427,0.0020683649934407663,0.5527123916245791,1.8820868857770927
Epileptic,original,11500,178,4,4,575,774,20261580,SRS,0.03482613871694321,0.02347256712515383,0.006801175163675875,0.023630603886305224,0.0020759835073327314,0.5637146093528143,1.399401430279339
Epileptic,original,11500,178,4,4,575,775,20261581,PCA-QS,0.033758333927781006,0.024536418767887674,0.007088122332429999,0.024240092143136494,0.002040976767099139,0.5094223390455109,0.5670630642509937
Epileptic,original,11500,178,4,4,575,775,20261581,SRS,0.03748175457472681,0.023710391785982107,0.0067912099529468,0.027198743074286824,0.0020621518618345793,0.4949470173959855,0.5939747837491147
Epileptic,original,11500,178,4,4,575,776,20261582,PCA-QS,0.03678153310900105,0.02447502478414325,0.007028984045640897,0.02466930302621151,0.00206279447464529,0.5363657742136265,0.3389143815026371
Epileptic,original,11500,178,4,4,575,776,20261582,SRS,0.03666058648888533,0.025825281682275263,0.007498997044389624,0.028323963331610358,0.0020611635746874686,0.5422376636395315,0.5893055637459693
Epileptic,original,11500,178,4,4,575,777,20261583,PCA-QS,0.03586877480987368,0.027246022726767176,0.007920010380289107,0.028794429561147084,0.002066937283048342,0.5405664508915863,1.0891261334281415
Epileptic,original,11500,178,4,4,575,777,20261583,SRS,0.031918792152796846,0.023534491295108387,0.006824031128366567,0.025623732491171225,0.002065176859290965,0.5506561811453407,1.0731002441056832
Epileptic,original,11500,178,4,4,575,778,20261584,PCA-QS,0.03340235779095438,0.02435403699960974,0.007057828867261929,0.02501433648869522,0.002080452030969424,0.558047541393835,1.1026954009939351
Epileptic,original,11500,178,4,4,575,778,20261584,SRS,0.03748332040023948,0.023258978340030906,0.0067106427959458285,0.027508601434504953,0.0020677160225477157,0.4940636365458654,1.8666691927726033
Epileptic,original,11500,178,4,4,575,779,20261585,PCA-QS,0.03738582098916833,0.025552448659259548,0.007455762338169908,0.02330935540423873,0.0020833943221306825,0.5379567900489804,1.4819656065257496
Epileptic,original,11500,178,4,4,575,779,20261585,SRS,0.06759814851244579,0.03285276051155104,0.009477902327022591,0.062168905949530284,0.0020719994521230874,0.607855092089314,2.240354533994446
Epileptic,original,11500,178,4,4,575,780,20261586,PCA-QS,0.05039470362963801,0.030106248885463274,0.008794541075158093,0.04650440373528042,0.0020559550754215066,0.6135179139752416,1.982700558020079
Epileptic,original,11500,178,4,4,575,780,20261586,SRS,0.04864038258375089,0.023707813397609044,0.006718420182426288,0.03607784416889359,0.002069846886505796,0.47950907874300586,0.4745745748245735
Epileptic,original,11500,178,4,4,575,781,20261587,PCA-QS,0.038333978918223426,0.023706303549187267,0.0068250269814800904,0.030622119793861202,0.0020377436429195235,0.5497226843663733,0.6079341883966841
Epileptic,original,11500,178,4,4,575,781,20261587,SRS,0.039344818841497764,0.0274498848578631,0.007965481603796095,0.027881661638851085,0.002046422851993742,0.5389561310278942,0.6755973121416982
Epileptic,original,11500,178,4,4,575,782,20261588,PCA-QS,0.032260506272926176,0.02500326998727449,0.007223706775973279,0.022340869708457944,0.002055831838381407,0.5599025317411499,0.9592805236681112
Epileptic,original,11500,178,4,4,575,782,20261588,SRS,0.030140357087766634,0.023697957174595257,0.006901154514379265,0.020440659545046813,0.0020628373273273,0.49599011885356203,1.280249391634059
Epileptic,original,11500,178,4,4,575,783,20261589,PCA-QS,0.03585261985801208,0.025802443202101004,0.007541788824006425,0.02930379915126302,0.0020711490823981564,0.6043358626508488,0.48259627310281533
Epileptic,original,11500,178,4,4,575,783,20261589,SRS,0.0338599290159373,0.02346347623022313,0.006788466882082581,0.024521943005989755,0.0020628657155839746,0.5211772570773618,0.9705000610665001
Epileptic,original,11500,178,4,4,575,784,20261590,PCA-QS,0.041496462623392086,0.028724631584649097,0.008379094000472756,0.034884994821034354,0.0020790481895646543,0.575665514864385,0.7191468925179753
Epileptic,original,11500,178,4,4,575,784,20261590,SRS,0.039026870220364246,0.024086845354076215,0.006934951174829395,0.033166651114784784,0.002049691457367906,0.5622879976187349,1.5782874440098105
Epileptic,original,11500,178,4,4,575,785,20261591,PCA-QS,0.03364691516093186,0.025447151948975743,0.007377867239008254,0.02329613949839704,0.002057445458234028,0.5437520058270622,0.38792112819892055
Epileptic,original,11500,178,4,4,575,785,20261591,SRS,0.04397456753755103,0.02328711200131339,0.006618506821317677,0.03786703476351683,0.002054636779838753,0.4891889811058692,1.93635067079228
Epileptic,original,11500,178,4,4,575,786,20261592,PCA-QS,0.03648473953847672,0.027728719768220906,0.008066605618904987,0.025334559882839613,0.0020645351273012517,0.5512300193041378,1.2598505718689277
Epileptic,original,11500,178,4,4,575,786,20261592,SRS,0.039198954222593785,0.024165692694169183,0.006944680214552309,0.028229507278677346,0.0020410732176213767,0.5252157205643797,0.5468259683086363
Epileptic,original,11500,178,4,4,575,787,20261593,PCA-QS,0.038788739168993676,0.026929164981348803,0.007837297381607,0.03139781412900078,0.0020757744886986374,0.6172148899504319,0.9768047273392985
Epileptic,original,11500,178,4,4,575,787,20261593,SRS,0.038113032925334835,0.026542114442099397,0.007712290895997143,0.03547757522366801,0.002063226891643136,0.5148409785701467,0.8875469866149939
Epileptic,original,11500,178,4,4,575,788,20261594,PCA-QS,0.033323836179648236,0.02573574509689471,0.0075044920986939625,0.026228372642743025,0.0020725774956674176,0.5450943966281114,0.9029482847056985
Epileptic,original,11500,178,4,4,575,788,20261594,SRS,0.03398628351186975,0.02456777145281164,0.007136521569270463,0.025692090157205527,0.0020845299111253877,0.52477753360152,0.8159859029335428
Epileptic,original,11500,178,4,4,575,789,20261595,PCA-QS,0.03044491988267635,0.025614371313185277,0.00746349509041354,0.023483136419738315,0.0020699433190573486,0.5092234576763379,0.5853683427928369
Epileptic,original,11500,178,4,4,575,789,20261595,SRS,0.034443151996819105,0.026179609282570966,0.007586874891839664,0.025791151978237892,0.0020624129466223985,0.5709039972184639,0.5270561010569833
Epileptic,original,11500,178,4,4,575,790,20261596,PCA-QS,0.03538345808925638,0.024606105886466348,0.007159742298746964,0.026435082070857874,0.0020562757638862964,0.5232788806333748,0.9601022717427513
Epileptic,original,11500,178,4,4,575,790,20261596,SRS,0.03270598979602716,0.023563417890026785,0.006837634033193081,0.02330542231011279,0.002081413141887658,0.5411762223804142,1.4302497636008151
Epileptic,original,11500,178,4,4,575,791,20261597,PCA-QS,0.031309378255870594,0.025749717206826818,0.007506632546115456,0.02285101732861783,0.0020735903927777905,0.5375508878799471,1.2150271687410856
Epileptic,original,11500,178,4,4,575,791,20261597,SRS,0.037080412589644195,0.024125309831775986,0.006941603060767235,0.0315461788374094,0.0020760589917170574,0.5230149377817817,0.7813258631450176
Epileptic,original,11500,178,4,4,575,792,20261598,PCA-QS,0.033793346916561544,0.025932382492987467,0.00757398851043341,0.02307715274274713,0.002024410660415925,0.47174789158283265,1.1596220103160693
Epileptic,original,11500,178,4,4,575,792,20261598,SRS,0.03377684033064791,0.023015653627990552,0.006696239619283166,0.023132897680305575,0.002047742385626619,0.4913697032722102,1.6912377592312728
Epileptic,original,11500,178,4,4,575,793,20261599,PCA-QS,0.033154441385702775,0.024629806788457383,0.00718045645328493,0.025097404910683352,0.002075338527304093,0.6388767278514846,0.7477872758039773
Epileptic,original,11500,178,4,4,575,793,20261599,SRS,0.039664880079626846,0.02790618297070354,0.00811806586832389,0.03062933746150165,0.002051356753717928,0.6440464176330329,1.1494568732432346
Epileptic,original,11500,178,4,4,575,794,20261600,PCA-QS,0.03810071868491933,0.028315209365983446,0.008247943364516253,0.029550161184827672,0.002072824299051371,0.5313729586985452,0.7735694506372197
Epileptic,original,11500,178,4,4,575,794,20261600,SRS,0.04283026853304743,0.027657193564512742,0.008046327469563892,0.030690871054678937,0.002061915205729608,0.52518081616052,0.7966189482998648
Epileptic,original,11500,178,4,4,575,795,20261601,PCA-QS,0.033478277789980075,0.024157547818116725,0.0070221625861553,0.0228880124249784,0.0020711313168985113,0.49902975479303846,0.7702911079694912
Epileptic,original,11500,178,4,4,575,795,20261601,SRS,0.033462881364471654,0.02468042828236215,0.007153066647574126,0.0243300401919484,0.002085567115467522,0.5857338130986798,1.605153132560911
Epileptic,original,11500,178,4,4,575,796,20261602,PCA-QS,0.03220864883605911,0.025586666760903883,0.0074519066660822435,0.02799957817144616,0.002075914503545278,0.5097573335151027,0.6481871653498645
Epileptic,original,11500,178,4,4,575,796,20261602,SRS,0.031159778011659405,0.02385293827709486,0.006931084896002249,0.0233175656558835,0.002068241092896438,0.49199106868926296,0.6002059137738631
Epileptic,original,11500,178,4,4,575,797,20261603,PCA-QS,0.031495002329400876,0.02340568119479755,0.006788243110727495,0.024995701864067854,0.002068539760340501,0.5170855900081476,1.3497343900881242
Epileptic,original,11500,178,4,4,575,797,20261603,SRS,0.03900207743745914,0.022883422959314483,0.00645672922790007,0.028026583702995822,0.0020709864250709076,0.4647943299962209,2.965803830301998
Epileptic,original,11500,178,4,4,575,798,20261604,PCA-QS,0.03665228087393216,0.02521599600920616,0.00728052806439053,0.02343082202700586,0.0020788432204269115,0.5846823862434578,1.948570587299615
Epileptic,original,11500,178,4,4,575,798,20261604,SRS,0.03562528948354305,0.02564664254648868,0.007442253028643496,0.030107260146269965,0.0020750178293565827,0.5385032609008251,0.9055669531075311
Epileptic,original,11500,178,4,4,575,799,20261605,PCA-QS,0.03252795850126639,0.02399008210277608,0.006948471277190792,0.019141017830273555,0.0020720855758859422,0.5101090848974762,0.9854604576476121
Epileptic,original,11500,178,4,4,575,799,20261605,SRS,0.03622861801019835,0.024602661015172292,0.0071155069285947295,0.023531336275565806,0.0020841673154664217,0.5410834417592112,0.6908053630376144
Epileptic,original,11500,178,4,4,575,800,20261606,PCA-QS,0.03385778501279121,0.023224012589884203,0.006734796837983822,0.021808046035637574,0.0020682936945670407,0.5535741224233656,1.5052856164005515
Epileptic,original,11500,178,4,4,575,800,20261606,SRS,0.034262260161573445,0.024410068162579877,0.007035789216455454,0.023948968641430923,0.0020417742105259856,0.506146269864629,1.5589061112087872
Epileptic,original,11500,178,4,4,575,801,20261607,PCA-QS,0.037240736479591224,0.025231647760967594,0.007293786972029275,0.028993874685683707,0.0020593905464956165,0.592928936837463,2.376621615634248
Epileptic,original,11500,178,4,4,575,801,20261607,SRS,0.03620128010275361,0.026512279712687582,0.007697091168450444,0.026366114211187508,0.0020464118233291797,0.5563439862171271,2.0540790955585635
Epileptic,original,11500,178,4,4,575,802,20261608,PCA-QS,0.03181234721592566,0.027406184223790046,0.007981553458017961,0.025778964613255795,0.00206662085649943,0.5356556292071682,1.8792273742636656
Epileptic,original,11500,178,4,4,575,802,20261608,SRS,0.034185608755213426,0.026804381417867958,0.00785049713270975,0.025905725511458755,0.002078782038402837,0.5489908575829531,1.2714633802825224
Epileptic,original,11500,178,4,4,575,803,20261609,PCA-QS,0.03262481345251196,0.02521620075549896,0.00735409428967354,0.022236941207905758,0.0020419454414479224,0.5195437741439887,0.46374674763857393
Epileptic,original,11500,178,4,4,575,803,20261609,SRS,0.037396525439036425,0.02402703640228816,0.006912020792361263,0.02887368086612696,0.0020579826681971915,0.512296744564645,1.5171332482494442
Epileptic,original,11500,178,4,4,575,804,20261610,PCA-QS,0.03226885007365429,0.024478127305680365,0.007106241077860458,0.02374970725607639,0.0020605423973788575,0.5358168065185441,0.9580360936648897
Epileptic,original,11500,178,4,4,575,804,20261610,SRS,0.0409848357990895,0.024113842537309502,0.006947644225581922,0.03333712932060706,0.002053777036129132,0.5533348913648184,3.141090047139838
Epileptic,original,11500,178,4,4,575,805,20261611,PCA-QS,0.0321513818844075,0.023346816365526074,0.006782403052415796,0.023915822050213364,0.002095305510665349,0.5156665684519112,0.732532548963599
Epileptic,original,11500,178,4,4,575,805,20261611,SRS,0.040592580048885184,0.02570020138309987,0.0074559379059609705,0.029464473478217457,0.002052151537035677,0.5106417499083923,0.8936764984337472
Epileptic,original,11500,178,4,4,575,806,20261612,PCA-QS,0.0322236628311211,0.025706400005324377,0.00747017323907306,0.022820428244351376,0.0020658480214352025,0.4913127920318959,1.1742799923424447
Epileptic,original,11500,178,4,4,575,806,20261612,SRS,0.0491305342114928,0.02921352730967802,0.00847138042701447,0.04036061810254665,0.0020603624411972407,0.5586531914241588,0.5332776829204003
Epileptic,original,11500,178,4,4,575,807,20261613,PCA-QS,0.03233702668247632,0.024371859127883744,0.007075875697990413,0.02192873210791113,0.0020769235237420446,0.5272874184838192,1.8807267596964108
Epileptic,original,11500,178,4,4,575,807,20261613,SRS,0.03726448172721905,0.026299341130175898,0.007664591854721136,0.028594596240251846,0.0020753404102682423,0.5167257429172996,0.46597265059289483
Epileptic,original,11500,178,4,4,575,808,20261614,PCA-QS,0.03973938586858769,0.028157184336894903,0.008216086597743867,0.03109114028002402,0.0020871362532549932,0.5778551884909517,1.536755606660359
Epileptic,original,11500,178,4,4,575,808,20261614,SRS,0.03561230673707112,0.024902799256126422,0.0072696035990862185,0.025164772511283573,0.0020684341711187104,0.5326287973400831,0.8817680893221287
Epileptic,original,11500,178,4,4,575,809,20261615,PCA-QS,0.03822855265484877,0.024557302195858357,0.007107856993120363,0.024324635660786242,0.0020643121121577566,0.5624095691380769,0.5906416059482938
Epileptic,original,11500,178,4,4,575,809,20261615,SRS,0.039067604073298054,0.02179823592039798,0.006244216290853946,0.030643780299508094,0.00205786921535836,0.5001885318737429,1.1862323638274015
Epileptic,original,11500,178,4,4,575,810,20261616,PCA-QS,0.03288853235176147,0.025677300301960197,0.007440884817210717,0.02376746233827909,0.002044761266329957,0.561518181293362,1.6380095856778674
Epileptic,original,11500,178,4,4,575,810,20261616,SRS,0.035345930436394564,0.02406440569054012,0.006994898492593143,0.02602177599304234,0.0020651632754118843,0.5364839348939788,0.8666280477349914
Epileptic,original,11500,178,4,4,575,811,20261617,PCA-QS,0.036733038584046515,0.02565987360837163,0.0073735444021191315,0.026320888784319152,0.002069415414996372,0.4947916856242597,0.4627388256722713
Epileptic,original,11500,178,4,4,575,811,20261617,SRS,0.0347960883748397,0.024815329788187644,0.00723321692964564,0.027062026733549516,0.0020670697761922055,0.4848622383281455,1.3257247342918559
Epileptic,original,11500,178,4,4,575,812,20261618,PCA-QS,0.05045124596655095,0.029826957139510175,0.008667650887280337,0.04054040522770741,0.0020741639012468787,0.576901973546694,3.292356415751208
Epileptic,original,11500,178,4,4,575,812,20261618,SRS,0.0394734497062118,0.027045873296933105,0.00785210179730994,0.02904049564208222,0.0020688266047223136,0.6560907226897233,0.6250522307426825
Epileptic,original,11500,178,4,4,575,813,20261619,PCA-QS,0.032159692917152136,0.024046684010206723,0.006981255666822785,0.0224137685859489,0.0020711156797799425,0.5281347715227435,1.751161424637406
Epileptic,original,11500,178,4,4,575,813,20261619,SRS,0.03409718074267724,0.025727113985971325,0.007475488379409174,0.028496757804649775,0.0020854979560645864,0.49208015762102325,0.7729242011590484
Epileptic,original,11500,178,4,4,575,814,20261620,PCA-QS,0.0370652017333709,0.02477001985994591,0.0071712630946721544,0.02605343638180102,0.002051125705406765,0.4895483335974169,0.5370797624533161
Epileptic,original,11500,178,4,4,575,814,20261620,SRS,0.030456869586562827,0.02267249395940699,0.006579163391593678,0.021677566126466985,0.0020325536109405593,0.486588518083095,0.9077046515133055
Epileptic,original,11500,178,4,4,575,815,20261621,PCA-QS,0.03711549530869991,0.0266077122576855,0.007752145945573933,0.026393532453061752,0.002064812724013522,0.5555526449336562,1.0947125325708014
Epileptic,original,11500,178,4,4,575,815,20261621,SRS,0.036346306951797296,0.024701421230000818,0.0071387200867696465,0.02336243856124831,0.0020482541922769017,0.5503044019605421,0.8408698746207308
Epileptic,original,11500,178,4,4,575,816,20261622,PCA-QS,0.031550447862143345,0.025503257411884816,0.0074205317391632065,0.025686736690465395,0.0020600137038955654,0.5371562529274071,0.8792804374030442
Epileptic,original,11500,178,4,4,575,816,20261622,SRS,0.043676699239923594,0.02371055931938272,0.006717346617604444,0.03209736382539141,0.002068361039267389,0.49821751460790775,3.722355198272367
Epileptic,original,11500,178,4,4,575,817,20261623,PCA-QS,0.030514292741004978,0.024637675988920554,0.007174037350512953,0.025313086040437582,0.0020587335522895575,0.5694752630589797,0.8457931772380521
Epileptic,original,11500,178,4,4,575,817,20261623,SRS,0.03676884001981346,0.025452479116236854,0.007325887703331825,0.02940289242983951,0.002056249841785481,0.5082706440355301,0.5398038021868575
Epileptic,original,11500,178,4,4,575,818,20261624,PCA-QS,0.03510367249580981,0.026091123916648116,0.007561194520320549,0.025670038379129068,0.002058612037759052,0.554414874433768,0.6682644492723133
Epileptic,original,11500,178,4,4,575,818,20261624,SRS,0.03521656833201311,0.025256500091910224,0.007364648189441016,0.027959422432246583,0.0020558631520952056,0.5436524362324207,0.7593837466608746
Epileptic,original,11500,178,4,4,575,819,20261625,PCA-QS,0.03548492128517716,0.02424544016700731,0.0069970261724876665,0.024957851449489254,0.0020553518863490484,0.518678476687967,0.8550705204141171
Epileptic,original,11500,178,4,4,575,819,20261625,SRS,0.03567115962356365,0.026069426014481666,0.00758256819127468,0.02664476705657215,0.002061904266227709,0.575736494427765,0.669878696821869
Epileptic,original,11500,178,4,4,575,820,20261626,PCA-QS,0.03414834144662077,0.02371850247292474,0.0068557529814227,0.02612308176288991,0.0020649700671755943,0.5326851247150106,1.3659894838579134
Epileptic,original,11500,178,4,4,575,820,20261626,SRS,0.04576169736666765,0.025663166874269,0.0072645983567749765,0.03272597334797034,0.0020677902214810474,0.4848843069376475,1.5675155247266652
Epileptic,original,11500,178,4,4,575,821,20261627,PCA-QS,0.029480368035890617,0.024244629764332504,0.007023239347811939,0.021786984730544745,0.0020692962090863745,0.48391676358972574,0.28766312108481645
Epileptic,original,11500,178,4,4,575,821,20261627,SRS,0.032770796688785325,0.025290721497511427,0.0073829064173730734,0.02312409972080154,0.002067214931527275,0.5940490510523843,0.8257345203549216
Epileptic,original,11500,178,4,4,575,822,20261628,PCA-QS,0.03739578942110835,0.02526115912410853,0.007327736909918642,0.028522730683560482,0.0020588065765585954,0.5834886894411347,0.6100052587041305
Epileptic,original,11500,178,4,4,575,822,20261628,SRS,0.03830814374732979,0.027237850431998348,0.007870332961183557,0.030453141391054928,0.0021003369846705113,0.5787485330910197,0.8046832350031881
Epileptic,original,11500,178,4,4,575,823,20261629,PCA-QS,0.03079528129179001,0.024237053582531788,0.007066609349061326,0.020732397211954634,0.0020659213368449977,0.5027301938734084,1.6073857917484513
Epileptic,original,11500,178,4,4,575,823,20261629,SRS,0.03449986980563942,0.02535205222897639,0.007390586312585895,0.02856769653312341,0.002057011590382865,0.5781060577591361,0.7355185166249331
Epileptic,original,11500,178,4,4,575,824,20261630,PCA-QS,0.029701427056633253,0.024604759719289722,0.007158693998223189,0.022259761008180945,0.002049582817331956,0.4923327574864731,0.7975452279199888
Epileptic,original,11500,178,4,4,575,824,20261630,SRS,0.03200803431226778,0.02592196788655513,0.007546007113892863,0.02195054357462567,0.0020468989268277887,0.5596722982954431,0.8298526922060002
Epileptic,original,11500,178,4,4,575,825,20261631,PCA-QS,0.03329757404503912,0.02283342765034306,0.006613974895474089,0.02575337109307796,0.002087214719456996,0.5271741275571062,2.4209249604206304
Epileptic,original,11500,178,4,4,575,825,20261631,SRS,0.034677007188567525,0.023866766639891488,0.006930849399840418,0.026513047943966583,0.0020729553487108454,0.5440556853372663,1.188753989194092
Epileptic,original,11500,178,4,4,575,826,20261632,PCA-QS,0.03515262405883236,0.024763686663146278,0.007185215439473252,0.02187696339572298,0.002062654696831305,0.538435776915499,0.8706018226849965
Epileptic,original,11500,178,4,4,575,826,20261632,SRS,0.04066322041505808,0.026066264995259956,0.007512228030557867,0.029602252475687152,0.00204567819097814,0.5965950450443056,1.1487128522386654
Epileptic,original,11500,178,4,4,575,827,20261633,PCA-QS,0.033242277698392886,0.027002295790586318,0.007831787643885419,0.023496204508809626,0.002052731849021142,0.5021511075857782,0.9883299166313428
Epileptic,original,11500,178,4,4,575,827,20261633,SRS,0.04478133128257674,0.02899993676811187,0.008437389819525987,0.03412132455153838,0.0020709673029421106,0.6180266599046138,1.8852811648202032
Epileptic,original,11500,178,4,4,575,828,20261634,PCA-QS,0.03845118013618664,0.025510013821639643,0.0074127742587845906,0.03164881343464643,0.0020394919733524287,0.5931766739055024,0.788698432378971
Epileptic,original,11500,178,4,4,575,828,20261634,SRS,0.035482595304976605,0.024842485980600827,0.007126762355075077,0.02286761515392932,0.0020523812448780235,0.5248816087258665,0.543988949752976
Epileptic,original,11500,178,4,4,575,829,20261635,PCA-QS,0.04478647227471535,0.028504820236513743,0.008324330031412136,0.03777847380015942,0.0020592557752991338,0.5990632609380135,1.434675315496478
Epileptic,original,11500,178,4,4,575,829,20261635,SRS,0.03606569015605579,0.026368684374419592,0.0076808918535751225,0.03263235668035769,0.0020481751055495476,0.6533025191525348,0.6692915995879729
Epileptic,original,11500,178,4,4,575,830,20261636,PCA-QS,0.03258162229824264,0.02438870558127708,0.0070694265149329446,0.02088521483706529,0.0020582585531023763,0.5284529755593951,0.5390266810960744
Epileptic,original,11500,178,4,4,575,830,20261636,SRS,0.041473528597205156,0.023149903921757368,0.006651873444257069,0.032713936645990316,0.002054111495943846,0.4979128685283897,0.8010592426574404
Epileptic,original,11500,178,4,4,575,831,20261637,PCA-QS,0.03282692448493294,0.0245016447030006,0.0070966255921878964,0.02454496633041181,0.0020622719445500706,0.4969494318768985,2.3846550313934425
Epileptic,original,11500,178,4,4,575,831,20261637,SRS,0.031951525381320844,0.024680731656917948,0.007126865662422551,0.023897178674463504,0.0020580320058441507,0.502621714949271,0.529204975509942
Epileptic,original,11500,178,4,4,575,832,20261638,PCA-QS,0.03088638055366068,0.023190559671519374,0.006730883043393981,0.02300383117603566,0.002055768738721871,0.47449818531426985,0.48091420164198584
Epileptic,original,11500,178,4,4,575,832,20261638,SRS,0.03530412846153078,0.02346599645919711,0.006774110233706755,0.026533259762439698,0.0020563000652844424,0.4821905948450922,1.4411485612062813
Epileptic,original,11500,178,4,4,575,833,20261639,PCA-QS,0.03537379042112012,0.02456020287448501,0.007116979961564815,0.029410801346854143,0.0020699872889472816,0.5546714137333931,0.7801938926895613
Epileptic,original,11500,178,4,4,575,833,20261639,SRS,0.031530252536569305,0.024593178646073036,0.007138388227831911,0.024537889348778208,0.0020458061344362493,0.5607525595352819,0.8416744015541037
Epileptic,original,11500,178,4,4,575,834,20261640,PCA-QS,0.03369368556004266,0.023042891515175665,0.006652477710155237,0.025940543457394938,0.002056396779247345,0.5368241072694222,1.49737647394465
Epileptic,original,11500,178,4,4,575,834,20261640,SRS,0.04411773809150751,0.028144557332053403,0.00820282838367833,0.03807251366379738,0.0020681310063832246,0.5991462616017782,2.369742197828571
Epileptic,original,11500,178,4,4,575,835,20261641,PCA-QS,0.03235209033118513,0.02537489513105251,0.0073393255010783,0.0256784996516366,0.0020335800490656995,0.5149597405065518,1.025753303449942
Epileptic,original,11500,178,4,4,575,835,20261641,SRS,0.044921406637646565,0.028514569144213787,0.008304490928459547,0.033504927802450624,0.0020691078600380713,0.546508250315972,1.8874443827031737
Epileptic,original,11500,178,4,4,575,836,20261642,PCA-QS,0.03483324536827657,0.025007925891288578,0.007264183545957691,0.024256073000353595,0.002063241828028533,0.5498645639888219,1.048654657882509
Epileptic,original,11500,178,4,4,575,836,20261642,SRS,0.03641775356858477,0.026698450181845884,0.0077633416339775016,0.0271239507257377,0.002069372385918041,0.556347758893226,0.4760935719755697
Epileptic,original,11500,178,4,4,575,837,20261643,PCA-QS,0.031003273344122843,0.0238187262105875,0.006909376839059088,0.021755295822030618,0.0020628685614504016,0.5158449303379042,0.7377529983283118
Epileptic,original,11500,178,4,4,575,837,20261643,SRS,0.04384261375468037,0.028948011992656366,0.008402770162536415,0.03217528961609872,0.002079409446828099,0.5010690356783197,2.204170644779584
Epileptic,original,11500,178,4,4,575,838,20261644,PCA-QS,0.03798519823651162,0.025116307467384944,0.007290945790928802,0.03073286316458379,0.0020724784827718446,0.4765423660443623,1.4873376296738756
Epileptic,original,11500,178,4,4,575,838,20261644,SRS,0.03539026903709415,0.023180772459398907,0.006716107528373797,0.02702952064511699,0.002060631211859883,0.5231782414985706,2.2532460564388312
Epileptic,original,11500,178,4,4,575,839,20261645,PCA-QS,0.03336791953305998,0.02478310382935363,0.007187368700176359,0.02545816768544995,0.0020720792383406633,0.5380597986134527,0.6165686351243195
Epileptic,original,11500,178,4,4,575,839,20261645,SRS,0.034591445975233934,0.024938744010703475,0.0072220835303119825,0.026391985328928058,0.0020324684068035595,0.4854980586405603,0.7706200467087617
Epileptic,original,11500,178,4,4,575,840,20261646,PCA-QS,0.036572880979689894,0.027544842218530492,0.008004081349216036,0.03080392510575436,0.0020639584840002065,0.5917037745490421,2.5670261576724998
Epileptic,original,11500,178,4,4,575,840,20261646,SRS,0.03350656148887706,0.025397366759824222,0.007386389281287482,0.027788465933319628,0.0020368351890543415,0.5439427839808648,2.0160913050332856
Epileptic,original,11500,178,4,4,575,841,20261647,PCA-QS,0.03825029465843564,0.0233091922454951,0.0067308698442630505,0.025563713429631818,0.0020265063797750634,0.5309587361991113,1.587034578464149
Epileptic,original,11500,178,4,4,575,841,20261647,SRS,0.03320798294737064,0.024717528497029517,0.007195286870212419,0.027525000617988127,0.0020727400323310306,0.5085408640056913,1.1111422049623982
Epileptic,original,11500,178,4,4,575,842,20261648,PCA-QS,0.04079433259610147,0.026223883843836567,0.007630813351303632,0.031799297609939714,0.002075397896632327,0.5472551858516219,1.479463464286555
Epileptic,original,11500,178,4,4,575,842,20261648,SRS,0.03538468136757991,0.025383078817949337,0.007318034709055118,0.028657626613671994,0.0021057677662917286,0.5628747312150217,1.055367643823392
Epileptic,original,11500,178,4,4,575,843,20261649,PCA-QS,0.032860472967456894,0.024973353601168334,0.007224188449839952,0.020960013359744067,0.002063082665909036,0.5576706646256188,1.1650268748741937
Epileptic,original,11500,178,4,4,575,843,20261649,SRS,0.03677469796269798,0.02282681199016433,0.0065913611281897995,0.02960808614703403,0.0020543192140809376,0.4888343697267797,1.2711246430619063
Epileptic,original,11500,178,4,4,575,844,20261650,PCA-QS,0.03426863578254131,0.02598174214470138,0.007515643006916132,0.025028786753741983,0.0020575743034445646,0.5596456202850068,0.5959570519521386
Epileptic,original,11500,178,4,4,575,844,20261650,SRS,0.03888650521635667,0.02758284416348824,0.008007360872760359,0.029263809289757248,0.0020569432146607886,0.5784622782030614,1.5629028006521513
Epileptic,original,11500,178,4,4,575,845,20261651,PCA-QS,0.03619024749908542,0.027779021027527412,0.008102128850041504,0.02870209232994192,0.002074739817569279,0.5262681044976542,2.6857434112734415
Epileptic,original,11500,178,4,4,575,845,20261651,SRS,0.04102860298101079,0.02508421756315429,0.007212539656608396,0.03194928282734466,0.002051633587359554,0.5411768868486542,1.39413033105077
Epileptic,original,11500,178,4,4,575,846,20261652,PCA-QS,0.037842295218339476,0.02519375005667689,0.007294493482771906,0.027765682600747965,0.0020549333170130583,0.5445590917553716,0.8869419322867846
Epileptic,original,11500,178,4,4,575,846,20261652,SRS,0.036921809242970206,0.025333883239629273,0.00730984843015289,0.026662243134762065,0.002069570450697472,0.5384700189817906,1.3761924832295591
Epileptic,original,11500,178,4,4,575,847,20261653,PCA-QS,0.03264572498717366,0.02455965054261123,0.007092451531685488,0.024019532534886423,0.0020609190719399996,0.556060917727959,1.7096500771197327
Epileptic,original,11500,178,4,4,575,847,20261653,SRS,0.0352196458759451,0.0249876433906086,0.007244754858191096,0.027959060807535963,0.0020259642420359996,0.5642923173032166,2.651411334387624
Epileptic,original,11500,178,4,4,575,848,20261654,PCA-QS,0.03347985230568865,0.02595071130069867,0.007564135785157591,0.024760217423827058,0.0020579827762538744,0.5946065963099498,1.1139153339013332
Epileptic,original,11500,178,4,4,575,848,20261654,SRS,0.03624107933523628,0.026494458400775946,0.0076907882959900515,0.030933769879764483,0.00209226266596304,0.5431334680637228,0.7247004765604639
Epileptic,original,11500,178,4,4,575,849,20261655,PCA-QS,0.03813528058995289,0.027148858765078842,0.00792059327557529,0.027870930102549707,0.002082999216505082,0.5691347698385351,2.2584255791760346
Epileptic,original,11500,178,4,4,575,849,20261655,SRS,0.03753555994260391,0.023553104246748894,0.006798126522354091,0.02901248178570448,0.0020662309367608573,0.5374113837195372,0.9390498725027624
Epileptic,original,11500,178,4,4,575,850,20261656,PCA-QS,0.03354863153563638,0.02486229956249864,0.007166352996113621,0.023541177451397388,0.002057383939055566,0.5609405264383269,0.8038826053286867
Epileptic,original,11500,178,4,4,575,850,20261656,SRS,0.0339070924808984,0.025979559125027505,0.007564150430788015,0.025985848922218224,0.0020507901158465422,0.5453089117038156,0.5853457275603823
Epileptic,original,11500,178,4,4,575,851,20261657,PCA-QS,0.0323671490310075,0.02403405158883989,0.006995917080823234,0.021308534978784266,0.0020486710217819974,0.519366053046249,2.02913180164836
Epileptic,original,11500,178,4,4,575,851,20261657,SRS,0.035370478406761906,0.0268642384704694,0.007827110393418884,0.025832028535671014,0.002074005206112273,0.5332204645790426,0.9450250051163853
Epileptic,original,11500,178,4,4,575,852,20261658,PCA-QS,0.03445218875317557,0.025115749793341476,0.007264014415313748,0.024056582295973072,0.0020645632188248933,0.5555761147116567,1.932551673056597
Epileptic,original,11500,178,4,4,575,852,20261658,SRS,0.03739727017521347,0.026732848546425533,0.007798990490931336,0.029802650445649448,0.0020545336694606253,0.5780789002260173,1.0592796560359454
Epileptic,original,11500,178,4,4,575,853,20261659,PCA-QS,0.03452713867501128,0.026313667308828,0.007702779344722094,0.025847600018829908,0.002060021885770851,0.6006697234423002,0.9982137828008942
Epileptic,original,11500,178,4,4,575,853,20261659,SRS,0.032799465729549934,0.023715824711985092,0.006897685939021713,0.023702365031613937,0.002075171339534824,0.54444834720906,0.8344593843296573
Epileptic,original,11500,178,4,4,575,854,20261660,PCA-QS,0.032564148206030825,0.024682428593124084,0.007144447135615314,0.024606324229340615,0.0020463002984638396,0.5898822934860599,0.8239470564275003
Epileptic,original,11500,178,4,4,575,854,20261660,SRS,0.03569966295345026,0.02482756178260508,0.0071560346918691405,0.029660169396390046,0.002048630892928207,0.5697594963542406,1.5210006183777232
Epileptic,original,11500,178,4,4,575,855,20261661,PCA-QS,0.03246477971876769,0.026490222893801863,0.007720091956759785,0.021726298732051674,0.0020549024448816068,0.5592672451124842,0.424716524005952
Epileptic,original,11500,178,4,4,575,855,20261661,SRS,0.03339499138685542,0.02645639143285895,0.007683197705060514,0.02371403756042234,0.0020516462948165044,0.556278500225056,1.461897220939041
Epileptic,original,11500,178,4,4,575,856,20261662,PCA-QS,0.03441810248879501,0.023014299986949635,0.0066637119329531905,0.02509031524914107,0.0020684927172264465,0.5877048199181013,2.068271578482082
Epileptic,original,11500,178,4,4,575,856,20261662,SRS,0.034840951458666516,0.02597718487691057,0.007580064094766825,0.027144065346034196,0.0020576802888859123,0.5693357256564852,0.9079162143584871
Epileptic,original,11500,178,4,4,575,857,20261663,PCA-QS,0.03308159633290117,0.024381552407442542,0.0070362614287548565,0.023546206021803684,0.0020419252509975916,0.5383528312579452,1.3836192567321162
Epileptic,original,11500,178,4,4,575,857,20261663,SRS,0.035992611481029335,0.024690315802389413,0.007192303506458605,0.029474420446899074,0.0020866072025782483,0.5530170866322701,2.4533773638093628
Epileptic,original,11500,178,4,4,575,858,20261664,PCA-QS,0.032145231657107844,0.024404610710401647,0.007154593861791311,0.02316597192476344,0.0020850297044516554,0.5778415656025181,1.2688745843773592
Epileptic,original,11500,178,4,4,575,858,20261664,SRS,0.03385309065106565,0.02559051924885182,0.007425827531549344,0.027614970986199694,0.002105144882604603,0.5834339049997062,0.7045626364392177
Epileptic,original,11500,178,4,4,575,859,20261665,PCA-QS,0.03157110344903808,0.02470326195380034,0.0071811756212018275,0.025223468125801674,0.00205974573783347,0.5682427994603452,0.744466303522632
Epileptic,original,11500,178,4,4,575,859,20261665,SRS,0.0439892605915459,0.027438139888705897,0.007989756821450464,0.03528960158012495,0.002081874603683129,0.5928729854041741,0.9898735204567961
Epileptic,original,11500,178,4,4,575,860,20261666,PCA-QS,0.03636402807906644,0.025555542401615578,0.007386026042551393,0.02496891621582975,0.0020524921130231255,0.4710971673996551,1.1848801507999438
Epileptic,original,11500,178,4,4,575,860,20261666,SRS,0.048652038259581976,0.022517760136779343,0.006334842792227447,0.04278951840850276,0.002067173173083319,0.47799356588692204,3.436739897755274
Epileptic,original,11500,178,4,4,575,861,20261667,PCA-QS,0.03280644496197471,0.02469869711563853,0.0072022488245408545,0.024758319649881955,0.0020756862599932337,0.45491767805985345,0.6300386701215499
Epileptic,original,11500,178,4,4,575,861,20261667,SRS,0.03572929585211551,0.026701409050265804,0.007771473196223359,0.027164856637126533,0.002059791231043817,0.5705834724836668,1.0619403098433466
Epileptic,original,11500,178,4,4,575,862,20261668,PCA-QS,0.03302592479466099,0.025192105703407335,0.0073499286164119835,0.026948264014869494,0.0020571931897272206,0.5146229071695373,0.7302651658864373
Epileptic,original,11500,178,4,4,575,862,20261668,SRS,0.03506645955644757,0.025399218964409897,0.0073297360531979164,0.02945382767674154,0.002074118416887303,0.5636371703306969,0.7539812245090022
Epileptic,original,11500,178,4,4,575,863,20261669,PCA-QS,0.03840258308844863,0.025055282169766692,0.007203382062614625,0.02992215789355157,0.002050293701448055,0.5004364188020679,1.2949959122094925
Epileptic,original,11500,178,4,4,575,863,20261669,SRS,0.034851719335380976,0.02626387936042638,0.007653750812990826,0.025518808612279287,0.0020444771958336816,0.5313385665984304,0.8256365833957324
Epileptic,original,11500,178,4,4,575,864,20261670,PCA-QS,0.0393694498133097,0.027383476440696292,0.00798171277217605,0.030797701245848685,0.0020336473360129865,0.566125270936716,0.6593076231297303
Epileptic,original,11500,178,4,4,575,864,20261670,SRS,0.036157011441340564,0.025003168521677933,0.007267224890342466,0.027891175766434628,0.002038106149224698,0.520451267368802,0.6244335065263966
Epileptic,original,11500,178,4,4,575,865,20261671,PCA-QS,0.03667290839203606,0.02490138542111967,0.0072362954761410565,0.023914587060907877,0.002079544472692251,0.5628432158899052,0.6018438570380032
Epileptic,original,11500,178,4,4,575,865,20261671,SRS,0.04042211264286822,0.02324532551216032,0.006662044818243142,0.026410493066729046,0.0020742253553169806,0.5105879116551961,3.0640908681856627
Epileptic,original,11500,178,4,4,575,866,20261672,PCA-QS,0.03302966936511511,0.02474399067896107,0.007192169398106726,0.025101218555777294,0.002075266982760737,0.5610395192893125,0.8190794509027092
Epileptic,original,11500,178,4,4,575,866,20261672,SRS,0.03549021934610132,0.024492270085155723,0.007112215247626491,0.028116958780563195,0.00205498171868932,0.5974276375218757,0.5986077112754904
Epileptic,original,11500,178,4,4,575,867,20261673,PCA-QS,0.03334195047515834,0.02466819551187537,0.00716476863249525,0.02492272604674639,0.002050072675518949,0.5443434002070465,1.3731181561682821
Epileptic,original,11500,178,4,4,575,867,20261673,SRS,0.04066155943809369,0.026488973723588913,0.007725546480344795,0.03401585957167619,0.002063520289403956,0.5882007352799721,1.4527126939514377
Epileptic,original,11500,178,4,4,575,868,20261674,PCA-QS,0.032543772788267956,0.022913370570620945,0.00664284974590408,0.026357194850328725,0.0020611406288361285,0.4883254956539025,1.5031231770566342
Epileptic,original,11500,178,4,4,575,868,20261674,SRS,0.038176050826153045,0.027874192479856598,0.00814267762501644,0.03080438389731377,0.002038910328617645,0.5612821503993926,0.7858789209126135
Epileptic,original,11500,178,4,4,575,869,20261675,PCA-QS,0.033977679941424616,0.02543510958864907,0.007380464714754506,0.022476204653102627,0.002049877076332552,0.5647500895775095,1.0067499362460273
Epileptic,original,11500,178,4,4,575,869,20261675,SRS,0.03637959643632922,0.02639711422967143,0.007692433099400498,0.02868390625203432,0.0020815266861502666,0.615021692256288,0.970319727097342
Epileptic,original,11500,178,4,4,575,870,20261676,PCA-QS,0.03627520083378075,0.027596540101670074,0.008033048160365668,0.030941126252994167,0.002080126691728719,0.5729001307381753,1.1664858320242755
Epileptic,original,11500,178,4,4,575,870,20261676,SRS,0.03680538225734968,0.02359303370367143,0.0067322578612883785,0.025745609754537213,0.002053468459431774,0.4870898711054103,0.7638749893248186
Epileptic,original,11500,178,4,4,575,871,20261677,PCA-QS,0.03333872707967494,0.024307305329314608,0.007041512960919798,0.020386993682130594,0.0020701120553563027,0.47739907682149746,0.8044394811198143
Epileptic,original,11500,178,4,4,575,871,20261677,SRS,0.03341870739345926,0.024308119542175103,0.007041220733481314,0.024584844876574863,0.0020897689783137526,0.5880688953292283,0.3889015401488398
Epileptic,original,11500,178,4,4,575,872,20261678,PCA-QS,0.03865791379035139,0.02727130414497513,0.00798009011758084,0.028871777868081594,0.002049957390639915,0.6432265224790372,1.085295462211634
Epileptic,original,11500,178,4,4,575,872,20261678,SRS,0.03806544813950894,0.023183311233997642,0.006706470902114382,0.029333031038945023,0.0020795173054703542,0.5069796374032163,0.753617693335588
Epileptic,original,11500,178,4,4,575,873,20261679,PCA-QS,0.037696438620575964,0.027024469494776236,0.007877831145762536,0.029438806722795974,0.0020664387596811954,0.5083477106979116,0.7413757418180911
Epileptic,original,11500,178,4,4,575,873,20261679,SRS,0.03214497236214714,0.02648803627567196,0.007713478011656665,0.02623455071854508,0.002064475060505901,0.5357975621085684,0.7092570829844049
Epileptic,original,11500,178,4,4,575,874,20261680,PCA-QS,0.031115467799459794,0.024753376460392332,0.007172707753105202,0.02313468627770554,0.0020569284553110935,0.5139359637153036,0.5818740487410418
Epileptic,original,11500,178,4,4,575,874,20261680,SRS,0.035832915443812584,0.02738197751703267,0.007964460515062723,0.02841382734307274,0.002074238524319173,0.5275671618874948,1.84744836988387
Epileptic,original,11500,178,4,4,575,875,20261681,PCA-QS,0.03432212742952399,0.02505740171620001,0.007269476185225932,0.028265260017377614,0.002056583999570289,0.5314907705276476,2.90879409166411
Epileptic,original,11500,178,4,4,575,875,20261681,SRS,0.03534865009210174,0.026853558092879926,0.00783421827251231,0.02483717271096708,0.002074872938131439,0.562311807025006,2.4246663834253717
Epileptic,original,11500,178,4,4,575,876,20261682,PCA-QS,0.03689238817504074,0.025799935242080303,0.007520951123334023,0.025978265497601072,0.00205981962716367,0.5559760805265931,0.9684463966362721
Epileptic,original,11500,178,4,4,575,876,20261682,SRS,0.03193338169588443,0.02441350235975641,0.007123896333868344,0.02056063657757079,0.002057331701722123,0.5250080866011233,0.819319796834821
Epileptic,original,11500,178,4,4,575,877,20261683,PCA-QS,0.03609699954323143,0.025601726386473823,0.007411535536306556,0.022514538507127924,0.002077932172311172,0.5499496839222927,1.6219549201264307
Epileptic,original,11500,178,4,4,575,877,20261683,SRS,0.04136839056679965,0.028281853739199943,0.008219415934745034,0.033360948508455834,0.0020912050903643905,0.5774681298111884,0.9860124485247002
Epileptic,original,11500,178,4,4,575,878,20261684,PCA-QS,0.03933834894846796,0.027189327742429704,0.0079083908299513,0.032262651790668784,0.0020688053650096743,0.562824568397806,0.5770574879215302
Epileptic,original,11500,178,4,4,575,878,20261684,SRS,0.035129437118623076,0.024047467682807,0.00694076210222203,0.028527221459063057,0.0020533605037319283,0.5069170531193355,0.9570843937329225
Epileptic,original,11500,178,4,4,575,879,20261685,PCA-QS,0.03283133052303689,0.025139005763835817,0.007329781252998213,0.0250852563272268,0.0020535686287140396,0.5415364049215402,2.157691017624221
Epileptic,original,11500,178,4,4,575,879,20261685,SRS,0.03236509125169207,0.025596561129090607,0.007482623381238371,0.027172112798480086,0.0020763684334552095,0.5643101251484173,0.5730353345874774
Epileptic,original,11500,178,4,4,575,880,20261686,PCA-QS,0.0396013884630286,0.023011014896651357,0.006610087868640476,0.034108595959459365,0.0020531331768138938,0.514655916936638,1.387409139880039
Epileptic,original,11500,178,4,4,575,880,20261686,SRS,0.03732024360686308,0.022715196185778382,0.006513171819804923,0.025402936136591947,0.0020572727651956423,0.4528845487028585,1.1937895171249844
Epileptic,original,11500,178,4,4,575,881,20261687,PCA-QS,0.03371813638037775,0.024760254020017605,0.00721895735067793,0.02618520146250347,0.002082202966108694,0.5798391888379063,0.6442869399516504
Epileptic,original,11500,178,4,4,575,881,20261687,SRS,0.041515924460664586,0.022749595996524662,0.006515015035121251,0.026993207715845458,0.002058091097290285,0.5519922545463151,3.8382199988072423
Epileptic,original,11500,178,4,4,575,882,20261688,PCA-QS,0.04024682589885757,0.02643017439751689,0.007684372506532553,0.031216039199437162,0.0020553531365520294,0.5449449192909865,0.9791543956720746
Epileptic,original,11500,178,4,4,575,882,20261688,SRS,0.03937031406512587,0.023897213673652256,0.006833615707079213,0.02929822345498323,0.0020917034920994357,0.4622379190637585,0.7220644392875402
Epileptic,original,11500,178,4,4,575,883,20261689,PCA-QS,0.0307944891741045,0.02480190462060777,0.0072128787205836785,0.024037126534368625,0.00206309959181672,0.5423085338527635,1.5297549958846084
Epileptic,original,11500,178,4,4,575,883,20261689,SRS,0.038517923689088185,0.02533817763295662,0.007357378054049347,0.025430416026944513,0.002052304984637277,0.5106841201591052,0.5711847481403134
Epileptic,original,11500,178,4,4,575,884,20261690,PCA-QS,0.03986236786845316,0.02610555106666517,0.0074704323249042085,0.026284157137279607,0.002047112311748868,0.5428902058042876,1.4551328285248877
Epileptic,original,11500,178,4,4,575,884,20261690,SRS,0.03479367444916133,0.024512211713145656,0.007140469819137549,0.023496354391802754,0.0020613813428151315,0.5381407294608334,0.9069411881022217
Epileptic,original,11500,178,4,4,575,885,20261691,PCA-QS,0.04093182700300572,0.0270450889936095,0.007831538378314502,0.03656324251094922,0.0020724916937691386,0.5487613174143616,1.1714665297057822
Epileptic,original,11500,178,4,4,575,885,20261691,SRS,0.03783683146489763,0.02471596291486291,0.007167920399223446,0.032329101490706336,0.0020692586474510676,0.5345426421408562,1.4253369165995513
Epileptic,original,11500,178,4,4,575,886,20261692,PCA-QS,0.03337443289069199,0.02457438414246093,0.0071176731598593225,0.026287425240242968,0.0020677960515062513,0.5217815606500191,1.2695666832623238
Epileptic,original,11500,178,4,4,575,886,20261692,SRS,0.03261885359553257,0.02433666259640626,0.0070488803548027675,0.028234322342225227,0.0020641145155748243,0.536026925128956,0.4566744396017545
Epileptic,original,11500,178,4,4,575,887,20261693,PCA-QS,0.036627910516048884,0.0254183516463017,0.007371006265375136,0.027400441500624595,0.0020468471719416836,0.5260220574376014,0.9265670033578072
Epileptic,original,11500,178,4,4,575,887,20261693,SRS,0.038135505445845014,0.026111763396190504,0.00762685058220755,0.03583793112574796,0.0020815816165900753,0.5558411304623895,1.655493588269045
Epileptic,original,11500,178,4,4,575,888,20261694,PCA-QS,0.030648283110094047,0.024564956510197907,0.007132456629469247,0.024217539706883784,0.0020549600570631613,0.5302608920522479,1.5691626063472885
Epileptic,original,11500,178,4,4,575,888,20261694,SRS,0.0325358727554909,0.024298672041449188,0.007067778868257519,0.020919220815255102,0.0020808225153205323,0.5008239521774195,0.44967785976090185
Epileptic,original,11500,178,4,4,575,889,20261695,PCA-QS,0.03268358495571493,0.02591424071136662,0.007549683292466299,0.025532629269443774,0.0020471568241373843,0.5106510688905213,1.1092597335717662
Epileptic,original,11500,178,4,4,575,889,20261695,SRS,0.03309093218466384,0.024361856895816075,0.0070701974046331086,0.029456716815666084,0.0020675468069320095,0.5043990497752675,1.048592242958025
Epileptic,original,11500,178,4,4,575,890,20261696,PCA-QS,0.031379851307172676,0.02552104286752104,0.007430923490173648,0.024640515339713787,0.0020431894623166077,0.5718747398563059,1.0304200057041146
Epileptic,original,11500,178,4,4,575,890,20261696,SRS,0.03808453873405603,0.024100749266856538,0.0069469640148889155,0.028892961822002405,0.002077103341125167,0.5647204549640158,1.2338811105115473
Epileptic,original,11500,178,4,4,575,891,20261697,PCA-QS,0.035371550728881075,0.024894417397560313,0.007245753990611712,0.027738111610478455,0.0020622494464973117,0.6115361877601064,0.522734882088221
Epileptic,original,11500,178,4,4,575,891,20261697,SRS,0.03493457055942613,0.02404735024276524,0.0069735122930916936,0.027015854454283783,0.0020508067104324326,0.5271523720329582,1.614642839783949
Epileptic,original,11500,178,4,4,575,892,20261698,PCA-QS,0.03313583408862057,0.024648890323784582,0.0071399096263522815,0.02570854529594868,0.0020604492601011236,0.5302741450129033,1.0327129113965483
Epileptic,original,11500,178,4,4,575,892,20261698,SRS,0.03373950538102965,0.024759395079692367,0.007177318105102025,0.024155239800395023,0.002086454551342393,0.5647692892466134,0.959626249191532
Epileptic,original,11500,178,4,4,575,893,20261699,PCA-QS,0.031037761146566437,0.025067056152496804,0.00729983640862007,0.0215046540813848,0.0020721700316981145,0.5124241305675836,0.7508297154680944
Epileptic,original,11500,178,4,4,575,893,20261699,SRS,0.036570594248559775,0.022819313858484784,0.006526832656276092,0.027274857087572713,0.0020454117767200863,0.4808540371263132,2.275510645158937
Epileptic,original,11500,178,4,4,575,894,20261700,PCA-QS,0.032976745406342774,0.02465438675030607,0.007158737453081949,0.024560341658423468,0.0020819898604892964,0.4981270183636016,0.6303760494202887
Epileptic,original,11500,178,4,4,575,894,20261700,SRS,0.03891239631321995,0.026653391590657532,0.0077195102218792395,0.024858713150194944,0.002062578380406744,0.5482956345274032,1.3487992481620654
Epileptic,original,11500,178,4,4,575,895,20261701,PCA-QS,0.03315330948502373,0.024862844852116234,0.007213692938417437,0.023778304840323727,0.002054970217906999,0.5539361073486178,2.0396926545033893
Epileptic,original,11500,178,4,4,575,895,20261701,SRS,0.03358137737293406,0.023667940607926832,0.006836278927653573,0.025621982226182283,0.002053445664817969,0.48650315948337075,0.8477864036061808
Epileptic,original,11500,178,4,4,575,896,20261702,PCA-QS,0.03940090288976763,0.02543498679055952,0.007401212046833186,0.030421687982766343,0.002086858271837613,0.5449891924800757,0.9661868429714199
Epileptic,original,11500,178,4,4,575,896,20261702,SRS,0.03279074602310058,0.02396660806767025,0.006946170224293518,0.022690172946447262,0.0020588423578890044,0.4972230383480514,1.0399117142471623
Epileptic,original,11500,178,4,4,575,897,20261703,PCA-QS,0.038856403784181905,0.025850693776172114,0.007452856738364027,0.025784026148878425,0.0020599551502923485,0.5329844891879927,1.4370286715053948
Epileptic,original,11500,178,4,4,575,897,20261703,SRS,0.03396400931732882,0.024733360538492604,0.0071171258016213025,0.024328303372492144,0.002052097144015356,0.5052825078145033,0.7752889878483309
Epileptic,original,11500,178,4,4,575,898,20261704,PCA-QS,0.03724499386398311,0.02596848613095308,0.0075407183485995035,0.027037193186712827,0.002065210864611502,0.534959104472549,0.574697985801503
Epileptic,original,11500,178,4,4,575,898,20261704,SRS,0.03287724678129076,0.023931250159961656,0.0069113638852921835,0.02599386840861051,0.002100363681877356,0.5364211432469739,1.4151517461688978
Epileptic,original,11500,178,4,4,575,899,20261705,PCA-QS,0.03072854178050888,0.02411969609230516,0.007033640056420413,0.02121363437482593,0.0021007915820909114,0.5665231626101178,1.2056640014749593
Epileptic,original,11500,178,4,4,575,899,20261705,SRS,0.03254738592349951,0.023396627002915945,0.00679238476200362,0.023513018294213595,0.0020410655027165037,0.47008716489856356,1.5434439905896917
Epileptic,original,11500,178,4,4,575,900,20261706,PCA-QS,0.037425519903389035,0.025608006061654615,0.007438195222414281,0.026614983306815887,0.00205718384334028,0.5886680052680511,1.2928101205003273
Epileptic,original,11500,178,4,4,575,900,20261706,SRS,0.039766937579995255,0.02413017109341294,0.006909097292469306,0.02843185947808813,0.002038088647418365,0.573685326145111,1.6673553990818026
Epileptic,original,11500,178,4,4,575,901,20261707,PCA-QS,0.034219618488922,0.02486230700803092,0.007241919149154607,0.026254040330201178,0.002081283107248196,0.5106341251074782,1.0430596526052767
Epileptic,original,11500,178,4,4,575,901,20261707,SRS,0.03624899237850334,0.027079580547672587,0.007857266173244714,0.028820404620363504,0.0020529822747118675,0.49703944641606007,0.7156337835993746
Epileptic,original,11500,178,4,4,575,902,20261708,PCA-QS,0.03915068385664489,0.024096940328603603,0.006960057374678846,0.02940057642067906,0.0020865333852738057,0.5235467217310192,0.6293540051529734
Epileptic,original,11500,178,4,4,575,902,20261708,SRS,0.03408159588794011,0.024514194785439328,0.007080008238475301,0.024476093396193832,0.0020813447053276363,0.475487867925835,0.544383655522164
Epileptic,original,11500,178,4,4,575,903,20261709,PCA-QS,0.029904456149745923,0.024343192281551174,0.007085287410872884,0.019780178000093684,0.0020496996062926856,0.5219507463645321,1.2688490298528667
Epileptic,original,11500,178,4,4,575,903,20261709,SRS,0.03685828338593297,0.026461724376168196,0.007677328986443032,0.027196211577599883,0.002026688140552725,0.5646954192491732,1.2085172652379732
Epileptic,original,11500,178,4,4,575,904,20261710,PCA-QS,0.03708659555865467,0.024412797916469574,0.007006713960402806,0.028826388102274336,0.002100303762740947,0.48207512530770213,1.0765616135008582
Epileptic,original,11500,178,4,4,575,904,20261710,SRS,0.03089302209212639,0.025953692607136345,0.007581186099311352,0.024169237119350484,0.002070657733787773,0.5700479610590966,1.4860585332425011
Epileptic,original,11500,178,4,4,575,905,20261711,PCA-QS,0.03135571020354909,0.024599967517173353,0.007149193522154871,0.02215394206803012,0.0020745216883810017,0.5798720437018117,1.8200313354897517
Epileptic,original,11500,178,4,4,575,905,20261711,SRS,0.04122579840143163,0.02789056692387977,0.008153948057740263,0.032846316522306296,0.0020578953486638774,0.6262011592883956,3.0272591663138986
Epileptic,original,11500,178,4,4,575,906,20261712,PCA-QS,0.03202629518933307,0.023640643137488922,0.006845616802374197,0.025691886618341542,0.002067007928709779,0.5811989922692173,0.7703378566238562
Epileptic,original,11500,178,4,4,575,906,20261712,SRS,0.03702312430790661,0.02498981740141695,0.007262745741160182,0.033169339857506586,0.0020711618490377357,0.5685557284654501,1.05083089912624
Epileptic,original,11500,178,4,4,575,907,20261713,PCA-QS,0.0333962132995185,0.023732105570911856,0.006830972145067773,0.023273788642931947,0.0020726756505177186,0.4876731588524476,1.3090146491276546
Epileptic,original,11500,178,4,4,575,907,20261713,SRS,0.03182847687116674,0.025027146501314747,0.007266785950547146,0.02145208365010909,0.0020720518304846672,0.5101196116904739,1.3116836860237264
Epileptic,original,11500,178,4,4,575,908,20261714,PCA-QS,0.03601411860177008,0.023474760331919364,0.006749848329888311,0.026145249426946293,0.0020504362797096084,0.4727087521396114,1.5450616779077102
Epileptic,original,11500,178,4,4,575,908,20261714,SRS,0.03887544389881935,0.02647019126434556,0.007668929010039324,0.0328593632104468,0.002056818154841015,0.5839895128458814,0.7207579336869179
Epileptic,original,11500,178,4,4,575,909,20261715,PCA-QS,0.04435082083487206,0.028104456861765974,0.00812530378574156,0.03651108303944106,0.0020587427252707425,0.608706248989575,1.2870466213591518
Epileptic,original,11500,178,4,4,575,909,20261715,SRS,0.038070334471041675,0.02338864069469713,0.00673989849501475,0.027970309066954968,0.002090621395220973,0.5111165608453981,2.2237707621822023
Epileptic,original,11500,178,4,4,575,910,20261716,PCA-QS,0.03198683823209757,0.023035418602168227,0.0066323465485039045,0.02206478077058449,0.0020418445341796082,0.5243343547442889,2.2565586732666865
Epileptic,original,11500,178,4,4,575,910,20261716,SRS,0.030535796172999098,0.023745746455826194,0.0068632230712226796,0.022110676342402158,0.0020845946272994103,0.5418656073471658,2.3440137952091775
Epileptic,original,11500,178,4,4,575,911,20261717,PCA-QS,0.034702850940235036,0.026331360965169557,0.007682020695682647,0.022562643389344217,0.0020503859609676024,0.536974064726999,0.684209850017682
Epileptic,original,11500,178,4,4,575,911,20261717,SRS,0.039356468840019865,0.023502843185281674,0.006767701803330019,0.025014562171550736,0.0020503532409810754,0.581549384774847,1.8545509432856706
Epileptic,original,11500,178,4,4,575,912,20261718,PCA-QS,0.03198578638600519,0.024568303726773516,0.007138837588775216,0.021387295832351327,0.0020496495507358638,0.5288134498427718,0.7015629613470482
Epileptic,original,11500,178,4,4,575,912,20261718,SRS,0.03740586329064169,0.023931782455419985,0.006913290652807483,0.03469179801347266,0.0020650994714279053,0.49362457355852274,1.1607453399780145
Epileptic,original,11500,178,4,4,575,913,20261719,PCA-QS,0.03258230167100588,0.02565801360592807,0.007455961516537812,0.023080437341889137,0.0020552165189169232,0.5127076233588687,1.3022963836690418
Epileptic,original,11500,178,4,4,575,913,20261719,SRS,0.0397391007007123,0.02342448344051483,0.006708901343316351,0.029022426144324598,0.002070831575399571,0.5025029950145439,0.4300667450278991
Epileptic,original,11500,178,4,4,575,914,20261720,PCA-QS,0.039091833832367535,0.02701883188775143,0.007832551560438022,0.029614175025582057,0.0020704692914395523,0.5794598238977646,2.0536143558613538
Epileptic,original,11500,178,4,4,575,914,20261720,SRS,0.039028012783630876,0.02361937459492257,0.006793418565994298,0.030459510586625882,0.002076196132038469,0.5242608882639207,1.3547741109430713
Epileptic,original,11500,178,4,4,575,915,20261721,PCA-QS,0.036887228535986735,0.024469547617904285,0.007125270268948392,0.02530483438651565,0.002035777417770716,0.5487218405231751,1.5829884903883333
Epileptic,original,11500,178,4,4,575,915,20261721,SRS,0.03584109224526941,0.026045669786870385,0.007573920798510198,0.028752569440271714,0.002053804329623874,0.4699302328015426,0.39794488058077215
Epileptic,original,11500,178,4,4,575,916,20261722,PCA-QS,0.031721762230126405,0.02398994637322373,0.00697020235212238,0.025712111079146283,0.002058521757803933,0.5656640490415572,0.61176961103762
Epileptic,original,11500,178,4,4,575,916,20261722,SRS,0.03808512449680765,0.026112834586717176,0.007472219106203498,0.028808438825553395,0.0020754099060400493,0.5103444257945112,1.5073478133843716
Epileptic,original,11500,178,4,4,575,917,20261723,PCA-QS,0.036482882241844435,0.024532042752762096,0.007108686219174737,0.024410887822476468,0.0020797597265314804,0.5770688629925673,0.6395861301542981
Epileptic,original,11500,178,4,4,575,917,20261723,SRS,0.041094690779781645,0.023535370932361962,0.006752560865888725,0.03624554024638904,0.0020566484930554605,0.5112541743682782,3.062315264943973
Epileptic,original,11500,178,4,4,575,918,20261724,PCA-QS,0.03390894697085087,0.024847976271007162,0.007225552502471007,0.0249557203563171,0.0020981208928379557,0.5467019221754238,0.7447192958346959
Epileptic,original,11500,178,4,4,575,918,20261724,SRS,0.0379149920052149,0.025660829311702372,0.007409314557910758,0.02889919588021783,0.002045507102691373,0.465678649492521,0.9273170444659106
Epileptic,original,11500,178,4,4,575,919,20261725,PCA-QS,0.03496779478125227,0.025367985509565528,0.0073629646399878245,0.02882450809401682,0.002076793395054043,0.5416522249128496,1.3555889586177163
Epileptic,original,11500,178,4,4,575,919,20261725,SRS,0.035548405083788176,0.025977404082727328,0.007510714796340344,0.02807696950419114,0.002076207825251777,0.5460476885204968,1.4673673829564025
Epileptic,original,11500,178,4,4,575,920,20261726,PCA-QS,0.034216433808793405,0.023721183631782113,0.006861246294645099,0.025334189733877466,0.002056131502046018,0.5000884690223706,1.656464958108618
Epileptic,original,11500,178,4,4,575,920,20261726,SRS,0.045603467019723544,0.02328831744964631,0.006590140814319369,0.03264807150526927,0.002056603459778032,0.45879017714165377,3.526466816249812
Epileptic,original,11500,178,4,4,575,921,20261727,PCA-QS,0.03274977991386819,0.024188243037228198,0.007000919269700077,0.02249260288845001,0.0020793494370145507,0.5693007219286615,2.0901356730434
Epileptic,original,11500,178,4,4,575,921,20261727,SRS,0.03411270111289379,0.02378973294085226,0.0068953844752590015,0.02314675873699379,0.0020872642550008916,0.5509348184763223,1.4417385284487096
Epileptic,original,11500,178,4,4,575,922,20261728,PCA-QS,0.03899449064835065,0.026031589914293156,0.007534844430046159,0.03413876203637933,0.0020694725316419663,0.5128157041349107,0.7453269060434904
Epileptic,original,11500,178,4,4,575,922,20261728,SRS,0.03828399335069425,0.02591425603553471,0.007515406410848721,0.026155718842007403,0.0020783664274463703,0.5724613877707111,1.4392366274260098
Epileptic,original,11500,178,4,4,575,923,20261729,PCA-QS,0.033123067539090334,0.023064600507534744,0.00669699528255442,0.022379331920696188,0.002056256654137374,0.5394518709486702,3.0492768361884774
Epileptic,original,11500,178,4,4,575,923,20261729,SRS,0.03596670710388114,0.025567684386284786,0.007400572611997137,0.027831621800499917,0.002061417932594851,0.4977216933913742,0.6900161926753587
Epileptic,original,11500,178,4,4,575,924,20261730,PCA-QS,0.0319948871505315,0.025347588128373545,0.007405589968460946,0.02490411772109624,0.002070532146192694,0.5451000871662152,1.3173311588931966
Epileptic,original,11500,178,4,4,575,924,20261730,SRS,0.03642528664988405,0.0253749042126913,0.007343699952436308,0.024271646014708992,0.0020499294912752685,0.5471363774378732,1.2113703155582944
Epileptic,original,11500,178,4,4,575,925,20261731,PCA-QS,0.03417965854604512,0.025008689913177968,0.007295656204024524,0.028377331485602397,0.0020707995154421875,0.5567167132647793,2.1983640931296704
Epileptic,original,11500,178,4,4,575,925,20261731,SRS,0.036153046919504356,0.024750658240902543,0.0071766907975805054,0.0233898355592288,0.002081455430867066,0.5433787100325139,0.6230479247874261
Epileptic,original,11500,178,4,4,575,926,20261732,PCA-QS,0.03482474832382766,0.026385580269901527,0.00761965922033818,0.024979196528974512,0.002081735223733404,0.5117874243004938,1.1409775083811466
Epileptic,original,11500,178,4,4,575,926,20261732,SRS,0.029941979388273577,0.024173334962689298,0.007029166153295154,0.02268082199788779,0.0020546946532499547,0.5028026918042293,1.3182797230536396
Epileptic,original,11500,178,4,4,575,927,20261733,PCA-QS,0.03642570561471285,0.027188310851601984,0.007931570897529433,0.03289197350494533,0.0020746073447548284,0.5832742332501035,1.5795976027250367
Epileptic,original,11500,178,4,4,575,927,20261733,SRS,0.03739495243936918,0.026773034531530775,0.007810492987503613,0.034125911414186305,0.0020654902562516797,0.6014880814008845,0.9379929068444298
Epileptic,original,11500,178,4,4,575,928,20261734,PCA-QS,0.03589678342349361,0.02729451273531629,0.007956618880110244,0.032538796357783895,0.002070911166620786,0.5388749432424313,1.228260304145504
Epileptic,original,11500,178,4,4,575,928,20261734,SRS,0.034307907127027845,0.0222630859718176,0.006416377448571908,0.026674539890757742,0.002085144825501532,0.4449335048996431,2.5921637743070836
Epileptic,original,11500,178,4,4,575,929,20261735,PCA-QS,0.02851881419102932,0.024533294897010633,0.007133848697849333,0.023280653353713987,0.002062375368279059,0.521156470621227,1.0919567383143962
Epileptic,original,11500,178,4,4,575,929,20261735,SRS,0.034408122699019474,0.025330833485185188,0.00735307916471763,0.027780604053102564,0.002044941568858412,0.5296285581562896,1.9676738703583012
Epileptic,original,11500,178,4,4,575,930,20261736,PCA-QS,0.03521921690292137,0.023894382103638232,0.006892864364930071,0.024045432187886462,0.0020671356815683993,0.5021616291477488,0.7607064869633067
Epileptic,original,11500,178,4,4,575,930,20261736,SRS,0.033124232084648327,0.023766112250145955,0.006860400649262319,0.026403900952598036,0.002065629193466152,0.5297948421245432,1.0775385401820743
Epileptic,original,11500,178,4,4,575,931,20261737,PCA-QS,0.03820094160526776,0.024972265656266618,0.007201546148442138,0.029100522310049115,0.0020805849041973567,0.5849368985418768,1.0709661481462762
Epileptic,original,11500,178,4,4,575,931,20261737,SRS,0.039657465014883354,0.023174616560818498,0.00660734668653958,0.027406860534936683,0.002051268429326805,0.49122969090037305,2.1859424432739236
Epileptic,original,11500,178,4,4,575,932,20261738,PCA-QS,0.03184081428255975,0.024194188497718597,0.007015243789529189,0.022598434962345593,0.0020752017411604785,0.5089191624631738,1.5298514094813538
Epileptic,original,11500,178,4,4,575,932,20261738,SRS,0.03624365068536287,0.023056746682275527,0.006665642106558808,0.026173672220506816,0.0020856398096166504,0.5269827719551533,0.9384681342214684
Epileptic,original,11500,178,4,4,575,933,20261739,PCA-QS,0.03684286984450505,0.024017015851612016,0.006918221602477505,0.023178931652157786,0.00207160169056875,0.481571958187238,1.746179300004141
Epileptic,original,11500,178,4,4,575,933,20261739,SRS,0.032046452051944174,0.023508359696308344,0.0067727376552489445,0.02573460947087014,0.002056885277700233,0.5160425126099533,1.2228790797521416
Epileptic,original,11500,178,4,4,575,934,20261740,PCA-QS,0.036302857217323396,0.02417029196938522,0.007015288330686638,0.0262761520479895,0.002052830617744837,0.5249942473229046,0.8825642200566233
Epileptic,original,11500,178,4,4,575,934,20261740,SRS,0.039425738009031805,0.025004518667830055,0.0072114776963423735,0.033696437137340496,0.00204412228123637,0.5152194294006335,0.5685173084421089
Epileptic,original,11500,178,4,4,575,935,20261741,PCA-QS,0.03372942843499955,0.02726221432011231,0.007923032457395233,0.02533552618509738,0.0020536479487933334,0.4987734312559832,0.5381968307826689
Epileptic,original,11500,178,4,4,575,935,20261741,SRS,0.04169535016892515,0.024180496697381693,0.006986694857307313,0.026447642062592536,0.002048457563112538,0.528414994404737,3.3044463613235826
Epileptic,original,11500,178,4,4,575,936,20261742,PCA-QS,0.035916726997854205,0.022278874920500128,0.006431201018330311,0.02676560380780657,0.002043919825508929,0.5255984133345886,0.7980571977253141
Epileptic,original,11500,178,4,4,575,936,20261742,SRS,0.0355302428303555,0.023759609478924654,0.006852464699985165,0.02225590517073428,0.0020506716191796563,0.5412818991993922,0.9496011975704045
Epileptic,original,11500,178,4,4,575,937,20261743,PCA-QS,0.03182219217568631,0.02435844280058402,0.007072471054267889,0.023830674411243535,0.0020793354903361765,0.5361435117900907,0.4823748301856649
Epileptic,original,11500,178,4,4,575,937,20261743,SRS,0.040467191000042674,0.02343942507011072,0.006709789555138877,0.033229347106729534,0.002077405513677478,0.49007039534287505,1.2737709902539216
Epileptic,original,11500,178,4,4,575,938,20261744,PCA-QS,0.036241249191170166,0.023892703580674933,0.006865540539015922,0.02296401456670516,0.002061973981645912,0.5276438446182605,2.7022769551771457
Epileptic,original,11500,178,4,4,575,938,20261744,SRS,0.05486196069865752,0.030371728240557724,0.00880529827662858,0.046419802797467824,0.0020532284986887234,0.5931365556972675,2.467275816930007
Epileptic,original,11500,178,4,4,575,939,20261745,PCA-QS,0.03898535799535208,0.027044524761098542,0.00787458449035632,0.028228773586285172,0.0020547267852805305,0.5386545036914353,2.0048006782153336
Epileptic,original,11500,178,4,4,575,939,20261745,SRS,0.03505200317877413,0.02608468565540601,0.007607402894370855,0.026930712591628492,0.0020732019518961103,0.5152197293166901,2.3710616092174157
Epileptic,original,11500,178,4,4,575,940,20261746,PCA-QS,0.03166807390706165,0.023447041917358188,0.006763610180297642,0.027760527752795028,0.0020576461754144536,0.5673122872406398,1.084498242263055
Epileptic,original,11500,178,4,4,575,940,20261746,SRS,0.034875142869787004,0.02585766426504959,0.00749563590485618,0.02851974400168622,0.002063043571198233,0.6094233546691072,1.2267952775493782
Epileptic,original,11500,178,4,4,575,941,20261747,PCA-QS,0.04102759094229575,0.027537477464314203,0.008025155033772083,0.03256818254730298,0.002058396654617521,0.5096790622940356,1.1514467336002643
Epileptic,original,11500,178,4,4,575,941,20261747,SRS,0.03571497149569038,0.02459810313315973,0.007127094255292111,0.025766477922960718,0.002075641177634674,0.5172066728574721,1.150823802308811
Epileptic,original,11500,178,4,4,575,942,20261748,PCA-QS,0.03196568587230701,0.02619911537655949,0.0076100305998042005,0.025475664648780594,0.00207643596373219,0.5554453067268508,0.6858999254341658
Epileptic,original,11500,178,4,4,575,942,20261748,SRS,0.033023479067791406,0.024834296710356054,0.007188583212193506,0.023014029103659794,0.0020441612307618554,0.529825316802315,0.9012061191991226
Epileptic,original,11500,178,4,4,575,943,20261749,PCA-QS,0.04281037383251991,0.029163049870710354,0.008499091596180385,0.03541720319679342,0.0021006219862146815,0.567435054492924,0.8605889896946612
Epileptic,original,11500,178,4,4,575,943,20261749,SRS,0.04140163092100326,0.023018638959116485,0.006597392728399465,0.03149710697955577,0.002084863894586765,0.5167018354763453,1.917988024310661
Epileptic,original,11500,178,4,4,575,944,20261750,PCA-QS,0.034447568187996665,0.02538656572016256,0.007351455620885564,0.025653205943616086,0.0020408908249299547,0.5739136355956269,1.3836548388444512
Epileptic,original,11500,178,4,4,575,944,20261750,SRS,0.040711060687892306,0.025438512897461237,0.0073248251454623185,0.03554917657018741,0.0020477150193261256,0.5408226777570763,0.9327463131037883
Epileptic,original,11500,178,4,4,575,945,20261751,PCA-QS,0.04383519526032188,0.02814214080924427,0.008223917458558083,0.0370053958494605,0.0020739204957875537,0.6063414261304868,0.526805902133078
Epileptic,original,11500,178,4,4,575,945,20261751,SRS,0.034891886831425835,0.02650708053297409,0.007715228408889908,0.027269575277477642,0.0020521382694322606,0.5435928625710582,1.9694378754871924
Epileptic,original,11500,178,4,4,575,946,20261752,PCA-QS,0.03356724336712695,0.026737449319556367,0.007806131143050327,0.027302975390062656,0.0020478698620985227,0.5774415779693871,1.258026450392035
Epileptic,original,11500,178,4,4,575,946,20261752,SRS,0.0345731795839965,0.02437791978391861,0.007109432575811379,0.022857206428852805,0.0021001166645805485,0.5091651926799058,1.3495718892286375
Epileptic,original,11500,178,4,4,575,947,20261753,PCA-QS,0.031217874399488095,0.024650277228068524,0.007157968239128774,0.02481941924947506,0.0020606865544222086,0.5226669352527991,1.0665704795800113
Epileptic,original,11500,178,4,4,575,947,20261753,SRS,0.040032049613839014,0.025000126738237198,0.007217517468530297,0.029441103247979328,0.0020384705954846543,0.5522448090290483,0.48536321035334384
Epileptic,original,11500,178,4,4,575,948,20261754,PCA-QS,0.033673311337603,0.02529042533351263,0.007326796618471818,0.02704768325348539,0.002054758868528197,0.5516051311566083,1.2593151313895559
Epileptic,original,11500,178,4,4,575,948,20261754,SRS,0.04869703574403368,0.02418866208799232,0.006845411175385174,0.03378987067883976,0.0020718623486383507,0.47274636131761194,1.4959494969610505
Epileptic,original,11500,178,4,4,575,949,20261755,PCA-QS,0.03522830133053184,0.024031831919138855,0.006952732295977487,0.027990795705640892,0.002055558748333318,0.5409577847065322,0.7250973374083285
Epileptic,original,11500,178,4,4,575,949,20261755,SRS,0.04226633467581575,0.02887069568347457,0.008402653724220997,0.033083294684230324,0.002061269614255328,0.586852952496826,1.1382954055564853
Epileptic,original,11500,178,4,4,575,950,20261756,PCA-QS,0.03329071973990217,0.025156460188113718,0.007310266537413666,0.022631018284032578,0.002067907811212816,0.5245668038639295,1.5354744731860734
Epileptic,original,11500,178,4,4,575,950,20261756,SRS,0.03179530060926249,0.02557408629422179,0.0074289375085505914,0.02440625803399854,0.002049092651058049,0.5028342471314741,1.4249065351817187
Epileptic,original,11500,178,4,4,575,951,20261757,PCA-QS,0.035860209441896836,0.0244919839821576,0.007094217525863162,0.025835639217230977,0.0020735544913139314,0.5225472410785846,0.7410284034965883
Epileptic,original,11500,178,4,4,575,951,20261757,SRS,0.03568327119681887,0.02470807492107275,0.0071693917856720975,0.026819719357488836,0.002038429478602827,0.5098823547863233,1.0924583634915213
Epileptic,original,11500,178,4,4,575,952,20261758,PCA-QS,0.03483532241342213,0.025489040945560298,0.007415189528061027,0.02425656823016631,0.0020828137442400903,0.5889895454701853,0.671290844469599
Epileptic,original,11500,178,4,4,575,952,20261758,SRS,0.038256902241974276,0.02476588384620635,0.007154808353675443,0.03272161957637287,0.0020679678715858876,0.5865647050314594,1.589645723974794
Epileptic,original,11500,178,4,4,575,953,20261759,PCA-QS,0.042174723888771276,0.02790924288808439,0.008096114866462034,0.03495924761071656,0.0020628649812939916,0.5111310631335197,1.0426610642496195
Epileptic,original,11500,178,4,4,575,953,20261759,SRS,0.03518438853656813,0.02339627571548997,0.0067300404649305,0.026929731477542518,0.002077639758602248,0.5526316552796278,0.933495401140573
Epileptic,original,11500,178,4,4,575,954,20261760,PCA-QS,0.029832368475209165,0.023203595109540537,0.006738055897002378,0.02226347640280757,0.002073612411947053,0.5170438668057494,0.7919458152779331
Epileptic,original,11500,178,4,4,575,954,20261760,SRS,0.03547904257722103,0.02351552645744794,0.00680002080736325,0.02496939424469602,0.002081136226499019,0.5344207647855456,1.5098334739684645
Epileptic,original,11500,178,4,4,575,955,20261761,PCA-QS,0.03185635571321169,0.02524946556099544,0.007307869444585625,0.024086599058936287,0.002076656496017211,0.6030406967180265,0.5763502320992969
Epileptic,original,11500,178,4,4,575,955,20261761,SRS,0.03460802958416132,0.025842980001138157,0.007519684884279218,0.027097588710969234,0.0020882073408449156,0.5312889463685343,1.2738826091501405
Epileptic,original,11500,178,4,4,575,956,20261762,PCA-QS,0.03241040544696506,0.02291110109896611,0.006609984824734457,0.02889255391771428,0.002057372747212618,0.49234352996693426,3.253829880735948
Epileptic,original,11500,178,4,4,575,956,20261762,SRS,0.04680929804293401,0.026621042768476103,0.0076520965130545595,0.04380883350162179,0.00207190464227463,0.579280091058671,0.572882845830852
Epileptic,original,11500,178,4,4,575,957,20261763,PCA-QS,0.03433868806144383,0.02520898388577441,0.007291815195025539,0.023584783151541444,0.0020325513684637843,0.4786232784486514,1.1006457408152555
Epileptic,original,11500,178,4,4,575,957,20261763,SRS,0.032941879407923966,0.026808402164661325,0.00781767776684742,0.029482766224166568,0.0020693284183448644,0.5328660340393278,1.6183326876337174
Epileptic,original,11500,178,4,4,575,958,20261764,PCA-QS,0.03585544796561594,0.025562381334340727,0.007429140509444506,0.02879568098790486,0.0020567453412115707,0.5311526556206474,0.5238727768803038
Epileptic,original,11500,178,4,4,575,958,20261764,SRS,0.03567865913489583,0.02542857835090816,0.00739728088665655,0.026926471264509644,0.0020657811498959707,0.600788632584637,0.6071422149701214
Epileptic,original,11500,178,4,4,575,959,20261765,PCA-QS,0.03527986699511706,0.02629322027649659,0.007615565002051671,0.02476740412040712,0.0020666502222484724,0.5743939469906193,0.6512902601173921
Epileptic,original,11500,178,4,4,575,959,20261765,SRS,0.035294876096113946,0.024210005257826937,0.007035046982327432,0.03089776638359787,0.002068518231778811,0.5198988471943468,0.5778832341232598
Epileptic,original,11500,178,4,4,575,960,20261766,PCA-QS,0.03592799030449581,0.02622360206702713,0.007596770169384644,0.023498153267631494,0.0020465251147414243,0.5770218064628906,0.9975273734590404
Epileptic,original,11500,178,4,4,575,960,20261766,SRS,0.03261992016592147,0.025682083324482973,0.007488107763789179,0.02340714665277055,0.0020717125555010352,0.5735380825023766,0.8837809337727567
Epileptic,original,11500,178,4,4,575,961,20261767,PCA-QS,0.0352666738935408,0.02682567154873486,0.007802875658566097,0.029219780475282064,0.002081772235358636,0.616608362962424,1.0159376264693754
Epileptic,original,11500,178,4,4,575,961,20261767,SRS,0.03827530179798207,0.023589266603972182,0.006786287575561764,0.025151904992382512,0.0021033030102922986,0.5015686622037099,0.8866737808682406
Epileptic,original,11500,178,4,4,575,962,20261768,PCA-QS,0.03228586858763004,0.025926948940750174,0.0075521657450861755,0.025574828081836642,0.0020642496760282735,0.5462098211745635,1.7832857102535478
Epileptic,original,11500,178,4,4,575,962,20261768,SRS,0.035159233370879985,0.025417736124480995,0.007366953369208947,0.02829870777086896,0.0020596661044470525,0.5067788861109083,1.2404011573015221
Epileptic,original,11500,178,4,4,575,963,20261769,PCA-QS,0.033438469192210926,0.02489104255138316,0.0072464248335871615,0.026662358081393833,0.0020554560931599418,0.5068294683990444,1.0736555896386797
Epileptic,original,11500,178,4,4,575,963,20261769,SRS,0.03852918194084469,0.026766540029962482,0.00777645893184794,0.030959782428436,0.002039838073948456,0.6045329804182095,1.3548571619355012
Epileptic,original,11500,178,4,4,575,964,20261770,PCA-QS,0.03673350988910593,0.024123506440326018,0.006921173969856728,0.028059421093024284,0.0020705683893869737,0.466858789551543,0.9666479434633244
Epileptic,original,11500,178,4,4,575,964,20261770,SRS,0.04086115803710187,0.027725259489450732,0.008067882194795331,0.02793512022924638,0.002055482944473347,0.5125554481868627,2.418822264454275
Epileptic,original,11500,178,4,4,575,965,20261771,PCA-QS,0.035870082099122874,0.021918719464278463,0.006332732127881205,0.022653666782279203,0.002072831919611433,0.484797407775269,3.3894780351456832
Epileptic,original,11500,178,4,4,575,965,20261771,SRS,0.035431839872811226,0.024009191966017876,0.006958518045368499,0.026664273150412754,0.0020602198615466546,0.5339383549845549,1.0946363506563688
Epileptic,original,11500,178,4,4,575,966,20261772,PCA-QS,0.034963806378987716,0.025307442290506327,0.0073542711655674884,0.02855637118299903,0.0020356555535742363,0.5306277457497374,0.7871720753159581
Epileptic,original,11500,178,4,4,575,966,20261772,SRS,0.04833601119857625,0.022531684437312644,0.006410152755420876,0.04011977198558725,0.0020662765996786584,0.49978035779641944,2.506612576652421
Epileptic,original,11500,178,4,4,575,967,20261773,PCA-QS,0.03670284806092047,0.02500696901491279,0.007226888196925512,0.029064054993947153,0.0020369984311937274,0.5300458285589758,1.3542990315942929
Epileptic,original,11500,178,4,4,575,967,20261773,SRS,0.03445223917651735,0.024641657858220208,0.007124671381201017,0.024473834187435983,0.0020621582160237767,0.5438488562217744,1.0575712071369296
Epileptic,original,11500,178,4,4,575,968,20261774,PCA-QS,0.03371655257563372,0.02406713931145639,0.006975195252751306,0.02686318139818944,0.0020437800063912185,0.5797740254284854,2.432477546424979
Epileptic,original,11500,178,4,4,575,968,20261774,SRS,0.03988780445538673,0.027952810926565062,0.008144573583499596,0.03187316786741512,0.0020844016309949772,0.5815467747579794,2.316649787972565
Epileptic,original,11500,178,4,4,575,969,20261775,PCA-QS,0.03624036323487373,0.02696566971700649,0.007845754391411261,0.02904126296098397,0.00202020025940269,0.6118485355267567,1.7631221941674018
Epileptic,original,11500,178,4,4,575,969,20261775,SRS,0.0346568081211712,0.02504304088323915,0.0072932118009305935,0.0307888111708845,0.0020651385795825176,0.5729939117226818,0.6149622624764683
Epileptic,original,11500,178,4,4,575,970,20261776,PCA-QS,0.03893758142717784,0.026287469222037924,0.007617159937319145,0.02796347678232003,0.002072402349287286,0.5667911690473425,0.5965782122799312
Epileptic,original,11500,178,4,4,575,970,20261776,SRS,0.033430866774031044,0.02529763607989468,0.00734034066626711,0.026611487230567832,0.002076188178954239,0.5353852483463222,1.6885485447219248
Epileptic,original,11500,178,4,4,575,971,20261777,PCA-QS,0.038091815044701535,0.02726659061325478,0.007905854813421194,0.02798601139393142,0.002068488845536749,0.5662575315594084,2.48553304193302
Epileptic,original,11500,178,4,4,575,971,20261777,SRS,0.04277656351913293,0.027605758864434057,0.008040914966839266,0.03251260332775807,0.0020610770345693905,0.6076582712838406,0.8019576926094416
Epileptic,original,11500,178,4,4,575,972,20261778,PCA-QS,0.03517583865000948,0.024218348538998086,0.0070043788168992725,0.025008980570740746,0.002073412930735946,0.5594245344306059,2.1050472583536832
Epileptic,original,11500,178,4,4,575,972,20261778,SRS,0.04473642407061182,0.02474982024163139,0.006949589629290357,0.03360244161649639,0.0020658765238013607,0.4979748003040893,1.698563539430482
Epileptic,original,11500,178,4,4,575,973,20261779,PCA-QS,0.03628460775191526,0.0267065610788953,0.007691302122268636,0.02597140062109915,0.0020808002651211558,0.5442684929977515,0.47356355713422654
Epileptic,original,11500,178,4,4,575,973,20261779,SRS,0.03908297843875328,0.025044926357950838,0.007196595414255432,0.024189431449048726,0.0020802979260865183,0.4943046857431273,1.0583982773362526
Epileptic,original,11500,178,4,4,575,974,20261780,PCA-QS,0.03600630848094619,0.025896764924611477,0.0075285418894599975,0.02859763126092396,0.0020623737819524665,0.5392428524040788,1.3634002528390743
Epileptic,original,11500,178,4,4,575,974,20261780,SRS,0.03333852661100074,0.02546947883692083,0.007402379086577585,0.02400101404416688,0.0020887292126340836,0.529779026299739,0.5841169743612074
Epileptic,original,11500,178,4,4,575,975,20261781,PCA-QS,0.0384786975731077,0.027598422976298217,0.008050422953079589,0.028419872665264023,0.002062818131172993,0.5487287437600442,1.4852209982037754
Epileptic,original,11500,178,4,4,575,975,20261781,SRS,0.03441844273386781,0.024103513949921315,0.006987723005634894,0.025472506772485914,0.002071131076350597,0.5261763250218036,0.7946697789119209
Epileptic,original,11500,178,4,4,575,976,20261782,PCA-QS,0.033133136350877106,0.02487594469905639,0.007211638858548918,0.02723843251458824,0.0020564891178616023,0.596895035568844,0.9641806596884507
Epileptic,original,11500,178,4,4,575,976,20261782,SRS,0.039043039600495114,0.02447318556744342,0.007066512609439784,0.029528273565082586,0.0020467186789612027,0.5082776221589151,0.613890955128998
Epileptic,original,11500,178,4,4,575,977,20261783,PCA-QS,0.029020847154722897,0.024694307775723047,0.007189842147447263,0.0219139281469225,0.0020773444755086577,0.5963350673377841,1.1284956736212173
Epileptic,original,11500,178,4,4,575,977,20261783,SRS,0.052038370150898856,0.02404906550943295,0.006778078643028892,0.04673219731296285,0.0020545768681561488,0.5138205414156267,1.569593496964972
Epileptic,original,11500,178,4,4,575,978,20261784,PCA-QS,0.03289129947689852,0.026507573992063636,0.00773521749649685,0.02516062525306495,0.0020490297068934196,0.5288599742393859,0.9032933321183203
Epileptic,original,11500,178,4,4,575,978,20261784,SRS,0.035627095686704253,0.02582352254501004,0.0075285687473354065,0.028336695880346596,0.0020712346634899027,0.5975557558936748,2.1638435264841154
Epileptic,original,11500,178,4,4,575,979,20261785,PCA-QS,0.04077123874277387,0.028526623924030915,0.008304756018075657,0.032289116870673595,0.002050745845217143,0.5997543554382329,1.058884672465201
Epileptic,original,11500,178,4,4,575,979,20261785,SRS,0.0351191244523738,0.024882346513680605,0.007189430866711254,0.02790597925056737,0.0020816522376290334,0.563518777666892,0.5993460411853966
Epileptic,original,11500,178,4,4,575,980,20261786,PCA-QS,0.03196931039517962,0.025189576825718506,0.0073112229225163515,0.022335542941513964,0.002033715118261257,0.5247155738073555,1.252993798463683
Epileptic,original,11500,178,4,4,575,980,20261786,SRS,0.03573881326491043,0.027065002407831888,0.007870277202283636,0.027149107510924253,0.0020924780420649523,0.5879008870474742,1.8828104606257825
Epileptic,original,11500,178,4,4,575,981,20261787,PCA-QS,0.03547949438037298,0.025259373984822375,0.007312680522389756,0.0233961288347313,0.00205873349184273,0.5551006306010053,0.6832782796126229
Epileptic,original,11500,178,4,4,575,981,20261787,SRS,0.038474279346608575,0.023007070043309086,0.006608133096715362,0.0316080725115544,0.002082023293737807,0.524173144366535,1.0532199527288808
Epileptic,original,11500,178,4,4,575,982,20261788,PCA-QS,0.044923861905184284,0.027610006676895515,0.007980929922905444,0.03417732456223632,0.002065215050811333,0.5804039578879213,1.3504358052542398
Epileptic,original,11500,178,4,4,575,982,20261788,SRS,0.03753361127418903,0.027250684065088182,0.007931406523358185,0.02859889157823403,0.0020651222115482225,0.5640352422553976,0.6099884512147065
Epileptic,original,11500,178,4,4,575,983,20261789,PCA-QS,0.03235765992237513,0.02501074440229036,0.007232255335555901,0.023209707167975324,0.002075583124784337,0.5953756240675091,1.758788182664154
Epileptic,original,11500,178,4,4,575,983,20261789,SRS,0.03106662231474124,0.02577963132613334,0.007524914272421846,0.027175528150598538,0.0020427852832699983,0.554577726954678,0.5755735620664328
Epileptic,original,11500,178,4,4,575,984,20261790,PCA-QS,0.03165572193531031,0.025573529273631625,0.007430570415512857,0.020853289745167203,0.0020411272625403343,0.49212705714805305,0.6613279075193648
Epileptic,original,11500,178,4,4,575,984,20261790,SRS,0.035644866396304604,0.02426247445624458,0.006977604908368039,0.022633149472145675,0.0020708457887584878,0.528585413425416,0.656396013809411
Epileptic,original,11500,178,4,4,575,985,20261791,PCA-QS,0.02944376163461826,0.022656375362678397,0.006591977649218421,0.02198939191708682,0.002063955021022686,0.5061945814526869,0.7438709592437666
Epileptic,original,11500,178,4,4,575,985,20261791,SRS,0.04133950744313482,0.024123893488206656,0.006900313868661899,0.029780590392238793,0.0020671184593911117,0.5201403680148826,1.44595102892437
Epileptic,original,11500,178,4,4,575,986,20261792,PCA-QS,0.043128645662965794,0.027903624984785786,0.008077969612219911,0.03496180434762053,0.0020787901494482867,0.6274687918994309,1.7132235981793165
Epileptic,original,11500,178,4,4,575,986,20261792,SRS,0.04464778138013075,0.024738012665370922,0.0070193407160233715,0.029596901716709922,0.0021122082594487706,0.5205179859099351,1.5194476131997108
Epileptic,original,11500,178,4,4,575,987,20261793,PCA-QS,0.03386731616172635,0.023660015892214305,0.00684829737636051,0.028111728298554794,0.002071372722657998,0.5057669758063567,1.6691854850183316
Epileptic,original,11500,178,4,4,575,987,20261793,SRS,0.041410760502917025,0.028045559037215433,0.008175543325145822,0.038483299366495416,0.002078278656448029,0.5644969105627557,1.7304836726176682
Epileptic,original,11500,178,4,4,575,988,20261794,PCA-QS,0.03215528776323871,0.02201143921836379,0.006348659273606334,0.024274660429503214,0.0020686848350678177,0.474326895899629,1.3919262297226145
Epileptic,original,11500,178,4,4,575,988,20261794,SRS,0.03546746512542791,0.02711429954615947,0.007928671233924238,0.029389364618028324,0.0020522775435917774,0.5773752742645772,1.0585061640445763
Epileptic,original,11500,178,4,4,575,989,20261795,PCA-QS,0.030798825585962655,0.025503749013044197,0.007410984254473091,0.022178218678050143,0.002083664173054233,0.5080761237811862,1.1595910770755244
Epileptic,original,11500,178,4,4,575,989,20261795,SRS,0.0374121024244223,0.024775272952499337,0.007164488941345704,0.02845283080791816,0.002086664289471426,0.5735275177748563,0.7207287006965604
Epileptic,original,11500,178,4,4,575,990,20261796,PCA-QS,0.035279720830011393,0.025410970037630966,0.007401036914567706,0.02681811001843748,0.002073580935651092,0.5569549142823955,1.363359436015495
Epileptic,original,11500,178,4,4,575,990,20261796,SRS,0.03219281100659849,0.024954786881548802,0.007269618621944057,0.023156956604950096,0.0020526255369198963,0.5721300755089276,0.9856588895459796
Epileptic,original,11500,178,4,4,575,991,20261797,PCA-QS,0.036053511039952815,0.025670314895411883,0.007463459908902267,0.026785487693134158,0.002060435437364102,0.5653163890682875,0.5767043679290396
Epileptic,original,11500,178,4,4,575,991,20261797,SRS,0.031435658505409025,0.024546820678294563,0.007166403413902204,0.024562898508472486,0.002073000458181345,0.5147216195430456,0.9501635737159969
Epileptic,original,11500,178,4,4,575,992,20261798,PCA-QS,0.0369702120938076,0.023401714114729126,0.006778737707033845,0.027854399433067556,0.002059612873544628,0.568343705251062,0.444394571607329
Epileptic,original,11500,178,4,4,575,992,20261798,SRS,0.035725131283582255,0.02350732342020846,0.006770805754415414,0.026291106206361547,0.00205290101229611,0.5189926939839107,2.063281243369985
Epileptic,original,11500,178,4,4,575,993,20261799,PCA-QS,0.03645140257409496,0.026330447097804983,0.00762114883535853,0.031388032401920896,0.002051366848980166,0.543773109372015,0.6676416356031463
Epileptic,original,11500,178,4,4,575,993,20261799,SRS,0.03420688367723092,0.02557802456604018,0.007443336968049225,0.0313725105888345,0.002080694222177277,0.5193877935409068,0.5341810936859421
Epileptic,original,11500,178,4,4,575,994,20261800,PCA-QS,0.034738406167105614,0.025284502098493842,0.007334399578555983,0.024546543271572574,0.0020619963075630787,0.5223341248371981,0.9184878998049508
Epileptic,original,11500,178,4,4,575,994,20261800,SRS,0.034880968320300035,0.026900144919906617,0.007840568393457543,0.027756281996571985,0.002072415728201031,0.5357047156129362,2.0069532045012894
Epileptic,original,11500,178,4,4,575,995,20261801,PCA-QS,0.032685165275894684,0.02468391100539132,0.007204128534290663,0.02619086910205759,0.0020518713612918764,0.5155697737549578,0.9375907905473475
Epileptic,original,11500,178,4,4,575,995,20261801,SRS,0.03660624075108777,0.02493306523818752,0.007252504722901484,0.02665959044477617,0.002076027803849943,0.5639076202275164,0.4909453733899434
Epileptic,original,11500,178,4,4,575,996,20261802,PCA-QS,0.029125306439612742,0.024990253430090127,0.007292225224516347,0.02130223969238898,0.0020686555622593606,0.5548620364050669,1.0291523180921112
Epileptic,original,11500,178,4,4,575,996,20261802,SRS,0.040283985925921514,0.028522583935133173,0.008310315147877457,0.032799819648211326,0.0020687538199929915,0.5558601003607849,0.5675214110537655
Epileptic,original,11500,178,4,4,575,997,20261803,PCA-QS,0.03433529853894138,0.02600160845022134,0.007552484245414589,0.030627780340187982,0.0020730528295650583,0.608214796057239,0.7492786775235856
Epileptic,original,11500,178,4,4,575,997,20261803,SRS,0.04074175486346223,0.02760541173311736,0.008012867401839157,0.030241870732215403,0.0020726017953624147,0.5495121231387352,0.7389038222729994
Epileptic,original,11500,178,4,4,575,998,20261804,PCA-QS,0.02787776376288373,0.02314752240407355,0.006730975001380454,0.022901395708304406,0.002058732031544135,0.47467206312982524,1.665135401608325
Epileptic,original,11500,178,4,4,575,998,20261804,SRS,0.03597963097336336,0.026206716857417794,0.007596930876879652,0.026064368058451137,0.002085862649440585,0.5180682057749676,3.7259405514864388
Epileptic,original,11500,178,4,4,575,999,20261805,PCA-QS,0.03763724080291985,0.026385946188927454,0.007688498264899866,0.03074027576116478,0.002043714565220286,0.5373450286203345,0.9664570689066783
Epileptic,original,11500,178,4,4,575,999,20261805,SRS,0.037865179392814106,0.024849489167541497,0.007154681211830941,0.025676031343842,0.0020755860236782954,0.5013324236032086,1.0795971500990629
OnlineNews,original,39644,56,4,6,1982,0,20260806,PCA-QS,0.013544714674307188,0.009027788508939602,0.002715634079972424,0.010897910425892832,0.0009550196403248908,0.14192456499818437,0.13962956653040878
OnlineNews,original,39644,56,4,6,1982,0,20260806,SRS,0.013320266968174777,0.008828134942578529,0.002657463435770118,0.009837807045666835,0.0009433908877966445,0.13612978337610546,0.33504877702865965
OnlineNews,original,39644,56,4,6,1982,1,20260807,PCA-QS,0.016091415235398178,0.008642904055141972,0.0026177488145134667,0.009538465542309638,0.0009583874768571124,0.15256398531168752,0.06874384072082644
OnlineNews,original,39644,56,4,6,1982,1,20260807,SRS,0.015222083395454758,0.009144028701333287,0.0027479691738192956,0.012506356654945705,0.0009462104001476162,0.1734292804874073,0.16465412156310943
OnlineNews,original,39644,56,4,6,1982,2,20260808,PCA-QS,0.01967307972787655,0.008789615160730468,0.0026535757520292766,0.011754731065899193,0.0009547395638466896,0.15612709758219984,0.19636634066465955
OnlineNews,original,39644,56,4,6,1982,2,20260808,SRS,0.019690921333092574,0.009233128341641654,0.002762340132470589,0.007720022471035648,0.000952619504876808,0.17436708478111243,0.7345567711606276
OnlineNews,original,39644,56,4,6,1982,3,20260809,PCA-QS,0.018563077009742072,0.009141086732810718,0.00273895825758155,0.012408202706925664,0.0009492327703366253,0.16730783939250232,0.8068152842436748
OnlineNews,original,39644,56,4,6,1982,3,20260809,SRS,0.021592089425703436,0.009229912686090405,0.0027728616239872106,0.010429524839832283,0.0009499389361294295,0.16299944084597728,0.2283263153955156
OnlineNews,original,39644,56,4,6,1982,4,20260810,PCA-QS,0.015344514594242973,0.009141543169114677,0.00273110157592282,0.011317830192645317,0.0009613298798716055,0.147958924260971,0.2215938497544449
OnlineNews,original,39644,56,4,6,1982,4,20260810,SRS,0.013483009710415805,0.009268321579286294,0.00277482834687224,0.011955419117887445,0.0009568578176644684,0.1802015842670488,0.2522396698347286
OnlineNews,original,39644,56,4,6,1982,5,20260811,PCA-QS,0.01245294398966687,0.008858551162080865,0.002676751140052531,0.009017940257015411,0.0009588617307692887,0.17954564141145857,0.3627728172149275
OnlineNews,original,39644,56,4,6,1982,5,20260811,SRS,0.01415500111744118,0.008928918983879304,0.0026869329712099904,0.010152184126411612,0.0009515078763876677,0.16914302719917182,0.369117059735932
OnlineNews,original,39644,56,4,6,1982,6,20260812,PCA-QS,0.011784662755676353,0.008800067878734257,0.002654809634661268,0.009727905332178821,0.0009556274670424279,0.1574132833976896,0.47132819950305227
OnlineNews,original,39644,56,4,6,1982,6,20260812,SRS,0.015123898656046816,0.008996269755554398,0.0027026911016386325,0.0103816155849632,0.00094593429808544,0.1686429396900759,0.2409629252229812
OnlineNews,original,39644,56,4,6,1982,7,20260813,PCA-QS,0.017300379520609338,0.00881370805974232,0.002661208061710989,0.010117609343872402,0.0009523770371621441,0.13942817277847416,0.2075717306916632
OnlineNews,original,39644,56,4,6,1982,7,20260813,SRS,0.020342290336967363,0.00907742333580329,0.002725162624406505,0.010237527324434836,0.000963887340853789,0.1723001608198901,0.6820645218223235
OnlineNews,original,39644,56,4,6,1982,8,20260814,PCA-QS,0.009848276896425605,0.008432416180865097,0.0025546257257999137,0.009506434303490963,0.0009487332595796587,0.11916950207609518,0.19604295750670614
OnlineNews,original,39644,56,4,6,1982,8,20260814,SRS,0.016180865821165107,0.00882304418835892,0.0026643439952924223,0.01135203212008662,0.0009511761918252304,0.15310251894073248,0.32398921594435015
OnlineNews,original,39644,56,4,6,1982,9,20260815,PCA-QS,0.013031093721063492,0.00882107519207738,0.002655317980281493,0.011053282690282273,0.0009526885733806196,0.16780106199852676,0.12360250063004226
OnlineNews,original,39644,56,4,6,1982,9,20260815,SRS,0.017414937490668164,0.009103626449507804,0.0027346504286369275,0.0103591485558443,0.0009496575517718703,0.17395806319753218,0.09423292205033992
OnlineNews,original,39644,56,4,6,1982,10,20260816,PCA-QS,0.019727871021188188,0.008983702706765028,0.002698960012609712,0.00932966079292541,0.0009593261257579785,0.14669038298899942,0.1212823408420094
OnlineNews,original,39644,56,4,6,1982,10,20260816,SRS,0.016838958756073007,0.008529123728080444,0.002582002860166364,0.00879893818874855,0.000950050675839,0.1522420129179314,0.19237346877469896
OnlineNews,original,39644,56,4,6,1982,11,20260817,PCA-QS,0.013964909285007534,0.008848330840329094,0.0026685799558695098,0.009711029352942546,0.0009518302372994977,0.1628676476866553,0.47298507411443136
OnlineNews,original,39644,56,4,6,1982,11,20260817,SRS,0.017732504724330835,0.009246921321474508,0.002775012206044294,0.010055555963131013,0.0009597948594098691,0.14172731677348455,0.3657966746417638
OnlineNews,original,39644,56,4,6,1982,12,20260818,PCA-QS,0.015496001627319466,0.008860408307674789,0.0026763471703494753,0.011590911425923167,0.0009538420175979174,0.17719603704441647,0.20082995387417382
OnlineNews,original,39644,56,4,6,1982,12,20260818,SRS,0.011976256073973887,0.009143170289558073,0.0027430251361409684,0.010214762174729941,0.0009532806946887285,0.1395788213061213,0.3788285717221571
OnlineNews,original,39644,56,4,6,1982,13,20260819,PCA-QS,0.012501968103741006,0.009166033769663602,0.0027551054359332672,0.009827294627628547,0.0009437629412675281,0.16441444939900415,0.11529279330593589
OnlineNews,original,39644,56,4,6,1982,13,20260819,SRS,0.011771042283733265,0.009184397416450718,0.0027510503178764696,0.009298184153950118,0.0009561952475166287,0.14547414766565178,0.52232075569729
OnlineNews,original,39644,56,4,6,1982,14,20260820,PCA-QS,0.012455045714147687,0.008617403067639163,0.002605324376249965,0.010352040194435475,0.0009536821914843097,0.12576059326779757,0.3031615369007689
OnlineNews,original,39644,56,4,6,1982,14,20260820,SRS,0.014487291411215157,0.009194472300834283,0.002740858748940481,0.011221431129065707,0.0009599495710023777,0.15598091004640696,0.19054612414820576
OnlineNews,original,39644,56,4,6,1982,15,20260821,PCA-QS,0.014746616822458798,0.008801833827899563,0.0026498142049748543,0.010323533693515685,0.0009543152836825335,0.17656748173259762,0.1455221572165002
OnlineNews,original,39644,56,4,6,1982,15,20260821,SRS,0.02335294035986471,0.008875152047221864,0.002672249190801818,0.010116757285665301,0.0009576028462401525,0.16038415993545024,0.160775849563001
OnlineNews,original,39644,56,4,6,1982,16,20260822,PCA-QS,0.01829433079934145,0.008954695497848731,0.0026898385704684333,0.013121027863750356,0.0009516334394708607,0.16433587150016413,0.19557766830894496
OnlineNews,original,39644,56,4,6,1982,16,20260822,SRS,0.01882698215684855,0.009002783104331778,0.0026905088626513443,0.009651536974825348,0.0009568945893086271,0.17113648482247235,0.05192969227024881
OnlineNews,original,39644,56,4,6,1982,17,20260823,PCA-QS,0.015213058686392899,0.008967172122348646,0.002703613133353204,0.009842538601406048,0.0009587736996337578,0.12376432429620057,0.391275503245417
OnlineNews,original,39644,56,4,6,1982,17,20260823,SRS,0.02057138941266176,0.009164071692131473,0.0027528179225117253,0.011196812008032353,0.0009583964788695482,0.15499305483043502,0.10284915641710989
OnlineNews,original,39644,56,4,6,1982,18,20260824,PCA-QS,0.01229345358061373,0.008805819885421744,0.0026524698557034193,0.009813602088922124,0.0009634472651608184,0.15545377403420602,0.11002828692280921
OnlineNews,original,39644,56,4,6,1982,18,20260824,SRS,0.01656189721683399,0.00926574641226372,0.0027764477439702383,0.013830545565443941,0.0009560096620872514,0.15063633672414017,0.2865293253947463
OnlineNews,original,39644,56,4,6,1982,19,20260825,PCA-QS,0.01397115900091694,0.008596688397968566,0.0026121480728196478,0.009745009017223083,0.0009538590008112737,0.15701441275549594,0.10627300656372746
OnlineNews,original,39644,56,4,6,1982,19,20260825,SRS,0.014627911617581282,0.008993892981741186,0.0027056010132107296,0.010701917440714581,0.0009518240774640607,0.1698214222812526,0.11515171824776052
OnlineNews,original,39644,56,4,6,1982,20,20260826,PCA-QS,0.014352653089686739,0.00871496407869828,0.0026385791437692693,0.00991246215133934,0.0009542867156708319,0.1417722415839672,0.268102611437195
OnlineNews,original,39644,56,4,6,1982,20,20260826,SRS,0.018203558232066052,0.00908100119038551,0.0027253879939867693,0.008645210350264776,0.0009505802113772083,0.14307855317865364,0.31645399497223947
OnlineNews,original,39644,56,4,6,1982,21,20260827,PCA-QS,0.015577040281764612,0.008535522061917405,0.002585290277273849,0.009115637396632792,0.0009534595258031062,0.15276920829297402,0.3425757707129959
OnlineNews,original,39644,56,4,6,1982,21,20260827,SRS,0.011743394350454267,0.009061022160130005,0.0027325841105113997,0.010291656900633939,0.0009615685575592285,0.18351599378472427,0.30531085473381187
OnlineNews,original,39644,56,4,6,1982,22,20260828,PCA-QS,0.01154258866908224,0.008904880747960807,0.0026756565663016603,0.009731791219605768,0.0009533299318349964,0.12799782146444308,0.2356136630945075
OnlineNews,original,39644,56,4,6,1982,22,20260828,SRS,0.015232421155480097,0.008983596515179776,0.002697677977016276,0.0089399814159421,0.0009552700757636727,0.14998665345128018,0.48242613608743157
OnlineNews,original,39644,56,4,6,1982,23,20260829,PCA-QS,0.01551014251936991,0.008599553947271434,0.002600648305821821,0.010897707335940865,0.0009542885331926663,0.15623829348055415,0.22248580419401887
OnlineNews,original,39644,56,4,6,1982,23,20260829,SRS,0.02138204753980746,0.009182673265357476,0.0027547543152868156,0.008884435527779289,0.0009535766421834928,0.15413854218888087,0.3146298293794323
OnlineNews,original,39644,56,4,6,1982,24,20260830,PCA-QS,0.013158281865258145,0.009196525711576128,0.0027613286597745423,0.01261156627937332,0.000958746519195206,0.14613447092375417,0.39699430836435945
OnlineNews,original,39644,56,4,6,1982,24,20260830,SRS,0.01827387971763213,0.009146584812339967,0.002738723016133461,0.013735657368071585,0.0009499764359949613,0.15973680881105873,0.1732956345474674
OnlineNews,original,39644,56,4,6,1982,25,20260831,PCA-QS,0.017630764462542005,0.009027168137407207,0.002709307693540549,0.010590156586252064,0.0009456879292815163,0.1404030470832895,0.17580712401401838
OnlineNews,original,39644,56,4,6,1982,25,20260831,SRS,0.014176659452627425,0.008836843942637663,0.002657222484203803,0.00880148118596047,0.0009539543732429133,0.1512934346175622,0.30871681538252366
OnlineNews,original,39644,56,4,6,1982,26,20260832,PCA-QS,0.012425344715738517,0.008842736131672059,0.002670198605512378,0.010380069860973506,0.000947233350179991,0.15935569492698287,0.3216986787703875
OnlineNews,original,39644,56,4,6,1982,26,20260832,SRS,0.018674942306206744,0.009043211872966922,0.0027191560017929004,0.010534865092013845,0.0009593852002438128,0.1512883647131709,0.2716354664311575
OnlineNews,original,39644,56,4,6,1982,27,20260833,PCA-QS,0.014394763332723713,0.008661359606256382,0.0026227836806628274,0.009127246219472696,0.000950795568294582,0.1291416710478139,0.09069140867786013
OnlineNews,original,39644,56,4,6,1982,27,20260833,SRS,0.011987173896620282,0.009005764316730416,0.0027144018983666007,0.009704502890333089,0.0009408205896608296,0.18335137286541672,0.15887123849988988
OnlineNews,original,39644,56,4,6,1982,28,20260834,PCA-QS,0.013094477956728178,0.008685303758277052,0.0026304301834353164,0.00989922627742601,0.0009535637146823704,0.15010309152729762,0.4036656251248564
OnlineNews,original,39644,56,4,6,1982,28,20260834,SRS,0.01692621395697811,0.008850758770358633,0.002672109834079377,0.012856178426707388,0.0009546779021580614,0.1318117077230582,0.13943847305399662
OnlineNews,original,39644,56,4,6,1982,29,20260835,PCA-QS,0.012866727838630188,0.008494497580935421,0.0025768723965911428,0.010374768724666694,0.0009552619585307592,0.14572305729237464,0.1344371403588322
OnlineNews,original,39644,56,4,6,1982,29,20260835,SRS,0.01674617598836498,0.009123820534357669,0.0027303299220717953,0.012120276145321185,0.0009535029838161648,0.1604201260137887,0.24951079979636787
OnlineNews,original,39644,56,4,6,1982,30,20260836,PCA-QS,0.010990932504074378,0.008748519840171286,0.0026448799998174837,0.008509124386050004,0.0009545015645776924,0.1299565090413121,0.13930972108530199
OnlineNews,original,39644,56,4,6,1982,30,20260836,SRS,0.012144015486314262,0.009042405376663506,0.002716219078415437,0.008937953187588832,0.0009482116685946242,0.16793125345827145,2.0939890515814756
OnlineNews,original,39644,56,4,6,1982,31,20260837,PCA-QS,0.023087973674211587,0.009004673647836582,0.002704848647508963,0.011841067185958565,0.0009543619241214734,0.14439584065983596,0.16059914849594809
OnlineNews,original,39644,56,4,6,1982,31,20260837,SRS,0.01898976647566589,0.008987157985710774,0.002693367260459658,0.012374395650677883,0.0009603565412856431,0.1490580157737396,0.2734647026702328
OnlineNews,original,39644,56,4,6,1982,32,20260838,PCA-QS,0.01878603832402553,0.008807841696134345,0.0026581977062419882,0.013785816222748437,0.0009448662940447203,0.1592461872473426,0.1475335151913215
OnlineNews,original,39644,56,4,6,1982,32,20260838,SRS,0.02125216316541645,0.008847606474366774,0.002660603494676455,0.009744558051679064,0.0009473832563519586,0.14605829307684928,0.5515948664949801
OnlineNews,original,39644,56,4,6,1982,33,20260839,PCA-QS,0.01761643702832008,0.00924053281854639,0.002774281709542742,0.010047832688103497,0.0009547790513778956,0.15122223344230618,0.08076025064648185
OnlineNews,original,39644,56,4,6,1982,33,20260839,SRS,0.014262329820610523,0.008911374738714667,0.0026815226630827827,0.009698555258720987,0.0009502245911231481,0.15561068928601582,0.4454774421093034
OnlineNews,original,39644,56,4,6,1982,34,20260840,PCA-QS,0.01306686641986093,0.008816248705158767,0.0026523684480269255,0.010232653124884195,0.0009584898069508372,0.15536008055157766,0.30256560657299597
OnlineNews,original,39644,56,4,6,1982,34,20260840,SRS,0.015214313302381878,0.00884125233425241,0.0026528452346852908,0.009113558720779125,0.0009622454018911015,0.12985417118028186,0.17089505012080386
OnlineNews,original,39644,56,4,6,1982,35,20260841,PCA-QS,0.012446275114331117,0.008748565461923524,0.0026395443510680056,0.009194668746735246,0.0009597918582855053,0.14737537488765173,0.2560749063367368
OnlineNews,original,39644,56,4,6,1982,35,20260841,SRS,0.014996041178168985,0.009260032820479323,0.0027755604511121687,0.011469351054037347,0.0009546109541090717,0.17442124913772358,0.4233693796204611
OnlineNews,original,39644,56,4,6,1982,36,20260842,PCA-QS,0.014048592373707872,0.008933504883029391,0.0026921933923866295,0.009028574420321789,0.0009523694991629288,0.13902710686566228,0.3103859017840721
OnlineNews,original,39644,56,4,6,1982,36,20260842,SRS,0.013915605287706976,0.009019483680868282,0.002708304747569973,0.009515116035428761,0.000950530020260106,0.14437201649451786,0.3656819307741487
OnlineNews,original,39644,56,4,6,1982,37,20260843,PCA-QS,0.01726712528702762,0.008969243593500943,0.002695382115117919,0.01094704934931734,0.0009562538345760292,0.16298939943286994,0.0911079067686515
OnlineNews,original,39644,56,4,6,1982,37,20260843,SRS,0.024109542696467375,0.009275045367906446,0.002775137365578058,0.011498218439340846,0.0009503005139244908,0.1761099453171372,0.12652302876857954
OnlineNews,original,39644,56,4,6,1982,38,20260844,PCA-QS,0.012508070242048872,0.008678650356831472,0.0026244579264792125,0.009442180618718155,0.0009533533433769325,0.14363574555482825,0.22635972949070013
OnlineNews,original,39644,56,4,6,1982,38,20260844,SRS,0.01648424326366699,0.009539670108928505,0.002847435705844865,0.009953352514644465,0.0009545111973372912,0.1753611924284208,0.11202181523475627
OnlineNews,original,39644,56,4,6,1982,39,20260845,PCA-QS,0.015457236229166648,0.008668534031528221,0.002624028926215697,0.009308405915131601,0.000950692121774055,0.13690457577830775,0.7274795527729035
OnlineNews,original,39644,56,4,6,1982,39,20260845,SRS,0.012862755310184128,0.009063964581966876,0.0027201126490762647,0.010896697968385993,0.0009518596542754329,0.16430078595229766,0.1699982011455476
OnlineNews,original,39644,56,4,6,1982,40,20260846,PCA-QS,0.018269375103544074,0.00886074991246295,0.0026679724186612374,0.008167096952719888,0.0009627265802305549,0.15605044454924913,0.4185429407257978
OnlineNews,original,39644,56,4,6,1982,40,20260846,SRS,0.02115351161365585,0.009300801222110912,0.002782304249835503,0.01214159062592124,0.0009544325460997884,0.1645535268716811,0.5465181339810283
OnlineNews,original,39644,56,4,6,1982,41,20260847,PCA-QS,0.016683453093921618,0.008641693536960482,0.0026168015258292566,0.01063478327242251,0.0009493834088961157,0.14232399247640515,0.12784984399685484
OnlineNews,original,39644,56,4,6,1982,41,20260847,SRS,0.01619871682722665,0.008964730001396951,0.0026951319659405254,0.008564697044716851,0.0009599725876564482,0.1630066539109344,0.29281285405099444
OnlineNews,original,39644,56,4,6,1982,42,20260848,PCA-QS,0.014998678904064675,0.008704783591549657,0.002636067690733639,0.010139048054133681,0.0009531154209144873,0.16441448210106668,0.17299326626482564
OnlineNews,original,39644,56,4,6,1982,42,20260848,SRS,0.014233104597879445,0.00893613205723565,0.002689191666932682,0.009191773467748021,0.0009461245642360831,0.14636415333066657,0.7182161223336128
OnlineNews,original,39644,56,4,6,1982,43,20260849,PCA-QS,0.01032882508884812,0.008779952410050846,0.0026513228839659584,0.010279595530974461,0.000954888852094206,0.12571598489153898,0.36170670414133804
OnlineNews,original,39644,56,4,6,1982,43,20260849,SRS,0.012011834385153937,0.008727548357682472,0.002631340511297222,0.007495120569506852,0.0009555859847842334,0.1376499734421645,0.1472487490908132
OnlineNews,original,39644,56,4,6,1982,44,20260850,PCA-QS,0.015045480536441861,0.008728225443502966,0.00263612719743355,0.009464123424027804,0.0009526796063058267,0.15841083653494362,0.18240283264579152
OnlineNews,original,39644,56,4,6,1982,44,20260850,SRS,0.02451016941581759,0.009134898773978063,0.002728137885416986,0.010920464287799803,0.0009563250900600766,0.16700558547552935,0.5544522770352717
OnlineNews,original,39644,56,4,6,1982,45,20260851,PCA-QS,0.014129615787375984,0.009425298086029639,0.0028198536446874373,0.011398379707205919,0.0009502645496939654,0.17336952168622896,0.30575697998062623
OnlineNews,original,39644,56,4,6,1982,45,20260851,SRS,0.014950687914667806,0.008931958027019099,0.0026834809883439304,0.010172215536185192,0.0009557335427300402,0.1494322261435018,0.24427092301303366
OnlineNews,original,39644,56,4,6,1982,46,20260852,PCA-QS,0.013108771455039636,0.009234520844430634,0.0027650334688339925,0.010122764823245589,0.0009594956851470855,0.1564393365899207,0.24019656982910143
OnlineNews,original,39644,56,4,6,1982,46,20260852,SRS,0.014885981247447971,0.008666382211069072,0.0026139966375440253,0.009764753489823974,0.0009487897630131192,0.1457806172910282,0.23128595962836968
OnlineNews,original,39644,56,4,6,1982,47,20260853,PCA-QS,0.015054708645576283,0.008986165583169161,0.0027062555496627613,0.010847986654313857,0.0009566613030408421,0.15720579018132833,0.4095620713068226
OnlineNews,original,39644,56,4,6,1982,47,20260853,SRS,0.02063042050973046,0.008795954764607974,0.0026448282274706128,0.011611022299657492,0.0009507030595409076,0.17212434065964927,0.25485895243319423
OnlineNews,original,39644,56,4,6,1982,48,20260854,PCA-QS,0.018814442518254433,0.00894924365877479,0.002695831474023419,0.009814613560934049,0.0009500342808263378,0.16390048603818255,0.22451567168889913
OnlineNews,original,39644,56,4,6,1982,48,20260854,SRS,0.012969625950925582,0.008795589070374601,0.002651718150003712,0.00942201624405925,0.0009565827700308181,0.1341698924839724,0.4782802301850043
OnlineNews,original,39644,56,4,6,1982,49,20260855,PCA-QS,0.013202598851551268,0.008547627860834224,0.002596709289898478,0.009726794387837856,0.0009549194254266227,0.15156012632371008,0.4481400347233513
OnlineNews,original,39644,56,4,6,1982,49,20260855,SRS,0.019175105460799386,0.008782472369403674,0.0026375163208687672,0.014330052821184935,0.0009547637475706154,0.1589741378635764,0.2615154929411133
OnlineNews,original,39644,56,4,6,1982,50,20260856,PCA-QS,0.01258626423260035,0.00862347555954334,0.002604787139315257,0.010710889774349752,0.0009557566090704909,0.14081779070515427,0.12301437239089777
OnlineNews,original,39644,56,4,6,1982,50,20260856,SRS,0.017850279191285862,0.008856371254402367,0.0026677580252543534,0.01013462898011852,0.0009487727193755336,0.16168850161513815,0.7150683932824359
OnlineNews,original,39644,56,4,6,1982,51,20260857,PCA-QS,0.017208447281450497,0.008817163330528819,0.0026599688952711957,0.011101614926669612,0.0009533065220321992,0.14804072400160467,0.5911831863603126
OnlineNews,original,39644,56,4,6,1982,51,20260857,SRS,0.010738169573679771,0.00879005668995431,0.0026385152273916183,0.011810039248810966,0.0009572979056909606,0.156024151796303,0.12176078783133257
OnlineNews,original,39644,56,4,6,1982,52,20260858,PCA-QS,0.015041074321896239,0.009003004844311978,0.0027061228071285164,0.010107470070197522,0.0009500723574923078,0.15849393450378407,0.32851923405378214
OnlineNews,original,39644,56,4,6,1982,52,20260858,SRS,0.01731550107421186,0.008722309779846468,0.002640765109312163,0.009173830231118174,0.000954478217028117,0.1663245759942775,0.1925173827598837
OnlineNews,original,39644,56,4,6,1982,53,20260859,PCA-QS,0.016125147732289954,0.008812019828904318,0.0026599403083732375,0.009903343009737497,0.0009495206267623206,0.16205055515583622,0.202893347197445
OnlineNews,original,39644,56,4,6,1982,53,20260859,SRS,0.014812561037096343,0.009048360675871416,0.002725995693156843,0.010578689359801885,0.0009554151945639497,0.18075422759286752,2.0415949067335823
OnlineNews,original,39644,56,4,6,1982,54,20260860,PCA-QS,0.012102218800890126,0.008854462676502113,0.0026721184612491884,0.010117691140912655,0.0009570659972852228,0.15232709977109254,0.26836940034092777
OnlineNews,original,39644,56,4,6,1982,54,20260860,SRS,0.018552184136379924,0.008963423767917767,0.0026953023894423778,0.01206577548165022,0.0009517335706372113,0.1769893853610655,0.11477304169473035
OnlineNews,original,39644,56,4,6,1982,55,20260861,PCA-QS,0.010588066477049402,0.008880140532776307,0.002679116058154969,0.00904773844196427,0.0009515621408944207,0.14595886809914746,0.14921192022870144
OnlineNews,original,39644,56,4,6,1982,55,20260861,SRS,0.01652300795858477,0.00913552664663531,0.0027380896522294085,0.011834922512180768,0.0009571414697661146,0.184181977059289,0.2570290343953928
OnlineNews,original,39644,56,4,6,1982,56,20260862,PCA-QS,0.013345162455208785,0.008853424016763969,0.002670747542681726,0.009265187432317745,0.0009643105964748442,0.15423300857300165,0.2914458896477222
OnlineNews,original,39644,56,4,6,1982,56,20260862,SRS,0.025318322746790373,0.009344171269399567,0.002784284770677714,0.013488409892763897,0.0009471484150922221,0.16922288321969042,0.12510000716266556
OnlineNews,original,39644,56,4,6,1982,57,20260863,PCA-QS,0.013256876426700457,0.008895139947712221,0.002676847785143746,0.009720842226260018,0.0009535803294129241,0.15597867719892136,0.1673058823720076
OnlineNews,original,39644,56,4,6,1982,57,20260863,SRS,0.012651374315455025,0.009043137426792325,0.0027155446518991283,0.011353602479289293,0.0009523490442464674,0.13661107598772582,0.3421094173784712
OnlineNews,original,39644,56,4,6,1982,58,20260864,PCA-QS,0.016852028350247943,0.008954014257321714,0.0026807239956035825,0.010172690926932404,0.0009558847465367492,0.14103339059021133,0.38638875780415677
OnlineNews,original,39644,56,4,6,1982,58,20260864,SRS,0.0145685115094082,0.00917234591479117,0.0027437431049624076,0.012336902573155228,0.0009460023021680536,0.16728827794216483,0.12061893469461293
OnlineNews,original,39644,56,4,6,1982,59,20260865,PCA-QS,0.01782957812953457,0.008628295773235633,0.0026177401051052777,0.011863956603853865,0.0009616247596399171,0.16740004928127847,0.25822073974209614
OnlineNews,original,39644,56,4,6,1982,59,20260865,SRS,0.01765470575412842,0.009162836933383735,0.0027297091678161706,0.010168150783169239,0.0009578568217861701,0.1616087629485316,0.19979304888391491
OnlineNews,original,39644,56,4,6,1982,60,20260866,PCA-QS,0.013209053493769291,0.00847100608233282,0.00256733882798326,0.009310075231171666,0.0009541317170394324,0.1336301260667513,0.17972125954857907
OnlineNews,original,39644,56,4,6,1982,60,20260866,SRS,0.014178283739647482,0.00900229859672867,0.002712270791583402,0.009821376265488624,0.0009539362831861986,0.16426333058884726,0.35379340342242216
OnlineNews,original,39644,56,4,6,1982,61,20260867,PCA-QS,0.01992165612983393,0.008813376887411437,0.0026411644307560893,0.009701680444925032,0.0009508628169019583,0.14510867516643786,0.35073327788679176
OnlineNews,original,39644,56,4,6,1982,61,20260867,SRS,0.01686879781168505,0.00888754704662012,0.0026750274252176818,0.009751341545278791,0.0009614689357335176,0.13209400517014058,0.17748576013165906
OnlineNews,original,39644,56,4,6,1982,62,20260868,PCA-QS,0.017556324568442114,0.009068719631669591,0.0027154469650681615,0.011383637606812158,0.000955731996560663,0.1478643945292901,0.2211084565031858
OnlineNews,original,39644,56,4,6,1982,62,20260868,SRS,0.017118387898791033,0.008952304753632572,0.002695745516200893,0.011661223817444721,0.0009578601589114637,0.12250648547738785,0.27614112288758874
OnlineNews,original,39644,56,4,6,1982,63,20260869,PCA-QS,0.01613986703501288,0.00889890408651824,0.0026766763015199707,0.00949040531452816,0.0009656804001542419,0.14731511349371562,0.553641923319125
OnlineNews,original,39644,56,4,6,1982,63,20260869,SRS,0.022083759941112332,0.008710656865980541,0.0026295915077650146,0.011653587164705215,0.0009555845648674605,0.14987051238348004,0.4443033764384776
OnlineNews,original,39644,56,4,6,1982,64,20260870,PCA-QS,0.013355801304884207,0.008981067363648272,0.002699951455765432,0.010756041393849003,0.0009518022340371332,0.16274876650666936,0.08746510544215204
OnlineNews,original,39644,56,4,6,1982,64,20260870,SRS,0.018180974049200344,0.009094768087434955,0.0027410739417713242,0.013254059574260069,0.0009549882098354238,0.16108264565778901,0.23413304515081293
OnlineNews,original,39644,56,4,6,1982,65,20260871,PCA-QS,0.019276372681583602,0.0086624566407414,0.002617441639434011,0.011668831895194742,0.0009592348068062361,0.20139649703739568,0.6073659069070242
OnlineNews,original,39644,56,4,6,1982,65,20260871,SRS,0.01767871653461563,0.008589186038867562,0.0025994920957642257,0.010266302265607763,0.0009572014007395574,0.17435805726618248,0.3004940378636527
OnlineNews,original,39644,56,4,6,1982,66,20260872,PCA-QS,0.014992383808244924,0.009134532680236288,0.002740603837712794,0.00961588907084554,0.0009548190128270633,0.12890152982928102,0.23691379633753062
OnlineNews,original,39644,56,4,6,1982,66,20260872,SRS,0.021742736997720547,0.009016970468542095,0.0027044327987533583,0.009683952931062834,0.0009534643440142449,0.15156825537319799,0.33680678819609844
OnlineNews,original,39644,56,4,6,1982,67,20260873,PCA-QS,0.013226196336032772,0.008869043381515253,0.0026608888442289404,0.009623085585451108,0.0009566199555659908,0.11535143978924346,0.060402896415683374
OnlineNews,original,39644,56,4,6,1982,67,20260873,SRS,0.016771726972479223,0.009117316217915188,0.0027310858302881636,0.013361132230528483,0.0009569358485620477,0.17617543928207705,0.31593024965183825
OnlineNews,original,39644,56,4,6,1982,68,20260874,PCA-QS,0.013842040165508248,0.008631393028802234,0.002611618047882171,0.010235086959774264,0.0009603244904809956,0.12570940627401614,0.29139215922215844
OnlineNews,original,39644,56,4,6,1982,68,20260874,SRS,0.012494859993751975,0.009068610881464661,0.0027037315630547734,0.010475176242353612,0.0009585012568532208,0.14022624496251207,0.1877689943930107
OnlineNews,original,39644,56,4,6,1982,69,20260875,PCA-QS,0.012036828592475781,0.008857293071450303,0.0026623217916804743,0.009754528958151099,0.0009381339132655447,0.1388588062164003,0.08242278434584903
OnlineNews,original,39644,56,4,6,1982,69,20260875,SRS,0.013528690580674971,0.00900175589932328,0.002711254444743637,0.009127138521051847,0.0009619114999985865,0.15938278571271697,0.31243031328230275
OnlineNews,original,39644,56,4,6,1982,70,20260876,PCA-QS,0.0157165463370701,0.00885926719967388,0.002676780604234506,0.010166096502018718,0.0009482452102301369,0.12643128650429153,0.23108749235849524
OnlineNews,original,39644,56,4,6,1982,70,20260876,SRS,0.015784250900239608,0.008962743193502301,0.002701628430423638,0.011093925305161179,0.000952228132623142,0.14083259942310988,0.2684704013603417
OnlineNews,original,39644,56,4,6,1982,71,20260877,PCA-QS,0.011554145692329746,0.008972226576481205,0.00270353679383509,0.010564663469528668,0.0009504534977192799,0.14147791893925027,0.5072811786517617
OnlineNews,original,39644,56,4,6,1982,71,20260877,SRS,0.012530816735373606,0.009049787650865003,0.0027199736943248126,0.009680074983750231,0.0009497187543781957,0.15216195887494532,0.205189106186469
OnlineNews,original,39644,56,4,6,1982,72,20260878,PCA-QS,0.011390048388059678,0.008635965386256,0.0026183360188895455,0.009669864902907221,0.0009517030915339975,0.1665650504971441,0.12711299759750372
OnlineNews,original,39644,56,4,6,1982,72,20260878,SRS,0.014562219068201014,0.008709975988215966,0.002635063139083476,0.007812627307513864,0.0009478011250672754,0.13711956000202133,0.11892060650574283
OnlineNews,original,39644,56,4,6,1982,73,20260879,PCA-QS,0.012293614755404317,0.008922963488778319,0.0026957565411156845,0.010357619329303347,0.0009638687638644075,0.14914845617422584,0.3268823097830005
OnlineNews,original,39644,56,4,6,1982,73,20260879,SRS,0.016477007916754122,0.008769987983490346,0.002643531181234161,0.010293161669158835,0.00095173532712447,0.13975900543564274,0.17028912060804233
OnlineNews,original,39644,56,4,6,1982,74,20260880,PCA-QS,0.015369843405247118,0.008723851714178185,0.0026250585257357913,0.009554426265369287,0.0009474065450160728,0.150604442476872,0.23264495095912702
OnlineNews,original,39644,56,4,6,1982,74,20260880,SRS,0.014709327658433996,0.008636881138136881,0.0026102589711206998,0.008375351981447565,0.0009613144085597438,0.15657543613897973,0.3326961900194596
OnlineNews,original,39644,56,4,6,1982,75,20260881,PCA-QS,0.012946389420563685,0.0087602966246292,0.002639526032587217,0.009442978720326067,0.0009528586476855428,0.13736974453754924,0.2671852319319813
OnlineNews,original,39644,56,4,6,1982,75,20260881,SRS,0.02852519755858144,0.009422371654841414,0.002809526246374825,0.014134173847038412,0.0009522941689217597,0.1931531852484479,0.31149842491520163
OnlineNews,original,39644,56,4,6,1982,76,20260882,PCA-QS,0.01527051582339793,0.009113765230454809,0.002738266839540021,0.008733835447438665,0.0009543375783993068,0.14824068721695233,0.25849141759204186
OnlineNews,original,39644,56,4,6,1982,76,20260882,SRS,0.018491797626597955,0.00875476720091715,0.0026329126318718923,0.009905470557635354,0.0009525322564302692,0.15467103495978898,0.22180745379268285
OnlineNews,original,39644,56,4,6,1982,77,20260883,PCA-QS,0.01836909576461538,0.008843181697995221,0.0026708845032104044,0.011406884018258623,0.0009615203185454819,0.1852357720903653,0.28486764095404227
OnlineNews,original,39644,56,4,6,1982,77,20260883,SRS,0.013116187455815062,0.0091224016099707,0.002732684001157628,0.00885121743220374,0.0009482390195347171,0.1417604785830293,0.26629090659749277
OnlineNews,original,39644,56,4,6,1982,78,20260884,PCA-QS,0.015783277072424072,0.008764774806343205,0.002648817050160989,0.010899101809252798,0.0009513584321757835,0.1487745151558924,0.18048167036162766
OnlineNews,original,39644,56,4,6,1982,78,20260884,SRS,0.013869447639616669,0.008924887193681851,0.002688936470872909,0.012294049381134542,0.0009510278860598682,0.16825887402222423,0.07187496664820527
OnlineNews,original,39644,56,4,6,1982,79,20260885,PCA-QS,0.015157106298386647,0.009053737263868596,0.0027237911307338484,0.008765392209619804,0.0009553068575543224,0.1556990087660657,0.6133146581512958
OnlineNews,original,39644,56,4,6,1982,79,20260885,SRS,0.011911867016610872,0.008719128311471832,0.002634332124889988,0.00985074710060907,0.0009528795207929728,0.15384989406093244,0.1424549733717771
OnlineNews,original,39644,56,4,6,1982,80,20260886,PCA-QS,0.01612978640779167,0.008769563695635415,0.0026442796208728365,0.009424528125890674,0.0009490265261540394,0.1309701178942378,0.5701737414381263
OnlineNews,original,39644,56,4,6,1982,80,20260886,SRS,0.015849273615319594,0.00887063171041799,0.00266656804908358,0.011021679829015696,0.0009532676778706,0.15617961639843522,0.1677334254130558
OnlineNews,original,39644,56,4,6,1982,81,20260887,PCA-QS,0.018882500002445214,0.008810322140793275,0.0026466589705125766,0.011386900294143132,0.0009544451500735683,0.1867625442682795,0.15086884486037866
OnlineNews,original,39644,56,4,6,1982,81,20260887,SRS,0.019731203954410616,0.00941548162847595,0.002811513525068727,0.010702289513597307,0.0009437550083176868,0.18068384442671742,0.0915103697841769
OnlineNews,original,39644,56,4,6,1982,82,20260888,PCA-QS,0.015903349971799284,0.008608071525758121,0.002611444888464127,0.009795530888670356,0.0009545044758502688,0.14103800117990659,0.27760321754693773
OnlineNews,original,39644,56,4,6,1982,82,20260888,SRS,0.013892849047227292,0.008760952757612997,0.0026421312474007703,0.010804313151764333,0.0009562606836658644,0.12701291271809112,0.36059908079884695
OnlineNews,original,39644,56,4,6,1982,83,20260889,PCA-QS,0.015146187261200263,0.008863159598177867,0.002669550329000236,0.009566733877903744,0.0009571749672349959,0.13011994950598604,0.22898056906471292
OnlineNews,original,39644,56,4,6,1982,83,20260889,SRS,0.020111744553027926,0.008850831471581264,0.0026650340901571237,0.010509293966814326,0.0009536043753812851,0.1834067803330995,0.41256912817768215
OnlineNews,original,39644,56,4,6,1982,84,20260890,PCA-QS,0.01564075140651886,0.00881241349933482,0.002651785731233846,0.00908940483935794,0.0009553842203333547,0.12923886363450265,0.16877437159152736
OnlineNews,original,39644,56,4,6,1982,84,20260890,SRS,0.016523274040065906,0.008923097787324018,0.002687604545409087,0.008589730822434305,0.0009498291140573136,0.16213249998075724,0.21425061020467237
OnlineNews,original,39644,56,4,6,1982,85,20260891,PCA-QS,0.01744737545094989,0.00866764272353772,0.0026212319113642613,0.008932339714279536,0.000957370808304321,0.13304469841847968,0.07161452452757351
OnlineNews,original,39644,56,4,6,1982,85,20260891,SRS,0.017942761276044307,0.009092469285540809,0.0027324981246385186,0.009961558655184888,0.000957340451794902,0.17723142296913905,0.4119645209249033
OnlineNews,original,39644,56,4,6,1982,86,20260892,PCA-QS,0.016216580695114207,0.008927720365393738,0.0026820739878918344,0.009444824561075649,0.0009602582356877255,0.14346507687285803,0.33946288021261894
OnlineNews,original,39644,56,4,6,1982,86,20260892,SRS,0.01337211924668821,0.008876949637193715,0.002670247938781445,0.009399154350328232,0.0009591423615965694,0.16838641782374938,0.5186171061213665
OnlineNews,original,39644,56,4,6,1982,87,20260893,PCA-QS,0.02008604690696473,0.008796247140099257,0.0026519754921352293,0.009621663146454296,0.0009502592578568456,0.14515301412909343,0.31604063790877357
OnlineNews,original,39644,56,4,6,1982,87,20260893,SRS,0.019869603734692102,0.009491500075470819,0.0028464519452045403,0.011448413133511082,0.0009523086951295502,0.22145586926650587,0.4236921578410301
OnlineNews,original,39644,56,4,6,1982,88,20260894,PCA-QS,0.012482277133760914,0.008796504717965307,0.0026413673410612772,0.00806076546515122,0.000952984855085791,0.13009650750329418,0.22304820621908358
OnlineNews,original,39644,56,4,6,1982,88,20260894,SRS,0.015198055896401505,0.009279748467650754,0.0027764968632260144,0.009204195811097549,0.000958315110986425,0.13388799612533359,0.10637374483860207
OnlineNews,original,39644,56,4,6,1982,89,20260895,PCA-QS,0.01915001074473952,0.009497251992262392,0.002815455803108476,0.01245658066919475,0.0009571625852762664,0.14370211652157103,0.5309057608092298
OnlineNews,original,39644,56,4,6,1982,89,20260895,SRS,0.016680915003175135,0.008689830935578544,0.002627014324766301,0.00964138511075241,0.0009526710954210163,0.1680229195122449,0.1869497099364416
OnlineNews,original,39644,56,4,6,1982,90,20260896,PCA-QS,0.017996986338064864,0.009189558840266374,0.002753694027257362,0.010645972684114824,0.0009545201841969209,0.15444763272505066,0.15192865259392407
OnlineNews,original,39644,56,4,6,1982,90,20260896,SRS,0.015896684726470385,0.009037565050845065,0.0027188634711865453,0.010229705763324048,0.0009503926278004003,0.16052855122523468,0.12040067855631759
OnlineNews,original,39644,56,4,6,1982,91,20260897,PCA-QS,0.012824999720498106,0.008706155461116706,0.0026381066211663287,0.010094000634291334,0.0009501979183685351,0.1106996183976965,0.1656146693250384
OnlineNews,original,39644,56,4,6,1982,91,20260897,SRS,0.018760640729097895,0.008804167614978495,0.0026505393443164624,0.01238368259701872,0.0009668163786033776,0.1505120148104984,0.45062592306018623
OnlineNews,original,39644,56,4,6,1982,92,20260898,PCA-QS,0.012942463583499061,0.008799138719604364,0.0026608910375657767,0.009177293629544891,0.0009422057599280085,0.12870812096380077,0.15264385949578346
OnlineNews,original,39644,56,4,6,1982,92,20260898,SRS,0.01582655722492566,0.009211760146534043,0.0027602047012498495,0.00827117490842788,0.000955933194924769,0.14417699193405817,0.23198988668570794
OnlineNews,original,39644,56,4,6,1982,93,20260899,PCA-QS,0.013144132849823725,0.00896789916638126,0.0026826837996985924,0.007975363165861893,0.0009606639915621153,0.13319975407434512,0.12193174641124428
OnlineNews,original,39644,56,4,6,1982,93,20260899,SRS,0.016158092212792137,0.008948526820402546,0.0026891245195929947,0.010277052277530174,0.0009595391161209655,0.1416592164441353,0.26215645983342406
OnlineNews,original,39644,56,4,6,1982,94,20260900,PCA-QS,0.017310241408803485,0.008740760599857901,0.0026355201942220123,0.011516947678726908,0.000952936020789709,0.16092191863165103,0.357703689765195
OnlineNews,original,39644,56,4,6,1982,94,20260900,SRS,0.017084263768564593,0.00908535105011049,0.0027331031366582053,0.01163220927316111,0.0009560585642709419,0.13706239887209923,0.35084095081195393
OnlineNews,original,39644,56,4,6,1982,95,20260901,PCA-QS,0.01572209619055811,0.008665410744586146,0.0026216242695694877,0.009910553770856367,0.0009639597678163016,0.1343542371628297,0.15213353753537018
OnlineNews,original,39644,56,4,6,1982,95,20260901,SRS,0.016217025467083396,0.009127976122941337,0.0027396143246793433,0.010048538000988927,0.0009516587133622782,0.1662942372774437,0.25332438941780194
OnlineNews,original,39644,56,4,6,1982,96,20260902,PCA-QS,0.013634567301086486,0.008943151732974759,0.0026959394137938547,0.010501603926165615,0.0009547022441148357,0.1698422012423764,0.6241454397204704
OnlineNews,original,39644,56,4,6,1982,96,20260902,SRS,0.012680924567177898,0.008960239055292836,0.00268886445299793,0.010816623527244218,0.0009487036829571759,0.16615596772675825,0.09881482845981406
OnlineNews,original,39644,56,4,6,1982,97,20260903,PCA-QS,0.015513591820469824,0.008522262154409386,0.0025718524696744616,0.009325910254620595,0.000961240534211707,0.15723499919354111,0.30246389277604097
OnlineNews,original,39644,56,4,6,1982,97,20260903,SRS,0.011117167340043792,0.0088702488595123,0.002672112824490141,0.011490684583440824,0.0009517970979645023,0.16366051961226152,0.3620927686372727
OnlineNews,original,39644,56,4,6,1982,98,20260904,PCA-QS,0.014913172797615611,0.008747032685342855,0.002649548329252164,0.01211982904796649,0.0009513107387350227,0.13255823600647712,0.3239916618372371
OnlineNews,original,39644,56,4,6,1982,98,20260904,SRS,0.01533628939751916,0.008937335689150436,0.002690821088780156,0.011188972679773812,0.0009584951191561025,0.14643207539255457,0.24120738927827556
OnlineNews,original,39644,56,4,6,1982,99,20260905,PCA-QS,0.011389627431224169,0.008894739937570692,0.0026771432122378253,0.009890715705154207,0.0009531353517113773,0.12032456611012793,0.15952324584522107
OnlineNews,original,39644,56,4,6,1982,99,20260905,SRS,0.010138753906902307,0.008867919892987356,0.002663324082514614,0.01100392709630249,0.0009620512045681012,0.14256415271399706,0.10281113868622566
OnlineNews,original,39644,56,4,6,1982,100,20260906,PCA-QS,0.015124248126402841,0.008505463195957153,0.0025755433529862986,0.01193176233969595,0.0009627031163585837,0.1498112344325511,0.3718349802687758
OnlineNews,original,39644,56,4,6,1982,100,20260906,SRS,0.011765576148989812,0.008914541390536195,0.0026802177592283585,0.01098763334377928,0.0009591919248336665,0.14672555625269454,0.27562707019033467
OnlineNews,original,39644,56,4,6,1982,101,20260907,PCA-QS,0.014949988410679719,0.008952177663233687,0.002689202516940948,0.010099462262704861,0.0009442684722301391,0.15866726704121767,0.11871246234979932
OnlineNews,original,39644,56,4,6,1982,101,20260907,SRS,0.015303162813006055,0.009071837098776155,0.0027238532944139113,0.009136153923114065,0.0009543705149263075,0.14020802297803495,0.23100050063842123
OnlineNews,original,39644,56,4,6,1982,102,20260908,PCA-QS,0.012568927609298595,0.009067308254921165,0.0027228685516454834,0.010804015206311135,0.0009567149899129805,0.16135061937001713,0.22352813791334347
OnlineNews,original,39644,56,4,6,1982,102,20260908,SRS,0.02368529687875953,0.009159414909401356,0.002744703955215773,0.014759925053931866,0.0009567614839050494,0.1772271457424399,0.2959167787543556
OnlineNews,original,39644,56,4,6,1982,103,20260909,PCA-QS,0.013460979418015906,0.008508317905808815,0.0025766706564758395,0.009939922038928017,0.000952309218224231,0.13534425413807233,0.2644926572226978
OnlineNews,original,39644,56,4,6,1982,103,20260909,SRS,0.014566465105834406,0.009095267653237454,0.002727526352414661,0.011623739780702635,0.0009519024053791757,0.12900811144708454,0.17907116410085272
OnlineNews,original,39644,56,4,6,1982,104,20260910,PCA-QS,0.018555826177751356,0.009050716003058614,0.0027163340651730245,0.011300299023332627,0.0009541641651455929,0.14490063295550093,0.08307273807617906
OnlineNews,original,39644,56,4,6,1982,104,20260910,SRS,0.014634842605522998,0.008776740824232219,0.002649362628532964,0.009670141988362246,0.0009499625049661093,0.13422787111105627,0.22320319229545144
OnlineNews,original,39644,56,4,6,1982,105,20260911,PCA-QS,0.012158488456600945,0.008687032351170255,0.0026313866546364526,0.010223432792553666,0.0009644667609778437,0.13100260805084846,0.42537260388849407
OnlineNews,original,39644,56,4,6,1982,105,20260911,SRS,0.02190017126037724,0.009327026204412345,0.0027749952878175503,0.0115465820710412,0.0009483328128246335,0.1819997315424445,0.19652174668562722
OnlineNews,original,39644,56,4,6,1982,106,20260912,PCA-QS,0.021436786805797442,0.00892435798161459,0.00269032198598452,0.01253578147316503,0.0009537201412496951,0.16625863138126745,0.3578962901640477
OnlineNews,original,39644,56,4,6,1982,106,20260912,SRS,0.0153115025088215,0.008959140965326403,0.0027002607562292705,0.010681209472442887,0.0009520089819036586,0.1477635856807595,0.21349044742418338
OnlineNews,original,39644,56,4,6,1982,107,20260913,PCA-QS,0.009179720032953873,0.008778536971568635,0.002658239198663919,0.009202043079298505,0.0009624498608067543,0.1389657470185297,0.2768610903378973
OnlineNews,original,39644,56,4,6,1982,107,20260913,SRS,0.019126987001744717,0.009157425800121398,0.0027401470848729625,0.010701014562053857,0.0009547238965109496,0.1529926155653147,0.19046291133299414
OnlineNews,original,39644,56,4,6,1982,108,20260914,PCA-QS,0.01558067718834194,0.008595569191668746,0.002602069791920789,0.009296099567912108,0.0009551374678722643,0.1455282272652211,0.5005482714780235
OnlineNews,original,39644,56,4,6,1982,108,20260914,SRS,0.019691916311050474,0.009063218539424838,0.0027346519081361542,0.011253388263378739,0.0009546703519122326,0.18081142440854264,0.32858695708366586
OnlineNews,original,39644,56,4,6,1982,109,20260915,PCA-QS,0.013022979077449374,0.008840960127762297,0.00266029493737978,0.009336111841628636,0.0009497320494848084,0.15718729689137095,0.47096051607804146
OnlineNews,original,39644,56,4,6,1982,109,20260915,SRS,0.014690920372128487,0.009031296648624221,0.0027174031850992595,0.010576405268670541,0.0009545726234760979,0.15021798809726158,0.2874757304891654
OnlineNews,original,39644,56,4,6,1982,110,20260916,PCA-QS,0.013153324925581727,0.009105604233162123,0.002729843942926901,0.010466984697545811,0.000965988868010696,0.1482830688146638,0.2055255186391936
OnlineNews,original,39644,56,4,6,1982,110,20260916,SRS,0.01929761343102024,0.009081932125099163,0.0027273651016002437,0.008668132369301418,0.0009541396567316258,0.15905081258923331,0.33620818658633256
OnlineNews,original,39644,56,4,6,1982,111,20260917,PCA-QS,0.018190494139340062,0.008672515116578867,0.0026384703585275956,0.01065099214230436,0.0009632082186876781,0.1546635976585411,0.48501900771979
OnlineNews,original,39644,56,4,6,1982,111,20260917,SRS,0.012574008157670511,0.009019470936641016,0.0027077307664844555,0.011112743363751676,0.0009486530548575016,0.17969321933778604,0.30654791012998883
OnlineNews,original,39644,56,4,6,1982,112,20260918,PCA-QS,0.012474186076568342,0.008903462483449403,0.0026817114605568668,0.010340089749915293,0.0009466056718329987,0.13033259708459594,0.829958766789664
OnlineNews,original,39644,56,4,6,1982,112,20260918,SRS,0.013803531296911517,0.008871622822136086,0.0026823525456627926,0.008592487505563184,0.0009562966660234944,0.14933453989413054,0.22510119282376892
OnlineNews,original,39644,56,4,6,1982,113,20260919,PCA-QS,0.015168970192125748,0.008916295520700345,0.002672822724934011,0.008728091025579587,0.0009566060586681057,0.16039826813274438,0.13343448145451642
OnlineNews,original,39644,56,4,6,1982,113,20260919,SRS,0.02224828109242195,0.008908997007402894,0.0026794321576263727,0.010521157437018758,0.0009515422699633966,0.14128317973644344,0.11380267518823199
OnlineNews,original,39644,56,4,6,1982,114,20260920,PCA-QS,0.013444891234020873,0.00885265027855006,0.002672315311308439,0.009112455483425208,0.0009534732432950773,0.1555759750619341,0.262206505740396
OnlineNews,original,39644,56,4,6,1982,114,20260920,SRS,0.013846525458700845,0.008873356234932036,0.002664912798776931,0.011196926230113036,0.0009469091299236279,0.14313044678500006,0.29661150387061064
OnlineNews,original,39644,56,4,6,1982,115,20260921,PCA-QS,0.016582294762558975,0.008747832384877358,0.0026431572371591384,0.01026849657402984,0.0009546314147344275,0.13050761649748696,0.7680422435050454
OnlineNews,original,39644,56,4,6,1982,115,20260921,SRS,0.020277003576097623,0.008880709497714533,0.002673487862470588,0.010496327657284255,0.000958385423300825,0.12549473449805768,0.3000943098804181
OnlineNews,original,39644,56,4,6,1982,116,20260922,PCA-QS,0.012547706735209984,0.008656421501465358,0.0026144857189392265,0.007241447696733516,0.0009519585497639368,0.1445099358301541,0.10122307362329344
OnlineNews,original,39644,56,4,6,1982,116,20260922,SRS,0.018659887747273538,0.008833622225808437,0.002658388053713132,0.00958691619380403,0.0009539781983441234,0.13553963848394934,0.3693621147493757
OnlineNews,original,39644,56,4,6,1982,117,20260923,PCA-QS,0.010253667830991178,0.00901574402667023,0.0026983780065084587,0.008590938016610039,0.0009477022276061756,0.11132575713413516,0.28771405939868366
OnlineNews,original,39644,56,4,6,1982,117,20260923,SRS,0.013149431406981077,0.009345986235494654,0.002807360188748375,0.007516229175783096,0.0009600693627831227,0.1551687704807207,0.2742471252984788
OnlineNews,original,39644,56,4,6,1982,118,20260924,PCA-QS,0.020116517351864253,0.00890530757049473,0.0026836100284291712,0.00857502417031597,0.0009535761109644233,0.1378841192975036,0.5034345475789693
OnlineNews,original,39644,56,4,6,1982,118,20260924,SRS,0.016257459476250256,0.009020512032004352,0.0027179921918831424,0.008566631335858332,0.0009504511456335365,0.17019841147939818,2.066332174183088
OnlineNews,original,39644,56,4,6,1982,119,20260925,PCA-QS,0.015019138854635338,0.008765274999456747,0.0026508876661551013,0.008972047451702991,0.0009526778060214425,0.14769147329324891,0.4393311529541436
OnlineNews,original,39644,56,4,6,1982,119,20260925,SRS,0.02540850107396154,0.009033672811010677,0.002723761670604909,0.013609317087109218,0.000961492917745343,0.16684027528643244,0.11705707594247393
OnlineNews,original,39644,56,4,6,1982,120,20260926,PCA-QS,0.01273370325098276,0.008909654058154833,0.002688248867347107,0.011310398826058332,0.0009610570912968121,0.15812637027674248,0.3026403695523731
OnlineNews,original,39644,56,4,6,1982,120,20260926,SRS,0.015247352822251172,0.009315664850148734,0.002781864332167449,0.012179171134333089,0.0009601610474625227,0.15303356021255937,0.411284679129521
OnlineNews,original,39644,56,4,6,1982,121,20260927,PCA-QS,0.015520998960010354,0.008701836269064992,0.0026254640077849898,0.008805542591248994,0.0009547494784299316,0.14494225935670804,0.2845463713357921
OnlineNews,original,39644,56,4,6,1982,121,20260927,SRS,0.01341199723323322,0.008634173617314026,0.0026135071632537627,0.011556301073532893,0.0009530869359250539,0.13482926087791555,0.17961621000998146
OnlineNews,original,39644,56,4,6,1982,122,20260928,PCA-QS,0.013262584318120071,0.008744520029373164,0.00264017105534999,0.010559295046329353,0.0009604567252985766,0.14377534401074915,0.20841606042000327
OnlineNews,original,39644,56,4,6,1982,122,20260928,SRS,0.019416697617810678,0.009282892933180473,0.0027690368179348612,0.01209030563292579,0.0009590443338309053,0.17013362687928818,0.051573003290105335
OnlineNews,original,39644,56,4,6,1982,123,20260929,PCA-QS,0.012720829997760004,0.009073856717697781,0.002715886060439882,0.009769872074578245,0.0009516240263954484,0.15452926284980642,0.16264343106620777
OnlineNews,original,39644,56,4,6,1982,123,20260929,SRS,0.014369723765071844,0.009203106969095065,0.002748943999372404,0.008893551958042423,0.0009539233757346708,0.15173172501894605,0.13109166811000705
OnlineNews,original,39644,56,4,6,1982,124,20260930,PCA-QS,0.01952744569655659,0.009267705814555315,0.0027792951353770956,0.012384197981885947,0.0009393557749098803,0.1578948821608182,0.17993315256352216
OnlineNews,original,39644,56,4,6,1982,124,20260930,SRS,0.022400652715919622,0.00903433811228208,0.0027168448482031266,0.011807884758038512,0.0009538216143154874,0.15325295131714364,0.24196663892070863
OnlineNews,original,39644,56,4,6,1982,125,20260931,PCA-QS,0.0137905736634283,0.008673108457533952,0.0026201064814050357,0.008825479266969083,0.0009478440239477889,0.15756898962069257,0.1612627450553452
OnlineNews,original,39644,56,4,6,1982,125,20260931,SRS,0.015843319660985768,0.008935440932915586,0.002687858189299969,0.010466614617277159,0.0009551964935171561,0.18031005340214837,0.23187418432476148
OnlineNews,original,39644,56,4,6,1982,126,20260932,PCA-QS,0.01340375571813505,0.008787581720636107,0.0026508927784697953,0.009034905936827542,0.0009600013982938878,0.14448941624570077,0.2340682106527774
OnlineNews,original,39644,56,4,6,1982,126,20260932,SRS,0.01431549766723975,0.008904662350775654,0.0026786538202407716,0.008894586111518166,0.0009525667527425748,0.1620953739078667,0.3102443815601128
OnlineNews,original,39644,56,4,6,1982,127,20260933,PCA-QS,0.014776709801710449,0.008672058549260382,0.0026169995916915756,0.009833506171311512,0.0009426334157823152,0.12811981997888577,0.3084469968651046
OnlineNews,original,39644,56,4,6,1982,127,20260933,SRS,0.014432802672908486,0.008851910327168878,0.0026669563433525567,0.01024808511844455,0.0009554084630352122,0.16333730644504385,0.21725603737250757
OnlineNews,original,39644,56,4,6,1982,128,20260934,PCA-QS,0.015301625262850052,0.00887163777362264,0.0026731608170888037,0.011073433220721185,0.0009571121655181172,0.16453583167848654,2.0333786421960274
OnlineNews,original,39644,56,4,6,1982,128,20260934,SRS,0.020917356700378982,0.009068495586561665,0.0027176039331769375,0.007786118910360074,0.0009469056202771629,0.16817579142669828,0.5620572898806159
OnlineNews,original,39644,56,4,6,1982,129,20260935,PCA-QS,0.01809899423966203,0.009075512762955837,0.0027304946532908415,0.00910659827132676,0.0009624399370792893,0.16239438280616572,0.4298896755885461
OnlineNews,original,39644,56,4,6,1982,129,20260935,SRS,0.02175480991869814,0.008842762534674042,0.0026730778985510134,0.00998858295649896,0.0009512851505331351,0.1641621141961781,0.35730894349425474
OnlineNews,original,39644,56,4,6,1982,130,20260936,PCA-QS,0.016961431464050308,0.009278397892585647,0.002772530490517295,0.009124257091981391,0.0009581290420726575,0.12309486693495338,0.2009304942931424
OnlineNews,original,39644,56,4,6,1982,130,20260936,SRS,0.017925883841361095,0.009317860696193678,0.002774078763237557,0.010487027046400144,0.000958251985265976,0.17060959566174203,0.13738199631193418
OnlineNews,original,39644,56,4,6,1982,131,20260937,PCA-QS,0.010838054897283277,0.009081966656214607,0.002730557396129841,0.009625289216740995,0.0009503649434530536,0.1312546808068724,0.27511091792713216
OnlineNews,original,39644,56,4,6,1982,131,20260937,SRS,0.021080136604023726,0.008862513707915926,0.0026672833615050523,0.008936944059755092,0.0009547001170820321,0.15230011525397483,0.1605990400567253
OnlineNews,original,39644,56,4,6,1982,132,20260938,PCA-QS,0.011343475864215335,0.008869651793917263,0.00267164642345716,0.008859730110309272,0.0009528847963649832,0.15355262248355078,0.554777244681589
OnlineNews,original,39644,56,4,6,1982,132,20260938,SRS,0.02032708184697064,0.009011825107277615,0.002706088022656761,0.008545542171466636,0.0009491134260209513,0.15947818429878294,0.16987426162973523
OnlineNews,original,39644,56,4,6,1982,133,20260939,PCA-QS,0.016348964375565427,0.00915709796196108,0.002751558008149521,0.00935385285524859,0.0009503939150125226,0.11934344332737334,0.23541263516741023
OnlineNews,original,39644,56,4,6,1982,133,20260939,SRS,0.014156520596898672,0.008804052027466055,0.0026507809445446553,0.009390356092122687,0.0009593844300510622,0.13472796711323365,0.26807521650996374
OnlineNews,original,39644,56,4,6,1982,134,20260940,PCA-QS,0.013306769395769363,0.008720603791062712,0.0026360421928449266,0.008685417585788002,0.0009533509028117248,0.15791774091493738,0.2472216526635141
OnlineNews,original,39644,56,4,6,1982,134,20260940,SRS,0.015570252684989794,0.008961116362293407,0.0026802535083204023,0.007887576195546586,0.0009566997055956626,0.1534948396311377,0.16765410015870705
OnlineNews,original,39644,56,4,6,1982,135,20260941,PCA-QS,0.02152747435763157,0.008810598680720396,0.0026538306251091713,0.011594323555616626,0.0009512912520741142,0.13040838519491535,0.15887918140159302
OnlineNews,original,39644,56,4,6,1982,135,20260941,SRS,0.015284556951170003,0.008962213807962586,0.0026980828026320113,0.010532216024230934,0.0009620445761444177,0.1691269297098921,0.22347100337318632
OnlineNews,original,39644,56,4,6,1982,136,20260942,PCA-QS,0.01364574474499884,0.008878890286177702,0.002675850794902194,0.010981355269573001,0.0009592574116130024,0.1478696797397349,0.1486544100840868
OnlineNews,original,39644,56,4,6,1982,136,20260942,SRS,0.022216557180338836,0.008897280192186835,0.002667280396514125,0.010032362695072905,0.000953048335888247,0.14541939574884694,0.14224507120481716
OnlineNews,original,39644,56,4,6,1982,137,20260943,PCA-QS,0.01226824015186164,0.008678095641459656,0.002619268817368192,0.007955225161140334,0.000955504761971475,0.15103091460408946,0.19253001635806077
OnlineNews,original,39644,56,4,6,1982,137,20260943,SRS,0.020150781027611083,0.009245505716999823,0.002765689859604933,0.012586843638739964,0.0009561165197056337,0.1853939158861869,0.4893017603668066
OnlineNews,original,39644,56,4,6,1982,138,20260944,PCA-QS,0.01578417598283172,0.009252093041660794,0.002751401917420487,0.011653928775258393,0.00094944839755797,0.15635230856296764,0.1568169429268555
OnlineNews,original,39644,56,4,6,1982,138,20260944,SRS,0.0183303459688759,0.009070393191109161,0.0026999918310710333,0.010117124858261661,0.0009556157514582897,0.17083804594755114,0.46381357392347367
OnlineNews,original,39644,56,4,6,1982,139,20260945,PCA-QS,0.016821137731945435,0.00881713585587971,0.002661151149655442,0.008638387184511487,0.0009606368162046119,0.13333015868642195,0.24488392838871686
OnlineNews,original,39644,56,4,6,1982,139,20260945,SRS,0.016183001841108303,0.00890993609408144,0.0026660873617116655,0.00924526560269534,0.0009536493255328113,0.15397197058155163,0.505950077575145
OnlineNews,original,39644,56,4,6,1982,140,20260946,PCA-QS,0.011828207728910342,0.00863653270017975,0.0026123009565035527,0.009816698530492829,0.0009594694923390383,0.16056607261041478,0.3596255654575236
OnlineNews,original,39644,56,4,6,1982,140,20260946,SRS,0.014938465576000013,0.008929467633142051,0.0026912315664192024,0.008860783999683264,0.0009562664417041652,0.143617870499637,0.09989330642143478
OnlineNews,original,39644,56,4,6,1982,141,20260947,PCA-QS,0.011829226155638623,0.009016313752911327,0.0027125349727188316,0.010136688063727917,0.0009553769652820254,0.15641839765065035,0.3307870913279111
OnlineNews,original,39644,56,4,6,1982,141,20260947,SRS,0.014778252416527039,0.009223559930032528,0.002772346025968049,0.009972042387408564,0.0009451388508351301,0.17416877767135636,0.08572992253048173
OnlineNews,original,39644,56,4,6,1982,142,20260948,PCA-QS,0.01388875689386049,0.008703606197306459,0.002628702756620181,0.01010410601098144,0.0009634159376373831,0.15233820672250575,0.2665679538325285
OnlineNews,original,39644,56,4,6,1982,142,20260948,SRS,0.014300092308522085,0.009388178048222973,0.002804470052421629,0.010652459509952195,0.000955606876882041,0.1544375612437568,0.32998416806149466
OnlineNews,original,39644,56,4,6,1982,143,20260949,PCA-QS,0.013641380802914712,0.0089212565609587,0.002682215893096207,0.010222980289592343,0.0009528974745792479,0.15242165538388547,0.33213974958432624
OnlineNews,original,39644,56,4,6,1982,143,20260949,SRS,0.019675630740978167,0.00903745566710116,0.0027109780046798426,0.009530562743098159,0.0009552780810469088,0.1500857516843125,0.344512730490063
OnlineNews,original,39644,56,4,6,1982,144,20260950,PCA-QS,0.013725084732048564,0.008855651710849958,0.002676119500581349,0.011066534924808025,0.0009470099232337922,0.14288340727590035,0.13571863613013832
OnlineNews,original,39644,56,4,6,1982,144,20260950,SRS,0.015265081538556312,0.008784859886785354,0.0026524574204301985,0.008944002114944283,0.000944140865154603,0.16462887213063965,0.13668199652753385
OnlineNews,original,39644,56,4,6,1982,145,20260951,PCA-QS,0.014763986375233582,0.008770353365139316,0.002652256983297533,0.009668816398512803,0.0009521522596349749,0.1384209374191142,0.7137978933082083
OnlineNews,original,39644,56,4,6,1982,145,20260951,SRS,0.017855835469184324,0.008917928974705627,0.0026857325192468392,0.011389070789045164,0.0009709423571058109,0.14443844900017974,0.1486290205968684
OnlineNews,original,39644,56,4,6,1982,146,20260952,PCA-QS,0.01171497697242392,0.008885203300605186,0.002686737989742972,0.009703057239413226,0.0009518135930372431,0.13981331327117597,0.5860867538289464
OnlineNews,original,39644,56,4,6,1982,146,20260952,SRS,0.021731745357917887,0.009019441297753426,0.002720425926073918,0.012633734220313997,0.0009525335923378967,0.20517418676068347,0.2002574331124286
OnlineNews,original,39644,56,4,6,1982,147,20260953,PCA-QS,0.019827342697316095,0.009137776683248873,0.0027352310988725545,0.009204733746349447,0.0009512726773659957,0.15626793590524485,0.35013158087025636
OnlineNews,original,39644,56,4,6,1982,147,20260953,SRS,0.0170243760609769,0.00894704606850261,0.0026918700288648704,0.0075365403065355,0.0009532791672962504,0.1532040656626325,0.3911894708261564
OnlineNews,original,39644,56,4,6,1982,148,20260954,PCA-QS,0.015060611787143166,0.008933226408687265,0.0026822810484651996,0.0093130032914992,0.000953171060367267,0.13656346399324176,0.10798926289449515
OnlineNews,original,39644,56,4,6,1982,148,20260954,SRS,0.017996843739520176,0.00903478367827505,0.0027080528033687954,0.009517596780680648,0.0009649373411290618,0.15967387211596853,0.2981600123043481
OnlineNews,original,39644,56,4,6,1982,149,20260955,PCA-QS,0.012927717807859842,0.008586858215552445,0.0026037609142709256,0.010354910377046167,0.0009596705328674808,0.1451986256597283,0.18501681065112976
OnlineNews,original,39644,56,4,6,1982,149,20260955,SRS,0.025752714101736813,0.008921034147670273,0.0026874368521651016,0.014061713454085023,0.0009525603228342948,0.1657973078875612,0.1763589749331858
OnlineNews,original,39644,56,4,6,1982,150,20260956,PCA-QS,0.012273526582678667,0.008898821093136984,0.002671931832656513,0.009911178925698039,0.0009577489860547435,0.1780492680493667,0.22034602241090767
OnlineNews,original,39644,56,4,6,1982,150,20260956,SRS,0.022182569760685365,0.00899634471772279,0.0027169075195183834,0.012152097830981035,0.0009576644852154413,0.15088239051738,0.14281756184324085
OnlineNews,original,39644,56,4,6,1982,151,20260957,PCA-QS,0.012468603990950154,0.009087810146884295,0.0027319685563912855,0.010048602635844617,0.0009560958973442064,0.18475588590564956,0.28841643430019115
OnlineNews,original,39644,56,4,6,1982,151,20260957,SRS,0.011756561970284253,0.00870838784309788,0.002642554491824242,0.010065372560697838,0.0009518132445256547,0.12365099559264585,0.27140345075989303
OnlineNews,original,39644,56,4,6,1982,152,20260958,PCA-QS,0.0160988881903927,0.009073684298608147,0.0027281427412622567,0.011630133441258295,0.0009512925303712327,0.17054833620458493,0.1437451770615824
OnlineNews,original,39644,56,4,6,1982,152,20260958,SRS,0.01694946095341596,0.009091780306080542,0.002723919727771395,0.009959684016893178,0.0009570372208155914,0.18056930061862436,0.6210472684380236
OnlineNews,original,39644,56,4,6,1982,153,20260959,PCA-QS,0.014083818819713698,0.008790902587459239,0.002660514268533054,0.010867885301211189,0.0009593439568499749,0.13601791227291016,0.9677720725929186
OnlineNews,original,39644,56,4,6,1982,153,20260959,SRS,0.016862628595531785,0.00849519238688683,0.002581917580347065,0.009011372701767328,0.0009480372828138986,0.14315782481931855,1.797984990584439
OnlineNews,original,39644,56,4,6,1982,154,20260960,PCA-QS,0.012692252972347813,0.008927223504571083,0.0026858601906960366,0.010668851994656947,0.0009575128288986413,0.13427770297921032,0.29816058478673046
OnlineNews,original,39644,56,4,6,1982,154,20260960,SRS,0.012212679160035378,0.008613220739346375,0.0026092684604564717,0.010476279232479513,0.000942724345297435,0.14665838235979586,0.25551753222408613
OnlineNews,original,39644,56,4,6,1982,155,20260961,PCA-QS,0.0159812588121741,0.008791418649653228,0.0026533815447564507,0.010553533775430779,0.0009511301626536067,0.16513808134815547,0.40414707685618956
OnlineNews,original,39644,56,4,6,1982,155,20260961,SRS,0.020722508284271413,0.00899753842426128,0.0026915684878371262,0.01413500036237103,0.0009527362210282123,0.1714234329254176,0.2675559092157332
OnlineNews,original,39644,56,4,6,1982,156,20260962,PCA-QS,0.020322109144456722,0.008653633099147776,0.0026253820634006574,0.012678389458606887,0.0009514307943226342,0.1737869546385301,0.45719781135019155
OnlineNews,original,39644,56,4,6,1982,156,20260962,SRS,0.018094255426563483,0.009249126498121435,0.0027667431117052196,0.007970167815312124,0.0009589923558433406,0.1535210537855061,0.1978077425005948
OnlineNews,original,39644,56,4,6,1982,157,20260963,PCA-QS,0.01706808795623136,0.008883485629782363,0.002683197833628121,0.009152533450134115,0.0009543758619610947,0.14317831330688224,0.6240681587305921
OnlineNews,original,39644,56,4,6,1982,157,20260963,SRS,0.025679858165773648,0.008978146209740492,0.0027027878264440025,0.012440399960034654,0.0009604035692492018,0.16229180139189128,0.20328054139678445
OnlineNews,original,39644,56,4,6,1982,158,20260964,PCA-QS,0.015123103055114714,0.008630571734281618,0.0026065471604391995,0.009900944919360555,0.0009645721034320958,0.14623308557626766,0.4591510733570079
OnlineNews,original,39644,56,4,6,1982,158,20260964,SRS,0.01273788802253671,0.00910732208950944,0.00274376326909697,0.009964434201267025,0.0009609331877450469,0.19251937401934374,0.12607222045578162
OnlineNews,original,39644,56,4,6,1982,159,20260965,PCA-QS,0.012552059416214581,0.009044370388505498,0.002719252101713734,0.010821798378259473,0.0009459725880940749,0.1622446845730197,0.24311536698643493
OnlineNews,original,39644,56,4,6,1982,159,20260965,SRS,0.019108759357549774,0.008793733535252039,0.0026465629171479265,0.014071581543564804,0.0009590286777158444,0.15805472866387021,0.17588704828410032
OnlineNews,original,39644,56,4,6,1982,160,20260966,PCA-QS,0.010037961319684149,0.008924373959038126,0.0026835279743420656,0.010966430214613965,0.0009561125822121288,0.12341635422214917,0.37015707133772624
OnlineNews,original,39644,56,4,6,1982,160,20260966,SRS,0.024770452343572575,0.0089887243113129,0.0027066685668435744,0.011499039806311728,0.0009621681267998355,0.1587146680769636,0.1602441534385145
OnlineNews,original,39644,56,4,6,1982,161,20260967,PCA-QS,0.010131756851994312,0.008660158133424526,0.0026217473235265287,0.010921611861887115,0.0009502148560756293,0.13747429861722918,0.20423351244473797
OnlineNews,original,39644,56,4,6,1982,161,20260967,SRS,0.011651602185986478,0.009231878429303722,0.002763467535477873,0.0101244422260649,0.0009591832621053098,0.15101818729808167,0.6939832207825285
OnlineNews,original,39644,56,4,6,1982,162,20260968,PCA-QS,0.01665741625841711,0.008937921636893961,0.002699846206080784,0.010308072243979893,0.0009447223153547218,0.1470450436633839,0.21698965955316726
OnlineNews,original,39644,56,4,6,1982,162,20260968,SRS,0.020406058722854583,0.008880285867738537,0.002666222221521357,0.011953653460926361,0.000952474778781623,0.13678211184584319,0.46010094741552526
OnlineNews,original,39644,56,4,6,1982,163,20260969,PCA-QS,0.015855835076825652,0.008916169762796989,0.00268751324196571,0.010739251945791395,0.0009469207938237625,0.1491751663123336,0.3284848975971155
OnlineNews,original,39644,56,4,6,1982,163,20260969,SRS,0.0167282070925194,0.009060842246520028,0.0027187540970140226,0.01002788427492618,0.0009533664407303346,0.16348568313926654,0.5497106364563991
OnlineNews,original,39644,56,4,6,1982,164,20260970,PCA-QS,0.010161246163675272,0.008508111872566544,0.00257602591011978,0.010736442011353375,0.0009557971226533543,0.13423976838023985,0.34792077972958746
OnlineNews,original,39644,56,4,6,1982,164,20260970,SRS,0.01921091296413759,0.008726977790392889,0.0026385365810638567,0.010381088635972091,0.0009548421076541086,0.15987254668154402,0.13010269337567687
OnlineNews,original,39644,56,4,6,1982,165,20260971,PCA-QS,0.015786819542710342,0.008747716282258912,0.002645258285570531,0.011245687818018268,0.0009515249279053368,0.1540757651356955,0.3118380811300401
OnlineNews,original,39644,56,4,6,1982,165,20260971,SRS,0.013523778386736454,0.009040577760853931,0.002710502785931925,0.011911138764386209,0.0009575801509029112,0.1521988444836524,0.20522881421420325
OnlineNews,original,39644,56,4,6,1982,166,20260972,PCA-QS,0.020521948794683328,0.00886104224807649,0.0026701138807846245,0.010040043205947313,0.0009441061250919303,0.1220083398018076,0.5848228462842073
OnlineNews,original,39644,56,4,6,1982,166,20260972,SRS,0.01649653959726802,0.009119594621117375,0.0027455197038319676,0.011014049752287036,0.0009461862318510923,0.17874856963299682,0.8515170604735787
OnlineNews,original,39644,56,4,6,1982,167,20260973,PCA-QS,0.015132235324640614,0.009057872824057846,0.002716427080519317,0.009552224151891053,0.0009513227109727273,0.12991751093309428,0.3323422695691436
OnlineNews,original,39644,56,4,6,1982,167,20260973,SRS,0.01748006249920343,0.0086710048083273,0.0026213627361893026,0.009935172540807002,0.0009565679671293435,0.1498291299943042,0.5358604366489031
OnlineNews,original,39644,56,4,6,1982,168,20260974,PCA-QS,0.010997796586799788,0.008881747441989931,0.002681082859451051,0.010104850072011118,0.0009524120503933626,0.14424186859121957,0.09170173801234165
OnlineNews,original,39644,56,4,6,1982,168,20260974,SRS,0.013447514065663286,0.008786206764357984,0.002647130268184493,0.010063283305067117,0.0009462451011213916,0.15795221633046294,0.11766265185687874
OnlineNews,original,39644,56,4,6,1982,169,20260975,PCA-QS,0.015356478418408037,0.00889218460324371,0.002668217418091764,0.010496013766326584,0.0009538771704608186,0.13478820461825564,0.14133543761624381
OnlineNews,original,39644,56,4,6,1982,169,20260975,SRS,0.017529345925287754,0.00937137689163677,0.0027937844754727507,0.009758046230155415,0.0009512783533948009,0.13826919098274615,0.2696737140663192
OnlineNews,original,39644,56,4,6,1982,170,20260976,PCA-QS,0.013644624493162602,0.00874866709651308,0.0026401435644710066,0.009270376404250769,0.0009533065744745706,0.1447290524536374,0.12130170569354282
OnlineNews,original,39644,56,4,6,1982,170,20260976,SRS,0.019214823956784543,0.009026002129664975,0.0027229282882322717,0.011580537855438777,0.0009523561634305042,0.13414582025672883,0.3345125695901867
OnlineNews,original,39644,56,4,6,1982,171,20260977,PCA-QS,0.0139774902842752,0.008994730714254525,0.0027182377362258976,0.01216705004311791,0.0009533863575391686,0.14704920101436816,0.15670793403863065
OnlineNews,original,39644,56,4,6,1982,171,20260977,SRS,0.019336941532628892,0.009044528057203521,0.0027234371984193764,0.01080730826666354,0.0009564851306975184,0.15263044587106034,0.29384722807488317
OnlineNews,original,39644,56,4,6,1982,172,20260978,PCA-QS,0.022605736532224037,0.008647499959452335,0.0026163573916326947,0.012616855267024718,0.000962391841624493,0.15248342296696535,0.11695923340010395
OnlineNews,original,39644,56,4,6,1982,172,20260978,SRS,0.015753335979057204,0.008966755997626155,0.002703642161160911,0.010551490281427434,0.0009529491012065112,0.15452941477316443,0.16499361928508383
OnlineNews,original,39644,56,4,6,1982,173,20260979,PCA-QS,0.013017322732341002,0.00874989390869173,0.002642209680873159,0.009605148820362786,0.0009584260364516353,0.1224447943687678,0.1441691679882041
OnlineNews,original,39644,56,4,6,1982,173,20260979,SRS,0.0191058141244634,0.008979093503699182,0.0027033911992689133,0.011520578494163658,0.000954787255272641,0.17126355859051137,0.18921716198269983
OnlineNews,original,39644,56,4,6,1982,174,20260980,PCA-QS,0.013194261226043585,0.008966806184312533,0.002689658607608313,0.010704220529254016,0.0009527569083241877,0.11477348942328398,0.17284200453497217
OnlineNews,original,39644,56,4,6,1982,174,20260980,SRS,0.018582560880895178,0.00938166739137806,0.0027912960016584854,0.010905737108775071,0.0009566969971385398,0.20343150632472526,0.25678816815210115
OnlineNews,original,39644,56,4,6,1982,175,20260981,PCA-QS,0.014843317142622046,0.008827666166846104,0.0026640063553196175,0.009750735401047095,0.0009515883704697053,0.12416098024439848,0.2773879096809635
OnlineNews,original,39644,56,4,6,1982,175,20260981,SRS,0.018561405295829312,0.008974379416706412,0.0026936301018114653,0.010637750903887522,0.00095018766417219,0.15643199905232294,0.4588540661107399
OnlineNews,original,39644,56,4,6,1982,176,20260982,PCA-QS,0.018535883467021255,0.009076892277765305,0.0027288782959972364,0.010547075561500918,0.0009542287177819172,0.15566416677700298,0.44943647472922843
OnlineNews,original,39644,56,4,6,1982,176,20260982,SRS,0.012800494210110801,0.009204307597618774,0.002758593853063044,0.011234885907006387,0.0009569193240307899,0.16287183386099163,0.26444692115964846
OnlineNews,original,39644,56,4,6,1982,177,20260983,PCA-QS,0.014265097772915094,0.008844873984351702,0.0026754386733702984,0.010191774071351745,0.0009455906144276932,0.14874786290688935,0.47615018841558016
OnlineNews,original,39644,56,4,6,1982,177,20260983,SRS,0.020462083288629578,0.008905723425486381,0.002682889472096858,0.014365068547929738,0.0009512858540968066,0.16620486179161736,0.2275875857986473
OnlineNews,original,39644,56,4,6,1982,178,20260984,PCA-QS,0.014358045673816653,0.008593485970585292,0.0026032584065577577,0.009930880338934855,0.0009510468515720676,0.15721667721100177,0.19753623297157588
OnlineNews,original,39644,56,4,6,1982,178,20260984,SRS,0.021787218814196565,0.009104332565611958,0.002733665691912585,0.012723697183814053,0.0009599623087521488,0.16358096422817633,0.9536245443506818
OnlineNews,original,39644,56,4,6,1982,179,20260985,PCA-QS,0.0162771122883266,0.008692466826521628,0.0026321073358785635,0.010946797652440665,0.0009583787581537917,0.16100943444517252,0.5155334455037311
OnlineNews,original,39644,56,4,6,1982,179,20260985,SRS,0.015539505550637532,0.008865330626766232,0.0026637648554215495,0.008994392323137035,0.0009503258204552996,0.15767453439456958,0.137113833754541
OnlineNews,original,39644,56,4,6,1982,180,20260986,PCA-QS,0.013122248022329312,0.008733655967469726,0.0026300594458930336,0.010362421673933753,0.0009539828740921363,0.1678857833916011,0.22617161999939714
OnlineNews,original,39644,56,4,6,1982,180,20260986,SRS,0.02319702285270778,0.009115505434725946,0.002722160781694936,0.01438864379524496,0.0009526909862788362,0.19096309371985243,0.5446556946175384
OnlineNews,original,39644,56,4,6,1982,181,20260987,PCA-QS,0.010906959516536027,0.00893235216568542,0.0026921883974774133,0.00926084511438141,0.0009553619627678737,0.15371580215374603,0.24223105747532503
OnlineNews,original,39644,56,4,6,1982,181,20260987,SRS,0.015887560152741845,0.008764618488472323,0.0026457028635067546,0.011918972124876248,0.0009590259501710491,0.16078540515277642,0.4522056784674213
OnlineNews,original,39644,56,4,6,1982,182,20260988,PCA-QS,0.015448175069990506,0.008765103715653835,0.002640143328929083,0.011524287404528266,0.000961096854545928,0.1341169683870494,0.611287230677006
OnlineNews,original,39644,56,4,6,1982,182,20260988,SRS,0.01596195784260482,0.008824671011143212,0.0026665524663939334,0.009530377129106427,0.0009391211786700758,0.1337751490232784,0.48824488514862796
OnlineNews,original,39644,56,4,6,1982,183,20260989,PCA-QS,0.01893356288362613,0.008552159966949625,0.0025896106636672475,0.011520262016867733,0.0009510037378746497,0.15135715934715788,0.10730987640069845
OnlineNews,original,39644,56,4,6,1982,183,20260989,SRS,0.018760003616382342,0.00901894066133147,0.002706951941408765,0.011861324969908438,0.0009558616354110854,0.16170181812531895,2.1213774311660205
OnlineNews,original,39644,56,4,6,1982,184,20260990,PCA-QS,0.015651183821592283,0.008732910369114498,0.0026405218417885298,0.010810678226752302,0.0009582138617868259,0.14197121018227454,0.23362287044583588
OnlineNews,original,39644,56,4,6,1982,184,20260990,SRS,0.013075120222459491,0.008774997595904416,0.002646738191456527,0.009038086130178868,0.0009548532987912522,0.15354128887904567,0.2491484679179492
OnlineNews,original,39644,56,4,6,1982,185,20260991,PCA-QS,0.011863282348131764,0.0089018807538601,0.0026694784968744377,0.008818135443570796,0.0009569790272802519,0.16453717720478422,0.11416721647663094
OnlineNews,original,39644,56,4,6,1982,185,20260991,SRS,0.016646882624851696,0.009217256386134381,0.0027579289732582806,0.008641973414064807,0.0009598160392219157,0.13893426931850714,0.10653034957334839
OnlineNews,original,39644,56,4,6,1982,186,20260992,PCA-QS,0.010718890465466724,0.00874784341256552,0.002644212853818408,0.008777784569584668,0.0009573058454154365,0.13788297389317797,0.19440303518520954
OnlineNews,original,39644,56,4,6,1982,186,20260992,SRS,0.01617244272995331,0.008949334209455817,0.0026986655368575196,0.010151447505677424,0.0009618289124448033,0.14247329613341128,0.08623027491750698
OnlineNews,original,39644,56,4,6,1982,187,20260993,PCA-QS,0.014317060233246545,0.008726218454884636,0.0026264867832776297,0.009692653407865848,0.000955948124987821,0.16360615235411213,0.062377863276786794
OnlineNews,original,39644,56,4,6,1982,187,20260993,SRS,0.02210225143580249,0.008943917009960013,0.002697434519942438,0.011213294617810732,0.0009508350558693695,0.17708448215105405,0.5000622225600584
OnlineNews,original,39644,56,4,6,1982,188,20260994,PCA-QS,0.012788136726297762,0.008663625347759146,0.002618157294325205,0.0101127928961251,0.0009564335948649513,0.1524214441092755,0.06872158885202788
OnlineNews,original,39644,56,4,6,1982,188,20260994,SRS,0.01631839072881252,0.008858713029547058,0.002669053852869822,0.011432730351694786,0.0009613603420228644,0.16627588603907253,0.09273958262455215
OnlineNews,original,39644,56,4,6,1982,189,20260995,PCA-QS,0.011183467459704416,0.008855336665427826,0.0026815680642475843,0.00938805442057955,0.0009510183581515287,0.14453240527207034,0.6799052386325446
OnlineNews,original,39644,56,4,6,1982,189,20260995,SRS,0.016096136394973395,0.009055371940258584,0.002712786408609099,0.011603609834109463,0.0009584260998453094,0.16656614657735852,0.24070980097858044
OnlineNews,original,39644,56,4,6,1982,190,20260996,PCA-QS,0.010966963468079701,0.008660965356212061,0.002617834899873564,0.007665212055846027,0.0009545397522244521,0.15099328930317218,0.27795079599740447
OnlineNews,original,39644,56,4,6,1982,190,20260996,SRS,0.015542874506353305,0.008672670708130605,0.0026131754738457948,0.010911644930347464,0.000956347016516562,0.15849178383425797,0.045537142069834835
OnlineNews,original,39644,56,4,6,1982,191,20260997,PCA-QS,0.01124067598463728,0.008967980406039975,0.0026944225995779356,0.010075230181652017,0.0009525204227001062,0.1411553118791214,0.2814847464416912
OnlineNews,original,39644,56,4,6,1982,191,20260997,SRS,0.013576818447474322,0.009266619398414234,0.0027711497455148717,0.00996014343804319,0.0009606603708894925,0.15942647248118036,0.23388237691595332
OnlineNews,original,39644,56,4,6,1982,192,20260998,PCA-QS,0.01338111277393988,0.009002876560004416,0.0027150621573816297,0.009646449067302498,0.0009516870600527825,0.1662779074790661,0.1767536038270806
OnlineNews,original,39644,56,4,6,1982,192,20260998,SRS,0.012038046264412516,0.009099488447481112,0.002736243544227471,0.01208659294276515,0.0009638480202944719,0.1373399325657561,0.19343814378378968
OnlineNews,original,39644,56,4,6,1982,193,20260999,PCA-QS,0.01235870458441708,0.009140614396768007,0.002731889952089465,0.00865527686696943,0.0009496687720573525,0.14543662408214453,0.18142336153751204
OnlineNews,original,39644,56,4,6,1982,193,20260999,SRS,0.02046789346777516,0.008511181046799472,0.002573226918275212,0.011299398054882559,0.0009545532063164245,0.16400541551044934,0.17964405502301237
OnlineNews,original,39644,56,4,6,1982,194,20261000,PCA-QS,0.009494771072912741,0.009011857621642092,0.002712691762146068,0.008995429282972367,0.0009558346138088408,0.14781865221572568,0.19913204573117876
OnlineNews,original,39644,56,4,6,1982,194,20261000,SRS,0.012457441450356018,0.008759363439020113,0.002641934519857613,0.009241314896113906,0.0009589008671852164,0.13410592818090025,0.3594635850310373
OnlineNews,original,39644,56,4,6,1982,195,20261001,PCA-QS,0.021935924472264175,0.0089350255710311,0.002690654079185683,0.011134696000759448,0.0009471775198601919,0.14118083773943826,0.5817897420674444
OnlineNews,original,39644,56,4,6,1982,195,20261001,SRS,0.015708313416979047,0.008794764135410428,0.002641853177001737,0.009470496982640242,0.0009501869844094452,0.1507809152606588,0.35584818535709195
OnlineNews,original,39644,56,4,6,1982,196,20261002,PCA-QS,0.020553441633445746,0.00875820415929354,0.0026416374683589086,0.012611891305802203,0.0009579042932587962,0.15683315492841085,0.2866748794559451
OnlineNews,original,39644,56,4,6,1982,196,20261002,SRS,0.016192329685508905,0.008978704739520695,0.0027044411364785287,0.011803965115147363,0.0009540782600961995,0.1728593195708676,0.1259382073581511
OnlineNews,original,39644,56,4,6,1982,197,20261003,PCA-QS,0.015952331617611563,0.00898308490495608,0.002698062737210659,0.00926302331152229,0.0009609848761383836,0.1448747451318983,0.1953332551174456
OnlineNews,original,39644,56,4,6,1982,197,20261003,SRS,0.010222416851288007,0.008769934108140566,0.002654442846919052,0.008866854212024933,0.0009595149462739988,0.13335391673151026,0.3645167881857213
OnlineNews,original,39644,56,4,6,1982,198,20261004,PCA-QS,0.013103363669300679,0.008966377923951118,0.0027001778712286767,0.011436658603388494,0.0009598648438512195,0.14516914060971933,0.5436194462927055
OnlineNews,original,39644,56,4,6,1982,198,20261004,SRS,0.011603592456924711,0.009119229153486574,0.002742534478164701,0.01057271221249323,0.0009475050284694862,0.1925885032402687,0.18969426359154606
OnlineNews,original,39644,56,4,6,1982,199,20261005,PCA-QS,0.015542630255874074,0.008619982399546392,0.0026139630234787957,0.009432397181006635,0.0009621315751736759,0.1346233483663065,0.09971711866339393
OnlineNews,original,39644,56,4,6,1982,199,20261005,SRS,0.01574137758284928,0.008636148135083803,0.002611426303985042,0.01024713289270096,0.0009584324008125618,0.13972679907774624,0.2882523885727921
OnlineNews,original,39644,56,4,6,1982,200,20261006,PCA-QS,0.014360660647933362,0.008630209179832902,0.002608182068303715,0.010971478984929561,0.0009568364226835153,0.14706322918925346,0.5198716537773536
OnlineNews,original,39644,56,4,6,1982,200,20261006,SRS,0.01826679143522774,0.009246384757595424,0.002771079337225183,0.009484708525231866,0.000952023865713632,0.1483481347417134,0.4856139749296018
OnlineNews,original,39644,56,4,6,1982,201,20261007,PCA-QS,0.02149962918731819,0.008723482391379277,0.002629330968378314,0.011042250093131756,0.0009572911943465427,0.16533834659349295,0.2220416240151845
OnlineNews,original,39644,56,4,6,1982,201,20261007,SRS,0.015362745962960944,0.009228677326758559,0.002765654692163585,0.009417084253943386,0.000956259457714447,0.15505900781212514,0.10323685894017107
OnlineNews,original,39644,56,4,6,1982,202,20261008,PCA-QS,0.014839440587173918,0.008867510388760446,0.002673340016630595,0.009877123310134905,0.0009557328356355239,0.1407403650424015,0.12170180161958909
OnlineNews,original,39644,56,4,6,1982,202,20261008,SRS,0.017576906658213768,0.009112331373468369,0.0027244464613652786,0.00942016467875817,0.0009556334474766182,0.1485381248312937,0.28834346928447635
OnlineNews,original,39644,56,4,6,1982,203,20261009,PCA-QS,0.013661957120177823,0.008956441411101603,0.002689171809469965,0.011773394372639245,0.000945162555831604,0.1479483659365403,0.0861451117340987
OnlineNews,original,39644,56,4,6,1982,203,20261009,SRS,0.025075250193568238,0.008845026827617637,0.0026622582228146385,0.01295548704649363,0.000952326645200238,0.1564896675882359,0.1626758142901817
OnlineNews,original,39644,56,4,6,1982,204,20261010,PCA-QS,0.011086885811987775,0.008543084243127238,0.0025945098514903696,0.010174895229331682,0.0009476070976440779,0.1490470460553758,0.19993317389944898
OnlineNews,original,39644,56,4,6,1982,204,20261010,SRS,0.02245205707809216,0.009183875271503526,0.0027424697623435654,0.011215330846553684,0.0009601000154023763,0.16889167156089338,0.03836042490488978
OnlineNews,original,39644,56,4,6,1982,205,20261011,PCA-QS,0.015394055139166049,0.009007657877711276,0.0026884799342007906,0.010250560715318713,0.0009574907375064901,0.1475620032438146,0.408931387683314
OnlineNews,original,39644,56,4,6,1982,205,20261011,SRS,0.01660792029104427,0.008877813029403244,0.002669053626187175,0.011740815528270332,0.0009540493646468113,0.1484934185281129,0.06867740353058444
OnlineNews,original,39644,56,4,6,1982,206,20261012,PCA-QS,0.01966465920546672,0.008803919859260217,0.0026562011270936667,0.012061353183128176,0.0009462179955947803,0.1590546408624346,0.5552876659823821
OnlineNews,original,39644,56,4,6,1982,206,20261012,SRS,0.017743431858454416,0.008779910175359151,0.002647702431325539,0.010050946390993687,0.0009522643400019116,0.14488015704723464,0.11508607054458525
OnlineNews,original,39644,56,4,6,1982,207,20261013,PCA-QS,0.02141002863812181,0.008919804696975982,0.0026831912271750324,0.01141678053803119,0.0009552855588083892,0.16284947768963773,0.2250284938685957
OnlineNews,original,39644,56,4,6,1982,207,20261013,SRS,0.022448327271384603,0.0089482840921658,0.002680063090461746,0.014193013810242405,0.0009568776644904079,0.16903525138515973,0.3083137958916813
OnlineNews,original,39644,56,4,6,1982,208,20261014,PCA-QS,0.016323570414586073,0.008346042737664636,0.002538683597964736,0.009890050913826443,0.0009504204664945827,0.1325178211566963,0.2575629383519356
OnlineNews,original,39644,56,4,6,1982,208,20261014,SRS,0.018989384885228628,0.008872916189899169,0.0026615986890285446,0.009718334120005778,0.0009559695936241486,0.16081810401687324,0.5320640433755349
OnlineNews,original,39644,56,4,6,1982,209,20261015,PCA-QS,0.010386853509148258,0.008744910316004167,0.0026310310925954463,0.007978762357167213,0.0009578715098818597,0.11379692670111248,0.14358169914529406
OnlineNews,original,39644,56,4,6,1982,209,20261015,SRS,0.017452476310627154,0.008779691475266495,0.00264757981282178,0.009875074045380572,0.0009520745231877578,0.1634785147750586,0.14522182189468213
OnlineNews,original,39644,56,4,6,1982,210,20261016,PCA-QS,0.011622789806042668,0.008855509434117366,0.002666036229798747,0.009346167769693992,0.00095671505098851,0.13111342555066874,0.1669886521195017
OnlineNews,original,39644,56,4,6,1982,210,20261016,SRS,0.013365253854374504,0.009159848286224084,0.0027519646007831927,0.012040394654109221,0.0009502150453542541,0.16752348069369236,0.3076531029592571
OnlineNews,original,39644,56,4,6,1982,211,20261017,PCA-QS,0.013990172523634816,0.008964757949867305,0.0026848012902582616,0.009555664403013253,0.0009448430798818286,0.1163053152332838,0.25199572036238727
OnlineNews,original,39644,56,4,6,1982,211,20261017,SRS,0.019062119947192282,0.009061152006817131,0.00271310546406604,0.013681959692082302,0.0009501750051450978,0.17328857565900815,0.30577498122916036
OnlineNews,original,39644,56,4,6,1982,212,20261018,PCA-QS,0.014775311906912812,0.009133370902227272,0.0027387723168061247,0.009736081948050312,0.0009541349601673518,0.150439505099922,0.19923798508705667
OnlineNews,original,39644,56,4,6,1982,212,20261018,SRS,0.024623286304708922,0.009217478819666582,0.0027716199736817636,0.014426815821348526,0.0009508216087380495,0.18484765989929922,0.7619453824844931
OnlineNews,original,39644,56,4,6,1982,213,20261019,PCA-QS,0.015681471442976068,0.008802053973371015,0.002656611751008995,0.009318490713782879,0.0009604334360760374,0.1382606459453876,0.23766544899007247
OnlineNews,original,39644,56,4,6,1982,213,20261019,SRS,0.01480977564885562,0.009106375701627676,0.0027382389266918093,0.010632905882044241,0.000949352521435962,0.1572035294715406,0.2976093015182086
OnlineNews,original,39644,56,4,6,1982,214,20261020,PCA-QS,0.012057272203805215,0.00877535609493589,0.0026448291828519875,0.008088739690311542,0.0009416621198529836,0.14812750310367068,0.43087378946113053
OnlineNews,original,39644,56,4,6,1982,214,20261020,SRS,0.020893789745798825,0.008953063633360974,0.002697113370797383,0.012761830543762898,0.0009554846029406235,0.14855146978440342,0.2694649121039279
OnlineNews,original,39644,56,4,6,1982,215,20261021,PCA-QS,0.014462368814289844,0.008967397937847095,0.002700593990041897,0.011465998395330246,0.0009526550301281249,0.14094976340837334,0.31279718058054656
OnlineNews,original,39644,56,4,6,1982,215,20261021,SRS,0.01538688386300883,0.008916708364021132,0.0026879063973576428,0.010084834514946905,0.0009565567799177492,0.1571068091333333,0.3555519095915798
OnlineNews,original,39644,56,4,6,1982,216,20261022,PCA-QS,0.017262721653210196,0.009136146723538978,0.0027447771250671406,0.009935457161166283,0.0009531391409935451,0.1672178847343793,0.2729878861045988
OnlineNews,original,39644,56,4,6,1982,216,20261022,SRS,0.025220648064024208,0.008942227921532883,0.0026995105426166413,0.010800861644005622,0.0009576451417900608,0.1610088597613041,0.48851450183894357
OnlineNews,original,39644,56,4,6,1982,217,20261023,PCA-QS,0.018413540559038984,0.008752848224150426,0.0026521330142559017,0.00951842555179816,0.0009539356296461048,0.13814354107037663,0.516097794659826
OnlineNews,original,39644,56,4,6,1982,217,20261023,SRS,0.021069335814547042,0.00931207765959048,0.002788668310344448,0.014328743765084084,0.0009549371865143074,0.1699299224497135,0.24948505313778213
OnlineNews,original,39644,56,4,6,1982,218,20261024,PCA-QS,0.015277519577203936,0.008966956755444464,0.0026857191894564822,0.009381205999648756,0.000949815674357023,0.148044644844441,0.34900869834769427
OnlineNews,original,39644,56,4,6,1982,218,20261024,SRS,0.021489871249986303,0.008993310331481916,0.002704715058998957,0.009451264156906447,0.0009460337147189685,0.1513203990163514,0.20853306298132585
OnlineNews,original,39644,56,4,6,1982,219,20261025,PCA-QS,0.010945768910531312,0.008667142560402762,0.0026188899889330133,0.009411314742267862,0.000948906669952326,0.12950455181422105,0.2748993856955355
OnlineNews,original,39644,56,4,6,1982,219,20261025,SRS,0.019105227816887466,0.008671642713853145,0.0026247956163389444,0.011300480013934688,0.0009510138562971038,0.15204857999326762,0.4659929973695441
OnlineNews,original,39644,56,4,6,1982,220,20261026,PCA-QS,0.011659831081259672,0.009048471195083329,0.0027073616247465654,0.010463470798315555,0.000949982673803483,0.13917609612977472,0.2408394067061676
OnlineNews,original,39644,56,4,6,1982,220,20261026,SRS,0.013191127103038519,0.009010202336059944,0.0026984785719114637,0.008277737012205577,0.0009586058804596788,0.13741429649715522,0.2723799697793792
OnlineNews,original,39644,56,4,6,1982,221,20261027,PCA-QS,0.010828798423306129,0.008447836461648029,0.0025665278022247557,0.008567884896878653,0.000955810949813592,0.12526030242488342,0.26210640080874004
OnlineNews,original,39644,56,4,6,1982,221,20261027,SRS,0.017935145247143895,0.00886415614593613,0.0026676861669900306,0.010709517878511932,0.0009493792876402135,0.1591158010825946,0.2875780315437473
OnlineNews,original,39644,56,4,6,1982,222,20261028,PCA-QS,0.010669998831768595,0.008818056984083111,0.002660780565223115,0.008942406598597685,0.0009567335520984194,0.13927606114582308,0.3884146781738985
OnlineNews,original,39644,56,4,6,1982,222,20261028,SRS,0.01523935148533967,0.0091123440102701,0.0027308974369225436,0.009815257305774594,0.0009618477611067174,0.15663670278454173,0.3021407966374239
OnlineNews,original,39644,56,4,6,1982,223,20261029,PCA-QS,0.012402352347743497,0.008651046420709926,0.0026159958130062802,0.009137652324755052,0.0009526893848460709,0.15208726746381238,0.3774270953886676
OnlineNews,original,39644,56,4,6,1982,223,20261029,SRS,0.016987665890422596,0.009011579851395574,0.0027062981583371695,0.011121125656526232,0.0009579671137047186,0.17483495031616514,0.25713607180800996
OnlineNews,original,39644,56,4,6,1982,224,20261030,PCA-QS,0.015142612921296353,0.008798643220481227,0.0026479809616647416,0.011758034177672627,0.0009535242949437719,0.1511859395820043,0.1667756053854427
OnlineNews,original,39644,56,4,6,1982,224,20261030,SRS,0.015990554251179973,0.009063831890062532,0.002735633226212508,0.011915991898801437,0.0009442434300270091,0.15900614240508357,0.6684404514562106
OnlineNews,original,39644,56,4,6,1982,225,20261031,PCA-QS,0.012439932692138335,0.008959746053469516,0.0026938401425610765,0.011143882709740538,0.0009574081072329573,0.14269442341822614,0.34586142827539895
OnlineNews,original,39644,56,4,6,1982,225,20261031,SRS,0.031114000524728617,0.009364032508916728,0.0027806144516449235,0.01571933699975503,0.000951624903950667,0.17933911657512042,0.22550046561982773
OnlineNews,original,39644,56,4,6,1982,226,20261032,PCA-QS,0.01684183970679817,0.009218455633712444,0.0027675971694220594,0.009842408376400158,0.0009619974454927197,0.16735458041597562,0.21006818579347786
OnlineNews,original,39644,56,4,6,1982,226,20261032,SRS,0.017071771109508728,0.008883007584150083,0.0026804213927240452,0.012154152129840057,0.0009583565360318603,0.13489005921559294,0.12676829739244438
OnlineNews,original,39644,56,4,6,1982,227,20261033,PCA-QS,0.012226863792570927,0.008673644498030316,0.0026295421574643535,0.009967796723005407,0.0009543113849260648,0.13268275705292243,0.17013422117897176
OnlineNews,original,39644,56,4,6,1982,227,20261033,SRS,0.017459966239744152,0.008805403797662068,0.002653771480600652,0.013259851287706681,0.0009580559439933472,0.1936272971813118,0.4081312606836749
OnlineNews,original,39644,56,4,6,1982,228,20261034,PCA-QS,0.015374750902202389,0.008812049351775559,0.0026511427590993077,0.00833234683072348,0.0009543701039936848,0.14981050196572473,0.23304791411866363
OnlineNews,original,39644,56,4,6,1982,228,20261034,SRS,0.015049680461986684,0.008916825183015158,0.002673352659843766,0.008569099363425536,0.0009594374289209506,0.15412035686490014,0.23074372392581244
OnlineNews,original,39644,56,4,6,1982,229,20261035,PCA-QS,0.011556809074913502,0.009339447253082864,0.0027915508580390325,0.00985138853931744,0.0009565795146743266,0.12813405282659535,0.1868516980002308
OnlineNews,original,39644,56,4,6,1982,229,20261035,SRS,0.026471406876673265,0.009203878343069837,0.002757043380405896,0.011304690211483504,0.000953761608452924,0.17849262132134486,0.18054455366721334
OnlineNews,original,39644,56,4,6,1982,230,20261036,PCA-QS,0.011110332774266663,0.008868060977790346,0.0026717203715085768,0.009519688433712759,0.0009561244405371054,0.15405757015872296,0.18317774790442015
OnlineNews,original,39644,56,4,6,1982,230,20261036,SRS,0.01969123660207665,0.00933842692603706,0.002788706387222205,0.013729006831695756,0.0009503949569299254,0.1780800571568175,0.7094322010620564
OnlineNews,original,39644,56,4,6,1982,231,20261037,PCA-QS,0.010929432272357776,0.008823066918981425,0.0026617640666183376,0.011094271314721738,0.0009542667428773053,0.12862316702020984,0.4733719220520464
OnlineNews,original,39644,56,4,6,1982,231,20261037,SRS,0.011569495789653337,0.008685970473098785,0.0026132057264345913,0.009807900602783803,0.0009508698637844081,0.1294665596639581,0.3991245602259923
OnlineNews,original,39644,56,4,6,1982,232,20261038,PCA-QS,0.010925970700595743,0.008885458984260606,0.0026850421526619715,0.012065808571602332,0.000952302526875301,0.14393148367653624,0.23903332711490224
OnlineNews,original,39644,56,4,6,1982,232,20261038,SRS,0.021142175488658592,0.00877645735789476,0.002651361867642307,0.009974694049860844,0.0009513939769953388,0.14899039440488548,0.25944775867767966
OnlineNews,original,39644,56,4,6,1982,233,20261039,PCA-QS,0.016379920699497924,0.008631782819094226,0.0026130677867826544,0.010443358696326399,0.0009609994346874814,0.1215739154525552,0.061906862401066805
OnlineNews,original,39644,56,4,6,1982,233,20261039,SRS,0.014138364630018992,0.00874673918993146,0.0026374036201551316,0.008958262332669165,0.0009552515708389211,0.11944954380972686,0.156566367247614
OnlineNews,original,39644,56,4,6,1982,234,20261040,PCA-QS,0.014123870098954692,0.00878968146285257,0.0026569411101151808,0.007978746558297445,0.0009587998333685904,0.15907040183972682,0.15156040098898044
OnlineNews,original,39644,56,4,6,1982,234,20261040,SRS,0.015494843206675815,0.009219965826680113,0.002780505784527316,0.011817892504414118,0.0009552546880631744,0.16159366340248402,0.5344462391985112
OnlineNews,original,39644,56,4,6,1982,235,20261041,PCA-QS,0.024376295193588766,0.00879645775117398,0.0026519009380602952,0.011039450835264475,0.000952468912811865,0.18077527903044624,0.13020337527167009
OnlineNews,original,39644,56,4,6,1982,235,20261041,SRS,0.018801960692767496,0.009161739999654686,0.0027591251713980536,0.008046052942122017,0.0009530962760535544,0.14029956919112915,0.30537723112394044
OnlineNews,original,39644,56,4,6,1982,236,20261042,PCA-QS,0.013320155499861427,0.008576550330978842,0.0025967664937113014,0.0113557780820841,0.000955343180683061,0.14546075882417026,0.1542317524786588
OnlineNews,original,39644,56,4,6,1982,236,20261042,SRS,0.021758294854808537,0.008953636097740272,0.002702901890939506,0.013299181736709187,0.0009605482071076913,0.1541293322058017,0.32084504595232505
OnlineNews,original,39644,56,4,6,1982,237,20261043,PCA-QS,0.01149292466850799,0.00884616885744923,0.0026679734638742213,0.009094383936966821,0.0009598305863125756,0.13736639241184764,0.3321304798224662
OnlineNews,original,39644,56,4,6,1982,237,20261043,SRS,0.01362261172712317,0.00883780006287269,0.00266291429851153,0.010210530457410272,0.0009546496411642154,0.15238562160836233,0.27285880684812663
OnlineNews,original,39644,56,4,6,1982,238,20261044,PCA-QS,0.011298287185156358,0.008995524569172134,0.002713433517605401,0.010341099031885292,0.0009578810026163846,0.1304175525146574,0.24432791203951865
OnlineNews,original,39644,56,4,6,1982,238,20261044,SRS,0.01632155580773006,0.008854606567547049,0.002659718821214805,0.010505031433369894,0.0009509869394825536,0.15555389965135102,0.22019420506912807
OnlineNews,original,39644,56,4,6,1982,239,20261045,PCA-QS,0.011799465876265292,0.008831066579570102,0.0026652572153577072,0.009530892558915482,0.000958907690568882,0.14498771640063496,0.29957990522632477
OnlineNews,original,39644,56,4,6,1982,239,20261045,SRS,0.01319806665534111,0.009153993137392688,0.00274903907978407,0.0084582123959418,0.0009485678805682564,0.13382088854323942,0.10127550535505508
OnlineNews,original,39644,56,4,6,1982,240,20261046,PCA-QS,0.01214094762012548,0.008723909036479599,0.0026401359683746344,0.009793744556263917,0.0009508129831182721,0.1751837702985273,0.2062662690099094
OnlineNews,original,39644,56,4,6,1982,240,20261046,SRS,0.015234363103936402,0.008733551946450644,0.0026172720541592794,0.010660831133957771,0.0009469317852977533,0.18008442000154684,0.2940098637434184
OnlineNews,original,39644,56,4,6,1982,241,20261047,PCA-QS,0.019467313152204697,0.008969571583374815,0.0027052926674592075,0.011390733931220254,0.0009591135485237408,0.17043375720733656,0.5147554532215117
OnlineNews,original,39644,56,4,6,1982,241,20261047,SRS,0.017363321042647407,0.00858773828311719,0.0025992177084892443,0.010271845323879703,0.0009477631311561005,0.1325893006235206,0.5588423929805332
OnlineNews,original,39644,56,4,6,1982,242,20261048,PCA-QS,0.019022929980695786,0.008677650459761488,0.002618899656209574,0.01092516795277021,0.0009549555632241917,0.13629098950360036,0.36416336133914706
OnlineNews,original,39644,56,4,6,1982,242,20261048,SRS,0.02502304850151479,0.008967708183371411,0.002694433276732228,0.010429588630952225,0.0009520573780261876,0.15843316568962287,0.38994424143775686
OnlineNews,original,39644,56,4,6,1982,243,20261049,PCA-QS,0.016143278876428444,0.008747938802858155,0.0026402759659457475,0.010302964279608418,0.0009617595312816681,0.13265504433869307,0.5621433118668574
OnlineNews,original,39644,56,4,6,1982,243,20261049,SRS,0.023323270823778476,0.009299156101337521,0.0027853803969228983,0.011655608464156586,0.0009619643443628707,0.16448463596255028,0.33907350848301443
OnlineNews,original,39644,56,4,6,1982,244,20261050,PCA-QS,0.013749782138884753,0.00873507179218844,0.002636762964215013,0.00991104516382002,0.0009498870527684804,0.1383354502919177,0.1959770598154996
OnlineNews,original,39644,56,4,6,1982,244,20261050,SRS,0.016047066454373128,0.00888229166162965,0.002665647509045787,0.01289980084150244,0.0009564478676774605,0.16203991125734013,0.23125158814985647
OnlineNews,original,39644,56,4,6,1982,245,20261051,PCA-QS,0.012472585991601167,0.008772753444796942,0.0026527431710480034,0.01149688004857019,0.0009482528518805601,0.1593494627894686,0.19359163610523605
OnlineNews,original,39644,56,4,6,1982,245,20261051,SRS,0.020023349853556135,0.009020975153677007,0.002713155990265642,0.009601669882410846,0.0009601177217747,0.16694294122351155,0.30083603789538443
OnlineNews,original,39644,56,4,6,1982,246,20261052,PCA-QS,0.012856465591877185,0.008905202110289303,0.0026885590812977685,0.008964425607505433,0.0009557544492873753,0.15604027716465246,0.17173852499930048
OnlineNews,original,39644,56,4,6,1982,246,20261052,SRS,0.014469558284531624,0.008881260001023905,0.0026673888269958556,0.010471708934900903,0.0009496901967524505,0.1756525764339657,0.8548903723598751
OnlineNews,original,39644,56,4,6,1982,247,20261053,PCA-QS,0.015510904469837402,0.0087460089788365,0.0026412783287656344,0.008656420302781243,0.000952987102694965,0.1454487608968604,0.28980525661179213
OnlineNews,original,39644,56,4,6,1982,247,20261053,SRS,0.01638020321280808,0.00878876795835134,0.0026591010905762237,0.010118207868627493,0.0009486834325717659,0.15170380141965678,0.16668123134189988
OnlineNews,original,39644,56,4,6,1982,248,20261054,PCA-QS,0.013484349974207749,0.009176720798478758,0.0027464403483391173,0.010554021848673045,0.0009678207832498356,0.1417157882646523,0.17871251069420657
OnlineNews,original,39644,56,4,6,1982,248,20261054,SRS,0.023554256576128085,0.00882574531320022,0.0026386643602692534,0.0130924891262989,0.0009566144484669554,0.1865070415379968,0.18201378009177124
OnlineNews,original,39644,56,4,6,1982,249,20261055,PCA-QS,0.01476872477514082,0.008840249795067086,0.0026669568252732545,0.009247231414990509,0.0009444647330399842,0.14838344216624832,0.09341157472136527
OnlineNews,original,39644,56,4,6,1982,249,20261055,SRS,0.015705621016639013,0.008907095213044832,0.002672611776089203,0.010516167346075633,0.000960035074133247,0.1476111743025737,0.08480506808914434
OnlineNews,original,39644,56,4,6,1982,250,20261056,PCA-QS,0.018648156077717103,0.008837004202553057,0.0026594495418820335,0.01070009139070649,0.0009586508171556673,0.12641772990610814,0.2682648712095531
OnlineNews,original,39644,56,4,6,1982,250,20261056,SRS,0.016063028993724172,0.009003715300627208,0.002707478957882813,0.010768478711639773,0.0009497432243775479,0.14707252931948744,0.16538059128994126
OnlineNews,original,39644,56,4,6,1982,251,20261057,PCA-QS,0.02073235483830108,0.008432701637460419,0.0025608600389287867,0.010570530374462095,0.0009596977715610094,0.15632604960852586,0.18690567908213324
OnlineNews,original,39644,56,4,6,1982,251,20261057,SRS,0.012435753386732485,0.00921077546077252,0.0027670986798290337,0.01066981952603463,0.0009524440626274581,0.15025440980354773,0.4255938950144626
OnlineNews,original,39644,56,4,6,1982,252,20261058,PCA-QS,0.01514849329173425,0.008946957093626097,0.002690266901323666,0.01109421605287686,0.0009486925147112537,0.1865941100159491,0.29514351571919656
OnlineNews,original,39644,56,4,6,1982,252,20261058,SRS,0.013128134346027767,0.009090734001448967,0.0027253045138639492,0.008566603959987873,0.000956823017814236,0.16515402847883026,0.19962518063738102
OnlineNews,original,39644,56,4,6,1982,253,20261059,PCA-QS,0.013016949865098246,0.00896863590853891,0.002695208767234209,0.009770523800078479,0.0009542308073506296,0.15056044890179965,0.27667300753839597
OnlineNews,original,39644,56,4,6,1982,253,20261059,SRS,0.01810935116528552,0.008893179705206736,0.0026748037795067195,0.010802458937813952,0.0009545097355564607,0.16653355872303216,0.1920469375033827
OnlineNews,original,39644,56,4,6,1982,254,20261060,PCA-QS,0.009833344306642433,0.00862305874224211,0.0026055925793583607,0.009726961644574317,0.0009578773765354479,0.1295640011138966,0.14609387867797713
OnlineNews,original,39644,56,4,6,1982,254,20261060,SRS,0.013471622447691681,0.00931337956081004,0.0027911295689838148,0.010321853850587814,0.0009525892456617957,0.1666229915030412,0.6404249760134946
OnlineNews,original,39644,56,4,6,1982,255,20261061,PCA-QS,0.017696439602085244,0.008778039978835148,0.0026515193208955473,0.010284822225091972,0.0009575300021761126,0.13183918754485946,0.31448327941474885
OnlineNews,original,39644,56,4,6,1982,255,20261061,SRS,0.012879312362641207,0.009181636100205772,0.0027571179101901805,0.010984008889453278,0.000950372103142395,0.1432957729671012,0.38482408226652537
OnlineNews,original,39644,56,4,6,1982,256,20261062,PCA-QS,0.02058301992266624,0.008553142519456353,0.0025859133110649806,0.00952300850553911,0.0009461413895121122,0.14677575423450395,0.2848479027748396
OnlineNews,original,39644,56,4,6,1982,256,20261062,SRS,0.0137356355091373,0.008789632079988927,0.0026381878286466684,0.009507679741021846,0.0009519188378821289,0.15482192950702664,0.34569377349955455
OnlineNews,original,39644,56,4,6,1982,257,20261063,PCA-QS,0.010084776582059387,0.008809214623205774,0.0026553271784662733,0.010709887905283821,0.0009614187546810533,0.11686294994520166,0.10242620411432796
OnlineNews,original,39644,56,4,6,1982,257,20261063,SRS,0.016876628821399186,0.00908933011319227,0.002721210156894298,0.009841144932426715,0.000957617816514039,0.1619383314749412,0.32862159401175844
OnlineNews,original,39644,56,4,6,1982,258,20261064,PCA-QS,0.012872245040997729,0.008591843969372842,0.002592958065369995,0.009738348147340758,0.0009546548676489797,0.10505061037720063,0.19911775470100262
OnlineNews,original,39644,56,4,6,1982,258,20261064,SRS,0.015665556630548128,0.009148516092045946,0.002745917982101064,0.010356257825543835,0.0009528682725218878,0.1978600536242203,0.2950556732991736
OnlineNews,original,39644,56,4,6,1982,259,20261065,PCA-QS,0.013998717442012282,0.008645695187709088,0.0026112772213125125,0.010762271527301692,0.0009596822609470488,0.13003919738891181,0.21959477737611938
OnlineNews,original,39644,56,4,6,1982,259,20261065,SRS,0.015071103549138357,0.008843191939276686,0.0026651903666858137,0.010422795015719188,0.0009506637480020607,0.14401809604164317,0.34401055532235064
OnlineNews,original,39644,56,4,6,1982,260,20261066,PCA-QS,0.018957950461316455,0.00883713336317048,0.002669101467081989,0.012035748364937149,0.0009547396601895303,0.15517544738697572,0.061565073083519405
OnlineNews,original,39644,56,4,6,1982,260,20261066,SRS,0.01167484698122469,0.00863639654988847,0.002608802824178222,0.011500906213642637,0.0009588970306163253,0.14535246966069898,0.18113724234752654
OnlineNews,original,39644,56,4,6,1982,261,20261067,PCA-QS,0.010625503633882222,0.008735267265666544,0.002631204517703495,0.009912636976473266,0.0009491491462928396,0.14474718119319716,0.15986979065167725
OnlineNews,original,39644,56,4,6,1982,261,20261067,SRS,0.015326475172244678,0.009112601779808058,0.0027348994921544837,0.011408167853684148,0.0009599744246611215,0.15599918524871312,0.2925723144266035
OnlineNews,original,39644,56,4,6,1982,262,20261068,PCA-QS,0.018385415018870938,0.008919219935300931,0.002693602177233845,0.011849171861706864,0.0009555399121592293,0.1306508526111275,0.2383599957209334
OnlineNews,original,39644,56,4,6,1982,262,20261068,SRS,0.02093946669652441,0.008919008905976045,0.002689486656262348,0.01053022095102385,0.0009534966209565453,0.17290776834769153,0.221557803597065
OnlineNews,original,39644,56,4,6,1982,263,20261069,PCA-QS,0.012669454800332361,0.008785558684484341,0.0026550238556968917,0.010099430887072103,0.0009521014722084611,0.14079264687317863,0.14423754674902184
OnlineNews,original,39644,56,4,6,1982,263,20261069,SRS,0.010308585320470156,0.008822374131159435,0.0026593504463980782,0.009238778493235955,0.0009544104181398837,0.13647064732544104,0.3074812037623191
OnlineNews,original,39644,56,4,6,1982,264,20261070,PCA-QS,0.010846402891318361,0.008792449075218863,0.0026423953980071586,0.01117953646198444,0.0009597847328887783,0.1580691832600129,0.43094288184383794
OnlineNews,original,39644,56,4,6,1982,264,20261070,SRS,0.012204216373072011,0.008962277456460664,0.0026942476908677856,0.00939773308917502,0.0009544213181338678,0.15339748991397834,0.13793881195863267
OnlineNews,original,39644,56,4,6,1982,265,20261071,PCA-QS,0.018211733693666025,0.00885927711885494,0.0026745925334306607,0.012037787852738902,0.0009461008983349166,0.15490256821659842,0.14531722251014176
OnlineNews,original,39644,56,4,6,1982,265,20261071,SRS,0.01983723456084755,0.00867747991810164,0.0026253218813342715,0.011977974924805679,0.0009470648959485612,0.13796621646521476,0.8683808019187906
OnlineNews,original,39644,56,4,6,1982,266,20261072,PCA-QS,0.010157238294255617,0.0086301380333232,0.002606005033085626,0.008417704283200322,0.0009479246835512905,0.12673714949247503,0.16435332459692037
OnlineNews,original,39644,56,4,6,1982,266,20261072,SRS,0.014215118436232212,0.008829304046307785,0.002669956380997732,0.010046674097196728,0.0009649915981415416,0.14735114791824733,0.12429251665298321
OnlineNews,original,39644,56,4,6,1982,267,20261073,PCA-QS,0.014248793678246148,0.008720750831037516,0.002630341771880339,0.01117113580846052,0.0009524018474054886,0.1821669444816161,0.1821364703956902
OnlineNews,original,39644,56,4,6,1982,267,20261073,SRS,0.011919768614946128,0.00849123187980107,0.0025688878173676754,0.010329844089953966,0.0009483738840938017,0.14700813878510788,0.37448759413171645
OnlineNews,original,39644,56,4,6,1982,268,20261074,PCA-QS,0.014341104086780288,0.008751949251440414,0.002642583188343226,0.008488869578068048,0.0009514229883861513,0.1182201481943134,0.14069253837998968
OnlineNews,original,39644,56,4,6,1982,268,20261074,SRS,0.015025862942236165,0.008739046934930664,0.002633353731292688,0.012361014300866557,0.000962287960998566,0.17638335191088522,0.04659613807926623
OnlineNews,original,39644,56,4,6,1982,269,20261075,PCA-QS,0.020458735246322236,0.008954533649863889,0.0026866415976024645,0.010342072679881298,0.0009458264148866322,0.14547813221024933,0.34979544994601103
OnlineNews,original,39644,56,4,6,1982,269,20261075,SRS,0.019429955225227495,0.00891522285520336,0.002684944864434271,0.012764944240597487,0.0009569172545417821,0.1627578148529175,0.2536971250859494
OnlineNews,original,39644,56,4,6,1982,270,20261076,PCA-QS,0.011256164850172128,0.008921658770570459,0.0026968185736752407,0.009685762717991153,0.0009597167663223375,0.178310050309168,0.4321064462850052
OnlineNews,original,39644,56,4,6,1982,270,20261076,SRS,0.016365605612242932,0.009006463976613751,0.002699642042282039,0.011587663048119978,0.0009622062963053303,0.13809557787745633,0.138495169392862
OnlineNews,original,39644,56,4,6,1982,271,20261077,PCA-QS,0.016807375385275203,0.008834268180269165,0.002658748140586327,0.008366143787739588,0.0009518386486936753,0.13795515130716582,0.36976451197759796
OnlineNews,original,39644,56,4,6,1982,271,20261077,SRS,0.01615291604263751,0.008674032391811743,0.002622359040581434,0.011150354527693196,0.0009481733249156964,0.15818439047544686,0.1366565791655636
OnlineNews,original,39644,56,4,6,1982,272,20261078,PCA-QS,0.010821634549705628,0.008518876571057935,0.002579214815738594,0.009365698223271934,0.000949966505677381,0.12510844209521546,0.2837351629212854
OnlineNews,original,39644,56,4,6,1982,272,20261078,SRS,0.015997628980756944,0.009284271267896287,0.0027799418420246676,0.011453716533125657,0.0009566324461030307,0.19115957953218204,0.13594777020590046
OnlineNews,original,39644,56,4,6,1982,273,20261079,PCA-QS,0.01537496901913055,0.008952862775381773,0.002691653851758759,0.009342865752856255,0.0009568833667141882,0.13316850891008533,1.837273326846489
OnlineNews,original,39644,56,4,6,1982,273,20261079,SRS,0.013917522732969964,0.00881514153034202,0.002661585271558371,0.008761055389239658,0.0009570371867962353,0.1438150147793102,0.14829335013145453
OnlineNews,original,39644,56,4,6,1982,274,20261080,PCA-QS,0.011323546429812032,0.008974249129020593,0.0026985493396109936,0.009649664064863117,0.000946853622467531,0.1367509407902584,0.15825045414040964
OnlineNews,original,39644,56,4,6,1982,274,20261080,SRS,0.01688626711526724,0.009182694031997802,0.0027570535362992006,0.010668622931579108,0.0009529834439707232,0.17015018305586702,0.17394666639971046
OnlineNews,original,39644,56,4,6,1982,275,20261081,PCA-QS,0.015249911689567132,0.008516857774709485,0.0025844053911467757,0.01083146096996579,0.0009447417370680839,0.16437867018124216,0.12182170758117421
OnlineNews,original,39644,56,4,6,1982,275,20261081,SRS,0.01608489985056716,0.008919304560819439,0.0026849682153569925,0.01030683555555889,0.0009521385300316114,0.177324793611253,0.20516860667571563
OnlineNews,original,39644,56,4,6,1982,276,20261082,PCA-QS,0.014988992272994826,0.008896370372843947,0.002673136128741456,0.009376360744591139,0.0009596679996655556,0.16204324604751133,0.1972906863904163
OnlineNews,original,39644,56,4,6,1982,276,20261082,SRS,0.016037275441656337,0.009441064186647405,0.0028227005393401325,0.011971207726812594,0.0009571575801708586,0.1618997568667728,0.20023815439323894
OnlineNews,original,39644,56,4,6,1982,277,20261083,PCA-QS,0.013333038743047402,0.008672335143949491,0.002625138106193708,0.011212334785909661,0.0009560230792376268,0.1432658465674878,0.16815669249885523
OnlineNews,original,39644,56,4,6,1982,277,20261083,SRS,0.014748186831419654,0.00908012192481524,0.0027114566124786304,0.012042116759811705,0.0009556902815310796,0.14712616002390727,0.31974577437719753
OnlineNews,original,39644,56,4,6,1982,278,20261084,PCA-QS,0.013954588321360237,0.00909543050076177,0.0027286860064745437,0.008814929984181319,0.000958172394716781,0.17111964222418447,0.13316384205277457
OnlineNews,original,39644,56,4,6,1982,278,20261084,SRS,0.015980788796258853,0.00894235175530895,0.0026905958828309685,0.011333520564884125,0.0009519854603640055,0.15363523811698945,0.4473809602981884
OnlineNews,original,39644,56,4,6,1982,279,20261085,PCA-QS,0.0172054454026582,0.008864230307846404,0.0026652814617527556,0.008932879487931089,0.0009589574541094318,0.1455609301827581,0.3683294855450244
OnlineNews,original,39644,56,4,6,1982,279,20261085,SRS,0.013171050784825191,0.00868777564467963,0.002627058097136955,0.009410146043817846,0.0009643661940800377,0.12164687298967723,0.27964597964704785
OnlineNews,original,39644,56,4,6,1982,280,20261086,PCA-QS,0.016574213779036694,0.008823334599077583,0.002656782023045535,0.009914770672944329,0.0009537643158062353,0.13825205658569667,0.34755593082068365
OnlineNews,original,39644,56,4,6,1982,280,20261086,SRS,0.015992948273088847,0.00872895834502693,0.0026480639504473757,0.013070437443968075,0.000956801509535891,0.17068947753541971,0.16229018704086462
OnlineNews,original,39644,56,4,6,1982,281,20261087,PCA-QS,0.014413541767931446,0.00850447150499426,0.0025843069669178537,0.011001788469215512,0.0009532587680773694,0.13306679457245654,0.30241379371349875
OnlineNews,original,39644,56,4,6,1982,281,20261087,SRS,0.02031079413969091,0.008665066537685886,0.0026184539927437763,0.011088080000424938,0.0009568429499893439,0.14606575791602996,0.12834467224110746
OnlineNews,original,39644,56,4,6,1982,282,20261088,PCA-QS,0.01044615488438313,0.00894649763003824,0.00269480695242801,0.009940197463397027,0.0009562983758932814,0.14304786477013864,0.24226877163427818
OnlineNews,original,39644,56,4,6,1982,282,20261088,SRS,0.016701076230275967,0.00875252370637348,0.002643377904131997,0.009671801467382224,0.0009554054892324563,0.1491958030335954,0.2093579820845849
OnlineNews,original,39644,56,4,6,1982,283,20261089,PCA-QS,0.015500011887175627,0.008989095477252854,0.002704726385273186,0.009374592680769567,0.0009502875780287524,0.16426237430847423,0.19409436634274263
OnlineNews,original,39644,56,4,6,1982,283,20261089,SRS,0.01932965039496053,0.008962680463899253,0.0026974201776781234,0.011215838991150306,0.0009605807732088901,0.15376621618134315,0.09350080965272486
OnlineNews,original,39644,56,4,6,1982,284,20261090,PCA-QS,0.015000505420802335,0.008565980141610434,0.002586798492194192,0.009972548050859231,0.0009559634099214375,0.11378118446393305,0.11523108256279496
OnlineNews,original,39644,56,4,6,1982,284,20261090,SRS,0.017364963316593016,0.008869440172936222,0.0026704889213705787,0.01034321975457253,0.0009597877918315237,0.16702044287778628,0.13161109949990446
OnlineNews,original,39644,56,4,6,1982,285,20261091,PCA-QS,0.015998202468482003,0.008686777071094508,0.0026294246275128043,0.011031416792151916,0.0009506788067345854,0.16367931510430092,0.24864566867218726
OnlineNews,original,39644,56,4,6,1982,285,20261091,SRS,0.016064415907300938,0.008851450966956451,0.0026514106140318886,0.008591526317715648,0.0009580974002292791,0.16113040500816153,0.2186116977230902
OnlineNews,original,39644,56,4,6,1982,286,20261092,PCA-QS,0.017363062914033663,0.008862277753942147,0.002671940522102369,0.011253798203719967,0.0009561576383013849,0.12516083260413072,0.318478440129755
OnlineNews,original,39644,56,4,6,1982,286,20261092,SRS,0.017204858711543033,0.008933513331090492,0.002696109014977247,0.013464101398168893,0.0009560464204801204,0.15871498409893353,0.22714630772638666
OnlineNews,original,39644,56,4,6,1982,287,20261093,PCA-QS,0.01917097365241076,0.009010847445292158,0.00271617454397553,0.01105429278860015,0.0009571323198621167,0.1777390009226348,0.22341863872731835
OnlineNews,original,39644,56,4,6,1982,287,20261093,SRS,0.013785225631861322,0.008980326135801226,0.0027150029481152133,0.008396196997761507,0.0009504062227400012,0.14395216626176188,0.18690601819136574
OnlineNews,original,39644,56,4,6,1982,288,20261094,PCA-QS,0.009472063523634099,0.008709574829103355,0.002630669935587332,0.009529298431322886,0.0009549111632780168,0.1222564743168792,0.3729406827944808
OnlineNews,original,39644,56,4,6,1982,288,20261094,SRS,0.01657494019582999,0.008860492189240255,0.002667497559257447,0.011829245138198274,0.000950178965402907,0.1843490446396682,0.13190710853483328
OnlineNews,original,39644,56,4,6,1982,289,20261095,PCA-QS,0.010009736855195985,0.008806560209669677,0.0026492798070868405,0.010129444842828406,0.0009469678671580346,0.11132607993304658,0.1708563724140639
OnlineNews,original,39644,56,4,6,1982,289,20261095,SRS,0.014442421559130576,0.00885210022285048,0.002664904316896605,0.009887823592880096,0.0009600434974456418,0.16362519244248977,0.428626617156082
OnlineNews,original,39644,56,4,6,1982,290,20261096,PCA-QS,0.02159595134865235,0.0089109155703126,0.0026876182993145685,0.012253317592836765,0.0009547653814691503,0.178725649993126,0.34423092865036187
OnlineNews,original,39644,56,4,6,1982,290,20261096,SRS,0.022184808568269942,0.008882940794947624,0.0026702201561038855,0.010315310549970036,0.000952074114893885,0.14514575002413968,0.5994694467622513
OnlineNews,original,39644,56,4,6,1982,291,20261097,PCA-QS,0.01330636788709559,0.009090827417142915,0.0027199418118055816,0.010350896282837141,0.0009532749622111462,0.15492267855462666,0.22953575920737984
OnlineNews,original,39644,56,4,6,1982,291,20261097,SRS,0.01281513280423953,0.008836782189246061,0.002657253786822461,0.009601202175147705,0.0009577564120900686,0.1839169399114258,0.18885700138839023
OnlineNews,original,39644,56,4,6,1982,292,20261098,PCA-QS,0.011033035622617423,0.008709181908485644,0.0026374223927845435,0.009642036335417714,0.0009590244505463285,0.13975095043521524,0.6440348865226472
OnlineNews,original,39644,56,4,6,1982,292,20261098,SRS,0.017675419447415023,0.009192378479096723,0.0027498467559144402,0.01067290082902339,0.0009609088010479995,0.16758777367032196,0.08525860325456505
OnlineNews,original,39644,56,4,6,1982,293,20261099,PCA-QS,0.01809625946328604,0.008880451207918782,0.0026809405182394684,0.010642640540739379,0.0009507439941708046,0.1302517866472422,0.9661887419945272
OnlineNews,original,39644,56,4,6,1982,293,20261099,SRS,0.01304869174271381,0.009263834283085725,0.0027794106418044568,0.009386267761954059,0.0009577840462282093,0.1490077769736254,0.2429741086964664
OnlineNews,original,39644,56,4,6,1982,294,20261100,PCA-QS,0.01155198445463727,0.00888632588468861,0.0026844829461421258,0.009303701045952906,0.0009504863057978029,0.130193216600292,0.5024370742729146
OnlineNews,original,39644,56,4,6,1982,294,20261100,SRS,0.011720997655913527,0.008531940718402905,0.0025825401945219423,0.010130322780238288,0.0009527925837982524,0.15362331224492504,0.2506024051599811
OnlineNews,original,39644,56,4,6,1982,295,20261101,PCA-QS,0.015106863271264278,0.00906115821426638,0.002720042346522198,0.011544909179477258,0.0009564323516655018,0.15075540847080177,0.20189971946549426
OnlineNews,original,39644,56,4,6,1982,295,20261101,SRS,0.020466981914552627,0.008954302734616762,0.002704487785774325,0.011965874398130794,0.0009558450345373373,0.1532538105846124,0.23244156333457006
OnlineNews,original,39644,56,4,6,1982,296,20261102,PCA-QS,0.008689347182973152,0.008921936370676066,0.002676282714743958,0.009545792451206125,0.0009553932262459619,0.1301059997075231,0.22236200090670477
OnlineNews,original,39644,56,4,6,1982,296,20261102,SRS,0.013755457908468957,0.008704823397873245,0.002631681299534026,0.011561036744389241,0.0009554159399620265,0.17112146194972547,0.17835159288903654
OnlineNews,original,39644,56,4,6,1982,297,20261103,PCA-QS,0.013593316918364915,0.008745658991986012,0.0026525246335624554,0.010617155931999633,0.0009532877157675742,0.14506376900338935,0.3860391474984406
OnlineNews,original,39644,56,4,6,1982,297,20261103,SRS,0.02253145775099898,0.009146744412901016,0.002742055838818705,0.010549773129417517,0.0009596306986616115,0.17559547542015608,0.18922547864448042
OnlineNews,original,39644,56,4,6,1982,298,20261104,PCA-QS,0.010956005262461928,0.008784332272292403,0.0026533702837412596,0.009243431780488365,0.0009562187935825479,0.13810307793007856,0.24029592762302807
OnlineNews,original,39644,56,4,6,1982,298,20261104,SRS,0.022556935427574466,0.008819019856971632,0.0026438655095027555,0.009190270921177301,0.0009539972285009157,0.15556036510454582,0.28506434725317686
OnlineNews,original,39644,56,4,6,1982,299,20261105,PCA-QS,0.010810543715902232,0.008700069925055861,0.002630511775454313,0.009558167395027795,0.0009491993699394106,0.12435605762387429,0.12666680683202972
OnlineNews,original,39644,56,4,6,1982,299,20261105,SRS,0.018009974818895762,0.009236469785809514,0.002753320141058232,0.011232878966819015,0.0009539545404912904,0.17030827674907753,0.13612087265593953
OnlineNews,original,39644,56,4,6,1982,300,20261106,PCA-QS,0.013753966931085595,0.008881319787387506,0.0026807058997331233,0.010979890497829103,0.0009548449074752507,0.15284792729083144,0.2687460354721558
OnlineNews,original,39644,56,4,6,1982,300,20261106,SRS,0.022617066440345168,0.008968851972346415,0.0027013833170420284,0.010254131524481735,0.0009514003883530805,0.16995213922389735,0.30383280587682643
OnlineNews,original,39644,56,4,6,1982,301,20261107,PCA-QS,0.01710327437415878,0.008814374007228237,0.0026565125994476835,0.009519334317888095,0.0009542265230467465,0.15167479280772164,0.6581171624285465
OnlineNews,original,39644,56,4,6,1982,301,20261107,SRS,0.015231718720178158,0.00876307600405841,0.0026422588053587183,0.010223448175270988,0.0009557667718529075,0.1390555750243191,0.061636382087886715
OnlineNews,original,39644,56,4,6,1982,302,20261108,PCA-QS,0.018234510196705682,0.009219340284596164,0.0027670853966000747,0.01087529020222,0.0009507041165130989,0.1735399728290595,0.10606635099660733
OnlineNews,original,39644,56,4,6,1982,302,20261108,SRS,0.01559807014487724,0.009383904091873006,0.0028056914369624483,0.014420788897329118,0.0009521658622407282,0.1813070069230929,0.42345326433597946
OnlineNews,original,39644,56,4,6,1982,303,20261109,PCA-QS,0.014828828620927577,0.008552296028538698,0.002590135864318485,0.00939153122371117,0.0009549684234725641,0.14087177971927853,0.32265694832592307
OnlineNews,original,39644,56,4,6,1982,303,20261109,SRS,0.02015436096991737,0.008999729499298446,0.0026969591769400027,0.011768309721352566,0.0009567313757183441,0.18019368670034663,0.3417063206369625
OnlineNews,original,39644,56,4,6,1982,304,20261110,PCA-QS,0.011235578314251695,0.008796745769113299,0.002643181342008999,0.009548120974736563,0.0009511665047385066,0.13613572053464273,0.2082003234509226
OnlineNews,original,39644,56,4,6,1982,304,20261110,SRS,0.01624058925838339,0.009057907327126287,0.0027242098466579564,0.0095813250794059,0.000945941431462628,0.14458226924011747,0.19247100355057145
OnlineNews,original,39644,56,4,6,1982,305,20261111,PCA-QS,0.01619615624521103,0.00880346011510463,0.0026524864213172965,0.011976109648923483,0.0009540450648343851,0.15565444481899274,0.3696651355282114
OnlineNews,original,39644,56,4,6,1982,305,20261111,SRS,0.01390946512685653,0.009082312907823053,0.002728498711429544,0.010874595617151428,0.0009520814542639961,0.14146885208113485,0.360662480593242
OnlineNews,original,39644,56,4,6,1982,306,20261112,PCA-QS,0.01090218523977449,0.008593312677315616,0.0026042721262321557,0.010234702235337068,0.0009553070491289023,0.12297879655483851,0.46675166553099656
OnlineNews,original,39644,56,4,6,1982,306,20261112,SRS,0.018504569549635863,0.008990862184138483,0.0026964462706633996,0.010661083043155273,0.0009554388670413916,0.1633884860539903,0.21338848142200503
OnlineNews,original,39644,56,4,6,1982,307,20261113,PCA-QS,0.01452423095404872,0.008918606790710156,0.0026764667054818966,0.008425698809395143,0.0009620405547474418,0.1491608008607022,0.19273164058713846
OnlineNews,original,39644,56,4,6,1982,307,20261113,SRS,0.01558833900048387,0.008840206416166863,0.0026658402075986224,0.009587273632385873,0.0009518578501703225,0.14051166222000935,0.19526004290162657
OnlineNews,original,39644,56,4,6,1982,308,20261114,PCA-QS,0.0158797700524021,0.00862730353280015,0.002614229594289073,0.00947571322146068,0.0009546638329849152,0.1285545975266738,0.3757185901036915
OnlineNews,original,39644,56,4,6,1982,308,20261114,SRS,0.023494088541447418,0.009130706726300852,0.002745701850797391,0.00885448419632695,0.0009558440282936274,0.1599370886217448,0.06745960241910995
OnlineNews,original,39644,56,4,6,1982,309,20261115,PCA-QS,0.015489433668350023,0.009167701847842158,0.0027469678311470816,0.010498575687531542,0.0009546093477692023,0.16038736875166038,0.17998536528830442
OnlineNews,original,39644,56,4,6,1982,309,20261115,SRS,0.015486400605355824,0.009224814966848668,0.0027592699966127753,0.013640099122977034,0.0009501545375115586,0.17036420794597573,0.22238516859161514
OnlineNews,original,39644,56,4,6,1982,310,20261116,PCA-QS,0.011381230269726494,0.008487689169407503,0.002580135040279897,0.00939649363285433,0.0009649584978275202,0.13899585957915894,0.861854399801483
OnlineNews,original,39644,56,4,6,1982,310,20261116,SRS,0.015763026153639313,0.008829872552275169,0.0026518242048722434,0.011546372532391658,0.0009485876229342194,0.14298900918021348,0.3107480617372178
OnlineNews,original,39644,56,4,6,1982,311,20261117,PCA-QS,0.01443830760133489,0.008969685587732616,0.0027070354783646964,0.009565883759027116,0.000956844264577695,0.14362173966700262,0.1994577878884658
OnlineNews,original,39644,56,4,6,1982,311,20261117,SRS,0.024591419642654457,0.009160746391660772,0.0027276748729548376,0.010361838455827055,0.0009573547089738018,0.17250178227675964,0.30586026830952157
OnlineNews,original,39644,56,4,6,1982,312,20261118,PCA-QS,0.01227371037561337,0.008874962695090607,0.0026772659558399643,0.00885537713979545,0.0009530221845416895,0.14174320482200622,0.18037864899958272
OnlineNews,original,39644,56,4,6,1982,312,20261118,SRS,0.011836678443845854,0.008599334581135768,0.0026054784488383042,0.00827566295353499,0.0009588598689652105,0.15477242145529727,1.8755421887155104
OnlineNews,original,39644,56,4,6,1982,313,20261119,PCA-QS,0.018982528120644413,0.0086994245965208,0.0026240050165495135,0.01166851486639331,0.0009564568054763288,0.13288288649031557,0.6329166037872199
OnlineNews,original,39644,56,4,6,1982,313,20261119,SRS,0.012732995900446372,0.008827186380868188,0.002661046502785932,0.010665549214008863,0.0009538360927891849,0.1501056872924457,0.3204417788936778
OnlineNews,original,39644,56,4,6,1982,314,20261120,PCA-QS,0.014830627756843146,0.008906773307491256,0.0026767111883955236,0.009271673498803423,0.000954324373393115,0.12236817434588758,0.15106964595127154
OnlineNews,original,39644,56,4,6,1982,314,20261120,SRS,0.02067630112820958,0.009099829030667753,0.0027245055007894974,0.007655561344094508,0.000953053269406212,0.17515489635478354,0.041711455047210265
OnlineNews,original,39644,56,4,6,1982,315,20261121,PCA-QS,0.018163718243535156,0.008748643533823224,0.002631883996403507,0.011417690969999228,0.00095278741593887,0.15989691674607698,0.22993913224099305
OnlineNews,original,39644,56,4,6,1982,315,20261121,SRS,0.016279839987121257,0.009126990266260524,0.00272910881648279,0.011428928118730752,0.000951589728917595,0.16107924927963752,0.31614755365469505
OnlineNews,original,39644,56,4,6,1982,316,20261122,PCA-QS,0.012293148020097669,0.009284846578994638,0.002774153694681016,0.012225201007563413,0.0009598268529078531,0.15043297455222773,0.12417559535602864
OnlineNews,original,39644,56,4,6,1982,316,20261122,SRS,0.018594995332428012,0.00875028726011101,0.002639297493837414,0.011029024843811186,0.0009565763826047424,0.14350568156837953,0.21200351784457297
OnlineNews,original,39644,56,4,6,1982,317,20261123,PCA-QS,0.01081145439017493,0.008835376257194756,0.0026539490605437593,0.00973292848207663,0.0009553362405136549,0.15224266319687177,0.752493310138659
OnlineNews,original,39644,56,4,6,1982,317,20261123,SRS,0.014684161106542018,0.009198858834508805,0.002750499019212941,0.012880145744508908,0.0009560923029577464,0.1824072224600844,0.3811110787937231
OnlineNews,original,39644,56,4,6,1982,318,20261124,PCA-QS,0.011566372942209992,0.008450244637531633,0.0025651833478417476,0.009079149489602756,0.0009561350751942296,0.124110804078659,0.28266718163423493
OnlineNews,original,39644,56,4,6,1982,318,20261124,SRS,0.018684640899559575,0.009306940701818662,0.0027874799939777285,0.009433786785002951,0.0009455166073415766,0.15405507908242416,0.24449928041207308
OnlineNews,original,39644,56,4,6,1982,319,20261125,PCA-QS,0.016792201351329906,0.008964699085931564,0.002702423447522913,0.009957491936116725,0.0009554283369082202,0.16961636067868152,0.6055168959406307
OnlineNews,original,39644,56,4,6,1982,319,20261125,SRS,0.014345209748329393,0.009191440820828553,0.002760502758487079,0.011850102540336138,0.0009528886089263209,0.14363023537605824,0.34433649845936587
OnlineNews,original,39644,56,4,6,1982,320,20261126,PCA-QS,0.013834433827088809,0.008778444092018051,0.0026481287252265967,0.008795181166611599,0.0009527597536452754,0.1633866201885253,0.0758668951267441
OnlineNews,original,39644,56,4,6,1982,320,20261126,SRS,0.01774731923996236,0.009186675594024585,0.002760011758397696,0.01297167689559231,0.0009558377217290463,0.17210344539834604,1.8536844694714043
OnlineNews,original,39644,56,4,6,1982,321,20261127,PCA-QS,0.01621180942561815,0.009192992195481784,0.002749303097367485,0.0100420133225807,0.0009588226635084861,0.1801142490907424,0.28250868888358305
OnlineNews,original,39644,56,4,6,1982,321,20261127,SRS,0.022430244916347524,0.008727597392541187,0.0026461851716175016,0.01027931938699922,0.0009517596729227817,0.15685091320690342,0.3050813611946268
OnlineNews,original,39644,56,4,6,1982,322,20261128,PCA-QS,0.01657365964274423,0.008741602758461914,0.0026409841858115236,0.009435610209555634,0.0009581025909265435,0.15428853183495683,0.43676013139116576
OnlineNews,original,39644,56,4,6,1982,322,20261128,SRS,0.01565699352063225,0.008681946889793292,0.0026254454954478326,0.009699540191054012,0.0009508610968318135,0.14289928031326132,0.4725350506821452
OnlineNews,original,39644,56,4,6,1982,323,20261129,PCA-QS,0.012693641747173778,0.008827140355857738,0.0026568954688367917,0.01005658187105496,0.0009628098878119919,0.15525684918996852,0.16049020612681322
OnlineNews,original,39644,56,4,6,1982,323,20261129,SRS,0.014776299228737477,0.00872173914227646,0.0026374316280741244,0.008758820493758535,0.0009597277470498601,0.13949824570487288,0.25324054523858147
OnlineNews,original,39644,56,4,6,1982,324,20261130,PCA-QS,0.009171917740179428,0.00874646011463765,0.002646132288334658,0.008870022667951005,0.0009537376277872887,0.1261778791656255,0.2844602173352113
OnlineNews,original,39644,56,4,6,1982,324,20261130,SRS,0.01624726766652946,0.008762984164501992,0.0026369487272784576,0.009543895662540436,0.0009463938844854764,0.1737777345833945,0.5970141442468385
OnlineNews,original,39644,56,4,6,1982,325,20261131,PCA-QS,0.016745672060144275,0.00885792089952007,0.0026750874281272386,0.007596221777800949,0.0009570953138591713,0.15405755071711222,0.6016519871997534
OnlineNews,original,39644,56,4,6,1982,325,20261131,SRS,0.018225916053102618,0.00875679034328201,0.0026431128884986843,0.010743608230377788,0.0009523153997719564,0.15972158455520385,0.20510595858321068
OnlineNews,original,39644,56,4,6,1982,326,20261132,PCA-QS,0.00972591021292755,0.008761091446766298,0.00264685058214954,0.008961653691544669,0.0009581920629029039,0.11614663631664186,0.5674782433301725
OnlineNews,original,39644,56,4,6,1982,326,20261132,SRS,0.022194627951358497,0.008616852081795561,0.0026044389250973457,0.011039089758888565,0.0009522748104401249,0.15668752520267767,0.1318310522279043
OnlineNews,original,39644,56,4,6,1982,327,20261133,PCA-QS,0.012314948502885238,0.008792015910972412,0.0026600477880867313,0.009618198690239055,0.0009584218126175365,0.13664256513308162,0.3895504175816264
OnlineNews,original,39644,56,4,6,1982,327,20261133,SRS,0.02134083918165711,0.009074881039798607,0.002718320047497168,0.01333019230494159,0.0009523822544233499,0.16280994632199916,0.5155242637654041
OnlineNews,original,39644,56,4,6,1982,328,20261134,PCA-QS,0.01803271296167355,0.008494540386865255,0.002573747032477663,0.009978590882994354,0.0009508180773474463,0.1258514479164964,0.4590771871772255
OnlineNews,original,39644,56,4,6,1982,328,20261134,SRS,0.021448556606873084,0.009244890532772679,0.0027689260269814575,0.009172755673171551,0.0009555976799400693,0.1570677572062645,0.19522446751581965
OnlineNews,original,39644,56,4,6,1982,329,20261135,PCA-QS,0.01523172629009083,0.0086726726343476,0.002626641199744391,0.011457734284785914,0.0009558777773564357,0.1707061819843546,0.4373221515067139
OnlineNews,original,39644,56,4,6,1982,329,20261135,SRS,0.017016632802996912,0.009060879452156794,0.0027081586680870245,0.012481168802707998,0.0009496298562897411,0.15544836846558924,0.3097919457352841
OnlineNews,original,39644,56,4,6,1982,330,20261136,PCA-QS,0.014315187858070507,0.008821103538236784,0.0026532608001641677,0.008291952304482209,0.0009504486883182608,0.13958211181559813,0.2981962206009239
OnlineNews,original,39644,56,4,6,1982,330,20261136,SRS,0.013622620780498177,0.008663874949934008,0.0026266126480521588,0.010065771784157462,0.0009517530487066653,0.15449517399426624,0.3530621292194901
OnlineNews,original,39644,56,4,6,1982,331,20261137,PCA-QS,0.01625442982730841,0.008790783711455804,0.002657207468399978,0.011938961918966484,0.0009620749633800824,0.14502832852855663,0.3961610839422038
OnlineNews,original,39644,56,4,6,1982,331,20261137,SRS,0.024378336183083098,0.008748393633513343,0.0026365946708241097,0.011765094930023423,0.0009536409708849045,0.17330918364898165,0.9478225578557605
OnlineNews,original,39644,56,4,6,1982,332,20261138,PCA-QS,0.012364586704025625,0.009109231227095413,0.0027327074368788335,0.010623513265343831,0.0009545192444679748,0.13701628387478565,0.27083225389468546
OnlineNews,original,39644,56,4,6,1982,332,20261138,SRS,0.01925672235105131,0.00892558192920766,0.0026784826364576356,0.008993793603309541,0.0009556745392016316,0.15337957688492268,0.09850327303328077
OnlineNews,original,39644,56,4,6,1982,333,20261139,PCA-QS,0.018274035314385845,0.008944235723368305,0.0026870802440759657,0.009868921981475154,0.0009579724021390238,0.14512703021661255,0.12259177560994951
OnlineNews,original,39644,56,4,6,1982,333,20261139,SRS,0.01496820590712202,0.008792074706244045,0.00264675858393825,0.008937895336817547,0.0009488827007443997,0.15431211716351842,0.14656101262973692
OnlineNews,original,39644,56,4,6,1982,334,20261140,PCA-QS,0.015486103444244911,0.009045804423043532,0.002709629733556066,0.009252011979802077,0.0009529001881583213,0.13988231250635957,0.1016457756873758
OnlineNews,original,39644,56,4,6,1982,334,20261140,SRS,0.01364467722101699,0.008821247130008009,0.002653299347473089,0.009399473483140852,0.0009513464669040398,0.1256629992332573,0.3688721336890954
OnlineNews,original,39644,56,4,6,1982,335,20261141,PCA-QS,0.013527272418066739,0.008516126443139023,0.0025894680416974378,0.010338373848711058,0.000949639208196937,0.150775778655889,0.43338084491702006
OnlineNews,original,39644,56,4,6,1982,335,20261141,SRS,0.01661938933679472,0.008846794021153013,0.0026590878771010204,0.0075521860397280705,0.0009499202983505404,0.14013268660320807,0.5627696571084598
OnlineNews,original,39644,56,4,6,1982,336,20261142,PCA-QS,0.014644584630454949,0.00873165710054218,0.002638504609483497,0.009082783057889898,0.0009546587870045993,0.16520479603761912,0.41931408233129835
OnlineNews,original,39644,56,4,6,1982,336,20261142,SRS,0.01929214132579916,0.009022787961645561,0.0027139364246103657,0.01148803396825926,0.0009525404853789881,0.15285616812235273,0.2377941142999451
OnlineNews,original,39644,56,4,6,1982,337,20261143,PCA-QS,0.013488010940370021,0.008995088064280874,0.002703191438859497,0.010340589860058813,0.0009492023264839647,0.15658472308445076,0.13113381468830168
OnlineNews,original,39644,56,4,6,1982,337,20261143,SRS,0.014866345023968297,0.008748396149053667,0.002635856186708199,0.010185287487434636,0.0009579528793290445,0.14882553580583024,1.756260927947211
OnlineNews,original,39644,56,4,6,1982,338,20261144,PCA-QS,0.01739742847561084,0.009083039481578943,0.002729890380042752,0.011158394739783972,0.0009544855934533121,0.14310748628736664,0.8925540580710565
OnlineNews,original,39644,56,4,6,1982,338,20261144,SRS,0.020483242462102362,0.008882180241101602,0.0026813394267567185,0.00858537501972556,0.00096506640561406,0.15170372314658048,0.13448853764315602
OnlineNews,original,39644,56,4,6,1982,339,20261145,PCA-QS,0.018928040428169337,0.009111731967866759,0.002730320137679524,0.012740877306850251,0.0009548013449519245,0.17363882823983906,0.29979561377867336
OnlineNews,original,39644,56,4,6,1982,339,20261145,SRS,0.01348062596134507,0.00898373390118376,0.0027060709981972762,0.009580043847931208,0.0009499559806508612,0.16077085336801425,0.46950485747382953
OnlineNews,original,39644,56,4,6,1982,340,20261146,PCA-QS,0.012306846630377403,0.009046488025365867,0.0027218668179954954,0.010369508428610175,0.0009576804430132282,0.11986198160881362,0.09921147300517372
OnlineNews,original,39644,56,4,6,1982,340,20261146,SRS,0.021634679762439882,0.009314420559741918,0.0027887491933447648,0.012944960444155384,0.000953560796365764,0.18676139205254996,0.18650829737211877
OnlineNews,original,39644,56,4,6,1982,341,20261147,PCA-QS,0.01771133373193298,0.008903079853733035,0.002682591633358802,0.012285185918539554,0.0009556478725583966,0.16580251207859673,0.21904260627644906
OnlineNews,original,39644,56,4,6,1982,341,20261147,SRS,0.01302738624000407,0.008964010813770311,0.00271019590381815,0.009761282084133072,0.0009593313376816327,0.1439090159245884,0.31076875625857436
OnlineNews,original,39644,56,4,6,1982,342,20261148,PCA-QS,0.018137767821305734,0.008689552414007162,0.002627283078998431,0.011390553880596954,0.0009589004275554422,0.15624627015452197,0.24190723108834367
OnlineNews,original,39644,56,4,6,1982,342,20261148,SRS,0.01323613565547241,0.00863893386018869,0.002611150667840674,0.010550586441329557,0.0009597397706702748,0.13105181997972312,0.173373042377183
OnlineNews,original,39644,56,4,6,1982,343,20261149,PCA-QS,0.016087677748371592,0.008773508457213596,0.002645332730106739,0.008405824280600882,0.0009569398657535246,0.13786405572867622,0.1787203691872267
OnlineNews,original,39644,56,4,6,1982,343,20261149,SRS,0.022627016398249683,0.008758926908315517,0.002642430444123631,0.012713620530886871,0.0009535964456393103,0.1531165359288287,0.27439967342687177
OnlineNews,original,39644,56,4,6,1982,344,20261150,PCA-QS,0.018420050643111915,0.008811308056071014,0.0026588691323747456,0.01080205804518819,0.0009556634113717654,0.1323581313905666,0.25269168404093567
OnlineNews,original,39644,56,4,6,1982,344,20261150,SRS,0.017678939434478548,0.009169208266738097,0.002745087477296085,0.012040199919555405,0.0009560674863204414,0.16321371517754169,0.2546886967475081
OnlineNews,original,39644,56,4,6,1982,345,20261151,PCA-QS,0.014085119532461441,0.008743126744969047,0.0026425616578099214,0.00913793430416554,0.0009469716568932334,0.15065381137158265,0.1652650537784398
OnlineNews,original,39644,56,4,6,1982,345,20261151,SRS,0.02122527147142906,0.009124906306960065,0.002735415335508193,0.012277149022191125,0.0009548521101827565,0.17436145548425525,0.27730991945012023
OnlineNews,original,39644,56,4,6,1982,346,20261152,PCA-QS,0.01804538302435576,0.009411775241457103,0.002810597631316716,0.010942172294448937,0.0009545025045351214,0.15134103720372385,0.33242140738546877
OnlineNews,original,39644,56,4,6,1982,346,20261152,SRS,0.015631238500877463,0.008931642463561566,0.0026973530153387784,0.01002140410283836,0.0009598162231816957,0.1464447765258443,0.14505774272431204
OnlineNews,original,39644,56,4,6,1982,347,20261153,PCA-QS,0.010399910687283659,0.008745654560881845,0.0026478506058116797,0.009972843033631662,0.0009518937690605076,0.11570794904545528,0.13375039216630424
OnlineNews,original,39644,56,4,6,1982,347,20261153,SRS,0.019093577329482518,0.00903036050851252,0.0027019743941264526,0.01062334564996803,0.0009544718798192732,0.1551946672869124,0.2192540735293673
OnlineNews,original,39644,56,4,6,1982,348,20261154,PCA-QS,0.01240858633555073,0.009013896440301077,0.0027014177861535123,0.009639466729806756,0.0009537664474558108,0.15707796906754476,0.4687613122818266
OnlineNews,original,39644,56,4,6,1982,348,20261154,SRS,0.015173419267962828,0.00905469477048904,0.0027171084505581192,0.009769995727735292,0.0009494528655073504,0.16619962127229115,0.26282971462907523
OnlineNews,original,39644,56,4,6,1982,349,20261155,PCA-QS,0.01719858305835906,0.008678411470975003,0.0026314334130072745,0.011136605939420008,0.0009536429197529201,0.13854051294399097,0.33337236543234533
OnlineNews,original,39644,56,4,6,1982,349,20261155,SRS,0.019091889225571916,0.009386098865477737,0.0028061356830165443,0.013201013652494709,0.0009560445570675905,0.17845696996799248,0.1655096438308911
OnlineNews,original,39644,56,4,6,1982,350,20261156,PCA-QS,0.012430812519368574,0.009192961375114198,0.002757598065960587,0.010816868119686518,0.0009509859610102697,0.1603883697710658,0.21080154516081662
OnlineNews,original,39644,56,4,6,1982,350,20261156,SRS,0.018695638343251855,0.009015629099366514,0.0027018699734369695,0.012204797190490169,0.0009589682703716733,0.19208993668371896,0.3160331290908858
OnlineNews,original,39644,56,4,6,1982,351,20261157,PCA-QS,0.016862909291039792,0.00885358606033884,0.0026732704667711783,0.0096084910600851,0.0009548367851108209,0.150653793184227,0.24543891230260156
OnlineNews,original,39644,56,4,6,1982,351,20261157,SRS,0.018309681309106256,0.009042978289441618,0.002723559172998974,0.01199181102239777,0.0009599966348687884,0.182068652037701,0.12787277229899852
OnlineNews,original,39644,56,4,6,1982,352,20261158,PCA-QS,0.010709293426110642,0.009123668564142776,0.002741104814852093,0.009975389434737636,0.0009552141696406179,0.1572519560796276,0.3319547352360534
OnlineNews,original,39644,56,4,6,1982,352,20261158,SRS,0.014121366889992326,0.008945397055370832,0.0026976894259208395,0.01032518786326797,0.0009501896237854358,0.1816073523496805,0.11611370018478745
OnlineNews,original,39644,56,4,6,1982,353,20261159,PCA-QS,0.013072996288566386,0.008762747830038322,0.0026546793809497393,0.010347232766489967,0.0009600576603857129,0.150877700271203,0.05593238886820323
OnlineNews,original,39644,56,4,6,1982,353,20261159,SRS,0.015290712238139227,0.008790912085235317,0.0026580715285110723,0.007858116770570689,0.0009550680193605648,0.15946051052920757,0.24247715088187183
OnlineNews,original,39644,56,4,6,1982,354,20261160,PCA-QS,0.014219562463238704,0.008832306993699015,0.002660298927769642,0.008670597859977036,0.0009499896923334228,0.1276279015390407,0.3428083663818983
OnlineNews,original,39644,56,4,6,1982,354,20261160,SRS,0.01922884024598617,0.009275999705349923,0.0027787515848876057,0.010571996188089017,0.0009503187346545547,0.14343291192015004,0.24046637316239866
OnlineNews,original,39644,56,4,6,1982,355,20261161,PCA-QS,0.0079508321385252,0.008605287592543174,0.002602334644791532,0.010408009593458445,0.0009515558417667705,0.13389447738535962,0.19324563211499368
OnlineNews,original,39644,56,4,6,1982,355,20261161,SRS,0.01498220044665659,0.009024995791929308,0.0027172337870803595,0.010078425892105614,0.0009554324738707224,0.15163348287482747,0.28179576883326396
OnlineNews,original,39644,56,4,6,1982,356,20261162,PCA-QS,0.012487565391251423,0.008971362551794763,0.002699530231581453,0.009460049572929563,0.0009585923953547612,0.15271891111991356,0.228736596510812
OnlineNews,original,39644,56,4,6,1982,356,20261162,SRS,0.01494512234797554,0.008768559955165496,0.002651089269844333,0.010094113329900622,0.0009473705651739512,0.12939045281286804,0.34846218309281285
OnlineNews,original,39644,56,4,6,1982,357,20261163,PCA-QS,0.01961290927580233,0.008750156417116897,0.002645825990773586,0.012468747281511483,0.0009602417114530767,0.1846775241692702,0.1758070495629305
OnlineNews,original,39644,56,4,6,1982,357,20261163,SRS,0.01452259624300521,0.008909751662085472,0.0026830840539708288,0.010282922145691487,0.0009605089501002472,0.12617942471534183,0.37781369148870586
OnlineNews,original,39644,56,4,6,1982,358,20261164,PCA-QS,0.018239010269516846,0.009108331225939533,0.00274306138632358,0.01066964907461454,0.0009559441800145563,0.14772552107926235,0.28717398899080276
OnlineNews,original,39644,56,4,6,1982,358,20261164,SRS,0.022159809630276035,0.009300119059246234,0.00278164630445491,0.009372087862056233,0.0009462284425002799,0.17554366307394548,0.26383468283393
OnlineNews,original,39644,56,4,6,1982,359,20261165,PCA-QS,0.012276702790669928,0.00863881721849064,0.002613434896317049,0.010320782769337455,0.0009547859059656829,0.13569202229207317,0.41192583997714516
OnlineNews,original,39644,56,4,6,1982,359,20261165,SRS,0.017026437770163414,0.009010765796664242,0.002704568651054114,0.011526128984726824,0.0009495294396410202,0.17046965290206423,0.3151521115552946
OnlineNews,original,39644,56,4,6,1982,360,20261166,PCA-QS,0.01118029829332288,0.009060857280973967,0.0027237552305503228,0.008925944617431014,0.0009523963137850969,0.14462591852361512,0.13657786840097377
OnlineNews,original,39644,56,4,6,1982,360,20261166,SRS,0.016660217921725236,0.009182876583131275,0.0027500167815523056,0.01409829423542952,0.0009484947816883684,0.15728794386116168,0.7069484943589145
OnlineNews,original,39644,56,4,6,1982,361,20261167,PCA-QS,0.017816242450299148,0.009252405052354612,0.0027741226400084563,0.010645835886711197,0.0009538032361841055,0.15923051412981687,0.24418378315106018
OnlineNews,original,39644,56,4,6,1982,361,20261167,SRS,0.015621452151974389,0.00877805062061862,0.002651470465470672,0.011270821350409577,0.0009562080595128535,0.1206708621726917,0.2191637515555185
OnlineNews,original,39644,56,4,6,1982,362,20261168,PCA-QS,0.016458767262413344,0.008839608928526746,0.00267317471185956,0.009334054085497812,0.0009479175758473506,0.15878356129168603,0.5756331774210308
OnlineNews,original,39644,56,4,6,1982,362,20261168,SRS,0.013215546696595179,0.00887986695305469,0.002674494756942823,0.00911133814751075,0.0009507928824101285,0.13481521070166347,0.36353570018624154
OnlineNews,original,39644,56,4,6,1982,363,20261169,PCA-QS,0.015323851554070142,0.008832680892082176,0.002671511711668196,0.009663838749494502,0.0009521124840164349,0.14837503367172214,0.1411748385518622
OnlineNews,original,39644,56,4,6,1982,363,20261169,SRS,0.014631530157636696,0.008924417550722858,0.002692562279307626,0.010247886427620756,0.0009591267999942003,0.1338796962482798,0.4439294245164205
OnlineNews,original,39644,56,4,6,1982,364,20261170,PCA-QS,0.01695673729639005,0.008686303963286167,0.00263179225388824,0.008891202424283762,0.0009604350303588762,0.146475741696763,0.28844500830931047
OnlineNews,original,39644,56,4,6,1982,364,20261170,SRS,0.02135861800942011,0.009114361147475976,0.0027492812460898027,0.010058364410104659,0.00095128055042128,0.16253214155902793,0.190026904135357
OnlineNews,original,39644,56,4,6,1982,365,20261171,PCA-QS,0.011330239771197062,0.008982435153863298,0.002703861378947865,0.008391242472054472,0.0009620062109824473,0.14442331842112943,0.2222731245682749
OnlineNews,original,39644,56,4,6,1982,365,20261171,SRS,0.01628544966950126,0.008876438118146401,0.0026731024415484403,0.011958635483479085,0.0009527513155602187,0.15997227573481548,0.4012077874103089
OnlineNews,original,39644,56,4,6,1982,366,20261172,PCA-QS,0.009370344583123894,0.008732637983437626,0.0026398205059945923,0.010520735349073718,0.0009506612910329915,0.13990146637466194,0.2476149184969107
OnlineNews,original,39644,56,4,6,1982,366,20261172,SRS,0.018032586604416426,0.008838968054938626,0.00266791014578295,0.01247730953553372,0.0009533895428501223,0.1607845990153929,0.351098185017071
OnlineNews,original,39644,56,4,6,1982,367,20261173,PCA-QS,0.01305669815709821,0.008629036342470487,0.002612999428152972,0.008696849884168856,0.00094812518701022,0.1473158952558187,0.3437770856041728
OnlineNews,original,39644,56,4,6,1982,367,20261173,SRS,0.021265179147711952,0.008655384911107383,0.0026112238195488448,0.010740288581427393,0.0009508551715566293,0.15389207335840738,0.36850201696069573
OnlineNews,original,39644,56,4,6,1982,368,20261174,PCA-QS,0.012871370152834535,0.008883028590360742,0.002679587732715892,0.009942460358381311,0.0009479171276789445,0.12012815059774774,0.45403762275233434
OnlineNews,original,39644,56,4,6,1982,368,20261174,SRS,0.02325988556345106,0.009161421279469858,0.002761857167584082,0.013904598994043837,0.0009472335016296897,0.20097936061894064,0.45565875320882543
OnlineNews,original,39644,56,4,6,1982,369,20261175,PCA-QS,0.010529107297412767,0.008878133634441945,0.0026753820886336937,0.00967435930667726,0.0009542574532981013,0.1455069006980741,0.10561176081717547
OnlineNews,original,39644,56,4,6,1982,369,20261175,SRS,0.018838793045151955,0.008894280867003035,0.002681362961540946,0.013422500394927539,0.0009531493489581158,0.15947272227497666,0.4779262264176932
OnlineNews,original,39644,56,4,6,1982,370,20261176,PCA-QS,0.011455337669174755,0.008808359806955357,0.002657580943115237,0.011380079529018872,0.0009590557713487579,0.15952421194606703,0.20241677066422617
OnlineNews,original,39644,56,4,6,1982,370,20261176,SRS,0.018443865543173368,0.008943868788678243,0.0026835925227089888,0.010622924981367632,0.000954452897998279,0.16543303414193064,0.33151071354906914
OnlineNews,original,39644,56,4,6,1982,371,20261177,PCA-QS,0.010792532610138258,0.008956302936404727,0.0026888349788518904,0.009262691630295805,0.0009509581479317695,0.1375834626440052,0.17369240981477432
OnlineNews,original,39644,56,4,6,1982,371,20261177,SRS,0.016381573224482738,0.008818695348668023,0.0026680217087734263,0.013028059794915947,0.0009433159809902818,0.15974824891200784,0.5224390297240595
OnlineNews,original,39644,56,4,6,1982,372,20261178,PCA-QS,0.02001780181254768,0.008934291605838428,0.00268344425338577,0.01041981927150104,0.0009478948931875075,0.14725524111211377,0.24325746564227863
OnlineNews,original,39644,56,4,6,1982,372,20261178,SRS,0.016408055648587293,0.009218254211692135,0.0027613935648948583,0.012461955098622468,0.0009574662871884754,0.1423312201720641,0.166082491135913
OnlineNews,original,39644,56,4,6,1982,373,20261179,PCA-QS,0.019316506436877542,0.00886837283723487,0.002666204451386052,0.011343131722288291,0.0009557261919792124,0.15173533487718038,0.40968773188625807
OnlineNews,original,39644,56,4,6,1982,373,20261179,SRS,0.026057458331036665,0.009340964407167002,0.0028097675743232217,0.014325911004819503,0.0009451107744182867,0.18647184369363304,0.6494451755957047
OnlineNews,original,39644,56,4,6,1982,374,20261180,PCA-QS,0.021080956784150118,0.009119047539660452,0.0027334450854753153,0.010129890909862382,0.0009568487352120786,0.15460273579457431,0.13658985282611777
OnlineNews,original,39644,56,4,6,1982,374,20261180,SRS,0.012375617796148033,0.009320381382491414,0.0027925254441169244,0.012370644338778547,0.0009526704743035287,0.15712373614592628,0.6444555001869112
OnlineNews,original,39644,56,4,6,1982,375,20261181,PCA-QS,0.012263879240412045,0.008607906536015793,0.0026081159915399515,0.010485090701982003,0.000958036836313648,0.11638409408432335,0.289887861066752
OnlineNews,original,39644,56,4,6,1982,375,20261181,SRS,0.018410965331964905,0.008741214810118556,0.0026305778477457,0.010009327009267821,0.0009624676164800018,0.13503370899249229,0.39149268248044533
OnlineNews,original,39644,56,4,6,1982,376,20261182,PCA-QS,0.01587702457771901,0.008597410876008281,0.0025995384501048525,0.009032463947598046,0.0009529791057118744,0.12946153726959417,0.1558803553132239
OnlineNews,original,39644,56,4,6,1982,376,20261182,SRS,0.01517975028094498,0.008796797186648622,0.0026368548554906285,0.011829621926388256,0.0009557796771962927,0.13306249371691686,0.15215852684635278
OnlineNews,original,39644,56,4,6,1982,377,20261183,PCA-QS,0.011940011642029028,0.008672955065236614,0.0026225975484679104,0.009915106190131695,0.0009530229407259844,0.1434295532587035,0.3021493259404087
OnlineNews,original,39644,56,4,6,1982,377,20261183,SRS,0.014601795261191371,0.00896260285514408,0.002687538669515318,0.010992491129860227,0.000955693365691323,0.14989541416937954,0.14185277123205392
OnlineNews,original,39644,56,4,6,1982,378,20261184,PCA-QS,0.015048020006215234,0.009115259370217954,0.00274034172698202,0.010140936134892087,0.0009498085165203186,0.15670577352601103,0.8278148760932525
OnlineNews,original,39644,56,4,6,1982,378,20261184,SRS,0.012382160670951822,0.008723270855207977,0.002639157950164737,0.010171126402420683,0.0009488765159618905,0.14666067572453365,0.2061905214349196
OnlineNews,original,39644,56,4,6,1982,379,20261185,PCA-QS,0.015888781205162027,0.00898357089480927,0.0026990708904887453,0.011235201598456257,0.0009519129697844399,0.13179423673544216,0.16965555873441918
OnlineNews,original,39644,56,4,6,1982,379,20261185,SRS,0.02310901957836469,0.008711320325538997,0.002630788868081897,0.01257101671428984,0.0009575096901945077,0.1755949677170895,0.16872339478972936
OnlineNews,original,39644,56,4,6,1982,380,20261186,PCA-QS,0.01111306390887876,0.008820966198220226,0.002663413118801353,0.008770575242351697,0.0009602507027188419,0.12148588304109306,0.16186072721537687
OnlineNews,original,39644,56,4,6,1982,380,20261186,SRS,0.015601802302545048,0.009097287004045674,0.0027274739663188476,0.010126327501046362,0.0009471770848706034,0.15259881324939795,0.23773427034345204
OnlineNews,original,39644,56,4,6,1982,381,20261187,PCA-QS,0.014940647005924615,0.008837885535223763,0.0026629334629183913,0.009051541597708379,0.000953219659228652,0.1619393541829343,0.2046079240361124
OnlineNews,original,39644,56,4,6,1982,381,20261187,SRS,0.016808000737204464,0.00906395307372849,0.0027232491554121394,0.010029596859702394,0.0009455268533947199,0.1338420029225405,0.18333154508591035
OnlineNews,original,39644,56,4,6,1982,382,20261188,PCA-QS,0.017361505683289872,0.008959245401882587,0.0026932003058966892,0.00978280817310484,0.0009607637532633009,0.12299720522481848,0.28648510426875784
OnlineNews,original,39644,56,4,6,1982,382,20261188,SRS,0.014546893628520116,0.009106378639697746,0.0027235649770143686,0.011972275776916064,0.0009563612607670611,0.15370624997314344,0.17870738092867194
OnlineNews,original,39644,56,4,6,1982,383,20261189,PCA-QS,0.0125404343344197,0.008815774800725564,0.002653422652556552,0.008833208470603537,0.0009501944767367821,0.15804936860892363,0.4910173882326253
OnlineNews,original,39644,56,4,6,1982,383,20261189,SRS,0.01776054681233477,0.008935331835208452,0.002682110291867116,0.010389822340481913,0.0009395276628807721,0.16904183475042064,0.07196451560713749
OnlineNews,original,39644,56,4,6,1982,384,20261190,PCA-QS,0.011767300784255313,0.00883573622575699,0.0026619851030087105,0.010451292090278841,0.0009661370707792459,0.13289954990637295,0.14310578293736767
OnlineNews,original,39644,56,4,6,1982,384,20261190,SRS,0.026625223747296402,0.009179508286027652,0.002746604512108817,0.013738807990286261,0.0009562492233118148,0.1753122527914926,0.21014077597779557
OnlineNews,original,39644,56,4,6,1982,385,20261191,PCA-QS,0.0170491277055848,0.00877128494209792,0.0026495362394718816,0.011183857613190185,0.0009448948797347905,0.14491299624523035,0.10144260270751784
OnlineNews,original,39644,56,4,6,1982,385,20261191,SRS,0.015349475010426907,0.009260899359730786,0.0027838946468228577,0.010473528968162782,0.0009495641508091573,0.1789388727075286,0.2914823604135838
OnlineNews,original,39644,56,4,6,1982,386,20261192,PCA-QS,0.011100749353805863,0.008427336024048025,0.0025618932785664056,0.010134662554563079,0.0009610622263299316,0.14231064270708493,0.5242870571242411
OnlineNews,original,39644,56,4,6,1982,386,20261192,SRS,0.01813056271313479,0.00861645424126419,0.0026063875993258792,0.01098147126051785,0.0009554286796957194,0.16452605423890104,0.20632338823369842
OnlineNews,original,39644,56,4,6,1982,387,20261193,PCA-QS,0.014676718640423188,0.008830222119684325,0.0026635294586682045,0.01074777787855652,0.000959022667692555,0.14228181832847145,0.44920584023991605
OnlineNews,original,39644,56,4,6,1982,387,20261193,SRS,0.020300618926716054,0.008809720762647164,0.002663125008732157,0.012595589089913872,0.0009598699689881154,0.1815806810661445,0.20474541437497876
OnlineNews,original,39644,56,4,6,1982,388,20261194,PCA-QS,0.015694813396391945,0.008850723081303314,0.0026725358078740027,0.00943693453032779,0.0009546177346952565,0.17197703705533665,0.2323015399716112
OnlineNews,original,39644,56,4,6,1982,388,20261194,SRS,0.018884124855789216,0.008995331336233639,0.002708496029574552,0.012335119835338304,0.0009589620557642587,0.1622259495480649,0.5482596571146651
OnlineNews,original,39644,56,4,6,1982,389,20261195,PCA-QS,0.01788314785466954,0.0089428690027155,0.002690762102181011,0.010220055349435597,0.0009515421593036421,0.16620052826323967,0.33572580480575753
OnlineNews,original,39644,56,4,6,1982,389,20261195,SRS,0.024241277652004116,0.009237297077384804,0.0027762990461829362,0.015648060797561314,0.000953888891004307,0.17415409709190738,0.1647064471219733
OnlineNews,original,39644,56,4,6,1982,390,20261196,PCA-QS,0.014089748169252708,0.008871454826976417,0.0026777689553509967,0.011680633228605686,0.0009554520750163859,0.15115172264686116,0.17440474680506657
OnlineNews,original,39644,56,4,6,1982,390,20261196,SRS,0.01897335097627652,0.009308150353721577,0.0027812640112146385,0.011858724655086306,0.000953925840927612,0.1759095895387714,0.2802817175077457
OnlineNews,original,39644,56,4,6,1982,391,20261197,PCA-QS,0.01538266301297869,0.00857624069328002,0.002596123657974642,0.009485679814451586,0.0009559492282330584,0.15964035379508376,0.35596917950710255
OnlineNews,original,39644,56,4,6,1982,391,20261197,SRS,0.017616288967416082,0.009178435926751162,0.0027511940485067644,0.010644444261954433,0.0009571767465809236,0.16386268446316019,0.11016133397681048
OnlineNews,original,39644,56,4,6,1982,392,20261198,PCA-QS,0.022727497685306446,0.00874990837357345,0.0026378459854779074,0.009454261581693046,0.0009570035897547302,0.16612609359135067,0.23710520186350817
OnlineNews,original,39644,56,4,6,1982,392,20261198,SRS,0.013661883502576962,0.008507640902639526,0.002578803799061199,0.009856473255435816,0.0009560246122196148,0.17737402369492855,0.6496939427093297
OnlineNews,original,39644,56,4,6,1982,393,20261199,PCA-QS,0.012684330624085827,0.008759325678598691,0.0026434869285563273,0.008802606103376576,0.0009584408924360572,0.12190572143731147,0.17148002379778782
OnlineNews,original,39644,56,4,6,1982,393,20261199,SRS,0.019177841692507525,0.009123104698363927,0.0027517328674887902,0.010207967481601798,0.0009491691910925998,0.1486658576982644,0.20727578555976608
OnlineNews,original,39644,56,4,6,1982,394,20261200,PCA-QS,0.012155667730173125,0.008598084999601617,0.002607928819899582,0.010419604216791,0.0009543647157108062,0.11747177385255668,0.3066453987490827
OnlineNews,original,39644,56,4,6,1982,394,20261200,SRS,0.013246950810496858,0.008817210408449775,0.0026690669802392343,0.009170581052799776,0.0009522456560399169,0.13952499698436682,0.21965208710532222
OnlineNews,original,39644,56,4,6,1982,395,20261201,PCA-QS,0.017751367337308716,0.008860720326164287,0.0026723343954305014,0.008329750861237883,0.0009519062321148236,0.14495175514809772,0.08038018285847083
OnlineNews,original,39644,56,4,6,1982,395,20261201,SRS,0.018149891804571355,0.00917493164087027,0.0027443203766043386,0.009682379291225729,0.0009560286274040987,0.15038893900090475,0.13195010882947628
OnlineNews,original,39644,56,4,6,1982,396,20261202,PCA-QS,0.017640690404413222,0.008591586221456745,0.0026038338044766904,0.008530519114470891,0.0009505375357601228,0.15215764177745736,0.10215396795055413
OnlineNews,original,39644,56,4,6,1982,396,20261202,SRS,0.01610156331536129,0.009376842286534076,0.002818115624582361,0.01210236559388278,0.0009483231431464656,0.15449249639274967,0.6487408610097836
OnlineNews,original,39644,56,4,6,1982,397,20261203,PCA-QS,0.014885380905605133,0.008806980594534589,0.0026565155804879467,0.00967143312933949,0.0009571767299493799,0.1620727872621982,0.6723259007033942
OnlineNews,original,39644,56,4,6,1982,397,20261203,SRS,0.01822815431643398,0.008742742135225424,0.002629942343326533,0.011923842096352999,0.0009663194769978806,0.1758124858175205,0.09971487138063533
OnlineNews,original,39644,56,4,6,1982,398,20261204,PCA-QS,0.016286622040167075,0.009384660566553802,0.002805019390194109,0.011582643278686078,0.0009521542060319178,0.16550169193121403,0.33870216844649426
OnlineNews,original,39644,56,4,6,1982,398,20261204,SRS,0.01914912233594487,0.009352128000210057,0.0027790070246737166,0.010596387058367185,0.0009509035188560222,0.17523864294130104,0.1710663953159406
OnlineNews,original,39644,56,4,6,1982,399,20261205,PCA-QS,0.010635299607706214,0.008863305482031486,0.0026710486151618256,0.009640839641708254,0.0009526212522502661,0.13576368266033212,0.2951885359913691
OnlineNews,original,39644,56,4,6,1982,399,20261205,SRS,0.014880317954468203,0.008879777051350696,0.0026712476452816704,0.009019783465380016,0.000951860854433152,0.13698668781926124,0.28761381048795903
OnlineNews,original,39644,56,4,6,1982,400,20261206,PCA-QS,0.019130859195392178,0.00891227878328226,0.0026803288928717237,0.011546632607590368,0.0009525906154930103,0.1476809676962422,0.3560328513845298
OnlineNews,original,39644,56,4,6,1982,400,20261206,SRS,0.01371178661561174,0.008992395455700932,0.002695770309777482,0.010117323836428938,0.0009634506669637363,0.15022791506132324,0.2264305786289087
OnlineNews,original,39644,56,4,6,1982,401,20261207,PCA-QS,0.0189230155644072,0.008883923358716827,0.0026733467276673054,0.008807574201934898,0.0009494728906170642,0.16510660683335543,0.12804330270105121
OnlineNews,original,39644,56,4,6,1982,401,20261207,SRS,0.023628020595644707,0.008752465007401134,0.002637803261721062,0.00921233287135692,0.0009503438210159414,0.14023219697001676,0.331342409307778
OnlineNews,original,39644,56,4,6,1982,402,20261208,PCA-QS,0.016800100770266033,0.00877123249004226,0.002648094778614045,0.009645881160981418,0.0009562332505224093,0.15556021375284812,0.4221129924856452
OnlineNews,original,39644,56,4,6,1982,402,20261208,SRS,0.019058530421150195,0.009384230261102623,0.002822157151550034,0.011315184389678379,0.0009556166862708756,0.17039671772035248,0.5331601804645327
OnlineNews,original,39644,56,4,6,1982,403,20261209,PCA-QS,0.011568621285920372,0.008802887911846313,0.002654040550555007,0.010166726540454363,0.000955496716703665,0.1365789038608047,0.2768972421844217
OnlineNews,original,39644,56,4,6,1982,403,20261209,SRS,0.016977611623589017,0.008804047957261873,0.002654378925194226,0.009029947007068273,0.0009494692221727075,0.1505698948232858,0.20809141431840447
OnlineNews,original,39644,56,4,6,1982,404,20261210,PCA-QS,0.016616239824573036,0.008875628726889082,0.002671925789276926,0.012252150115772409,0.000948766647966793,0.15022037043676975,0.09154214592669142
OnlineNews,original,39644,56,4,6,1982,404,20261210,SRS,0.0139660053441259,0.008827441045452172,0.0026605105659789725,0.012535287186485888,0.0009608759709076577,0.1599217428174578,0.087000521436738
OnlineNews,original,39644,56,4,6,1982,405,20261211,PCA-QS,0.012658527542705605,0.008907305088567807,0.00266719485070073,0.010763504687190562,0.000944415169672935,0.1446058654190422,0.3100539201641169
OnlineNews,original,39644,56,4,6,1982,405,20261211,SRS,0.013508420065537208,0.009045241436639428,0.0027083864313910172,0.009485141433440702,0.0009548453579475764,0.16581608266649844,0.32123402164812165
OnlineNews,original,39644,56,4,6,1982,406,20261212,PCA-QS,0.018478687206944098,0.00875307793944753,0.0026375062029980454,0.009954883433504591,0.0009582228932049858,0.1522969408912572,0.15625641793236583
OnlineNews,original,39644,56,4,6,1982,406,20261212,SRS,0.015258259857069564,0.00939914916566843,0.002819741590183417,0.012890184067137156,0.000960035499850332,0.16335832183469393,0.18083763873176925
OnlineNews,original,39644,56,4,6,1982,407,20261213,PCA-QS,0.01599719699855665,0.008799247995933516,0.002656187339516617,0.010411643646355273,0.0009546491558072286,0.15890991276637387,0.4026687025432207
OnlineNews,original,39644,56,4,6,1982,407,20261213,SRS,0.009847800881086125,0.008712944465731247,0.0026367224281243014,0.009497730582626929,0.0009545556208738298,0.132069950193665,0.461804812911217
OnlineNews,original,39644,56,4,6,1982,408,20261214,PCA-QS,0.015049558740480582,0.008710062234930866,0.0026314393822599856,0.010341808972926358,0.0009559469721345694,0.14432552513780758,0.18486939433532862
OnlineNews,original,39644,56,4,6,1982,408,20261214,SRS,0.012620185529437345,0.008996733659163413,0.0026968775622372818,0.010235406177388384,0.0009563155213566579,0.15209135709129062,0.31224142816876943
OnlineNews,original,39644,56,4,6,1982,409,20261215,PCA-QS,0.011634434780690876,0.00835837916811128,0.00254270421259251,0.009836022222257768,0.0009538148285699881,0.1498105841194706,0.1959908699471298
OnlineNews,original,39644,56,4,6,1982,409,20261215,SRS,0.01784605483541295,0.009274820461672887,0.00277932094577261,0.011554141054743283,0.000956323472139017,0.17998360407798206,0.535541294509754
OnlineNews,original,39644,56,4,6,1982,410,20261216,PCA-QS,0.013213747436825,0.00833605104654407,0.0025401689639294083,0.009804230836564898,0.0009563909778767964,0.14281396560728912,0.24072128657481487
OnlineNews,original,39644,56,4,6,1982,410,20261216,SRS,0.01734959115790594,0.009210696796740707,0.0027771911680986834,0.010003757244088973,0.0009485015192030214,0.16894765021184988,0.5509929860810732
OnlineNews,original,39644,56,4,6,1982,411,20261217,PCA-QS,0.01548983425681476,0.00901259365561007,0.0027118079470533595,0.008461047010396072,0.0009523364936277982,0.143891392677969,0.325093596685829
OnlineNews,original,39644,56,4,6,1982,411,20261217,SRS,0.014928300312632106,0.009023534327472386,0.002711930613933767,0.010668439145185005,0.0009554220092157586,0.19851397727835093,0.04525610169408955
OnlineNews,original,39644,56,4,6,1982,412,20261218,PCA-QS,0.013011321753438831,0.008898866583510795,0.002678730891762758,0.012003987413461203,0.0009618327470235602,0.1634816098771004,0.28697133057090773
OnlineNews,original,39644,56,4,6,1982,412,20261218,SRS,0.020300318809701425,0.009113166962902163,0.002735588160684959,0.010496885825039826,0.0009576353036540903,0.13975153116513583,0.23981519011380686
OnlineNews,original,39644,56,4,6,1982,413,20261219,PCA-QS,0.011231575871869692,0.00860377917289822,0.0026021787156808042,0.00977486703167152,0.0009484099242227008,0.14778143243392275,0.3184709209357249
OnlineNews,original,39644,56,4,6,1982,413,20261219,SRS,0.017620488844831982,0.0090625535733217,0.0027172838176659337,0.013309752924399731,0.0009408965874227167,0.16119166115610825,0.2752072148808344
OnlineNews,original,39644,56,4,6,1982,414,20261220,PCA-QS,0.011091274679832714,0.008645785379867509,0.0026168187092326556,0.009023070274482237,0.0009521186037111419,0.13351798249229468,0.17308753273748764
OnlineNews,original,39644,56,4,6,1982,414,20261220,SRS,0.01584795683072724,0.008929381314932225,0.002685231959870585,0.010892993295120945,0.0009463833336872296,0.1527963537568236,0.12606291459746438
OnlineNews,original,39644,56,4,6,1982,415,20261221,PCA-QS,0.02288799966751321,0.008965674183948807,0.002686533221316433,0.012478888711781266,0.0009573451774819601,0.14444047537254356,0.5756608618190389
OnlineNews,original,39644,56,4,6,1982,415,20261221,SRS,0.025277174969037603,0.008698830214337575,0.0026242169934453654,0.011636173140587402,0.0009526570221884723,0.178443625122882,0.14637940099601204
OnlineNews,original,39644,56,4,6,1982,416,20261222,PCA-QS,0.015487651601200855,0.00863895766046534,0.0026075540276940703,0.009883397897393564,0.0009537744847591956,0.1473948697498652,0.28178444088280524
OnlineNews,original,39644,56,4,6,1982,416,20261222,SRS,0.012183758509778398,0.009079637615126602,0.0027180925096986393,0.011743168624308353,0.0009608796717532288,0.15098844701530229,0.07018317901373794
OnlineNews,original,39644,56,4,6,1982,417,20261223,PCA-QS,0.014019832493030368,0.008770452219717468,0.002654888540671886,0.009936166764301646,0.0009587175629917644,0.11624832194336956,0.1540052705872924
OnlineNews,original,39644,56,4,6,1982,417,20261223,SRS,0.01623502304492888,0.008883864077847569,0.002670368656454169,0.009403885537334844,0.0009549753499558788,0.16193223608954163,0.20799920228382585
OnlineNews,original,39644,56,4,6,1982,418,20261224,PCA-QS,0.014662393367529922,0.0088219107076276,0.0026692767161257433,0.00979636673281803,0.0009499670077553514,0.15930708548400815,0.3340388033704703
OnlineNews,original,39644,56,4,6,1982,418,20261224,SRS,0.018792451676142678,0.009243310563370863,0.0027685550907765514,0.011864751895283021,0.000951425972297626,0.16228259350687108,0.3104223129277103
OnlineNews,original,39644,56,4,6,1982,419,20261225,PCA-QS,0.010947682529864706,0.008798687612199972,0.002655203898870906,0.008864719201676863,0.0009546232680479706,0.13592885358565474,0.5913779998125309
OnlineNews,original,39644,56,4,6,1982,419,20261225,SRS,0.020267507661527066,0.009171236124968543,0.002750226649950263,0.01014399683292666,0.0009562563288274387,0.15768529953400104,0.09689219112308967
OnlineNews,original,39644,56,4,6,1982,420,20261226,PCA-QS,0.013115257605501035,0.008873022100993961,0.002673613916517382,0.011663666002634798,0.0009559793367542253,0.15540319721870957,0.09958087414234014
OnlineNews,original,39644,56,4,6,1982,420,20261226,SRS,0.015548393990522522,0.009247900925560505,0.0027637657780844945,0.013352834133019797,0.0009621592142765947,0.19002290518915174,0.3676340214331254
OnlineNews,original,39644,56,4,6,1982,421,20261227,PCA-QS,0.011160334290080046,0.008985016565425968,0.002698238124084013,0.009347198533870227,0.0009562579982337808,0.1487828295985832,0.1644127572085166
OnlineNews,original,39644,56,4,6,1982,421,20261227,SRS,0.02163270704440892,0.008989104309005583,0.0027059356372953164,0.01177917143784768,0.0009558174994549199,0.16874746240643484,0.12487539662737865
OnlineNews,original,39644,56,4,6,1982,422,20261228,PCA-QS,0.016690680206902786,0.008946753496455937,0.0026886555294559334,0.00968026921055909,0.0009527657604286716,0.14115331513051924,0.3880015534677733
OnlineNews,original,39644,56,4,6,1982,422,20261228,SRS,0.012471627392502729,0.008821831390525383,0.0026476701615248785,0.011835575218759331,0.0009649999106413482,0.150108904235452,0.32347206819820074
OnlineNews,original,39644,56,4,6,1982,423,20261229,PCA-QS,0.011616952998371411,0.008620361823457838,0.0026149261812299885,0.01022537016767977,0.0009570868314589067,0.13961152253517664,0.15981234914322615
OnlineNews,original,39644,56,4,6,1982,423,20261229,SRS,0.022758084000035202,0.008747567761432052,0.002647919741436825,0.010781540573242765,0.000954865543461682,0.1665172039334807,0.5063010985620365
OnlineNews,original,39644,56,4,6,1982,424,20261230,PCA-QS,0.012624174623877925,0.009101255479479523,0.0027351584592140523,0.010167646905504313,0.000950240009182042,0.15020883262746199,0.29662709088372163
OnlineNews,original,39644,56,4,6,1982,424,20261230,SRS,0.020253863003620903,0.00905910319007801,0.002712047922021282,0.012522151695049999,0.000963412083547809,0.204152567885108,0.11020628851548264
OnlineNews,original,39644,56,4,6,1982,425,20261231,PCA-QS,0.009125037284549692,0.008877945186508272,0.002677231534731348,0.009622989298575746,0.0009582812587229534,0.11310324133376476,0.1533561087141203
OnlineNews,original,39644,56,4,6,1982,425,20261231,SRS,0.013064839525045169,0.00871186225263604,0.0026315793017976734,0.008572994827812153,0.000953763785175891,0.16135996136631514,0.029773929260169744
OnlineNews,original,39644,56,4,6,1982,426,20261232,PCA-QS,0.012137158637935571,0.00865073922070217,0.0026162762048593776,0.009490047113052569,0.0009539369061968822,0.12690108343217044,0.5588487565072446
OnlineNews,original,39644,56,4,6,1982,426,20261232,SRS,0.020706808918410573,0.008665210496558332,0.002625996316264422,0.010351900583241758,0.0009603698790967091,0.16003925701271268,0.296928797470972
OnlineNews,original,39644,56,4,6,1982,427,20261233,PCA-QS,0.018274158647075572,0.008940861246168384,0.002702447328304934,0.0097132124570809,0.000957795230975698,0.15551497698964623,0.4599845379526183
OnlineNews,original,39644,56,4,6,1982,427,20261233,SRS,0.0162036487763863,0.008993628785032712,0.0027048332418412343,0.011836795898995334,0.0009556730990361034,0.1398082136960578,0.18674642304475905
OnlineNews,original,39644,56,4,6,1982,428,20261234,PCA-QS,0.013202479622460241,0.008784881856361768,0.002659945958656954,0.010143065415210373,0.0009501022836753941,0.11452925984097799,0.4398445487858782
OnlineNews,original,39644,56,4,6,1982,428,20261234,SRS,0.01571724898527725,0.008620071246115208,0.0026085715812615845,0.010786476340589601,0.00095702066568186,0.1541085314050537,0.22313803892702838
OnlineNews,original,39644,56,4,6,1982,429,20261235,PCA-QS,0.014683502275324127,0.008747218223055058,0.0026465734682625084,0.010581658884612821,0.0009531939580589251,0.12281057793910359,0.3093027475988552
OnlineNews,original,39644,56,4,6,1982,429,20261235,SRS,0.014575133048889152,0.00881873600434601,0.0026649583354948505,0.01034506348076647,0.0009483431763675326,0.14553399936654796,0.6734191651288162
OnlineNews,original,39644,56,4,6,1982,430,20261236,PCA-QS,0.020732473307553505,0.00899108124999237,0.0027077063281784916,0.0115844570140613,0.000954252421850286,0.157951176476072,0.29590731175982177
OnlineNews,original,39644,56,4,6,1982,430,20261236,SRS,0.017992794418281062,0.009443528765617446,0.002806739876580409,0.010368397343127,0.0009504735984579867,0.18106771822982226,0.4131884428897943
OnlineNews,original,39644,56,4,6,1982,431,20261237,PCA-QS,0.014823730314919835,0.009017130095477874,0.0027008831612768936,0.010379098645735496,0.0009527131649474877,0.172417816187638,0.3066217637350469
OnlineNews,original,39644,56,4,6,1982,431,20261237,SRS,0.025800619993172857,0.009284481334670431,0.0027753602872310013,0.012602813714609695,0.0009558310071364577,0.17255771989356533,0.22873511932333798
OnlineNews,original,39644,56,4,6,1982,432,20261238,PCA-QS,0.010479711397505488,0.009132264006011038,0.0027371839758851,0.009434385781696975,0.0009377298163588447,0.12780387863862833,0.25662954728038945
OnlineNews,original,39644,56,4,6,1982,432,20261238,SRS,0.01891953791953781,0.009022528081538602,0.002706480489508021,0.010323496705941793,0.0009618469708941392,0.14277544350179378,0.242945078120056
OnlineNews,original,39644,56,4,6,1982,433,20261239,PCA-QS,0.009344208521415709,0.008614038706942101,0.0026068628344015146,0.009112001987578111,0.0009551887487695159,0.1358024284261596,0.3331591655598234
OnlineNews,original,39644,56,4,6,1982,433,20261239,SRS,0.016210192933808452,0.008713348374582233,0.0026314167028839777,0.010719604495816881,0.0009583731048888836,0.1410209883564673,0.21474796997588913
OnlineNews,original,39644,56,4,6,1982,434,20261240,PCA-QS,0.0141668233502764,0.009160650777366176,0.002745120354209128,0.01104319284904598,0.0009577601278326692,0.12986643596710679,0.22303927654683228
OnlineNews,original,39644,56,4,6,1982,434,20261240,SRS,0.020105060104406273,0.008581241803199614,0.0026049941594145126,0.0120369606548838,0.0009608387549657443,0.16266594418776698,0.3126144607229448
OnlineNews,original,39644,56,4,6,1982,435,20261241,PCA-QS,0.013709480315554749,0.008893078456161146,0.0026721418076608647,0.011176372246078259,0.0009661645136447581,0.14838375901884332,0.24057942862466472
OnlineNews,original,39644,56,4,6,1982,435,20261241,SRS,0.022688609402548132,0.009204792133990758,0.002762656348373801,0.011792844461677277,0.0009522610935961556,0.15079136869347234,0.19258091105642028
OnlineNews,original,39644,56,4,6,1982,436,20261242,PCA-QS,0.019043736075085613,0.00878289230195515,0.0026411695631989762,0.010206426650478662,0.000949089777201558,0.1317061193390615,0.31940436152938334
OnlineNews,original,39644,56,4,6,1982,436,20261242,SRS,0.020057301020587552,0.008884220514129413,0.002681207275865183,0.012393740493170213,0.0009526270232794538,0.18570545110906814,0.4669942042026041
OnlineNews,original,39644,56,4,6,1982,437,20261243,PCA-QS,0.013947688345917916,0.008725152409049933,0.0026355819182395704,0.00919236199150042,0.0009554462105569818,0.14340217840222624,0.15070196398980049
OnlineNews,original,39644,56,4,6,1982,437,20261243,SRS,0.025003733153132524,0.009228187932468256,0.002756377931598756,0.009910172302975084,0.0009557891773159926,0.17678205246794712,0.39223132764462953
OnlineNews,original,39644,56,4,6,1982,438,20261244,PCA-QS,0.02127196422195701,0.00899849899956727,0.0026936512163636254,0.011930675219346654,0.0009561061649623831,0.16487141583092715,0.2709447776708227
OnlineNews,original,39644,56,4,6,1982,438,20261244,SRS,0.011818814949335699,0.008908197846345934,0.0026802492946042702,0.008415668498388484,0.0009525413579367143,0.15209915946599806,0.11451175536401846
OnlineNews,original,39644,56,4,6,1982,439,20261245,PCA-QS,0.012372066513801131,0.009085616379063391,0.002731718188264748,0.009545486845425444,0.0009499989020382244,0.1378310839378726,0.08296302144910801
OnlineNews,original,39644,56,4,6,1982,439,20261245,SRS,0.015217597587233844,0.008763773823732642,0.0026480127969958803,0.010338404127605116,0.000945816317433858,0.13923014329141983,0.29831098200376377
OnlineNews,original,39644,56,4,6,1982,440,20261246,PCA-QS,0.011850539749709945,0.009107712227277584,0.002725542211304521,0.010240126296745089,0.0009609809363087149,0.13476585354308557,0.19071234792424915
OnlineNews,original,39644,56,4,6,1982,440,20261246,SRS,0.012638853387009773,0.009082265216783795,0.0027197997600456997,0.008936635595972575,0.0009493737384538431,0.12805557258097616,0.3898701219105343
OnlineNews,original,39644,56,4,6,1982,441,20261247,PCA-QS,0.013576902394816685,0.00852378792198065,0.0025832808276637386,0.010351054728415576,0.0009492289267028395,0.13407231188131202,0.14978983551813996
OnlineNews,original,39644,56,4,6,1982,441,20261247,SRS,0.021021380055819074,0.009104064763179919,0.002721879262882585,0.011335317477859874,0.000956658683551547,0.1684322782932237,0.37776264379885316
OnlineNews,original,39644,56,4,6,1982,442,20261248,PCA-QS,0.010742478585511075,0.009043112105568475,0.002721815221170612,0.010120866295824982,0.0009484457244028038,0.1289518458070441,0.07759347062007474
OnlineNews,original,39644,56,4,6,1982,442,20261248,SRS,0.021519861469135555,0.00906461190661729,0.002714029508512276,0.011426244327999768,0.0009536417035214328,0.1640454412705607,0.6976095525769994
OnlineNews,original,39644,56,4,6,1982,443,20261249,PCA-QS,0.014788799113883628,0.008662701070609359,0.002614906270227549,0.008572608047641594,0.0009518624753426267,0.13899938594372876,0.16383958464789095
OnlineNews,original,39644,56,4,6,1982,443,20261249,SRS,0.013119465420251414,0.008922600943599824,0.0026771084610069137,0.009568069232528842,0.0009607432781218219,0.12905658573727286,0.2915045289261877
OnlineNews,original,39644,56,4,6,1982,444,20261250,PCA-QS,0.012485535220379857,0.008971983510438403,0.002693223170200848,0.010642174102128976,0.0009541588358013147,0.12981632573369528,0.2794053025100311
OnlineNews,original,39644,56,4,6,1982,444,20261250,SRS,0.011603270486286189,0.008622258831362053,0.0026058704284170338,0.010206948906789748,0.0009462141171074813,0.153069090864145,0.2462123913090135
OnlineNews,original,39644,56,4,6,1982,445,20261251,PCA-QS,0.019381323457316968,0.008763042983420361,0.002651085683373078,0.008557292879435963,0.0009583784880737757,0.1542613313123021,0.27662343861027444
OnlineNews,original,39644,56,4,6,1982,445,20261251,SRS,0.016527213150587222,0.008708895758436242,0.0026304658792913427,0.01207714240415747,0.0009572935984279263,0.1771119895595045,0.15305221266308305
OnlineNews,original,39644,56,4,6,1982,446,20261252,PCA-QS,0.013491754324615473,0.008894035893754983,0.002674193009850022,0.00864973265654534,0.0009556482846182323,0.1346879356143124,1.807557997686653
OnlineNews,original,39644,56,4,6,1982,446,20261252,SRS,0.017424974583718587,0.008948612924403677,0.0026930415480180886,0.010778696421780865,0.000946721527695442,0.14897689159771313,0.23996807289742036
OnlineNews,original,39644,56,4,6,1982,447,20261253,PCA-QS,0.011560258546528883,0.009170414903277715,0.002750551188552696,0.010134375717795407,0.0009613172020138031,0.15633616693503136,0.0604705859582388
OnlineNews,original,39644,56,4,6,1982,447,20261253,SRS,0.01430108134823386,0.008925357820509123,0.00268137653622524,0.009811367042283692,0.0009533513056036715,0.13877787039888967,0.3927320338056192
OnlineNews,original,39644,56,4,6,1982,448,20261254,PCA-QS,0.018368690236688412,0.0087570589269695,0.002639096941877287,0.009930068542182369,0.000950842284588962,0.14027708103139727,0.34161913209259825
OnlineNews,original,39644,56,4,6,1982,448,20261254,SRS,0.014574691873868645,0.008886979248666988,0.0026789410272286727,0.008857376390539073,0.0009538232104650586,0.1360781711617166,0.4094155966227793
OnlineNews,original,39644,56,4,6,1982,449,20261255,PCA-QS,0.017585588317782782,0.008612251957678214,0.0026096196299896235,0.010733365172976406,0.0009599933959793042,0.1474127831082064,0.17693661216896964
OnlineNews,original,39644,56,4,6,1982,449,20261255,SRS,0.015520172564137754,0.00882709019319905,0.0026656821175330856,0.008248235246510305,0.0009603012746123802,0.16686101380161114,0.11251817497001682
OnlineNews,original,39644,56,4,6,1982,450,20261256,PCA-QS,0.021254379151092073,0.008751323776814634,0.002642453035983947,0.013118388278900994,0.000947818683942907,0.15875928351561802,0.2439880963030658
OnlineNews,original,39644,56,4,6,1982,450,20261256,SRS,0.019903693138131864,0.009210350929624559,0.0027455642740816153,0.01056250164157646,0.000956527019828314,0.17674320890141884,0.24722445826551437
OnlineNews,original,39644,56,4,6,1982,451,20261257,PCA-QS,0.00992443332884077,0.008673691154406181,0.0026184370206006227,0.008568232068414616,0.000962877572300171,0.14765128535066196,0.7326818559315874
OnlineNews,original,39644,56,4,6,1982,451,20261257,SRS,0.010247349542479262,0.008776289757568213,0.0026430809394196206,0.010046817634908223,0.0009589040792745082,0.12487922323542941,0.12755831001139864
OnlineNews,original,39644,56,4,6,1982,452,20261258,PCA-QS,0.016326786816750205,0.009077279871509707,0.0027311196200138096,0.011276977508584807,0.00095329466757641,0.1641024648541402,1.8674923953771567
OnlineNews,original,39644,56,4,6,1982,452,20261258,SRS,0.017805901053544515,0.008905167062210688,0.0026773357905481047,0.01034495726755047,0.0009553116401412152,0.14876708327028199,0.21803602252808132
OnlineNews,original,39644,56,4,6,1982,453,20261259,PCA-QS,0.01624832769703652,0.008938618809781477,0.002694126769787569,0.012783347498556807,0.0009577539586349997,0.18329647597561155,0.09044277798690313
OnlineNews,original,39644,56,4,6,1982,453,20261259,SRS,0.01645826128403682,0.009030242332886346,0.0027129485762245964,0.00975892857900007,0.0009505890135516419,0.1431097674579176,0.14628502374972913
OnlineNews,original,39644,56,4,6,1982,454,20261260,PCA-QS,0.01131999372403063,0.009141018689529188,0.0027429844783080056,0.009786526808733598,0.0009573392205051042,0.14756330638679835,0.27473024948884794
OnlineNews,original,39644,56,4,6,1982,454,20261260,SRS,0.018584405548746654,0.008497526248029456,0.0025749834872332246,0.010600465007531312,0.0009550433938067769,0.15502522915719158,0.3365561963520166
OnlineNews,original,39644,56,4,6,1982,455,20261261,PCA-QS,0.012052991522407094,0.008762050338142825,0.00264014038521315,0.010053801625957703,0.000954240691625911,0.1397365333594744,0.18445385751400534
OnlineNews,original,39644,56,4,6,1982,455,20261261,SRS,0.0164586141326851,0.009085941474962476,0.0027283325864173144,0.013782434237716856,0.0009524271446371084,0.1559838335929323,0.14790883390482396
OnlineNews,original,39644,56,4,6,1982,456,20261262,PCA-QS,0.019932109961667437,0.008900821281246375,0.0026834154440319555,0.015807058592459455,0.0009500502247920551,0.17435188672893145,0.35661650556386626
OnlineNews,original,39644,56,4,6,1982,456,20261262,SRS,0.025000576572324233,0.009109784833891878,0.0027191998297506565,0.009193180717106841,0.0009494552140754483,0.17082757111543462,0.6790231063077651
OnlineNews,original,39644,56,4,6,1982,457,20261263,PCA-QS,0.014353361162017778,0.009069036405743672,0.002729435250646619,0.010324593626839018,0.0009555798157293275,0.1451410962275209,0.19925394391523663
OnlineNews,original,39644,56,4,6,1982,457,20261263,SRS,0.011977854371472016,0.009117155285194434,0.002729642023087862,0.010108731931829595,0.000950719342726606,0.1601504679055701,0.26334952811351375
OnlineNews,original,39644,56,4,6,1982,458,20261264,PCA-QS,0.013720844404544618,0.008753225415993089,0.0026395564031795,0.010633585811058666,0.0009543750894231649,0.14710888349544107,0.4199432840984659
OnlineNews,original,39644,56,4,6,1982,458,20261264,SRS,0.015213879552629875,0.008836672972790545,0.002660238956797917,0.010333071599069044,0.0009484715407493247,0.14139775791237644,0.23831521127728345
OnlineNews,original,39644,56,4,6,1982,459,20261265,PCA-QS,0.01553308269997047,0.008741537109438402,0.002644668839475767,0.009016112182491653,0.0009545115408445681,0.15750088829519843,0.1049776376708144
OnlineNews,original,39644,56,4,6,1982,459,20261265,SRS,0.01157366534058067,0.008965861722474665,0.0027049972255489036,0.00937790897319779,0.0009446438038892304,0.14188170736436498,0.783901187910689
OnlineNews,original,39644,56,4,6,1982,460,20261266,PCA-QS,0.018267037953987743,0.009015182287364256,0.002708292457377231,0.011887621817649574,0.0009519224853836571,0.16351195379872768,0.2321092579283206
OnlineNews,original,39644,56,4,6,1982,460,20261266,SRS,0.021581633344580596,0.009117474288212996,0.002732868600502917,0.011833412035681334,0.000955686963266791,0.15730436229986236,0.320273870218732
OnlineNews,original,39644,56,4,6,1982,461,20261267,PCA-QS,0.011039754111631994,0.008922341013219827,0.0026782022463502342,0.00930560766379962,0.0009559087093600635,0.1411308209228622,0.12228033659576756
OnlineNews,original,39644,56,4,6,1982,461,20261267,SRS,0.010812969959329741,0.008891577404617107,0.002676510552118368,0.008741581349296368,0.0009478338733092549,0.13362992285212325,0.4524086163271713
OnlineNews,original,39644,56,4,6,1982,462,20261268,PCA-QS,0.017270026131554067,0.009046314532615864,0.002718060199818642,0.010612720882530624,0.0009512266872042806,0.17476473662351272,0.15102028280275917
OnlineNews,original,39644,56,4,6,1982,462,20261268,SRS,0.013500346929239447,0.00884973079661737,0.002675040580836676,0.00852774286340896,0.0009502082002782878,0.14229379170784676,0.39442568054711047
OnlineNews,original,39644,56,4,6,1982,463,20261269,PCA-QS,0.014546690998041489,0.008973799508042021,0.002694024495286667,0.011077641047258169,0.0009561232963532355,0.1261010773541025,0.2382389728619744
OnlineNews,original,39644,56,4,6,1982,463,20261269,SRS,0.02231115709860517,0.008883372301199333,0.002663317216205547,0.01156232710506977,0.0009538796271034239,0.1564334370558779,0.09927698067540397
OnlineNews,original,39644,56,4,6,1982,464,20261270,PCA-QS,0.010708374132096934,0.008978540756193506,0.0026997421497870024,0.008985431069424621,0.0009512417164022302,0.13525334009049794,0.18827614953555372
OnlineNews,original,39644,56,4,6,1982,464,20261270,SRS,0.01469181639684282,0.008810555530034373,0.0026473758848926665,0.010745186794000716,0.0009585443927230611,0.16162391600899492,0.04088421917632104
OnlineNews,original,39644,56,4,6,1982,465,20261271,PCA-QS,0.014879226269354737,0.008922872457551646,0.0026923967259614157,0.008960594379178843,0.000952489829157003,0.1486733976819591,0.104883485018709
OnlineNews,original,39644,56,4,6,1982,465,20261271,SRS,0.01747862037716954,0.00902603769546784,0.002700614022317787,0.010646587955438491,0.000959527583384269,0.16741687255035578,1.723663673963367
OnlineNews,original,39644,56,4,6,1982,466,20261272,PCA-QS,0.01092197000843777,0.008967008156209055,0.002699622583265961,0.010100452426419437,0.0009526289184689808,0.12086551981323121,0.282339401705695
OnlineNews,original,39644,56,4,6,1982,466,20261272,SRS,0.024516150178149364,0.00877219724522023,0.002645862223097643,0.010254457457374855,0.0009565494383311679,0.15483857265495,0.5093454952906415
OnlineNews,original,39644,56,4,6,1982,467,20261273,PCA-QS,0.01209311760037335,0.008683589966703128,0.0026325105619770884,0.010195262900749569,0.0009612636939575113,0.13969689821659442,0.48372113090289925
OnlineNews,original,39644,56,4,6,1982,467,20261273,SRS,0.010269378953313339,0.008745670485514554,0.002626545149057138,0.009711976336488348,0.0009649099385271901,0.15198262770309104,0.3463950890400476
OnlineNews,original,39644,56,4,6,1982,468,20261274,PCA-QS,0.014262428128234486,0.008595336524838137,0.0025957669362261355,0.009701723763408054,0.0009437786468774428,0.13591773526295509,0.10069253854938043
OnlineNews,original,39644,56,4,6,1982,468,20261274,SRS,0.017392778133729733,0.0083236225357333,0.002525700352925274,0.011466597488812624,0.0009566973269900057,0.13947126336557347,0.3587346904367388
OnlineNews,original,39644,56,4,6,1982,469,20261275,PCA-QS,0.012854744069893318,0.008680674521668416,0.00262033910917663,0.009073640276140438,0.0009581552461570135,0.13514818840100243,0.25289394507941276
OnlineNews,original,39644,56,4,6,1982,469,20261275,SRS,0.020588209530249955,0.008871185007829532,0.002669863146761744,0.008342715569911618,0.0009588090832105816,0.14411917445300818,0.5712336343181876
OnlineNews,original,39644,56,4,6,1982,470,20261276,PCA-QS,0.011788394691525367,0.008506850526394076,0.0025799111199058685,0.009617781045770712,0.0009526988210691464,0.12347380781881097,0.33291027391296085
OnlineNews,original,39644,56,4,6,1982,470,20261276,SRS,0.015262600707337164,0.008906483723367605,0.002673554966746059,0.0109252550206822,0.0009540785497103358,0.17014622537785515,0.4182273808639117
OnlineNews,original,39644,56,4,6,1982,471,20261277,PCA-QS,0.023733349436398505,0.009278992579244746,0.002787566973174133,0.011398825248285505,0.0009537199589033663,0.16413225588422178,0.42544154825433483
OnlineNews,original,39644,56,4,6,1982,471,20261277,SRS,0.01876531736728895,0.009111341060647182,0.0027290529845891073,0.009745582246821982,0.0009526771541470373,0.17316411185149883,0.4410919392892507
OnlineNews,original,39644,56,4,6,1982,472,20261278,PCA-QS,0.016528828865124877,0.00900307972050061,0.00271148039804226,0.009729499856408808,0.0009499583319978486,0.16818368599816907,0.23105428303542047
OnlineNews,original,39644,56,4,6,1982,472,20261278,SRS,0.02021721809977583,0.00890071026788639,0.0026836309792030834,0.010062938152023193,0.0009572841215808632,0.15202621612134878,0.2932178875847583
OnlineNews,original,39644,56,4,6,1982,473,20261279,PCA-QS,0.013904095972372795,0.008753401491378493,0.0026414271209681214,0.010293565436084506,0.0009559934874249242,0.14585624753535886,0.489732208755684
OnlineNews,original,39644,56,4,6,1982,473,20261279,SRS,0.01613367519023148,0.00895921838716621,0.002689834286414915,0.010365106611050834,0.0009552055432934916,0.1651843922565025,0.20758141370443267
OnlineNews,original,39644,56,4,6,1982,474,20261280,PCA-QS,0.014517852550282175,0.008867852252739747,0.002658964945928977,0.010339844860565606,0.0009547873416652954,0.13524148552282247,0.17858917662280985
OnlineNews,original,39644,56,4,6,1982,474,20261280,SRS,0.015141522030328933,0.008986677982743798,0.0026989398678930604,0.011864030841287843,0.0009511873143625056,0.15772274744118286,0.2436951593042951
OnlineNews,original,39644,56,4,6,1982,475,20261281,PCA-QS,0.019138676968903034,0.008704552596934307,0.002632858758202049,0.009539237984149906,0.0009569054427780114,0.17756531435916303,0.15427593312593976
OnlineNews,original,39644,56,4,6,1982,475,20261281,SRS,0.015305421379275203,0.00906007742842044,0.002724232760024546,0.007654802192957888,0.0009568199667354284,0.13997525879353448,0.33820064570579356
OnlineNews,original,39644,56,4,6,1982,476,20261282,PCA-QS,0.012597326905905894,0.008727390347518542,0.0026432835317273876,0.00880282850307168,0.0009488460107784793,0.14065794513508054,0.38233364780166484
OnlineNews,original,39644,56,4,6,1982,476,20261282,SRS,0.01706193516595864,0.009055656710584588,0.002730421746578247,0.010128986041893384,0.0009572460836285599,0.17629638724121824,0.17004409733844747
OnlineNews,original,39644,56,4,6,1982,477,20261283,PCA-QS,0.01777141193272946,0.00896328094398279,0.002699665360268066,0.010393125677131465,0.000954004219580753,0.15410554344594718,0.24845908303179315
OnlineNews,original,39644,56,4,6,1982,477,20261283,SRS,0.012417721928117369,0.008754863791725995,0.002651937971848561,0.007945241925952473,0.0009474068186061211,0.15594788549006594,0.25834966818641913
OnlineNews,original,39644,56,4,6,1982,478,20261284,PCA-QS,0.015952786676940632,0.008951268730167827,0.0026995309730190836,0.012431707408545378,0.0009567235797690934,0.15148817026199513,0.31350613531801047
OnlineNews,original,39644,56,4,6,1982,478,20261284,SRS,0.018036211585493307,0.008901286604807688,0.00267381961641567,0.011931710394332384,0.0009535742359843539,0.15872829875397915,0.44728257645122915
OnlineNews,original,39644,56,4,6,1982,479,20261285,PCA-QS,0.019044757008041865,0.009318387024335172,0.0027864598173958305,0.009328562332763468,0.0009547100717319546,0.17991261466669825,0.21074066557119026
OnlineNews,original,39644,56,4,6,1982,479,20261285,SRS,0.020860360385888975,0.009137998436189107,0.0027404503380505513,0.008995264225530875,0.0009544633099288135,0.17008583748759554,0.1377336787933205
OnlineNews,original,39644,56,4,6,1982,480,20261286,PCA-QS,0.012942292921277446,0.009051633836194136,0.002721933644973817,0.009538751556551262,0.0009511718865124046,0.16037458795353457,0.2548033193964968
OnlineNews,original,39644,56,4,6,1982,480,20261286,SRS,0.013885795488434138,0.008821720952526507,0.002655094265408129,0.012386731826167008,0.0009573171866633063,0.16022931714215846,0.34425427675630893
OnlineNews,original,39644,56,4,6,1982,481,20261287,PCA-QS,0.01174513345246211,0.008530490651610559,0.002589503269835522,0.009008486891028511,0.000954370703912008,0.1162239654466584,0.21978004082632013
OnlineNews,original,39644,56,4,6,1982,481,20261287,SRS,0.015002382652749993,0.009344513162438098,0.002798591690895536,0.008940679121222317,0.000945752262677255,0.14981872482018052,0.2392927336394695
OnlineNews,original,39644,56,4,6,1982,482,20261288,PCA-QS,0.015837910876962437,0.008581202181534683,0.0026080514315475214,0.010051428119201233,0.0009467916946912586,0.13611386008749854,0.3646308466800058
OnlineNews,original,39644,56,4,6,1982,482,20261288,SRS,0.01445614682778076,0.009085601737976179,0.0027258058127218885,0.011632546894347229,0.0009532726807646378,0.15085660182640287,0.20790922274698198
OnlineNews,original,39644,56,4,6,1982,483,20261289,PCA-QS,0.01188863207120615,0.008876156862196522,0.0026832975875540205,0.009560169039506405,0.0009493358067985408,0.12703145820485406,0.1874558727082194
OnlineNews,original,39644,56,4,6,1982,483,20261289,SRS,0.02210040446461261,0.009055801629078927,0.002726330448444696,0.011016605293976411,0.0009532149866435144,0.16715419841361737,0.3974581242157562
OnlineNews,original,39644,56,4,6,1982,484,20261290,PCA-QS,0.015755226103298013,0.009044919107551017,0.0027188517730958586,0.010078607066260403,0.0009529110727940687,0.15822734702332505,0.1123035327236744
OnlineNews,original,39644,56,4,6,1982,484,20261290,SRS,0.015652912838043792,0.009142269163054646,0.002744970825310633,0.010744881484511026,0.0009562482707233304,0.1655305433922298,0.2997983855298566
OnlineNews,original,39644,56,4,6,1982,485,20261291,PCA-QS,0.013776116994460769,0.00902049839982172,0.0027121184723105343,0.01033358551790542,0.0009563275779452915,0.13537934237757632,0.5210851446940027
OnlineNews,original,39644,56,4,6,1982,485,20261291,SRS,0.02724964449429416,0.008939835920839991,0.0026874303814603253,0.015544760589550677,0.0009510372670504232,0.16462482164901485,0.5081581689822181
OnlineNews,original,39644,56,4,6,1982,486,20261292,PCA-QS,0.010680603816949389,0.009002041639851351,0.002708380608423899,0.008984490143054913,0.0009577656001104895,0.1500427669271349,0.41185196538754454
OnlineNews,original,39644,56,4,6,1982,486,20261292,SRS,0.01628261877714177,0.009039140344439709,0.0027101728761850506,0.012541293522927432,0.000958331649316147,0.13858105104557064,0.22842269060372158
OnlineNews,original,39644,56,4,6,1982,487,20261293,PCA-QS,0.011590211779327956,0.008621401341825622,0.0026131397601995817,0.010140914809907642,0.0009495724788881678,0.12390556755350035,0.06927461684381477
OnlineNews,original,39644,56,4,6,1982,487,20261293,SRS,0.014852160250665488,0.008784540459137694,0.002655867634359481,0.010519428096129602,0.0009469156954519434,0.14631026840763106,0.5418371758601147
OnlineNews,original,39644,56,4,6,1982,488,20261294,PCA-QS,0.015098914244247459,0.008927537385729779,0.0026905039348237686,0.008469584836303667,0.0009534754134234225,0.15679365902778683,0.15575645223254922
OnlineNews,original,39644,56,4,6,1982,488,20261294,SRS,0.014957733285777153,0.008836398158875334,0.002659878789845072,0.008941809570130133,0.000956706870895679,0.12665772396545422,0.1343412024637724
OnlineNews,original,39644,56,4,6,1982,489,20261295,PCA-QS,0.012702413209682711,0.008862798721347282,0.0026733972904726044,0.01105685633518938,0.000952053898542236,0.15979442602499908,0.20918794933802304
OnlineNews,original,39644,56,4,6,1982,489,20261295,SRS,0.017629688140301508,0.008525617138330183,0.0025830143855439147,0.010472979949016192,0.000956611647611477,0.1412305383514382,0.159385663246859
OnlineNews,original,39644,56,4,6,1982,490,20261296,PCA-QS,0.02198638952197402,0.008564414485921943,0.00259852468265722,0.011194066973185812,0.0009539605052555836,0.1537172754873997,0.3078217822928438
OnlineNews,original,39644,56,4,6,1982,490,20261296,SRS,0.01717434629740486,0.008852192147939184,0.0026589334576158177,0.007836896082565659,0.0009509251190518869,0.13638386105982042,0.31919658663653894
OnlineNews,original,39644,56,4,6,1982,491,20261297,PCA-QS,0.013557130094850569,0.008761826713711894,0.0026438029507616814,0.009861027964989333,0.0009586605860432268,0.13625713270062312,0.2571123996144219
OnlineNews,original,39644,56,4,6,1982,491,20261297,SRS,0.015475415028325914,0.009302637254953838,0.0027785827858761197,0.010045529410655618,0.0009535338822176416,0.17345060759049524,0.5681685226866442
OnlineNews,original,39644,56,4,6,1982,492,20261298,PCA-QS,0.014761619485311581,0.008903558963835012,0.0026829830051760856,0.010185470176478972,0.0009608368630957338,0.11851022337084222,0.24217667366964168
OnlineNews,original,39644,56,4,6,1982,492,20261298,SRS,0.02411934581260584,0.009105177110723261,0.0027225547026178787,0.011622301320963757,0.0009497940332923922,0.17042092341698326,0.09674364797009546
OnlineNews,original,39644,56,4,6,1982,493,20261299,PCA-QS,0.016928240246705754,0.008891983146988811,0.0026812542423604846,0.011521089080849478,0.0009529497435789927,0.13917598216792842,0.25952183180565414
OnlineNews,original,39644,56,4,6,1982,493,20261299,SRS,0.0227973857365926,0.009111162242395597,0.002734072880849669,0.01309847684662735,0.0009662291285773116,0.16770749074088592,0.20593659508758047
OnlineNews,original,39644,56,4,6,1982,494,20261300,PCA-QS,0.012990404986997797,0.008745960938447773,0.002644908238833062,0.011513849656525466,0.0009533770540404368,0.16180110651348664,0.20240819574693733
OnlineNews,original,39644,56,4,6,1982,494,20261300,SRS,0.020904890895165205,0.009223056281453808,0.0027673748853625337,0.012092217079549883,0.0009566718282980444,0.21132211472229462,1.917301331472515
OnlineNews,original,39644,56,4,6,1982,495,20261301,PCA-QS,0.014551001131795768,0.00860289879419972,0.0025975997983352277,0.00866025265260184,0.0009583697453115082,0.1420894654116615,0.7311387962992442
OnlineNews,original,39644,56,4,6,1982,495,20261301,SRS,0.02058787281858582,0.009240584726345591,0.0027595532089917823,0.007625616466167884,0.0009476814670779568,0.16516858022429243,0.32142874000420163
OnlineNews,original,39644,56,4,6,1982,496,20261302,PCA-QS,0.016829390911627107,0.008634141795805827,0.0026078515477277217,0.011179650763290638,0.000955069711930546,0.13433840687746987,0.26327447687984085
OnlineNews,original,39644,56,4,6,1982,496,20261302,SRS,0.0159509937091244,0.008977632242887295,0.002710805810113323,0.010567584090777515,0.0009564250990527566,0.15109565759013993,0.5185411326632698
OnlineNews,original,39644,56,4,6,1982,497,20261303,PCA-QS,0.012919332259145802,0.008428284584645677,0.002564376214697426,0.010455378517239211,0.0009514076257718156,0.12665709549896337,0.0784845804514879
OnlineNews,original,39644,56,4,6,1982,497,20261303,SRS,0.017259511216299307,0.008911844226748539,0.002676851197222182,0.010156534988867705,0.0009462118345430464,0.14947595452870602,0.20329737701382183
OnlineNews,original,39644,56,4,6,1982,498,20261304,PCA-QS,0.010332873020780732,0.008564571901835374,0.0025859256157864706,0.010438771584139417,0.0009571794753619121,0.14239882433306708,0.275927482345926
OnlineNews,original,39644,56,4,6,1982,498,20261304,SRS,0.023248882725231925,0.009066745211418715,0.0027260504066892502,0.010061409434102941,0.000955283481302197,0.17548457133574658,0.12235987536511983
OnlineNews,original,39644,56,4,6,1982,499,20261305,PCA-QS,0.015094631242738727,0.008586602605170293,0.0026032249862962755,0.011345224881685212,0.0009581429272754099,0.14821185531568082,0.13654514354126124
OnlineNews,original,39644,56,4,6,1982,499,20261305,SRS,0.019355939448953786,0.008862916096944154,0.002676235312109711,0.013002875563305594,0.0009583036565071,0.14674473292416057,0.274396404817421
OnlineNews,original,39644,56,4,6,1982,500,20261306,PCA-QS,0.013148833202570296,0.009042280323904127,0.0027119064203754597,0.008994382272197399,0.0009607549462782752,0.15234708285459592,0.2799848075278266
OnlineNews,original,39644,56,4,6,1982,500,20261306,SRS,0.01646960572843017,0.008836583544965868,0.0026573598365235455,0.013210214095293438,0.0009436377467642597,0.1576640580601847,0.6045638810408294
OnlineNews,original,39644,56,4,6,1982,501,20261307,PCA-QS,0.01657850540991089,0.008898079161505581,0.002687572531335012,0.011858733156708823,0.0009518975393288117,0.14412516056460112,0.3873094174221705
OnlineNews,original,39644,56,4,6,1982,501,20261307,SRS,0.024336148371655906,0.009323377431562588,0.0027879698924141417,0.014182314700502019,0.0009509016910527863,0.18181618284336726,0.10152790950109188
OnlineNews,original,39644,56,4,6,1982,502,20261308,PCA-QS,0.015104783959936514,0.008807933417827209,0.0026510214578062646,0.009862151601740976,0.0009482313981404157,0.11908636836479769,0.9496101563837125
OnlineNews,original,39644,56,4,6,1982,502,20261308,SRS,0.018588904685946983,0.009094184927208232,0.0027335197495463245,0.011766092918165327,0.0009523513598595934,0.18144031703146338,0.30780199153053656
OnlineNews,original,39644,56,4,6,1982,503,20261309,PCA-QS,0.013159404664263765,0.008815165158649385,0.0026587656263442013,0.00900586059461439,0.0009487427345754988,0.13850045263864294,0.22088974696015912
OnlineNews,original,39644,56,4,6,1982,503,20261309,SRS,0.02176432110139202,0.008865720446305264,0.0026835905575362446,0.010618900279727228,0.0009555077329640656,0.15686386262277116,0.1582094656090586
OnlineNews,original,39644,56,4,6,1982,504,20261310,PCA-QS,0.016975041307476724,0.008981395384207108,0.0027031050581453686,0.009626619437719697,0.0009529692457958244,0.1451608321274493,0.32709463247695014
OnlineNews,original,39644,56,4,6,1982,504,20261310,SRS,0.02226093571242716,0.00867144295306394,0.002619783085970695,0.011794464319374143,0.0009525713193548398,0.1670972042032274,0.4065106140598162
OnlineNews,original,39644,56,4,6,1982,505,20261311,PCA-QS,0.015287601933325975,0.00900224956607346,0.002698654022828794,0.009898694680837039,0.0009523728439985726,0.14309401716397574,0.21541009239531195
OnlineNews,original,39644,56,4,6,1982,505,20261311,SRS,0.016699353017307378,0.009019899861864114,0.0027038480549057106,0.010623713822864644,0.00096217671317675,0.15040070710076853,0.1572266205116029
OnlineNews,original,39644,56,4,6,1982,506,20261312,PCA-QS,0.015414459657119985,0.008629603048164606,0.0026155471280152917,0.009884819078326501,0.0009522547489931403,0.1218994643023999,0.41462238508058724
OnlineNews,original,39644,56,4,6,1982,506,20261312,SRS,0.012086447723437088,0.008966927813122914,0.0026963013578260287,0.008920816552866029,0.0009551959161510157,0.12941888646661062,0.15548173404324545
OnlineNews,original,39644,56,4,6,1982,507,20261313,PCA-QS,0.01881539444256842,0.008848746518993747,0.0026597014167503217,0.008088049177944256,0.0009544734984685249,0.16219408256554058,0.6179194842863592
OnlineNews,original,39644,56,4,6,1982,507,20261313,SRS,0.016313927571097703,0.008969627470730929,0.002700415945187736,0.010319402436014258,0.0009576521038640447,0.13874157795662356,0.784565277032445
OnlineNews,original,39644,56,4,6,1982,508,20261314,PCA-QS,0.01940007848106765,0.008716111302337504,0.002635119796354108,0.01163275239831485,0.0009582834125555982,0.17709451771972473,0.10561467313728955
OnlineNews,original,39644,56,4,6,1982,508,20261314,SRS,0.01891452063373996,0.0087212431335378,0.0026393751150241428,0.010709070788896824,0.0009415612081844324,0.14654259495815208,1.7993889690648535
OnlineNews,original,39644,56,4,6,1982,509,20261315,PCA-QS,0.011539707403672939,0.008700145395044113,0.002634966023411623,0.009320325790666217,0.000956128416697003,0.1409431642037456,0.11400553009457709
OnlineNews,original,39644,56,4,6,1982,509,20261315,SRS,0.02074127615668985,0.009051304708384807,0.0027294195929101275,0.01086202422488114,0.0009548475471719133,0.20659499382852742,0.37787722339493135
OnlineNews,original,39644,56,4,6,1982,510,20261316,PCA-QS,0.014062667835329652,0.008724352022228305,0.0026317938273602163,0.009676236187832643,0.000958799596214035,0.14357775787078036,0.11918972552269608
OnlineNews,original,39644,56,4,6,1982,510,20261316,SRS,0.022021927343653484,0.009345120633796751,0.002794713608846134,0.014263796448291899,0.0009570751447058875,0.2030451126428536,0.16936514959505328
OnlineNews,original,39644,56,4,6,1982,511,20261317,PCA-QS,0.013100494162373993,0.008875824824970305,0.0026811664530079445,0.008745425224937264,0.0009556690111659036,0.1391799622668948,0.22459413351027868
OnlineNews,original,39644,56,4,6,1982,511,20261317,SRS,0.01745556412931645,0.008830435793286903,0.002659495090105893,0.008557509630499283,0.0009539062501686952,0.13546234677593702,0.22115255096511324
OnlineNews,original,39644,56,4,6,1982,512,20261318,PCA-QS,0.017663496502609732,0.008777121298429657,0.0026563975421291003,0.011054178276912907,0.0009558787502668147,0.13097027487133242,0.18433642488975419
OnlineNews,original,39644,56,4,6,1982,512,20261318,SRS,0.013446696487888737,0.008941056501752285,0.0026915502127156576,0.008571782753035606,0.0009422273775264993,0.14415429298288454,0.283683025452956
OnlineNews,original,39644,56,4,6,1982,513,20261319,PCA-QS,0.010878964512768537,0.008811912648009013,0.002653769414928966,0.010174070536153934,0.0009511335664808725,0.1755014475517191,0.17184608150164263
OnlineNews,original,39644,56,4,6,1982,513,20261319,SRS,0.015949838324574687,0.009080895745262527,0.00271949499550651,0.009903508021343654,0.0009529385113250925,0.1712737738448366,0.23362747763571584
OnlineNews,original,39644,56,4,6,1982,514,20261320,PCA-QS,0.01567722195362198,0.008878247941816589,0.002677162256395052,0.00971275618625711,0.0009546006590864107,0.13358972511425865,0.23497711871837115
OnlineNews,original,39644,56,4,6,1982,514,20261320,SRS,0.011652753434280242,0.008948801981834259,0.002689349020189579,0.009765065742403323,0.0009491537617779702,0.12389554510140784,0.4011514238586088
OnlineNews,original,39644,56,4,6,1982,515,20261321,PCA-QS,0.01552496519817544,0.008543084088840755,0.0025902211595840306,0.010045222896710726,0.0009514070050845507,0.12805175851351752,0.40040519226538057
OnlineNews,original,39644,56,4,6,1982,515,20261321,SRS,0.01910658900489401,0.00914747825771213,0.002730905776671421,0.008649119369401603,0.000954798283783582,0.16377920666703225,2.031219708717895
OnlineNews,original,39644,56,4,6,1982,516,20261322,PCA-QS,0.01338796204416939,0.008544717661887816,0.0025872049453075354,0.010700932747175429,0.0009601720189743167,0.14774360679660406,0.20601881138684952
OnlineNews,original,39644,56,4,6,1982,516,20261322,SRS,0.01795003963545993,0.008908624653155154,0.002683370265186097,0.010190676517954245,0.0009576785474722446,0.1708926360534004,0.4250178680438384
OnlineNews,original,39644,56,4,6,1982,517,20261323,PCA-QS,0.009789030521828527,0.00859678683238049,0.002596860489195273,0.009506810313256508,0.0009587459937215518,0.13488954385035945,0.4631191617221029
OnlineNews,original,39644,56,4,6,1982,517,20261323,SRS,0.023614475415475393,0.00894954277262435,0.0026841931758208285,0.01047855588927149,0.000946307579504099,0.15514604456554648,0.15358719898853662
OnlineNews,original,39644,56,4,6,1982,518,20261324,PCA-QS,0.017473941335274138,0.008656742154243157,0.00262113265702976,0.009039550138670194,0.0009579462744202783,0.1624707374733744,0.26015566420796477
OnlineNews,original,39644,56,4,6,1982,518,20261324,SRS,0.013998020452739674,0.009135349011658205,0.002735192382789383,0.007849286740619021,0.000957927944691484,0.1772559612301901,0.12552017595364276
OnlineNews,original,39644,56,4,6,1982,519,20261325,PCA-QS,0.02030058969608889,0.00895340204141321,0.0026952756206335277,0.012124698651415855,0.0009595098732361569,0.1799005064291701,0.11163409672491521
OnlineNews,original,39644,56,4,6,1982,519,20261325,SRS,0.013557224514886723,0.008937744060397244,0.0026873408866946924,0.010215480827149293,0.0009614163757844898,0.1678970324191348,0.4943003027351576
OnlineNews,original,39644,56,4,6,1982,520,20261326,PCA-QS,0.01113132614162277,0.008706443375530457,0.002638364869786476,0.008069860165292653,0.000955475188855388,0.15504041497316196,0.1840626119485277
OnlineNews,original,39644,56,4,6,1982,520,20261326,SRS,0.017786934809737476,0.008902686014227376,0.0026784846168929803,0.010733617210590296,0.0009517055585111837,0.17814277693331076,0.19312360160809552
OnlineNews,original,39644,56,4,6,1982,521,20261327,PCA-QS,0.015717962362785193,0.008948131275632943,0.002694170713512933,0.011086779912780287,0.0009534904579355975,0.14415793779282146,0.259859116046974
OnlineNews,original,39644,56,4,6,1982,521,20261327,SRS,0.01862845088960134,0.009009860376667483,0.002714819849613263,0.010611070333228056,0.00095305479907235,0.1428354332392238,0.29920119837565107
OnlineNews,original,39644,56,4,6,1982,522,20261328,PCA-QS,0.021164492472153202,0.008875419634798246,0.002667256026473639,0.010125311169847606,0.000954031834686439,0.1477425925148708,0.21560371390650235
OnlineNews,original,39644,56,4,6,1982,522,20261328,SRS,0.01618114587712833,0.009013158752819,0.0027208867772126706,0.010399394833214615,0.0009580007649574951,0.15456703498022714,0.37611892086006965
OnlineNews,original,39644,56,4,6,1982,523,20261329,PCA-QS,0.012773296267618708,0.00883683429682597,0.0026544964832705617,0.01105237238349055,0.0009580794260233186,0.16393624073833943,0.14232602081239176
OnlineNews,original,39644,56,4,6,1982,523,20261329,SRS,0.020604692396734587,0.008678588353609965,0.0026229047796303235,0.011188558541201488,0.0009597244419857983,0.14912263382478025,0.17090800384263036
OnlineNews,original,39644,56,4,6,1982,524,20261330,PCA-QS,0.012312009577161206,0.009140179976339377,0.002742662564413822,0.01198529416395644,0.000954086166873024,0.14779974919541242,0.2670137130739721
OnlineNews,original,39644,56,4,6,1982,524,20261330,SRS,0.014455478493530368,0.009072239850104092,0.0027218985954544513,0.010170133903010026,0.0009605910165508673,0.19809980315975212,0.3147970283918582
OnlineNews,original,39644,56,4,6,1982,525,20261331,PCA-QS,0.013753622631831346,0.00895218697489433,0.0026973334308779814,0.009396342602640217,0.0009514950466154616,0.11713760367618553,0.30366701973672994
OnlineNews,original,39644,56,4,6,1982,525,20261331,SRS,0.01832146568893524,0.009324741470530865,0.0027878976284278476,0.01100769148188796,0.0009557723535420214,0.1776781095682303,0.11448190735161365
OnlineNews,original,39644,56,4,6,1982,526,20261332,PCA-QS,0.014100475574217581,0.008900166962117827,0.0026760682345160314,0.009544526756613436,0.0009559282421057652,0.12637040216378873,0.6116116580204373
OnlineNews,original,39644,56,4,6,1982,526,20261332,SRS,0.015940848610622043,0.009128147811446802,0.002733344892891538,0.014610454807986173,0.0009528204412440982,0.14907145697686255,0.49283984222966126
OnlineNews,original,39644,56,4,6,1982,527,20261333,PCA-QS,0.010935043706886149,0.00840863840080078,0.0025529216126377228,0.00968490843033365,0.0009538184732060757,0.11551352864694443,0.5401717014532176
OnlineNews,original,39644,56,4,6,1982,527,20261333,SRS,0.01404182237157378,0.008992073404744134,0.0027061230532871724,0.010207343863834595,0.0009520315974690158,0.15065725320440612,0.09957450561800742
OnlineNews,original,39644,56,4,6,1982,528,20261334,PCA-QS,0.013478590625925256,0.008654880735288964,0.002623340656610583,0.009480221116353604,0.0009477221893751248,0.14523558772026257,0.1957413781337874
OnlineNews,original,39644,56,4,6,1982,528,20261334,SRS,0.01798829644427916,0.009006370277781714,0.0027057122939027098,0.00943988590974243,0.0009603809469219345,0.16686896635251483,0.6324545657848724
OnlineNews,original,39644,56,4,6,1982,529,20261335,PCA-QS,0.02112429156241271,0.009214794403103304,0.00276728817196592,0.011721408525511734,0.0009565070028619112,0.17683040756657067,0.24651356369228794
OnlineNews,original,39644,56,4,6,1982,529,20261335,SRS,0.0132199400472089,0.00877310060119972,0.0026456965823825227,0.009176926757776371,0.0009587847288677666,0.1801337525238506,0.2720360471544396
OnlineNews,original,39644,56,4,6,1982,530,20261336,PCA-QS,0.01742643569630303,0.008716151414635581,0.0026251461249504116,0.009533089385408644,0.0009551311421636568,0.13381461941812542,0.2551353256449457
OnlineNews,original,39644,56,4,6,1982,530,20261336,SRS,0.012508584701628614,0.00889790572840968,0.00267665202796546,0.010466512268568096,0.0009550108548318873,0.14700821971274347,0.09522840061224033
OnlineNews,original,39644,56,4,6,1982,531,20261337,PCA-QS,0.019986499389875022,0.00873955963986303,0.002637799495075272,0.009877044643397781,0.0009506292108331273,0.14151095798192767,0.5095545454658295
OnlineNews,original,39644,56,4,6,1982,531,20261337,SRS,0.018000448982076738,0.008745891957285753,0.0026378371946583026,0.009074671801545975,0.0009612836550722051,0.1430247984440713,0.13146863729166244
OnlineNews,original,39644,56,4,6,1982,532,20261338,PCA-QS,0.016499048848651447,0.009096710077122717,0.00272897080614308,0.009371677188749317,0.0009572375762643443,0.16771526576686716,0.19743524339603102
OnlineNews,original,39644,56,4,6,1982,532,20261338,SRS,0.013954652786011382,0.008680174228193185,0.002626557503325041,0.010008999123034101,0.0009539551930376884,0.15280145822419383,0.12850103610921348
OnlineNews,original,39644,56,4,6,1982,533,20261339,PCA-QS,0.01097653265068946,0.009016227083179063,0.0027089315619170176,0.009635176091359554,0.0009496888302032094,0.15064696240211928,0.29879748110961696
OnlineNews,original,39644,56,4,6,1982,533,20261339,SRS,0.014989877456518605,0.009281318412313031,0.0027816193258307334,0.011062400845283094,0.000948615221553428,0.21065980853830774,1.7499867092195975
OnlineNews,original,39644,56,4,6,1982,534,20261340,PCA-QS,0.01376101026653319,0.008720709100006857,0.0026249796164054397,0.008244954360948853,0.0009557087452506228,0.12933469492627087,0.0412290055614872
OnlineNews,original,39644,56,4,6,1982,534,20261340,SRS,0.019800867457656312,0.008627030649810543,0.0026078425415922216,0.010123239758673463,0.0009537098020974897,0.17307117702411118,0.33799714046192975
OnlineNews,original,39644,56,4,6,1982,535,20261341,PCA-QS,0.012547573275136614,0.009050513998638151,0.002722100650757827,0.010861253710771734,0.0009515469870061845,0.14464361195283457,0.275263058015834
OnlineNews,original,39644,56,4,6,1982,535,20261341,SRS,0.018789072683939218,0.009097171313603564,0.002737607488516613,0.012123556699362936,0.0009586756528287273,0.15914134392837515,0.10136639164858141
OnlineNews,original,39644,56,4,6,1982,536,20261342,PCA-QS,0.017388572652400285,0.008739172454074101,0.002641326636399381,0.009330920808189092,0.0009515440817324242,0.15963578865480485,0.8457130825772733
OnlineNews,original,39644,56,4,6,1982,536,20261342,SRS,0.01727600480799279,0.00884323722506469,0.002669472433018758,0.012234179964391245,0.000960047532455509,0.1694859017351338,0.26872853160649035
OnlineNews,original,39644,56,4,6,1982,537,20261343,PCA-QS,0.01361142900245267,0.00879103905913062,0.002647776246442373,0.010412354138557234,0.000954729026433187,0.14564193784386598,0.30844385101980576
OnlineNews,original,39644,56,4,6,1982,537,20261343,SRS,0.014378210710277976,0.008823154676188482,0.002649999025605276,0.009278300730416689,0.0009583486369286729,0.15938601037651526,0.10158443688345359
OnlineNews,original,39644,56,4,6,1982,538,20261344,PCA-QS,0.014271662306512004,0.008633868677769975,0.0026126345132738054,0.009875011150141333,0.0009578372840034551,0.14731477309135227,0.1970666359735954
OnlineNews,original,39644,56,4,6,1982,538,20261344,SRS,0.01701281935555553,0.009232486371019592,0.00275792592006082,0.011814949579571632,0.0009562170093049974,0.17801335761707096,0.34275798335849705
OnlineNews,original,39644,56,4,6,1982,539,20261345,PCA-QS,0.013465190422325721,0.008986299077098048,0.0026973396956121313,0.00968999608288712,0.0009591262453380473,0.14762312152049398,0.2849663127826984
OnlineNews,original,39644,56,4,6,1982,539,20261345,SRS,0.017859954971619012,0.009065085942740582,0.0027236870110191433,0.010301723577812893,0.0009532407786888822,0.17997385154412765,0.4166643965489414
OnlineNews,original,39644,56,4,6,1982,540,20261346,PCA-QS,0.013328929293947186,0.009130207641713474,0.002741706802947816,0.008639307696116205,0.0009575651541379963,0.12808450679698327,0.3820661420690533
OnlineNews,original,39644,56,4,6,1982,540,20261346,SRS,0.014792358317611715,0.008919700363234254,0.0026879218255943665,0.011196278696804285,0.0009674075773190024,0.15453869601214315,0.18217816981751828
OnlineNews,original,39644,56,4,6,1982,541,20261347,PCA-QS,0.019359882414888507,0.008591933046316228,0.0026038669532393427,0.009931376884178889,0.0009603502916071559,0.17607783653876433,0.16962070503171203
OnlineNews,original,39644,56,4,6,1982,541,20261347,SRS,0.021522226556110278,0.009034762551570848,0.0027136944061827866,0.013465252072158762,0.00095418469092054,0.17345907797976998,0.14514381236889964
OnlineNews,original,39644,56,4,6,1982,542,20261348,PCA-QS,0.01651592305400502,0.008757217117174912,0.0026487465151724915,0.01032430080759994,0.0009547693634450878,0.1397093568959788,0.34184723738888423
OnlineNews,original,39644,56,4,6,1982,542,20261348,SRS,0.018358004180466132,0.009056754221785323,0.0027256224542596473,0.010969675045707561,0.0009524749270517748,0.1496017746635281,0.9653373220290773
OnlineNews,original,39644,56,4,6,1982,543,20261349,PCA-QS,0.015008493096524137,0.008807607313157363,0.0026586166156804167,0.009779353379123279,0.0009572565089829208,0.13401316076516545,0.057908535181568674
OnlineNews,original,39644,56,4,6,1982,543,20261349,SRS,0.012552609858858255,0.008645234080504053,0.002621782426543379,0.009910956286240946,0.0009578667582663186,0.1540305585129712,0.22340878260129376
OnlineNews,original,39644,56,4,6,1982,544,20261350,PCA-QS,0.012602715969290404,0.009018811803285882,0.0027290405794161412,0.008611570035951033,0.0009575953206436525,0.14412522423663854,0.20203675750274847
OnlineNews,original,39644,56,4,6,1982,544,20261350,SRS,0.01604299819854412,0.009128283042163312,0.002736074292092398,0.011512275596768262,0.000952477935923509,0.1641716234936989,0.09628218819217513
OnlineNews,original,39644,56,4,6,1982,545,20261351,PCA-QS,0.013234398020113626,0.009158681185757385,0.002749957307112953,0.009614546748858643,0.0009556435870440163,0.13468787378937144,0.1644140079220317
OnlineNews,original,39644,56,4,6,1982,545,20261351,SRS,0.016491180205175027,0.009034884193642113,0.0027103945136472333,0.00851986829753315,0.0009574955624613455,0.19002665147953365,0.2737253067812351
OnlineNews,original,39644,56,4,6,1982,546,20261352,PCA-QS,0.011154428233434628,0.008779257074487455,0.002649062723288275,0.01065771003462146,0.0009570116218097558,0.13137492259880784,0.45171302982065575
OnlineNews,original,39644,56,4,6,1982,546,20261352,SRS,0.02012008667297271,0.009149869993399968,0.002747820627900572,0.015019383631528882,0.0009577548452213105,0.1962878657273252,0.6532183275782272
OnlineNews,original,39644,56,4,6,1982,547,20261353,PCA-QS,0.015485609967409655,0.008668135911070369,0.002622085823460647,0.00930783351645914,0.0009594173934420891,0.135529950105906,0.1993659169047713
OnlineNews,original,39644,56,4,6,1982,547,20261353,SRS,0.015554671558376401,0.009203914500471174,0.002757163228697542,0.011515965084175406,0.0009613620038287944,0.15228433989303677,0.4755382637203192
OnlineNews,original,39644,56,4,6,1982,548,20261354,PCA-QS,0.015604652004556963,0.008947110405720406,0.0026974715162165395,0.010294946869812804,0.000951182708805933,0.13567678173378145,0.095645360666407
OnlineNews,original,39644,56,4,6,1982,548,20261354,SRS,0.016390760234034484,0.00898965396152349,0.002707509976443596,0.00829424658051181,0.000948347670923125,0.14461635379497048,0.1846409352776538
OnlineNews,original,39644,56,4,6,1982,549,20261355,PCA-QS,0.01421697152989561,0.008656381777436857,0.002608763914586867,0.010965419606783655,0.0009501489961451352,0.16289478626306436,0.21237300016157473
OnlineNews,original,39644,56,4,6,1982,549,20261355,SRS,0.017006450609784285,0.00917857064220924,0.0027529516971461017,0.009089120727237443,0.0009597632244610497,0.15621190571373345,0.22695894683604653
OnlineNews,original,39644,56,4,6,1982,550,20261356,PCA-QS,0.013731714536581527,0.008908064230917605,0.0026751433630389206,0.009726747173351313,0.0009530224869615994,0.13239187401987837,1.9765175894362255
OnlineNews,original,39644,56,4,6,1982,550,20261356,SRS,0.022904136807066433,0.008909001492947235,0.002688531315073375,0.010429720282065347,0.0009572963967766742,0.19166017989393933,0.22469469011549298
OnlineNews,original,39644,56,4,6,1982,551,20261357,PCA-QS,0.017763780213448842,0.008674181738488862,0.0026169918457933394,0.008517829272619792,0.0009571989722599513,0.15182952718995388,0.22370629968815497
OnlineNews,original,39644,56,4,6,1982,551,20261357,SRS,0.01915770843393646,0.009060098836119888,0.002718359748561044,0.012540182680599088,0.0009547878039629289,0.19190793470181633,0.5261792180230722
OnlineNews,original,39644,56,4,6,1982,552,20261358,PCA-QS,0.011611683996637546,0.00871835946200815,0.0026265618606621842,0.009620564304356094,0.0009541930754116397,0.14550143806387034,0.7504201154358899
OnlineNews,original,39644,56,4,6,1982,552,20261358,SRS,0.019626179601797227,0.0089857308873772,0.002705559294493745,0.011937457699289666,0.0009595131914816405,0.19094582790501177,0.1378674946444133
OnlineNews,original,39644,56,4,6,1982,553,20261359,PCA-QS,0.013743461502489994,0.008980854717014458,0.0026889913457883432,0.008840370035608558,0.0009537421936302369,0.14124123999293345,0.15257343490917627
OnlineNews,original,39644,56,4,6,1982,553,20261359,SRS,0.013899467646071417,0.009167351449926187,0.002745239216838278,0.010682641118528124,0.0009550978334999245,0.13520363600051657,0.37888155189127626
OnlineNews,original,39644,56,4,6,1982,554,20261360,PCA-QS,0.01230685922830702,0.008654415002417095,0.002613906598435492,0.00828630792023155,0.000963636147157968,0.13897826751139059,0.1667550434808348
OnlineNews,original,39644,56,4,6,1982,554,20261360,SRS,0.01738383364285031,0.008783432350308259,0.0026522817392099604,0.008197452968790486,0.0009485998745410523,0.1683851920789688,0.6901062487003446
OnlineNews,original,39644,56,4,6,1982,555,20261361,PCA-QS,0.01244406516909564,0.00845166957117884,0.0025579718794764158,0.008611958195194447,0.0009523091648305437,0.12458201138506618,0.5898435701015596
OnlineNews,original,39644,56,4,6,1982,555,20261361,SRS,0.015198860275911334,0.009253626434288691,0.0027760378768021364,0.008684765398028205,0.0009509540962366521,0.14428271940452495,0.24707900150202317
OnlineNews,original,39644,56,4,6,1982,556,20261362,PCA-QS,0.023172832559776108,0.008978878661511829,0.002709745707807553,0.010596162656810293,0.000957621084813358,0.13861057211319336,0.14964307262133456
OnlineNews,original,39644,56,4,6,1982,556,20261362,SRS,0.015800952500807486,0.009000083176557558,0.00270606447615569,0.011045816546056741,0.00095741164019342,0.1694243477002859,0.34057273631114937
OnlineNews,original,39644,56,4,6,1982,557,20261363,PCA-QS,0.013417120540571679,0.008744439193200193,0.0026344918378449103,0.010183246842112581,0.0009524058157292199,0.14380118399764627,0.6490103286912947
OnlineNews,original,39644,56,4,6,1982,557,20261363,SRS,0.010819367983775642,0.008437332032450348,0.002557601301944507,0.006859523586124183,0.0009517849531333384,0.1162788485672012,0.24394418173854526
OnlineNews,original,39644,56,4,6,1982,558,20261364,PCA-QS,0.012659003527156907,0.00917915648352712,0.0027625839901859036,0.010884293575683657,0.0009516516302070932,0.16435438745092115,0.2146795480800954
OnlineNews,original,39644,56,4,6,1982,558,20261364,SRS,0.01968846816282032,0.008514204267225873,0.002580856037209557,0.012256043287633744,0.0009495026948775105,0.1711121504958443,0.16845917208709332
OnlineNews,original,39644,56,4,6,1982,559,20261365,PCA-QS,0.01274623590051985,0.008896122908665144,0.0026779860977266664,0.009507592972205714,0.0009490603985414064,0.1307693559838264,0.6633629999378563
OnlineNews,original,39644,56,4,6,1982,559,20261365,SRS,0.01293561393494382,0.00874914676907906,0.002632602276080455,0.010258265321512638,0.0009519772012028636,0.14147955050041516,0.4818267682332274
OnlineNews,original,39644,56,4,6,1982,560,20261366,PCA-QS,0.02087051976354561,0.008940712500790026,0.0026943378926951402,0.012609793031961303,0.0009567733134121939,0.17035077444854013,0.05612491020376048
OnlineNews,original,39644,56,4,6,1982,560,20261366,SRS,0.014263175354100014,0.009048701972976605,0.002709751698641425,0.011290272017273395,0.0009518606738257917,0.158589206540604,0.19057960380510852
OnlineNews,original,39644,56,4,6,1982,561,20261367,PCA-QS,0.018504600193644496,0.00896546891805492,0.002699285336169556,0.008031733193643475,0.0009497476537623645,0.1688188263194589,0.18231465041501355
OnlineNews,original,39644,56,4,6,1982,561,20261367,SRS,0.02146070343708058,0.009303728566055016,0.0027793715586521615,0.010595269558910658,0.0009450478536359641,0.1481985655066656,0.07048755384970098
OnlineNews,original,39644,56,4,6,1982,562,20261368,PCA-QS,0.019185306414150487,0.0089652972249363,0.002699327969126684,0.009215945079017018,0.0009587596539211898,0.18460542705098,0.2028994894622093
OnlineNews,original,39644,56,4,6,1982,562,20261368,SRS,0.02057706474381762,0.009236574455809748,0.0027646247926746254,0.010624852812101793,0.0009588829743179465,0.1646596238389397,0.2519664614011572
OnlineNews,original,39644,56,4,6,1982,563,20261369,PCA-QS,0.018086288337630558,0.009191324873838577,0.002751270554694482,0.011324568929168777,0.0009593298568892175,0.16300060567747293,0.24276104531595394
OnlineNews,original,39644,56,4,6,1982,563,20261369,SRS,0.016560309383924356,0.00902443482551109,0.002714461111910963,0.011267774733696001,0.0009583791303581319,0.14526462223575418,0.3506035003439435
OnlineNews,original,39644,56,4,6,1982,564,20261370,PCA-QS,0.014563609539992252,0.008808546544830506,0.0026525270912365526,0.009221941033253245,0.0009658320822608572,0.1391489180322109,0.11255445644577476
OnlineNews,original,39644,56,4,6,1982,564,20261370,SRS,0.013501812544686827,0.008700856526447516,0.002624830128729112,0.010574806147337412,0.0009459279854253051,0.1347307987376557,0.31104144817112145
OnlineNews,original,39644,56,4,6,1982,565,20261371,PCA-QS,0.009718607630146342,0.008859799342273671,0.0026706044392125782,0.009742345375398642,0.0009493188659621142,0.1334913452100673,0.26816330782875397
OnlineNews,original,39644,56,4,6,1982,565,20261371,SRS,0.017946771798123953,0.008897011741778416,0.0026802610092970165,0.011521711846341987,0.0009539439838157021,0.16328974688217834,0.31598721853069417
OnlineNews,original,39644,56,4,6,1982,566,20261372,PCA-QS,0.012183595400954877,0.009080110870476249,0.0027271089081242253,0.011273541315897972,0.0009630804187365459,0.1345273560583805,0.16960144442677005
OnlineNews,original,39644,56,4,6,1982,566,20261372,SRS,0.019541564581461147,0.008766259202463515,0.0026525343382083947,0.013294938737539397,0.0009545616915185445,0.16687809410411186,0.27029353409886836
OnlineNews,original,39644,56,4,6,1982,567,20261373,PCA-QS,0.0160183570557561,0.008926283197391484,0.002684739659563074,0.01093251950024765,0.000953327763594055,0.15142945943369873,0.18670147784072988
OnlineNews,original,39644,56,4,6,1982,567,20261373,SRS,0.018606388162601132,0.008770200630731003,0.0026453455248573008,0.010653082120674284,0.0009547582645753305,0.1511842918775027,0.2935447932292333
OnlineNews,original,39644,56,4,6,1982,568,20261374,PCA-QS,0.011016741894443452,0.008452648118884432,0.002569099169069599,0.009681098198042193,0.0009527404841643435,0.11594964429346172,0.17895549919775702
OnlineNews,original,39644,56,4,6,1982,568,20261374,SRS,0.018463875886510495,0.00897482180053675,0.0026969602310908205,0.012757351067820721,0.0009543682429930677,0.16063720480104654,0.19803366709622727
OnlineNews,original,39644,56,4,6,1982,569,20261375,PCA-QS,0.018064660318189336,0.008559019004496845,0.00259734399770603,0.010642104052411838,0.0009492752122266283,0.1622050354844718,0.22511517463376884
OnlineNews,original,39644,56,4,6,1982,569,20261375,SRS,0.011701829839492072,0.008724173762439107,0.002634413282259112,0.009830440967849796,0.0009536517201589254,0.13279748960841958,0.5366351105342272
OnlineNews,original,39644,56,4,6,1982,570,20261376,PCA-QS,0.010481385441695825,0.008924653851152398,0.0026876435336117663,0.010765581068458374,0.000950877432525135,0.1556846858209858,0.2412920724703084
OnlineNews,original,39644,56,4,6,1982,570,20261376,SRS,0.011032431880829151,0.008802573974760806,0.0026514941475771726,0.010171889439479997,0.0009497761665531242,0.1507292028279702,0.393090709572199
OnlineNews,original,39644,56,4,6,1982,571,20261377,PCA-QS,0.016483745699864986,0.008895728961501372,0.0026694449419591925,0.009286345993270828,0.0009618955793062083,0.13440436981265372,0.12166443018801737
OnlineNews,original,39644,56,4,6,1982,571,20261377,SRS,0.014818423746803372,0.009043637436322768,0.0027121722330706844,0.010142553858207393,0.0009517920859898185,0.13622910283954162,0.5970988323951902
OnlineNews,original,39644,56,4,6,1982,572,20261378,PCA-QS,0.013454273924655537,0.0088797911608207,0.0026825155025294992,0.010787035433594383,0.0009553964232342419,0.150664023540896,0.12604145261531574
OnlineNews,original,39644,56,4,6,1982,572,20261378,SRS,0.017594175871045756,0.00893383405882294,0.0026846018881890358,0.009429406408216323,0.0009516876270068028,0.1471755483406624,0.10171252773276387
OnlineNews,original,39644,56,4,6,1982,573,20261379,PCA-QS,0.018059002523301608,0.008780026455092358,0.0026519936177165668,0.009904316350683118,0.000957315048683399,0.13166512955329623,0.21602674170017433
OnlineNews,original,39644,56,4,6,1982,573,20261379,SRS,0.025641524556180083,0.009270815378235478,0.0027640978619024362,0.014679479429222653,0.0009381572699939703,0.17261131202975924,0.2359724072884935
OnlineNews,original,39644,56,4,6,1982,574,20261380,PCA-QS,0.012182708141166692,0.008987160444041848,0.0026936665157563278,0.008816053960364556,0.0009558343191654441,0.11144578856094037,0.2994411629450859
OnlineNews,original,39644,56,4,6,1982,574,20261380,SRS,0.015659745513799634,0.00879902445927522,0.00266339275205037,0.010998902463661864,0.0009526571675418887,0.15231456254552828,0.2742734670567677
OnlineNews,original,39644,56,4,6,1982,575,20261381,PCA-QS,0.019692737038045267,0.008877273813796856,0.0026668018820653235,0.009709400037362315,0.0009532221065443366,0.15172286970781246,0.10921691546315562
OnlineNews,original,39644,56,4,6,1982,575,20261381,SRS,0.014705936982484413,0.008643831604699241,0.0026158563709255725,0.011679577189749324,0.0009589468128296398,0.16064500718640598,0.19073687548396584
OnlineNews,original,39644,56,4,6,1982,576,20261382,PCA-QS,0.012137872139077811,0.008698598743569232,0.002631018420986364,0.009824876735070376,0.0009528918533211722,0.13306062727386866,0.22317566397998076
OnlineNews,original,39644,56,4,6,1982,576,20261382,SRS,0.021487151707965946,0.009035044964791291,0.002713840000965408,0.009518252215251266,0.0009566374847069654,0.1432715420040398,0.6277556426220641
OnlineNews,original,39644,56,4,6,1982,577,20261383,PCA-QS,0.012046533573378935,0.008970485724726234,0.002699400550360271,0.010080267883529004,0.0009577073517962577,0.14227074105982457,0.09449599113484039
OnlineNews,original,39644,56,4,6,1982,577,20261383,SRS,0.013099979564441958,0.008881107012770713,0.00267133779198488,0.009856179416052768,0.0009531584611031389,0.14132120293399697,0.3689387407095227
OnlineNews,original,39644,56,4,6,1982,578,20261384,PCA-QS,0.017976376923518462,0.008781009395032428,0.002653474500394072,0.009523284834031642,0.0009598504197796296,0.1603037449322616,0.16522472951364758
OnlineNews,original,39644,56,4,6,1982,578,20261384,SRS,0.016302383930567856,0.008849512252456105,0.002660976012935607,0.011412688372473667,0.00096302554647435,0.14587470254798998,0.08288843802010878
OnlineNews,original,39644,56,4,6,1982,579,20261385,PCA-QS,0.0147751784654917,0.009295865340792273,0.002783413638744676,0.009270695545174235,0.0009471788568902584,0.12553984947041721,0.34925053099715275
OnlineNews,original,39644,56,4,6,1982,579,20261385,SRS,0.02065034601828394,0.009450146473911644,0.0028247734816613883,0.013358414962842957,0.0009516652606282334,0.17630942013812567,0.23474683662795126
OnlineNews,original,39644,56,4,6,1982,580,20261386,PCA-QS,0.012357503859383511,0.008966331475891123,0.0026937125915882454,0.007641788057973997,0.0009500349334059557,0.14024054117892634,0.6509091552077548
OnlineNews,original,39644,56,4,6,1982,580,20261386,SRS,0.016997903430158008,0.009240093707881794,0.0027657504308433137,0.011153721354174806,0.000963293157487726,0.17481527091768953,0.2514541551232785
OnlineNews,original,39644,56,4,6,1982,581,20261387,PCA-QS,0.013254810631006628,0.008826557356341885,0.002658533892902768,0.009778916833459661,0.000945234669773414,0.14120389294401953,0.382474736587978
OnlineNews,original,39644,56,4,6,1982,581,20261387,SRS,0.014552858269415587,0.008824352010674328,0.002663792260470001,0.01006614033934028,0.000958166937850179,0.1560275782917164,0.37689582403073146
OnlineNews,original,39644,56,4,6,1982,582,20261388,PCA-QS,0.013763123149359745,0.008850349052764786,0.0026641329835704716,0.007726947457564748,0.0009507515125055154,0.14628130570556402,0.33998104664871315
OnlineNews,original,39644,56,4,6,1982,582,20261388,SRS,0.025921720978581624,0.009139549323567467,0.0027360688385586235,0.01287008997830874,0.0009544376182848048,0.17126969598250563,0.14964797208422032
OnlineNews,original,39644,56,4,6,1982,583,20261389,PCA-QS,0.010355270467377492,0.008715022729429634,0.002625765824989929,0.009684975225507486,0.0009559142847937708,0.14461107288875474,0.2407515893636615
OnlineNews,original,39644,56,4,6,1982,583,20261389,SRS,0.015142918165821822,0.008742419434937436,0.0026364273672401474,0.0131482862581489,0.0009574728342914316,0.159896214104658,0.20414362869024832
OnlineNews,original,39644,56,4,6,1982,584,20261390,PCA-QS,0.012044256240666438,0.009005000312036842,0.0027005480480900694,0.009912585921334482,0.0009581394468760741,0.1440562705143252,0.28396630613504503
OnlineNews,original,39644,56,4,6,1982,584,20261390,SRS,0.013659592234756357,0.009151064322793497,0.002748220691042784,0.009308147933948518,0.0009505223817398491,0.1789066594609843,1.7141064411747227
OnlineNews,original,39644,56,4,6,1982,585,20261391,PCA-QS,0.0160938558643224,0.008663007613114813,0.0026162954359835364,0.010302967531982787,0.0009504140099945182,0.1566153237051674,0.44474045351838
OnlineNews,original,39644,56,4,6,1982,585,20261391,SRS,0.020232704852452075,0.008917721924825846,0.002681831529816465,0.010098237771961394,0.0009471840713844896,0.14691778122177263,0.33567052354407534
OnlineNews,original,39644,56,4,6,1982,586,20261392,PCA-QS,0.013710043236464924,0.008865394638473911,0.002673117187087894,0.010412830462763978,0.0009530118486577833,0.15616095292084403,0.27383897280283753
OnlineNews,original,39644,56,4,6,1982,586,20261392,SRS,0.016715956175526982,0.008776995095031267,0.0026406848194773613,0.009181914410010705,0.0009649925746572357,0.14176496511959266,0.205198975306246
OnlineNews,original,39644,56,4,6,1982,587,20261393,PCA-QS,0.014922778245579249,0.009067378734682097,0.0027268023725519953,0.009705762319748956,0.0009545873351258447,0.13472240660232773,0.2190380991103363
OnlineNews,original,39644,56,4,6,1982,587,20261393,SRS,0.012400184827530688,0.008701562824572627,0.0026290243497939306,0.008186441527678667,0.0009504457524653094,0.14727430632235056,0.1566297324223946
OnlineNews,original,39644,56,4,6,1982,588,20261394,PCA-QS,0.01340248601258657,0.00893369496030518,0.002695324750973161,0.010980664008124918,0.0009550732812860056,0.15495418803280755,0.22075428786793605
OnlineNews,original,39644,56,4,6,1982,588,20261394,SRS,0.014561439686293448,0.009129700917684256,0.002721596129829196,0.011130698598082134,0.000957236036245284,0.1453095485723003,0.08383864623443366
OnlineNews,original,39644,56,4,6,1982,589,20261395,PCA-QS,0.014685055282489336,0.008831712702544492,0.0026678260190215676,0.010101350834768041,0.0009451111016496042,0.14449813268879638,0.22097031081183222
OnlineNews,original,39644,56,4,6,1982,589,20261395,SRS,0.0172925333428522,0.009085892335966203,0.0027335507100812967,0.009379764721339612,0.0009468448804487123,0.1817962877906786,0.8867394148726176
OnlineNews,original,39644,56,4,6,1982,590,20261396,PCA-QS,0.0129579544824613,0.008896845819224394,0.0026837966927783408,0.010100020744783222,0.0009493287095125385,0.1218166860671453,0.23498683534429704
OnlineNews,original,39644,56,4,6,1982,590,20261396,SRS,0.01762292669635262,0.008655473743360498,0.002603725433004268,0.010593902254576903,0.0009526409002015028,0.16943255056565473,0.29084447124234974
OnlineNews,original,39644,56,4,6,1982,591,20261397,PCA-QS,0.012052033755733316,0.008490047265367165,0.0025810457915270693,0.00942724542038853,0.0009523448231998117,0.13658787197192682,0.11688602425898982
OnlineNews,original,39644,56,4,6,1982,591,20261397,SRS,0.024860973163789876,0.009105222814761033,0.002733917785156941,0.014353047066309799,0.0009434563050926169,0.16402131912220236,0.2736673864290521
OnlineNews,original,39644,56,4,6,1982,592,20261398,PCA-QS,0.016615813635315693,0.008840408572477287,0.0026484392249457437,0.009395184122782396,0.000948420368579729,0.15300591882886463,0.3283354834643748
OnlineNews,original,39644,56,4,6,1982,592,20261398,SRS,0.01386025011496082,0.008750332260687098,0.0026491834243131955,0.012038565673346824,0.0009534712168666669,0.13540353677233152,0.17947878073982285
OnlineNews,original,39644,56,4,6,1982,593,20261399,PCA-QS,0.011180856734492432,0.008701552547896405,0.0026246328204724196,0.009058128579134461,0.000958742360783088,0.1460594175896157,0.6266786578903656
OnlineNews,original,39644,56,4,6,1982,593,20261399,SRS,0.016614796307229666,0.008664582105070585,0.0026171596847955605,0.010157657515318164,0.0009548171740921124,0.12425279369052142,0.2961376792811215
OnlineNews,original,39644,56,4,6,1982,594,20261400,PCA-QS,0.014883070725525535,0.008938466261168204,0.0026948177327752003,0.010620140764267205,0.0009591124122093802,0.13373324958511437,0.2119901479553
OnlineNews,original,39644,56,4,6,1982,594,20261400,SRS,0.012838274442684369,0.009130832684919779,0.0027409794024534757,0.009683756646838404,0.0009479746942317498,0.1315950720850122,0.17275633924778153
OnlineNews,original,39644,56,4,6,1982,595,20261401,PCA-QS,0.016667795606876597,0.00859840332902959,0.002597483570987378,0.009131792927068005,0.000957435989681282,0.15132178303174026,0.15348378697838222
OnlineNews,original,39644,56,4,6,1982,595,20261401,SRS,0.013984215088287927,0.008558704971081554,0.0025901824065071486,0.008941070333321477,0.0009546203730871677,0.14999258418691455,0.2684290848333342
OnlineNews,original,39644,56,4,6,1982,596,20261402,PCA-QS,0.011941492353478536,0.008838054263426666,0.0026693679379417522,0.010287763925477478,0.0009481885977596839,0.14119499997374926,0.08674236712615702
OnlineNews,original,39644,56,4,6,1982,596,20261402,SRS,0.014178967948570795,0.008990662671602543,0.002701873458035051,0.008944667419344299,0.000950529781810399,0.18217276121252,0.20097154052899086
OnlineNews,original,39644,56,4,6,1982,597,20261403,PCA-QS,0.02077748274749443,0.009153094691047947,0.0027471490736312642,0.01207332572527342,0.0009477856890812293,0.16432447924528532,0.26681640938455153
OnlineNews,original,39644,56,4,6,1982,597,20261403,SRS,0.01598762876797214,0.009002621880344518,0.002707132216270801,0.011082546350030142,0.0009455482072476129,0.14729390359580796,0.2845594313891509
OnlineNews,original,39644,56,4,6,1982,598,20261404,PCA-QS,0.0202990827241091,0.008946192180757805,0.002705730210879504,0.01055192792897408,0.0009543471219889798,0.1551766981353892,0.20253809712927567
OnlineNews,original,39644,56,4,6,1982,598,20261404,SRS,0.01928975501016939,0.008873224471697165,0.0026593248087697385,0.010596667334786147,0.0009510485026220715,0.15276421175905047,0.3029881824683169
OnlineNews,original,39644,56,4,6,1982,599,20261405,PCA-QS,0.011396945778677881,0.00875983432144806,0.002649204130145451,0.010093991086264964,0.0009622591787914169,0.130305022740007,0.40680421441000336
OnlineNews,original,39644,56,4,6,1982,599,20261405,SRS,0.011637840122932402,0.008641022276908581,0.0026168812437003877,0.008589645560068249,0.0009524058219928303,0.13480172315878508,0.5155892253591979
OnlineNews,original,39644,56,4,6,1982,600,20261406,PCA-QS,0.014973372855648762,0.008815771437827408,0.002656195581298999,0.010181995192898086,0.0009637229313647795,0.13538395098931919,0.10553549951223959
OnlineNews,original,39644,56,4,6,1982,600,20261406,SRS,0.016834176980264466,0.008823815577253431,0.0026638341026187745,0.009495180518884538,0.0009599007493633337,0.16125033391110485,0.7228776935277055
OnlineNews,original,39644,56,4,6,1982,601,20261407,PCA-QS,0.017537234365913038,0.008643408994477178,0.002611016449401346,0.010653745081690147,0.0009598086843397667,0.1441463316117427,0.38520575205976254
OnlineNews,original,39644,56,4,6,1982,601,20261407,SRS,0.02502897143583594,0.009313117427427128,0.002783413026680237,0.010961286466116604,0.0009558454728591352,0.16347773934639526,0.18225503927551115
OnlineNews,original,39644,56,4,6,1982,602,20261408,PCA-QS,0.012498455009917713,0.00870260630405782,0.002625961779109196,0.010826302081531125,0.000953762927788454,0.150288581278255,0.4312018519597208
OnlineNews,original,39644,56,4,6,1982,602,20261408,SRS,0.01418103886654446,0.009102671041668006,0.00272024549979019,0.009161798981736524,0.0009581947561218613,0.1695740527877402,0.2844279647658047
OnlineNews,original,39644,56,4,6,1982,603,20261409,PCA-QS,0.013680028231209498,0.00897351257275884,0.0026869994828822956,0.00819420885409805,0.0009457137036581925,0.15197734058440676,0.33829851251285814
OnlineNews,original,39644,56,4,6,1982,603,20261409,SRS,0.010981091681380506,0.008462536776219472,0.002574130095841199,0.009575463637837345,0.0009580090059441176,0.14537348006034875,0.2013081524180994
OnlineNews,original,39644,56,4,6,1982,604,20261410,PCA-QS,0.015395511821668944,0.008885432909071527,0.0026881820377780466,0.009133617197178978,0.0009424883339434267,0.13161724415573117,0.6102548047022428
OnlineNews,original,39644,56,4,6,1982,604,20261410,SRS,0.016801592665723057,0.008992303058680906,0.00270201588324031,0.012018396647999197,0.0009612258834848866,0.1910156962736866,0.2763785850674208
OnlineNews,original,39644,56,4,6,1982,605,20261411,PCA-QS,0.012311514372962764,0.008818104661530357,0.002672630826832359,0.009148531570073004,0.0009598144694856971,0.13925285350053573,0.5993720295597592
OnlineNews,original,39644,56,4,6,1982,605,20261411,SRS,0.0118929753310506,0.008881915833016908,0.0026810971049829333,0.01117623146378044,0.0009492355960162328,0.13316592458438561,0.0967190100303757
OnlineNews,original,39644,56,4,6,1982,606,20261412,PCA-QS,0.010932588424955854,0.008597251669572722,0.002599636655044296,0.008928145531674758,0.0009501858598230841,0.1456156583188268,0.3188251757074993
OnlineNews,original,39644,56,4,6,1982,606,20261412,SRS,0.01828434619968036,0.008801202113158001,0.002660354916931538,0.010434955510959298,0.00094752471190485,0.16841014957472408,0.3127720125543011
OnlineNews,original,39644,56,4,6,1982,607,20261413,PCA-QS,0.013998932286084415,0.009028579370224743,0.0027208790165472196,0.009664870478726328,0.0009495865028769306,0.13519653788933905,0.5067547036273155
OnlineNews,original,39644,56,4,6,1982,607,20261413,SRS,0.0162209796537555,0.008687260894679546,0.0026318550646244865,0.011233660801476475,0.0009544414654707864,0.1746173901973394,0.3326793889780536
OnlineNews,original,39644,56,4,6,1982,608,20261414,PCA-QS,0.012709504852352614,0.008630430962538047,0.0026124895756263746,0.010669580107824927,0.0009528007818190035,0.1561604253418351,0.17727135404127153
OnlineNews,original,39644,56,4,6,1982,608,20261414,SRS,0.02160494587465206,0.00889315573210131,0.002676167118886438,0.009744913322835558,0.0009575231049069826,0.15368156284551943,0.19694661294308463
OnlineNews,original,39644,56,4,6,1982,609,20261415,PCA-QS,0.011304761276806347,0.008776542450359,0.0026403557278534807,0.009042464655305338,0.0009552011227744957,0.14827643791766484,0.17785021701790224
OnlineNews,original,39644,56,4,6,1982,609,20261415,SRS,0.022587475679154728,0.008900492110410092,0.0026696253175023596,0.012414322130290145,0.0009624293970108607,0.17293517620520465,0.2854436184521779
OnlineNews,original,39644,56,4,6,1982,610,20261416,PCA-QS,0.01664443084554042,0.008964147371343443,0.00269940222319606,0.009974210171456832,0.0009549674102724538,0.15212191603349903,0.5607719618554179
OnlineNews,original,39644,56,4,6,1982,610,20261416,SRS,0.01567192980393946,0.009009692506231765,0.0026980437346743593,0.011525133573142554,0.0009502304476983086,0.16819276381710838,0.16168917224027674
OnlineNews,original,39644,56,4,6,1982,611,20261417,PCA-QS,0.010831151847694922,0.008723598596019629,0.0026334799501476045,0.009131896473355994,0.0009516353902460893,0.13275283539106672,0.3286977428460635
OnlineNews,original,39644,56,4,6,1982,611,20261417,SRS,0.017075057666088446,0.008555856077035209,0.002585909866172006,0.00980515423730921,0.0009546403878595534,0.14532061824392878,0.3942510223044965
OnlineNews,original,39644,56,4,6,1982,612,20261418,PCA-QS,0.017688251833797245,0.008947684842445371,0.0026931736812235408,0.011051265605830807,0.000964511146256505,0.14467436866236374,0.08762722690078321
OnlineNews,original,39644,56,4,6,1982,612,20261418,SRS,0.012187416422931228,0.0087866978769512,0.0026398983117036684,0.0091422940114807,0.0009585223893840636,0.14332843449286312,0.109848302191649
OnlineNews,original,39644,56,4,6,1982,613,20261419,PCA-QS,0.01980921149721154,0.009324740049064126,0.0027859974663474734,0.00946453775567413,0.0009560210873583228,0.1721896017993221,0.24623348953345015
OnlineNews,original,39644,56,4,6,1982,613,20261419,SRS,0.012607869578435385,0.00875433211423147,0.002644388426287016,0.010583215819323755,0.000945750432007486,0.1654157393567153,0.10656090758477074
OnlineNews,original,39644,56,4,6,1982,614,20261420,PCA-QS,0.017373987161038162,0.008833188703649941,0.002665931147500518,0.00973790229503635,0.0009568345966963792,0.1554796732319586,0.09328733668693925
OnlineNews,original,39644,56,4,6,1982,614,20261420,SRS,0.017413400515045172,0.008694915607538087,0.002628042271466953,0.011067839087669284,0.0009617537941382004,0.17926581794179924,0.11945125833531557
OnlineNews,original,39644,56,4,6,1982,615,20261421,PCA-QS,0.013088845929364764,0.008653739026353338,0.0026105050146272854,0.009732961675576135,0.0009574501399737353,0.15148714346380981,0.47134866633434197
OnlineNews,original,39644,56,4,6,1982,615,20261421,SRS,0.01183781833898455,0.009047892160902833,0.002727011329968755,0.010993730852236538,0.0009604620031549957,0.14051655446322148,0.6552535523294629
OnlineNews,original,39644,56,4,6,1982,616,20261422,PCA-QS,0.012049680424230666,0.009022252813170529,0.002707402591516413,0.00843035369241818,0.0009585818695752549,0.13587423546144778,0.05695772029926175
OnlineNews,original,39644,56,4,6,1982,616,20261422,SRS,0.016368407091605575,0.008986540779889108,0.0026988427611994658,0.009305039062351028,0.0009535909609530512,0.15359337395342293,0.16466181095595736
OnlineNews,original,39644,56,4,6,1982,617,20261423,PCA-QS,0.02174570754776342,0.00867151251058359,0.002617486138420423,0.009302939904832996,0.0009580550134518745,0.1533173723832728,0.13188099331935915
OnlineNews,original,39644,56,4,6,1982,617,20261423,SRS,0.011557290463698092,0.0086005636161971,0.0026049520970842137,0.010014680191559933,0.0009573523474374926,0.15680531171225157,0.31826497525847625
OnlineNews,original,39644,56,4,6,1982,618,20261424,PCA-QS,0.015594041323081743,0.008577341276350153,0.0026055139996548466,0.010380122870683905,0.000952695805434933,0.13158038689917442,0.08529312258049813
OnlineNews,original,39644,56,4,6,1982,618,20261424,SRS,0.01872518092037907,0.009144028959135294,0.002751350934438059,0.013725358471118554,0.0009534637230707108,0.156499609641771,0.2154694367990113
OnlineNews,original,39644,56,4,6,1982,619,20261425,PCA-QS,0.011690839004412644,0.008716349089146695,0.0026332378389833664,0.010377508651229661,0.0009577040671039979,0.15005263384634046,0.22267094678725782
OnlineNews,original,39644,56,4,6,1982,619,20261425,SRS,0.015218991869601375,0.009129814484514815,0.002735496384041726,0.011907598851967904,0.0009520377492770901,0.16459830268300368,0.37092269486601526
OnlineNews,original,39644,56,4,6,1982,620,20261426,PCA-QS,0.013904604728397564,0.008850113303294419,0.002672442737968056,0.00982975962235244,0.000951245503494931,0.12595963587198886,0.2922929205660318
OnlineNews,original,39644,56,4,6,1982,620,20261426,SRS,0.01746756155264381,0.008957516638586216,0.002694517087477398,0.012125456105556154,0.0009536106865151735,0.15541576168063842,0.41523218596743117
OnlineNews,original,39644,56,4,6,1982,621,20261427,PCA-QS,0.019440391682207188,0.009098861027082534,0.0027375262482907036,0.011261373014486153,0.0009521991781149938,0.16530323812356862,0.32366445235058816
OnlineNews,original,39644,56,4,6,1982,621,20261427,SRS,0.021881687098240097,0.008844897214282377,0.0026596415357117973,0.01204229624946862,0.0009477787765321241,0.1822242185454183,0.17454089334116082
OnlineNews,original,39644,56,4,6,1982,622,20261428,PCA-QS,0.014441730892780096,0.008642813813883082,0.0026156410759160284,0.009019813598779791,0.0009488964365572432,0.15704008089997626,0.24427656050782004
OnlineNews,original,39644,56,4,6,1982,622,20261428,SRS,0.020461653541621622,0.008733461654897943,0.002624730806009825,0.009220952104071145,0.0009556417962624001,0.1710572224402413,0.6357629254247016
OnlineNews,original,39644,56,4,6,1982,623,20261429,PCA-QS,0.014894012387153393,0.008708427123810614,0.0026385748115280044,0.010624441862120193,0.0009459017157299307,0.14907652108996297,0.1695588788502742
OnlineNews,original,39644,56,4,6,1982,623,20261429,SRS,0.02406434267517252,0.00915213694179255,0.002742191776401205,0.011127053366219997,0.0009544567243715042,0.1801490272297872,0.14596427208394502
OnlineNews,original,39644,56,4,6,1982,624,20261430,PCA-QS,0.012995157286130024,0.008534514324142322,0.002581396076440865,0.009838592815579972,0.0009653289261354874,0.12334710070384536,0.25381232975403956
OnlineNews,original,39644,56,4,6,1982,624,20261430,SRS,0.016946983209012216,0.008664711722908744,0.002622749499135339,0.010051034029189054,0.000950675447178329,0.17912547950921895,0.31340274791870315
OnlineNews,original,39644,56,4,6,1982,625,20261431,PCA-QS,0.014923829691198598,0.008626964892731098,0.0026069008033615154,0.01094549264550082,0.000958846003460445,0.14930436386517376,0.1328238016828279
OnlineNews,original,39644,56,4,6,1982,625,20261431,SRS,0.027145063579929823,0.00923877164176207,0.002764021906302467,0.013503664482509947,0.0009542641852708696,0.18289814093089726,0.13887291441322935
OnlineNews,original,39644,56,4,6,1982,626,20261432,PCA-QS,0.01923254027207141,0.008909901939803792,0.0026865122140755718,0.011686118261712508,0.000955594507729913,0.14804719455519041,0.23125011112356747
OnlineNews,original,39644,56,4,6,1982,626,20261432,SRS,0.016751096276643153,0.008971320838733856,0.002699275806284482,0.007978085881623187,0.0009605128044791008,0.15842961329135724,0.22588436128074219
OnlineNews,original,39644,56,4,6,1982,627,20261433,PCA-QS,0.01668107339176931,0.008663797781224981,0.002623399844710875,0.011818673700481952,0.0009608875596779752,0.16926431227779146,0.48187599092258343
OnlineNews,original,39644,56,4,6,1982,627,20261433,SRS,0.012618760379607432,0.009155201738247038,0.00273740651783072,0.008615624127969568,0.0009519657366671763,0.13795540274461765,0.27362861275692857
OnlineNews,original,39644,56,4,6,1982,628,20261434,PCA-QS,0.009556164141853297,0.008488656131186966,0.0025830857333731284,0.010729590253044208,0.0009551299609187775,0.12184880769377879,0.2881352138075347
OnlineNews,original,39644,56,4,6,1982,628,20261434,SRS,0.014745671952990211,0.008859623518904432,0.0026727813773207423,0.01197721034885113,0.0009510553565447224,0.18919704807024604,0.7094804474934715
OnlineNews,original,39644,56,4,6,1982,629,20261435,PCA-QS,0.011653076711290525,0.008521653961014213,0.002582038765316443,0.00973588180458762,0.0009543316283195216,0.14078987893302847,0.14361040865683372
OnlineNews,original,39644,56,4,6,1982,629,20261435,SRS,0.018577898787149237,0.008736437236135163,0.0026335674038650706,0.009275349359342044,0.000950342601436776,0.15053341514476262,0.20498127240593397
OnlineNews,original,39644,56,4,6,1982,630,20261436,PCA-QS,0.012595119811091793,0.008807462999799556,0.002654838292644638,0.009809015554468559,0.00095289599154241,0.1351364113979208,0.16463991471930536
OnlineNews,original,39644,56,4,6,1982,630,20261436,SRS,0.02026968009507379,0.009223232246888582,0.0027640398537391933,0.011230136343785446,0.0009637946798508644,0.17982423765169905,0.0884863755902367
OnlineNews,original,39644,56,4,6,1982,631,20261437,PCA-QS,0.016321005295670994,0.00891818452623862,0.0026873739742251765,0.010445915071787937,0.0009540042450936675,0.1477060667276837,0.7744810264276938
OnlineNews,original,39644,56,4,6,1982,631,20261437,SRS,0.012183898698530525,0.00858297032264107,0.0025874037153612592,0.011027820462521376,0.0009627385281639105,0.14225298853469345,0.1805186349319305
OnlineNews,original,39644,56,4,6,1982,632,20261438,PCA-QS,0.020006045502916073,0.008879712006709563,0.002673924838240933,0.011486120721182047,0.0009489106114076034,0.1769553825752769,0.2064230143038681
OnlineNews,original,39644,56,4,6,1982,632,20261438,SRS,0.015972319283222926,0.008847652866926072,0.002667327263799438,0.008904394249929837,0.0009394791011853392,0.12314000304327476,0.42558882459446223
OnlineNews,original,39644,56,4,6,1982,633,20261439,PCA-QS,0.01431700368574528,0.008857266958261252,0.0026696472610601664,0.009435403585726476,0.0009534292010317902,0.1606750655634133,0.22561505702232837
OnlineNews,original,39644,56,4,6,1982,633,20261439,SRS,0.013589466245817586,0.008858733940058431,0.0026659925706034623,0.010183471939731348,0.0009500927683364716,0.15383257634079153,0.09974225263281902
OnlineNews,original,39644,56,4,6,1982,634,20261440,PCA-QS,0.012382435797259334,0.009005249166239179,0.0027020948693882163,0.009396228399555895,0.0009521284566397779,0.13620407225454134,0.2901365095776122
OnlineNews,original,39644,56,4,6,1982,634,20261440,SRS,0.018111579947777047,0.008661131480278065,0.0026208777851332793,0.010253735331110292,0.0009497283621286912,0.1484460050804697,0.5783561125166539
OnlineNews,original,39644,56,4,6,1982,635,20261441,PCA-QS,0.01653554682751813,0.008892611009349351,0.002672426369766445,0.010901979103637771,0.0009539412821741052,0.16126960098150198,0.15526704682295894
OnlineNews,original,39644,56,4,6,1982,635,20261441,SRS,0.013863252034550367,0.00899683921444404,0.0027034019251879144,0.01104072702557346,0.0009511191958499783,0.16890225201648318,0.6016914156002192
OnlineNews,original,39644,56,4,6,1982,636,20261442,PCA-QS,0.012071479646331337,0.008750794850108783,0.002642855320866469,0.01024372168189025,0.0009497436430233073,0.13177513126832813,0.06344931437558252
OnlineNews,original,39644,56,4,6,1982,636,20261442,SRS,0.016467634778124095,0.008859024610343281,0.0026686153990668634,0.009383849686161128,0.0009522931427598452,0.1392857603866228,0.11673104393398528
OnlineNews,original,39644,56,4,6,1982,637,20261443,PCA-QS,0.010744076568868558,0.008727215423046617,0.0026406977722117178,0.008488317034116122,0.0009539975279755962,0.1378151401888217,0.3232101124326285
OnlineNews,original,39644,56,4,6,1982,637,20261443,SRS,0.01560480495528566,0.009111813462063023,0.002744880033972646,0.011387007965963036,0.0009589062541735479,0.16449215956910004,0.13088486620492074
OnlineNews,original,39644,56,4,6,1982,638,20261444,PCA-QS,0.010845505442118831,0.008742336458511645,0.002637890887815885,0.009500598689209383,0.0009550129030951458,0.12676973000530764,0.1972293989999544
OnlineNews,original,39644,56,4,6,1982,638,20261444,SRS,0.01836752793929976,0.00898517693625468,0.002707063248730165,0.010532024729899447,0.0009577806957149859,0.16382218721003394,0.4739695368682578
OnlineNews,original,39644,56,4,6,1982,639,20261445,PCA-QS,0.010824576418989925,0.008648316565868173,0.002613566901691278,0.010098173304474045,0.0009500246000886043,0.14297105005601998,0.21478104918393898
OnlineNews,original,39644,56,4,6,1982,639,20261445,SRS,0.016555006610633072,0.008702718000828903,0.0026288253810500995,0.01084600304453609,0.0009614597510283131,0.16512734179951752,0.14978742855399532
OnlineNews,original,39644,56,4,6,1982,640,20261446,PCA-QS,0.018237887322166774,0.009104680193019948,0.0027323914026498655,0.010269143225285049,0.0009564800051250262,0.15309141577618623,0.2964617828455505
OnlineNews,original,39644,56,4,6,1982,640,20261446,SRS,0.02053847433142472,0.009226407985132896,0.0027569372970120873,0.00730807928567323,0.0009514090426655214,0.1800996834963327,0.3279681606983347
OnlineNews,original,39644,56,4,6,1982,641,20261447,PCA-QS,0.015216416354498302,0.009296316353758978,0.002787602683509039,0.009348247229802098,0.0009486070758900699,0.15970403089491095,0.2629889574862509
OnlineNews,original,39644,56,4,6,1982,641,20261447,SRS,0.021703722574036206,0.009203185307053238,0.00276396662032818,0.014009451091162362,0.0009555425274462283,0.18256080746733985,0.18681669423138203
OnlineNews,original,39644,56,4,6,1982,642,20261448,PCA-QS,0.01543314992519915,0.008656861869872351,0.0026239071811981593,0.010167914288878421,0.000950790037660677,0.15107809324021287,0.3953056033278347
OnlineNews,original,39644,56,4,6,1982,642,20261448,SRS,0.015524496430490854,0.008988881702095516,0.0027001391890654003,0.009314375470360403,0.0009582182761950931,0.1733230666957909,0.30339062842916686
OnlineNews,original,39644,56,4,6,1982,643,20261449,PCA-QS,0.012220481567416678,0.008910316602679172,0.002677162132884118,0.009040389202588983,0.0009477795666724998,0.15518055468596872,0.6665628004567997
OnlineNews,original,39644,56,4,6,1982,643,20261449,SRS,0.01625378542009316,0.008981945153297085,0.0026943867787281614,0.01014781341742399,0.000959049621103201,0.1344851803024765,0.5109875511235158
OnlineNews,original,39644,56,4,6,1982,644,20261450,PCA-QS,0.019510030842612578,0.00901527124129199,0.0027132824261315623,0.010868470178337475,0.0009581135802267437,0.15554365879387236,0.18453307698728866
OnlineNews,original,39644,56,4,6,1982,644,20261450,SRS,0.016279447008600317,0.009016507140957076,0.0027131094145770814,0.011062770590786641,0.0009544578475545431,0.16792301468533055,0.38595154583686025
OnlineNews,original,39644,56,4,6,1982,645,20261451,PCA-QS,0.0140616146429727,0.008632456305505399,0.0026158165364602534,0.011228503668970546,0.0009496893768601624,0.15712848358141435,0.25116138302501945
OnlineNews,original,39644,56,4,6,1982,645,20261451,SRS,0.020169286701500207,0.008776822892283462,0.0026453280120368066,0.01029700067453554,0.0009517039215345306,0.17697192973988987,0.7678519956913921
OnlineNews,original,39644,56,4,6,1982,646,20261452,PCA-QS,0.01671558553648708,0.009210171814485786,0.0027637238319052496,0.011056981619633532,0.0009562800216914738,0.17192230661660737,0.18678329996814108
OnlineNews,original,39644,56,4,6,1982,646,20261452,SRS,0.013333398297667038,0.009199665190298873,0.002756352450684373,0.009696595053895862,0.000956334098180072,0.19948194277890466,0.4195700055813058
OnlineNews,original,39644,56,4,6,1982,647,20261453,PCA-QS,0.011619281960087602,0.008704950111582744,0.002631638790091508,0.009492257674418525,0.0009578470880345711,0.15041654223206763,0.4347616640489449
OnlineNews,original,39644,56,4,6,1982,647,20261453,SRS,0.019606670972225203,0.009113392443464038,0.0027487762603735275,0.013054862074483253,0.0009600966729592605,0.16664551241457487,0.24621065907690237
OnlineNews,original,39644,56,4,6,1982,648,20261454,PCA-QS,0.01679226747604465,0.008635109520241387,0.002613004884387725,0.0103446893559056,0.0009575236054775143,0.16427049950340852,0.2862601832428693
OnlineNews,original,39644,56,4,6,1982,648,20261454,SRS,0.021118238373390056,0.009035486941609034,0.002715493000606071,0.011358872451401325,0.0009556561124594272,0.160487590450767,0.08937004634929785
OnlineNews,original,39644,56,4,6,1982,649,20261455,PCA-QS,0.017752231213886152,0.008958596519913414,0.0026972062720323725,0.010080116731899125,0.000961055979864915,0.15649372209691684,0.1265714504128269
OnlineNews,original,39644,56,4,6,1982,649,20261455,SRS,0.014256664720544663,0.008603694816668025,0.002605626134233954,0.01020803171400786,0.000948603735933219,0.14470640087076095,0.3888132229638305
OnlineNews,original,39644,56,4,6,1982,650,20261456,PCA-QS,0.010225426173179172,0.008863218147226867,0.0026755764509831595,0.008838882112291557,0.0009535552843147276,0.14533112050391908,0.623042179130345
OnlineNews,original,39644,56,4,6,1982,650,20261456,SRS,0.0159916277416735,0.008776716426451569,0.002646643119166569,0.007777030797406326,0.0009436923433559719,0.15892711709509172,1.7823716024461607
OnlineNews,original,39644,56,4,6,1982,651,20261457,PCA-QS,0.014718465069223462,0.008965824532516325,0.0026873471748037605,0.008404160099257041,0.0009514697922786087,0.14964500388500368,0.7651973097116533
OnlineNews,original,39644,56,4,6,1982,651,20261457,SRS,0.015140173174755365,0.009162795896531292,0.0027589249772195434,0.009757432196201066,0.0009474423493976448,0.18287831732612983,0.12181406689933057
OnlineNews,original,39644,56,4,6,1982,652,20261458,PCA-QS,0.01074652655145199,0.008533904032205187,0.0025873881121571962,0.010060383391365946,0.0009568056501328256,0.15894844667136027,0.137203345827968
OnlineNews,original,39644,56,4,6,1982,652,20261458,SRS,0.019520426893257788,0.008719474569762044,0.002643869917310541,0.012659661716455162,0.0009555671170942131,0.17570215271803738,0.22440905926402469
OnlineNews,original,39644,56,4,6,1982,653,20261459,PCA-QS,0.015954198752081487,0.008869605915603073,0.0026716908381402863,0.008819565511991811,0.0009457788703108928,0.13138188260980302,0.1535264304007332
OnlineNews,original,39644,56,4,6,1982,653,20261459,SRS,0.017791175854020052,0.008675151624330905,0.002620088284966987,0.010516793669024693,0.0009443920781796076,0.14805244999027037,0.4313153929289438
OnlineNews,original,39644,56,4,6,1982,654,20261460,PCA-QS,0.01564086793338994,0.008873326684092743,0.002664654478783657,0.010458158801952777,0.0009554840435689411,0.15070300624007632,0.24174937240777084
OnlineNews,original,39644,56,4,6,1982,654,20261460,SRS,0.01459935201612674,0.009189967534715614,0.0027565653090841436,0.012068549155209496,0.0009559399401708704,0.16279992216221856,0.17238383564097387
OnlineNews,original,39644,56,4,6,1982,655,20261461,PCA-QS,0.013578865100507235,0.008810418642004245,0.0026411514049994957,0.009796010856833348,0.0009527264360876836,0.16500947190529192,0.2258428877854676
OnlineNews,original,39644,56,4,6,1982,655,20261461,SRS,0.02108491780964753,0.008773646034135146,0.0026539892562732156,0.008653456572409013,0.0009551333713858129,0.14308359217032712,0.26677676265262906
OnlineNews,original,39644,56,4,6,1982,656,20261462,PCA-QS,0.01007407589028052,0.008997433246189568,0.0027028588995929065,0.009503017099966371,0.0009568053988381809,0.14648205578151477,0.14120843879653208
OnlineNews,original,39644,56,4,6,1982,656,20261462,SRS,0.013961933211938591,0.008944947476832754,0.0026943366924633695,0.010881742941954542,0.0009545065086752855,0.15307156821101361,0.389696661225967
OnlineNews,original,39644,56,4,6,1982,657,20261463,PCA-QS,0.010859827483606723,0.009145443593024601,0.002742584706986316,0.010446483760722103,0.0009544077035949233,0.12338184365673688,0.5341644040596859
OnlineNews,original,39644,56,4,6,1982,657,20261463,SRS,0.016348500806374237,0.00892008124260181,0.0026831843797467244,0.010677004105895449,0.0009559188895904824,0.1411294934831525,0.08893256240456085
OnlineNews,original,39644,56,4,6,1982,658,20261464,PCA-QS,0.0171877097850678,0.00898459951251583,0.0026930308624535265,0.009623001590277624,0.0009505051151383135,0.1382772198633175,0.27428341874940887
OnlineNews,original,39644,56,4,6,1982,658,20261464,SRS,0.010183426727333997,0.00900751011475764,0.002702912220348521,0.008829472940540484,0.0009563762609566359,0.14534068231386443,0.19977962865878726
OnlineNews,original,39644,56,4,6,1982,659,20261465,PCA-QS,0.011053161280201848,0.00856255716971325,0.0025947614937372704,0.0095226771873822,0.0009555896766516878,0.13309475666008722,0.39804593118843923
OnlineNews,original,39644,56,4,6,1982,659,20261465,SRS,0.014523762980517385,0.008902914646902547,0.0026625605414388235,0.009882914860392944,0.0009543396833168554,0.18329609897611546,0.09313116923581688
OnlineNews,original,39644,56,4,6,1982,660,20261466,PCA-QS,0.013242928629325844,0.008825377853310501,0.0026602115273478668,0.009029564884949437,0.0009548232004554678,0.1505880127703473,0.10122802265777578
OnlineNews,original,39644,56,4,6,1982,660,20261466,SRS,0.011831623850965863,0.008830931417308157,0.0026588962612831848,0.008732293589497786,0.0009401672768874648,0.14803032470009267,0.0760449657229112
OnlineNews,original,39644,56,4,6,1982,661,20261467,PCA-QS,0.012868201164568148,0.008937620703037209,0.0026981080601353835,0.009842260212513665,0.0009464595336194069,0.14895058195224645,0.3695205490614082
OnlineNews,original,39644,56,4,6,1982,661,20261467,SRS,0.015578013427094908,0.008938838978216861,0.002689248980567068,0.011111756220371305,0.0009640706192600621,0.14648123116979445,0.14235906921765806
OnlineNews,original,39644,56,4,6,1982,662,20261468,PCA-QS,0.010974420392342052,0.008876082090271882,0.0026702899327826065,0.010577347920289526,0.0009551052036438576,0.14037008979311127,0.2524981908871268
OnlineNews,original,39644,56,4,6,1982,662,20261468,SRS,0.01535740211085038,0.009087089715650028,0.002714537319581022,0.010320907631449217,0.000958608010166399,0.17525118409680168,0.06388544517368865
OnlineNews,original,39644,56,4,6,1982,663,20261469,PCA-QS,0.015688004296800926,0.008902066998573665,0.0026679270296714286,0.01043114539741552,0.0009622562128572763,0.17069607134215456,0.16582201769286842
OnlineNews,original,39644,56,4,6,1982,663,20261469,SRS,0.021289939098580925,0.009172011924286403,0.002750817661525105,0.011182848167837989,0.0009580289110795784,0.1682233899564012,0.1495140762380793
OnlineNews,original,39644,56,4,6,1982,664,20261470,PCA-QS,0.009849717790927867,0.00872873577388553,0.002640017202350744,0.009181798749338554,0.0009610716183497644,0.14874539464578354,0.19772429719765192
OnlineNews,original,39644,56,4,6,1982,664,20261470,SRS,0.01463817976513977,0.009037852241822868,0.002716671811885869,0.009875591499669767,0.0009511114553790751,0.1495527106003826,0.09923685632444931
OnlineNews,original,39644,56,4,6,1982,665,20261471,PCA-QS,0.019895173098155975,0.00886145340750429,0.0026677393997515584,0.011069303676805475,0.0009479215045434265,0.16912051316765844,0.4435384874915528
OnlineNews,original,39644,56,4,6,1982,665,20261471,SRS,0.01336904913413586,0.008804592539509283,0.002665848350698976,0.00986885664694448,0.0009500629254395542,0.14940350738091557,0.41210064788793926
OnlineNews,original,39644,56,4,6,1982,666,20261472,PCA-QS,0.01172623218694459,0.008564804627519036,0.0025972417066060455,0.009347626344757387,0.0009486746608457292,0.15811556889225936,0.17747048001471247
OnlineNews,original,39644,56,4,6,1982,666,20261472,SRS,0.021407758106957386,0.009185386742419326,0.002760513591771072,0.01184231851714479,0.0009588390862434896,0.15845618431835848,0.33465314749047703
OnlineNews,original,39644,56,4,6,1982,667,20261473,PCA-QS,0.011115962639516678,0.009088575606668394,0.0027196877770379805,0.009589102339589317,0.0009520779585884373,0.1271600071482988,0.11165912671069247
OnlineNews,original,39644,56,4,6,1982,667,20261473,SRS,0.014136934858354032,0.008733608800201464,0.0026362032952564015,0.009824002025021983,0.0009586344462684201,0.1262381722625041,0.14019199470196023
OnlineNews,original,39644,56,4,6,1982,668,20261474,PCA-QS,0.018179367116569662,0.008494647367877308,0.0025708231992186657,0.00998088112598694,0.0009561988745399524,0.12226863727913874,0.33895012043957906
OnlineNews,original,39644,56,4,6,1982,668,20261474,SRS,0.019718866651882182,0.00917511936348742,0.0027691058301335036,0.01193648018889526,0.0009512620357285895,0.17615319420816472,0.3994118425663264
OnlineNews,original,39644,56,4,6,1982,669,20261475,PCA-QS,0.01644129867993624,0.008779170381092296,0.002641679052393455,0.009381696491724156,0.0009535776110353491,0.163332027979108,0.3239308534276448
OnlineNews,original,39644,56,4,6,1982,669,20261475,SRS,0.01647095165793435,0.009201179442583692,0.0027540788763959503,0.010046034553777616,0.0009503290701821921,0.13495643173476693,0.2223922825981296
OnlineNews,original,39644,56,4,6,1982,670,20261476,PCA-QS,0.015419127259378513,0.008860639766889087,0.002667033476573848,0.00849546238388399,0.0009492670397652137,0.16382549461136556,0.2777889509920095
OnlineNews,original,39644,56,4,6,1982,670,20261476,SRS,0.019849416315994746,0.009021141930003909,0.0027158853798347456,0.00955672584106182,0.000953410979444686,0.17577962850591985,0.29692879458994337
OnlineNews,original,39644,56,4,6,1982,671,20261477,PCA-QS,0.01759639144400399,0.008773920548866604,0.002652689735490436,0.01097755695601954,0.0009522191297042886,0.13481502070873977,0.17974301661085412
OnlineNews,original,39644,56,4,6,1982,671,20261477,SRS,0.01877710427604471,0.00885682068238476,0.0026615285998877777,0.008675733562151677,0.0009479073070154076,0.15248969056863865,0.49466519346629867
OnlineNews,original,39644,56,4,6,1982,672,20261478,PCA-QS,0.01179637523711509,0.008725182841986234,0.002632569187066745,0.009767650944821682,0.0009510447974520854,0.14190721707749593,0.11582246016339896
OnlineNews,original,39644,56,4,6,1982,672,20261478,SRS,0.011405943803999785,0.008849546782511191,0.0026586328730584105,0.011943645017041149,0.0009418289818689561,0.15786420424920747,0.4792034351256472
OnlineNews,original,39644,56,4,6,1982,673,20261479,PCA-QS,0.01990883318036628,0.008933248103545788,0.0026963850726805455,0.010131266565258201,0.0009463580276421849,0.15076391651479948,0.2426807899589588
OnlineNews,original,39644,56,4,6,1982,673,20261479,SRS,0.02036555683541686,0.008706853191679994,0.002642540302168001,0.008481962586191827,0.0009527822081700262,0.16335282761582084,0.3162438254282452
OnlineNews,original,39644,56,4,6,1982,674,20261480,PCA-QS,0.016343380902874148,0.008885541279657879,0.002677323384611368,0.010253402055386829,0.000951563758724561,0.14043164161388416,0.3916014978613326
OnlineNews,original,39644,56,4,6,1982,674,20261480,SRS,0.017000129391703526,0.009085531789491036,0.0027233666540426474,0.008414691322961687,0.0009523912521346059,0.1673827708793184,0.2415590701583396
OnlineNews,original,39644,56,4,6,1982,675,20261481,PCA-QS,0.011774181397942202,0.00861247239800467,0.00260420374638475,0.008787202840602859,0.0009469348226470296,0.1473984778711925,0.5184193243062919
OnlineNews,original,39644,56,4,6,1982,675,20261481,SRS,0.015727864400872222,0.008864679632053632,0.002669344820639401,0.010991513889464954,0.0009534042736296218,0.15454975018279404,0.2688098801416088
OnlineNews,original,39644,56,4,6,1982,676,20261482,PCA-QS,0.015793467874846874,0.008752364960169273,0.0026392520836961753,0.009024592031650513,0.0009587953623491872,0.16035985995392812,0.22118296113290933
OnlineNews,original,39644,56,4,6,1982,676,20261482,SRS,0.01810330536453728,0.00881335541933685,0.0026463822201984845,0.010543319746108892,0.000958888396949248,0.13453397732389868,0.06319212511107093
OnlineNews,original,39644,56,4,6,1982,677,20261483,PCA-QS,0.010892685387376488,0.008746030885685223,0.002630882008463326,0.009700244069902553,0.0009609719543255545,0.13409897850305622,0.14540263162195444
OnlineNews,original,39644,56,4,6,1982,677,20261483,SRS,0.020526354987839748,0.009217228028914741,0.002764475527577054,0.011016537023218476,0.0009543279590083103,0.15889837294966927,0.21977891370684588
OnlineNews,original,39644,56,4,6,1982,678,20261484,PCA-QS,0.010439555268530831,0.009158888272866606,0.0027442052208471496,0.010922451127916233,0.00094945616051547,0.151581282981981,0.26753417948254854
OnlineNews,original,39644,56,4,6,1982,678,20261484,SRS,0.014226611469307671,0.00881929937873501,0.002652195961299506,0.009224813497615614,0.0009515532949933456,0.13829268411304724,0.2773524391488244
OnlineNews,original,39644,56,4,6,1982,679,20261485,PCA-QS,0.01320752344505302,0.00864019816520062,0.002608024531358897,0.008385262517871084,0.0009519916207978788,0.142445346717799,0.12444463992024224
OnlineNews,original,39644,56,4,6,1982,679,20261485,SRS,0.020448838801638676,0.008962962636028523,0.0026906020865716143,0.010649360189761481,0.000954561539703724,0.16914458016767966,0.27827113462745656
OnlineNews,original,39644,56,4,6,1982,680,20261486,PCA-QS,0.012844342412403616,0.00907687285737084,0.002734297399770078,0.008812116567373351,0.0009510381337127247,0.16421139391854359,0.4217124205301269
OnlineNews,original,39644,56,4,6,1982,680,20261486,SRS,0.01993417857892754,0.008890985242056372,0.0026671724835587232,0.0092949264930553,0.0009593212872693482,0.16179308672705148,0.1361379609096805
OnlineNews,original,39644,56,4,6,1982,681,20261487,PCA-QS,0.012675557311095336,0.008789128536020652,0.0026646472262949355,0.009961255151884174,0.0009614151238286848,0.146519124479038,0.1700902731250613
OnlineNews,original,39644,56,4,6,1982,681,20261487,SRS,0.01661413173520935,0.009009176787746067,0.0027141381611320466,0.012165271118004028,0.0009599556711717772,0.1972011115931355,0.13566783159357104
OnlineNews,original,39644,56,4,6,1982,682,20261488,PCA-QS,0.011940820065577649,0.008968534922427121,0.0027014967112951984,0.010121558429164068,0.0009505459046562323,0.14778835617624184,0.34381423630681024
OnlineNews,original,39644,56,4,6,1982,682,20261488,SRS,0.01719733950480412,0.009032293494470007,0.002715460975524754,0.011287816683887897,0.0009617142909172701,0.17811969603838348,0.4429278391536016
OnlineNews,original,39644,56,4,6,1982,683,20261489,PCA-QS,0.017926435100850766,0.009111542356190673,0.0027248565545626075,0.009710907446196515,0.0009559195890643422,0.1340688625171475,0.23116085238093467
OnlineNews,original,39644,56,4,6,1982,683,20261489,SRS,0.011885804127340135,0.009082973670080088,0.0027280161125035752,0.008357779406452437,0.0009523197946015558,0.12904451206027764,0.23437450194128143
OnlineNews,original,39644,56,4,6,1982,684,20261490,PCA-QS,0.013529969579747031,0.008706299648334989,0.00262923019134169,0.010551797413718589,0.0009512530828300039,0.13015653624461307,0.5668860036361171
OnlineNews,original,39644,56,4,6,1982,684,20261490,SRS,0.015796021949419738,0.009334413857808184,0.0027972954034090713,0.01338031639636128,0.0009543376003093706,0.1710401221450523,0.30817311196807073
OnlineNews,original,39644,56,4,6,1982,685,20261491,PCA-QS,0.010262674629315223,0.008809831603915803,0.002654466030425756,0.009418603116689184,0.0009543813815678017,0.1279187382596538,0.6166228161750728
OnlineNews,original,39644,56,4,6,1982,685,20261491,SRS,0.0187242181484152,0.009005448499996913,0.002695460885392975,0.012654703096043107,0.0009475943689258314,0.19900176732212682,0.2300159549449209
OnlineNews,original,39644,56,4,6,1982,686,20261492,PCA-QS,0.01248543608565285,0.008926928036087241,0.0026777673816166256,0.009043826668751365,0.0009490002589400027,0.16361297885809184,0.16800209185555276
OnlineNews,original,39644,56,4,6,1982,686,20261492,SRS,0.015451150549389768,0.009226111534946535,0.0027772304479749604,0.010258515170910698,0.0009579557064327059,0.16145547040270677,0.3246339596983721
OnlineNews,original,39644,56,4,6,1982,687,20261493,PCA-QS,0.01640541167809318,0.00905643987935363,0.0027173035285390787,0.008228103913820561,0.0009558601471675951,0.13805488107090505,0.6486125703743233
OnlineNews,original,39644,56,4,6,1982,687,20261493,SRS,0.01737644700601499,0.00871805276025585,0.002618748861574206,0.010150917605798782,0.000951374382266829,0.14419780911979432,0.1404322245456061
OnlineNews,original,39644,56,4,6,1982,688,20261494,PCA-QS,0.013727020797009009,0.009025981002427118,0.00270892899436244,0.009683416966504765,0.000958292102943384,0.17088553468743267,0.21330617749544595
OnlineNews,original,39644,56,4,6,1982,688,20261494,SRS,0.020242749729466623,0.008861541652624243,0.002675646951807315,0.010636175975751172,0.0009584122599630079,0.18852813961744663,1.69941741005092
OnlineNews,original,39644,56,4,6,1982,689,20261495,PCA-QS,0.017514017046792434,0.009070410079802685,0.0027122398418931125,0.010511129389859875,0.0009592165451526974,0.1457461378671713,0.12338766083364558
OnlineNews,original,39644,56,4,6,1982,689,20261495,SRS,0.012480265799927238,0.00899231168632148,0.002705342840968334,0.010010877626864811,0.0009533955235503397,0.14580132596686318,0.3385838181740694
OnlineNews,original,39644,56,4,6,1982,690,20261496,PCA-QS,0.011258231256176159,0.009052108550922902,0.002722661590407674,0.011785445939066719,0.0009585138061098304,0.12664316114739876,0.2587382471849104
OnlineNews,original,39644,56,4,6,1982,690,20261496,SRS,0.017801664403295205,0.008617889712822057,0.002612413590111447,0.008350110846054193,0.0009592292050038632,0.16363514215369748,0.31088544245129407
OnlineNews,original,39644,56,4,6,1982,691,20261497,PCA-QS,0.012348251921568848,0.00904014861078896,0.002721255477633059,0.007818211576013923,0.0009645507536693964,0.1525209099131835,0.1704957892686995
OnlineNews,original,39644,56,4,6,1982,691,20261497,SRS,0.0149455024774132,0.009246565986216105,0.002784404886620584,0.011635116153206226,0.0009545582621633647,0.15129305029039983,0.1439636997614371
OnlineNews,original,39644,56,4,6,1982,692,20261498,PCA-QS,0.020319438653654754,0.009191923673542494,0.002738755826075041,0.009213370500063434,0.0009521013227317238,0.17746326283185326,0.5898963546650575
OnlineNews,original,39644,56,4,6,1982,692,20261498,SRS,0.022991045873474194,0.008959558937875648,0.0027021738974969548,0.01097226540176699,0.0009477847362749179,0.16183827333129616,0.20757050295110632
OnlineNews,original,39644,56,4,6,1982,693,20261499,PCA-QS,0.012875200318451532,0.008474015195690807,0.0025708520553326376,0.009373261356509843,0.0009454430581567298,0.1395910315121195,0.158944675846175
OnlineNews,original,39644,56,4,6,1982,693,20261499,SRS,0.013276489196501665,0.008858249589967488,0.0026745083015766277,0.011034751805315324,0.0009589881851400361,0.1540371458650088,0.12062667406814673
OnlineNews,original,39644,56,4,6,1982,694,20261500,PCA-QS,0.012531188162269388,0.008595373719700131,0.002601712282993912,0.008616249151346622,0.0009518083667150985,0.11756657099867811,0.2168762071539326
OnlineNews,original,39644,56,4,6,1982,694,20261500,SRS,0.014790448544474994,0.008883733537605925,0.0026783515866562854,0.008459545281738201,0.0009454431354193428,0.14454592718052325,0.22691382943833951
OnlineNews,original,39644,56,4,6,1982,695,20261501,PCA-QS,0.015698179783559838,0.008856002638268148,0.0026668328095962213,0.009836260967123422,0.0009433298324966338,0.12400883583862914,0.145896790462076
OnlineNews,original,39644,56,4,6,1982,695,20261501,SRS,0.01140110111204846,0.008734009642994705,0.0026479018663218795,0.010426623403414936,0.0009490842277418222,0.13073469034992014,0.36120062016508564
OnlineNews,original,39644,56,4,6,1982,696,20261502,PCA-QS,0.016763969346606712,0.00872347316212035,0.002635286889291201,0.010353090004020515,0.0009523842065128166,0.15594863497566483,0.09056826580372399
OnlineNews,original,39644,56,4,6,1982,696,20261502,SRS,0.010407277795188566,0.008725603665594212,0.0026404521923515836,0.011322947450643994,0.0009584485912108501,0.1291384558184033,0.2659300135891441
OnlineNews,original,39644,56,4,6,1982,697,20261503,PCA-QS,0.014888040261045456,0.008574228514426768,0.0025894204701710924,0.009297704012576347,0.0009612865257482884,0.14666901872678642,0.09800307493357842
OnlineNews,original,39644,56,4,6,1982,697,20261503,SRS,0.015524442629520577,0.009214192770929207,0.0027527858419042726,0.010141344580391731,0.0009490166934688962,0.15882772533183429,0.27938401167179205
OnlineNews,original,39644,56,4,6,1982,698,20261504,PCA-QS,0.016334042634379715,0.00909681730709356,0.002731287542644684,0.008696348750575567,0.0009604660152658693,0.1553125504964328,0.6158795191493667
OnlineNews,original,39644,56,4,6,1982,698,20261504,SRS,0.012334055988967937,0.009162325720946137,0.0027324560755242087,0.010111542355556224,0.0009544464667638027,0.15574028387702363,0.4958863982353685
OnlineNews,original,39644,56,4,6,1982,699,20261505,PCA-QS,0.0168950130134636,0.009083795779261177,0.002720974985074765,0.011971039046384746,0.0009508694051554188,0.16756482538735212,0.3292731193646081
OnlineNews,original,39644,56,4,6,1982,699,20261505,SRS,0.019677535755824697,0.00922640573695436,0.0027623912038140727,0.009293617494192219,0.0009580166620183276,0.16797024343399586,0.2404907338391098
OnlineNews,original,39644,56,4,6,1982,700,20261506,PCA-QS,0.014768431210664056,0.008928657238454221,0.002688387431685632,0.010485310508963508,0.0009562683239803993,0.14676038744549766,0.2763317265743922
OnlineNews,original,39644,56,4,6,1982,700,20261506,SRS,0.014397121088347021,0.008789684378523625,0.002660872403996809,0.011518993706342684,0.0009532155545572035,0.16981684459096935,0.2610257189604218
OnlineNews,original,39644,56,4,6,1982,701,20261507,PCA-QS,0.017968571541684093,0.008878495784998466,0.002679842589388419,0.011419648773067337,0.000945453355297926,0.1570771663777131,0.546258371146606
OnlineNews,original,39644,56,4,6,1982,701,20261507,SRS,0.012690226730081671,0.009035134779925133,0.0027106991513477395,0.00985904203672483,0.0009596306221171421,0.12918662440617312,0.10877585680763963
OnlineNews,original,39644,56,4,6,1982,702,20261508,PCA-QS,0.015191288275975911,0.008890894404172916,0.002680930211498559,0.0119586511647789,0.0009571959164411874,0.16790076168481954,0.05948755805186917
OnlineNews,original,39644,56,4,6,1982,702,20261508,SRS,0.01262400274729388,0.008775764527609895,0.0026454595370144327,0.00988027239155187,0.0009521884816039491,0.16084754465659903,0.3044222017164339
OnlineNews,original,39644,56,4,6,1982,703,20261509,PCA-QS,0.013098293417334836,0.008634327240899926,0.0026103614826088048,0.009780854497606128,0.000945023000228788,0.15339270236703745,0.3283030380655864
OnlineNews,original,39644,56,4,6,1982,703,20261509,SRS,0.018115976127408177,0.008872603035617738,0.0026673414433533945,0.012569505401994974,0.0009559175733918643,0.1493886704883301,0.19113693942260057
OnlineNews,original,39644,56,4,6,1982,704,20261510,PCA-QS,0.014252964753553784,0.008764468596993485,0.00264822504703655,0.013011449138177866,0.0009524841827935276,0.16189255081890055,0.07664845439130091
OnlineNews,original,39644,56,4,6,1982,704,20261510,SRS,0.01814608684168539,0.008976521940209859,0.002708594680865782,0.008747312562661591,0.00096602242737144,0.15873255678893997,0.12982142954948042
OnlineNews,original,39644,56,4,6,1982,705,20261511,PCA-QS,0.015501662323834752,0.008925444381867738,0.002682581966181194,0.010935934565045713,0.0009544039309499994,0.14476723721893994,0.12812872410112844
OnlineNews,original,39644,56,4,6,1982,705,20261511,SRS,0.02445263519497311,0.009188581525774167,0.0027561177303123846,0.01364122629085962,0.000958174967278364,0.1608969425759815,0.2133824835298533
OnlineNews,original,39644,56,4,6,1982,706,20261512,PCA-QS,0.01571978943956545,0.008718941572933982,0.002638255931333634,0.009446304809888062,0.0009640800344543294,0.13448148531804724,0.13494831291933468
OnlineNews,original,39644,56,4,6,1982,706,20261512,SRS,0.01488033722307951,0.008822234999794492,0.00266312539612567,0.009342089857039326,0.0009528549161731181,0.15195656400867202,0.45646726849775254
OnlineNews,original,39644,56,4,6,1982,707,20261513,PCA-QS,0.01605571486314685,0.008993416376729903,0.0027082099084815023,0.010611280279098523,0.0009455680577135623,0.16421485728977644,0.21545900363651546
OnlineNews,original,39644,56,4,6,1982,707,20261513,SRS,0.01584550197095087,0.008772381464309007,0.0026485466416407938,0.009290091965681313,0.0009496647194954267,0.1574064784254598,0.13649810014506786
OnlineNews,original,39644,56,4,6,1982,708,20261514,PCA-QS,0.010568024968987677,0.009225244342360371,0.002761680319940069,0.010303195322567404,0.0009541705488662826,0.15342356808139793,0.13651173111779513
OnlineNews,original,39644,56,4,6,1982,708,20261514,SRS,0.017882169512472873,0.009027158991945694,0.00271913502889034,0.010869982022470026,0.0009500492775024114,0.17242827189881665,0.1422841036782275
OnlineNews,original,39644,56,4,6,1982,709,20261515,PCA-QS,0.014764550131943272,0.008628685347302304,0.00261877079898136,0.009230526734125277,0.0009629698224986209,0.13824869208182994,0.3612974014329714
OnlineNews,original,39644,56,4,6,1982,709,20261515,SRS,0.018533792798229826,0.008953713103657031,0.00269113958274004,0.010419403863339838,0.0009518259187632849,0.14537447240750126,0.4091278324651091
OnlineNews,original,39644,56,4,6,1982,710,20261516,PCA-QS,0.017728477419470756,0.008972350668594201,0.002706031561675898,0.011447959004195596,0.0009526332812715587,0.16725586470233836,0.13906579846059247
OnlineNews,original,39644,56,4,6,1982,710,20261516,SRS,0.01606525965443596,0.009174569664394802,0.0027400034662000477,0.010830059765192246,0.0009515571717819707,0.15308644401643057,0.28009810330166823
OnlineNews,original,39644,56,4,6,1982,711,20261517,PCA-QS,0.014047618296428326,0.008380163016411804,0.0025480629683159264,0.010252393932697501,0.0009558853109810497,0.1466513926585012,0.22590433544043667
OnlineNews,original,39644,56,4,6,1982,711,20261517,SRS,0.018322446898346202,0.009085189316782982,0.0027314244107071997,0.010637396349471473,0.0009587796404115344,0.14328731156100763,0.3397871429790907
OnlineNews,original,39644,56,4,6,1982,712,20261518,PCA-QS,0.012265722043261025,0.008743449591716851,0.002644753337585894,0.010857991583351989,0.000949174928481509,0.12953583832644106,0.29335129249901654
OnlineNews,original,39644,56,4,6,1982,712,20261518,SRS,0.019420315864329636,0.009263463583212953,0.0027887611138946084,0.010016732505457426,0.0009560521647267197,0.14353289047150533,0.20335862067358007
OnlineNews,original,39644,56,4,6,1982,713,20261519,PCA-QS,0.019669276304407877,0.008964590427439129,0.002694157945282928,0.011518806605508303,0.000951955105865693,0.14936635018211217,0.4682831585608043
OnlineNews,original,39644,56,4,6,1982,713,20261519,SRS,0.011338832404847232,0.008965015713649592,0.0026934315645916014,0.010488225782983918,0.0009511091080260442,0.1525119991803286,0.18829148708865798
OnlineNews,original,39644,56,4,6,1982,714,20261520,PCA-QS,0.01568920911828714,0.00866116752603857,0.002615455018827204,0.011891306932959367,0.0009563418950225167,0.13676146237858997,0.762485830429726
OnlineNews,original,39644,56,4,6,1982,714,20261520,SRS,0.016957791435664418,0.008854753307948365,0.002668866572315089,0.013396283873490233,0.0009553835245577013,0.1682398028046511,0.2235027182960606
OnlineNews,original,39644,56,4,6,1982,715,20261521,PCA-QS,0.012175712082581896,0.008709935779970665,0.002630595562284754,0.0076651791650217405,0.000944162955074839,0.12141581115121637,0.20097643313082886
OnlineNews,original,39644,56,4,6,1982,715,20261521,SRS,0.01735842209226201,0.009044042198559085,0.0027100743947569015,0.014178567538593256,0.000952300984397297,0.15411639195591198,0.147755121391495
OnlineNews,original,39644,56,4,6,1982,716,20261522,PCA-QS,0.014978817375714354,0.008789100197568055,0.0026498405628019315,0.010143891187803789,0.0009482264301393409,0.1570074364894149,0.4551740715426086
OnlineNews,original,39644,56,4,6,1982,716,20261522,SRS,0.012623121376772623,0.008879806853297862,0.0026698619970081635,0.010746896750779555,0.0009572923465256296,0.1524722005231875,0.24565528326794792
OnlineNews,original,39644,56,4,6,1982,717,20261523,PCA-QS,0.014618767759701659,0.008788072811737685,0.0026451988226433346,0.009854054934002932,0.0009605607599368756,0.13050180212239929,0.6851011919100938
OnlineNews,original,39644,56,4,6,1982,717,20261523,SRS,0.024944143266649847,0.00927450491909325,0.002768394493839209,0.011444845773500134,0.0009473781081345653,0.1764227102398806,0.20265162155558306
OnlineNews,original,39644,56,4,6,1982,718,20261524,PCA-QS,0.014652456713287066,0.00881203962603499,0.0026511197182486177,0.009366225670278894,0.0009565666496203005,0.1406323323300057,0.22427627189717073
OnlineNews,original,39644,56,4,6,1982,718,20261524,SRS,0.01737445108572707,0.008792910429056453,0.0026597717237500282,0.011192572310225302,0.0009554396658565865,0.16178774497883971,0.470888871393938
OnlineNews,original,39644,56,4,6,1982,719,20261525,PCA-QS,0.01972186589665454,0.008851144198319129,0.002673092767632705,0.010309119672770706,0.0009534815632615248,0.16850066534396393,0.12186732395844788
OnlineNews,original,39644,56,4,6,1982,719,20261525,SRS,0.013305846207083333,0.00894074515442952,0.0026875604567766003,0.010875006656474895,0.000949208300580867,0.1606668792353086,0.18802636175475101
OnlineNews,original,39644,56,4,6,1982,720,20261526,PCA-QS,0.017506090159722834,0.008910951041379804,0.002687383929325882,0.009308369206024736,0.0009565383115667652,0.14268189628618858,0.31157000590526596
OnlineNews,original,39644,56,4,6,1982,720,20261526,SRS,0.01877571842445875,0.00891722440550216,0.0026817989420483738,0.013212385577549668,0.0009586935261809599,0.1820738927261434,0.2706011034402984
OnlineNews,original,39644,56,4,6,1982,721,20261527,PCA-QS,0.022542340288849116,0.00884137399600675,0.0026725954018690956,0.010802188026552528,0.0009559711656192749,0.15939294687398178,0.06502037358629711
OnlineNews,original,39644,56,4,6,1982,721,20261527,SRS,0.017929839513694527,0.009013952368136206,0.0027095108438754943,0.010899655878320758,0.0009515714543915358,0.15062829262216917,0.31174602808019625
OnlineNews,original,39644,56,4,6,1982,722,20261528,PCA-QS,0.011483663293533852,0.008963723094191306,0.0027015029494440227,0.011306148058277898,0.0009593260550369325,0.14858721188200433,0.16709355593712888
OnlineNews,original,39644,56,4,6,1982,722,20261528,SRS,0.02130629700572028,0.00892729409211256,0.0026829686863772675,0.009332491581874436,0.0009544875560479328,0.16630602794257354,0.17086363609208674
OnlineNews,original,39644,56,4,6,1982,723,20261529,PCA-QS,0.016197291473077913,0.008967078322221605,0.002693707095646247,0.01000270883410792,0.0009538253205558079,0.14585447561354423,0.40138714779385976
OnlineNews,original,39644,56,4,6,1982,723,20261529,SRS,0.02149821129008485,0.009048958264572107,0.0027102635086471913,0.011431869425591046,0.0009664600497457137,0.16008515031456763,0.45189489611210043
OnlineNews,original,39644,56,4,6,1982,724,20261530,PCA-QS,0.015800440928950384,0.008987487029483885,0.0027024724054629107,0.009830346261102463,0.0009578815899289596,0.15274296251905276,0.20678052395069543
OnlineNews,original,39644,56,4,6,1982,724,20261530,SRS,0.014774589849712442,0.009015606662943529,0.0027123440740318186,0.008289557205202414,0.0009442835251869727,0.156649471779714,0.31275982204847197
OnlineNews,original,39644,56,4,6,1982,725,20261531,PCA-QS,0.015416907374891585,0.009002980095856527,0.0027046173587259733,0.010480951988570908,0.0009514235416499861,0.16525015216686753,0.418295800168351
OnlineNews,original,39644,56,4,6,1982,725,20261531,SRS,0.011746790716605403,0.008625264178305428,0.0026057337136397483,0.010848404346095464,0.0009562776337155478,0.14834234132614058,0.4403735273553026
OnlineNews,original,39644,56,4,6,1982,726,20261532,PCA-QS,0.01642910611232212,0.009205413072930217,0.00274423900569905,0.010256134570205688,0.0009475341115371056,0.12053814293614208,0.13639510287696718
OnlineNews,original,39644,56,4,6,1982,726,20261532,SRS,0.011976990122383572,0.008880208661064162,0.0026719013928558958,0.010006676141422588,0.0009479923348374912,0.1774122459809504,0.21080374353942094
OnlineNews,original,39644,56,4,6,1982,727,20261533,PCA-QS,0.015297339637991446,0.008715928583745541,0.002643087100417924,0.011659160625708154,0.0009536169225924454,0.12988670502404823,0.15672678388948336
OnlineNews,original,39644,56,4,6,1982,727,20261533,SRS,0.02073719178293199,0.008728977477401978,0.0026329324176496928,0.008462381239917605,0.0009517296247234745,0.1689662244107542,0.9286705650805508
OnlineNews,original,39644,56,4,6,1982,728,20261534,PCA-QS,0.011741869021989714,0.00915017442034321,0.0027399669586245607,0.008811037967786817,0.0009533535562142733,0.1301343474386497,0.176291909681551
OnlineNews,original,39644,56,4,6,1982,728,20261534,SRS,0.014259211701774651,0.008847643946315127,0.0026715442883908196,0.008565297686146778,0.0009509450416273577,0.14669506082877534,1.8733897267694228
OnlineNews,original,39644,56,4,6,1982,729,20261535,PCA-QS,0.010573819195270614,0.008972390184477106,0.0026949718845146096,0.009853854572492438,0.0009593308124550112,0.13851571855120612,0.09897620318412952
OnlineNews,original,39644,56,4,6,1982,729,20261535,SRS,0.01597081070707896,0.008888608721415019,0.0026806408408092653,0.010923126041761932,0.0009555992239684456,0.15340918502702933,0.20891842937642024
OnlineNews,original,39644,56,4,6,1982,730,20261536,PCA-QS,0.01319159245982303,0.008663550752875991,0.002612343494799149,0.009050785140699347,0.0009586937954035021,0.13785921180823646,0.1967728975901742
OnlineNews,original,39644,56,4,6,1982,730,20261536,SRS,0.017364947992150333,0.009115127009798362,0.0027454372413100417,0.012709401308935497,0.0009535936066732443,0.17671971603772754,0.22478826178275144
OnlineNews,original,39644,56,4,6,1982,731,20261537,PCA-QS,0.01183258034976531,0.00910346231907467,0.0027265426535782104,0.008449059357339195,0.0009581273690612438,0.13696957030522464,0.161192560623375
OnlineNews,original,39644,56,4,6,1982,731,20261537,SRS,0.012699885981653771,0.008789159707761573,0.0026331294457444484,0.01134011188097972,0.0009517811245034642,0.1774487464024386,0.16884028271246318
OnlineNews,original,39644,56,4,6,1982,732,20261538,PCA-QS,0.014750169817230877,0.009159219828206028,0.002739119090691198,0.009848198028857169,0.0009551532222935774,0.13794486353252286,0.13899575657264107
OnlineNews,original,39644,56,4,6,1982,732,20261538,SRS,0.020152641592653998,0.00892943047513895,0.002692589295136722,0.012726328511551088,0.0009584021054197158,0.1670106128680076,0.06053393969227871
OnlineNews,original,39644,56,4,6,1982,733,20261539,PCA-QS,0.012342423626243517,0.008640312336894102,0.002623192977106997,0.009303884170137167,0.0009532887036719256,0.12687065851189838,0.1211707523607153
OnlineNews,original,39644,56,4,6,1982,733,20261539,SRS,0.01637211069006321,0.009024557342248924,0.002701833533428,0.008295836549308433,0.0009544236409219603,0.1533064127944434,0.30875862349672234
OnlineNews,original,39644,56,4,6,1982,734,20261540,PCA-QS,0.010730347134088141,0.00883017738297293,0.002653561381467593,0.010036049908833888,0.0009541771824176403,0.14718763481175182,0.28540521324278617
OnlineNews,original,39644,56,4,6,1982,734,20261540,SRS,0.024609946416173367,0.008803682180442978,0.0026538757913298666,0.010123234435505779,0.0009508385274541814,0.16709711607129885,0.5363136594883309
OnlineNews,original,39644,56,4,6,1982,735,20261541,PCA-QS,0.01105775808293891,0.008838603366448807,0.002673578517513161,0.01026496254584508,0.0009614448080685084,0.1580654477234852,0.25824509788986716
OnlineNews,original,39644,56,4,6,1982,735,20261541,SRS,0.017799012373661643,0.009164541633139447,0.002754036921453313,0.011419174596287718,0.0009531112609747019,0.1700679599069008,0.4143674437523944
OnlineNews,original,39644,56,4,6,1982,736,20261542,PCA-QS,0.018464863227646688,0.009088007446092372,0.0027265419577431676,0.011187646830016718,0.0009592869509659259,0.1702075206549737,0.1141745931957413
OnlineNews,original,39644,56,4,6,1982,736,20261542,SRS,0.022023773315148716,0.009209200347257316,0.0027628468458209964,0.008915811182875544,0.0009477533084230995,0.14400089120174245,0.20266005367422818
OnlineNews,original,39644,56,4,6,1982,737,20261543,PCA-QS,0.015749796098986035,0.008851062502849276,0.002678437882467476,0.008793877943618966,0.0009610422994357381,0.14466654272626558,0.11514410136180107
OnlineNews,original,39644,56,4,6,1982,737,20261543,SRS,0.018128406953784235,0.008754010517397532,0.0026433910223962872,0.011429005806009584,0.0009562382096795565,0.15260201597547637,0.16723574380935713
OnlineNews,original,39644,56,4,6,1982,738,20261544,PCA-QS,0.013465871660107967,0.008859806978421191,0.0026681351858342107,0.010769810496114474,0.0009537914237550781,0.14835970190676318,0.28569407642732036
OnlineNews,original,39644,56,4,6,1982,738,20261544,SRS,0.019032570221050378,0.009575312501133304,0.0028537976887882113,0.011563464495152331,0.0009537309575307921,0.1956807035538827,0.3262996661637656
OnlineNews,original,39644,56,4,6,1982,739,20261545,PCA-QS,0.018117609449468174,0.00880812319875139,0.002651618550721706,0.009585108296601419,0.0009501616972918552,0.1517771999424543,0.24273540155558646
OnlineNews,original,39644,56,4,6,1982,739,20261545,SRS,0.014350946505600568,0.009091999063545556,0.002734374676417312,0.011377279657510897,0.0009458434614746601,0.13914819730624542,0.20463384723164654
OnlineNews,original,39644,56,4,6,1982,740,20261546,PCA-QS,0.015147546700639298,0.008942049497123405,0.00268988856899608,0.010660780974081518,0.000953295565304082,0.10864585479246024,0.4146807679454897
OnlineNews,original,39644,56,4,6,1982,740,20261546,SRS,0.015082214781784632,0.009063239324467646,0.0027188251613411945,0.011575082558703542,0.0009532436875139316,0.16061121243082888,0.2513104478534375
OnlineNews,original,39644,56,4,6,1982,741,20261547,PCA-QS,0.014338385642267148,0.008875094356388275,0.0026761052373844778,0.009792443788212424,0.0009494940264977937,0.13181337920185812,0.5029017343161389
OnlineNews,original,39644,56,4,6,1982,741,20261547,SRS,0.016346173384331766,0.008883796444009854,0.0026627241287814044,0.009145441764598417,0.000953417278145702,0.15785032157231937,0.08800422425534742
OnlineNews,original,39644,56,4,6,1982,742,20261548,PCA-QS,0.015209716743590116,0.008564902400047442,0.0025955446938099196,0.01085438644291159,0.0009554237598537344,0.1612178759526459,0.33998273305450966
OnlineNews,original,39644,56,4,6,1982,742,20261548,SRS,0.012055949471186808,0.008749450603400542,0.002642341395058641,0.008164843259342192,0.0009548120213406243,0.1524426047091535,0.25112794697481405
OnlineNews,original,39644,56,4,6,1982,743,20261549,PCA-QS,0.015831217528457443,0.009014631574217277,0.0027115612116841293,0.010527723536188915,0.0009509230754144973,0.12565873191572444,0.23114843684883207
OnlineNews,original,39644,56,4,6,1982,743,20261549,SRS,0.015799905947609296,0.008974145748593561,0.002685717081507452,0.009323140263939322,0.0009570444820722585,0.1548826998360972,1.8897216123734615
OnlineNews,original,39644,56,4,6,1982,744,20261550,PCA-QS,0.01296541586987798,0.008832471224153603,0.0026530856717783507,0.011134357297777342,0.0009646102273766853,0.15079167651198536,0.6224946184382051
OnlineNews,original,39644,56,4,6,1982,744,20261550,SRS,0.016059632552052058,0.00906119054946164,0.002712364705828458,0.009376523023380656,0.0009591214430297698,0.15962356087397236,0.2172513132583328
OnlineNews,original,39644,56,4,6,1982,745,20261551,PCA-QS,0.016425931188850478,0.009181669618487265,0.00276739204087006,0.011169624253199117,0.000951571090273875,0.15497852934125392,0.28520748208170743
OnlineNews,original,39644,56,4,6,1982,745,20261551,SRS,0.021209405801957217,0.009118107208290796,0.002739694355555462,0.015651001263798037,0.0009605724174251725,0.18023745594367208,0.39031076972758294
OnlineNews,original,39644,56,4,6,1982,746,20261552,PCA-QS,0.016202746365308867,0.008868164089030997,0.002673001474130877,0.007920780937716643,0.0009453185173591789,0.1608548132312111,0.21061677592064132
OnlineNews,original,39644,56,4,6,1982,746,20261552,SRS,0.020397391302684715,0.00914080007614935,0.0027264897194511687,0.013845877430787468,0.0009539389616504358,0.14665872075296862,0.22548131863742849
OnlineNews,original,39644,56,4,6,1982,747,20261553,PCA-QS,0.01442110322517753,0.00885252474748628,0.002671983227083633,0.010854313016931627,0.0009501687860783048,0.1332895153552792,0.2624008534925315
OnlineNews,original,39644,56,4,6,1982,747,20261553,SRS,0.017184512247713845,0.008794203655784308,0.0026481047245049227,0.010817616280393239,0.000961662092607773,0.14850651313505187,0.13504227222171067
OnlineNews,original,39644,56,4,6,1982,748,20261554,PCA-QS,0.01268393309318952,0.008846741963917519,0.0026705540353378883,0.010124417320408696,0.0009568338146414003,0.1309205599341987,0.06645716628645904
OnlineNews,original,39644,56,4,6,1982,748,20261554,SRS,0.022871978432040467,0.009020008268348615,0.002700792170433563,0.0108394627801367,0.0009500294764345346,0.18056893858750936,0.07673300156708683
OnlineNews,original,39644,56,4,6,1982,749,20261555,PCA-QS,0.01608992621584187,0.008743642102630301,0.0026402763502317746,0.012326195679577268,0.0009550146970496203,0.126848398229806,0.3167781840388233
OnlineNews,original,39644,56,4,6,1982,749,20261555,SRS,0.016668985837769084,0.008980124669337857,0.002700408180896336,0.010684796763275273,0.0009509494658764908,0.16473151862096982,0.0951175864328433
OnlineNews,original,39644,56,4,6,1982,750,20261556,PCA-QS,0.012541125725666926,0.008963570100669793,0.0026944568114379884,0.010786176629755673,0.0009615455798043486,0.14660156765355023,0.16664385688643307
OnlineNews,original,39644,56,4,6,1982,750,20261556,SRS,0.022047315623845522,0.00895729585185007,0.002696352078093799,0.01131807322834888,0.0009552470806899124,0.1563536100176367,0.25732344579405286
OnlineNews,original,39644,56,4,6,1982,751,20261557,PCA-QS,0.01611633852143148,0.008783931675976337,0.0026464648413441136,0.009656817118310457,0.0009528511353258535,0.1790355127212847,0.178177225448846
OnlineNews,original,39644,56,4,6,1982,751,20261557,SRS,0.014904472816680227,0.009073255167124669,0.0027298065477804083,0.010769323887275917,0.0009478698004361446,0.14730566541781537,0.33875053343421985
OnlineNews,original,39644,56,4,6,1982,752,20261558,PCA-QS,0.011693675913969791,0.008981506199808831,0.002690281627058654,0.009585807213154496,0.0009475335273175948,0.14105778816585696,0.15400718384693676
OnlineNews,original,39644,56,4,6,1982,752,20261558,SRS,0.018645908452014325,0.008864850095777687,0.002672864700657991,0.012393784769745508,0.0009547429733269251,0.13282073023561858,0.3344168510748366
OnlineNews,original,39644,56,4,6,1982,753,20261559,PCA-QS,0.014985871102771097,0.00885602786845466,0.0026809301828716976,0.009191046577747386,0.0009533309818742569,0.15493337945139554,0.22567533458381447
OnlineNews,original,39644,56,4,6,1982,753,20261559,SRS,0.016308478081017253,0.008899207221307605,0.00268666484543817,0.011028332723919121,0.0009527259352379194,0.185256094513988,0.7234700841107347
OnlineNews,original,39644,56,4,6,1982,754,20261560,PCA-QS,0.012867772526665445,0.00883808229758368,0.0026689185606411764,0.010684054830161216,0.0009527511734378538,0.1683981910139702,0.20572962635438669
OnlineNews,original,39644,56,4,6,1982,754,20261560,SRS,0.01760905791757748,0.008997231246690255,0.0027042489362202396,0.010735240430406634,0.0009488603953244901,0.16553067828085388,0.0964825447079981
OnlineNews,original,39644,56,4,6,1982,755,20261561,PCA-QS,0.014231174818532807,0.009035695052056073,0.002717225752243174,0.009466253190943519,0.0009501632691835464,0.14902280047484817,0.2531768461117543
OnlineNews,original,39644,56,4,6,1982,755,20261561,SRS,0.018436573810533718,0.009007397097678822,0.0026930993881892273,0.010505188979148983,0.0009492702942224961,0.18492133734919303,0.2077277611516099
OnlineNews,original,39644,56,4,6,1982,756,20261562,PCA-QS,0.01291519521692305,0.00896917958103515,0.002698659925141547,0.010069072377685728,0.0009517197158892636,0.1473148248370442,0.6092151712380934
OnlineNews,original,39644,56,4,6,1982,756,20261562,SRS,0.013685405112198925,0.008728889820824868,0.0026366054096504973,0.010798222648826794,0.0009607734172400869,0.16832030563596864,0.213902139642549
OnlineNews,original,39644,56,4,6,1982,757,20261563,PCA-QS,0.01813993186915245,0.009019324001599684,0.0027072845185493986,0.008619304505176117,0.0009539890484786828,0.14865761851066733,0.16432399192916441
OnlineNews,original,39644,56,4,6,1982,757,20261563,SRS,0.02356805760722035,0.009245523685380551,0.002773756148493146,0.014267829690304268,0.0009594232426785556,0.1561330419297723,0.22585440565910903
OnlineNews,original,39644,56,4,6,1982,758,20261564,PCA-QS,0.014513342608278749,0.00844012006867415,0.0025590890613445675,0.010699668832495846,0.0009449042445677361,0.13865007904881274,0.18686515202112763
OnlineNews,original,39644,56,4,6,1982,758,20261564,SRS,0.011613104019819057,0.008871829517398781,0.0026823281120434473,0.010070924435607864,0.0009552188362346911,0.14030276150509596,0.20687880986899082
OnlineNews,original,39644,56,4,6,1982,759,20261565,PCA-QS,0.01587915351808883,0.008765212007558696,0.0026505979374224645,0.011052647473157151,0.0009543101834375054,0.14870616125247044,0.08205921315119498
OnlineNews,original,39644,56,4,6,1982,759,20261565,SRS,0.022960143881154065,0.009133462620902413,0.0027424351600845117,0.01283224316806475,0.0009534568398921608,0.1758917533890898,0.4295413540401198
OnlineNews,original,39644,56,4,6,1982,760,20261566,PCA-QS,0.016259762050287195,0.008732418710171972,0.002632228522127785,0.009207096862423825,0.0009599913949724637,0.15158825945143464,0.1281415075158014
OnlineNews,original,39644,56,4,6,1982,760,20261566,SRS,0.01769169414066287,0.00896610927371203,0.002704459702625787,0.01087371666446657,0.000951243720831138,0.15250842447263918,0.2081458911270267
OnlineNews,original,39644,56,4,6,1982,761,20261567,PCA-QS,0.013174902720174466,0.008865774975214492,0.0026743013485724765,0.009903175776655004,0.0009613066482902133,0.15631832048653235,0.09313207704456476
OnlineNews,original,39644,56,4,6,1982,761,20261567,SRS,0.02149766122780613,0.009085507062749817,0.002720784048022511,0.011812857852751435,0.0009528454339544103,0.16345626114915285,0.3674557457198082
OnlineNews,original,39644,56,4,6,1982,762,20261568,PCA-QS,0.014971699239195604,0.009167833409717425,0.002753245746949709,0.009797538438943931,0.0009506172630456583,0.143194236511075,0.1271016135102419
OnlineNews,original,39644,56,4,6,1982,762,20261568,SRS,0.018645909903876677,0.009206334324115106,0.0027553559703879993,0.011009320018247948,0.0009494782424969421,0.20432495047362031,0.8029857688075858
OnlineNews,original,39644,56,4,6,1982,763,20261569,PCA-QS,0.011695193757350309,0.009045293464757603,0.002711719506455622,0.009242276623281143,0.0009534507022964372,0.14154824759218232,0.25364760837726086
OnlineNews,original,39644,56,4,6,1982,763,20261569,SRS,0.017961373587025636,0.008982181813692017,0.0027088928719330306,0.011872105798131471,0.0009582917556248512,0.15586993249963013,0.36702856010818596
OnlineNews,original,39644,56,4,6,1982,764,20261570,PCA-QS,0.0168087015568077,0.008989367307985588,0.0027004769025959613,0.010126301417265893,0.0009578879515272214,0.15035835906415818,0.36419994479028706
OnlineNews,original,39644,56,4,6,1982,764,20261570,SRS,0.018247776117993556,0.009317515590374342,0.0027780394326916333,0.012419638587225279,0.0009562725330904767,0.16835610180666402,0.31920358794004094
OnlineNews,original,39644,56,4,6,1982,765,20261571,PCA-QS,0.016116174825312198,0.00886361708857507,0.002660337595740785,0.009152174847427474,0.0009534849472442949,0.14633490813607594,0.27658574063100916
OnlineNews,original,39644,56,4,6,1982,765,20261571,SRS,0.021114316433020943,0.009056827627620546,0.002713677030685976,0.010392833563583892,0.0009574243044230885,0.14374391977539006,0.16828035466176156
OnlineNews,original,39644,56,4,6,1982,766,20261572,PCA-QS,0.011836946581097487,0.008764904625042596,0.002641847709102668,0.010434856185181474,0.0009479951860319655,0.12768956070227727,0.33671101654847607
OnlineNews,original,39644,56,4,6,1982,766,20261572,SRS,0.01961776925928732,0.009055360566041825,0.002726694335062562,0.008313192313668338,0.0009426670960541451,0.17267803151221633,0.14600542508474476
OnlineNews,original,39644,56,4,6,1982,767,20261573,PCA-QS,0.0110862071300392,0.008811189103953688,0.002648222370994662,0.009054389451673472,0.0009471746677537432,0.11870125141693504,0.3168502543527406
OnlineNews,original,39644,56,4,6,1982,767,20261573,SRS,0.017843613212455953,0.008901733171064102,0.0026818666594674015,0.011093541174339805,0.0009488563427099195,0.1642999081930062,0.15666335615540272
OnlineNews,original,39644,56,4,6,1982,768,20261574,PCA-QS,0.010783099779298937,0.008903058487216394,0.0026762272423332934,0.009390185713378685,0.0009541608817070233,0.12180656425857504,0.3871786678671573
OnlineNews,original,39644,56,4,6,1982,768,20261574,SRS,0.021667382509205253,0.00941917543639124,0.0028130606190059334,0.012367063478432527,0.0009475523173198785,0.16482053863648805,0.42757092612080894
OnlineNews,original,39644,56,4,6,1982,769,20261575,PCA-QS,0.012369812532797984,0.008922158446591734,0.0026914383009421284,0.00915085778049729,0.0009536183350607031,0.13085544682218384,0.19335905429083727
OnlineNews,original,39644,56,4,6,1982,769,20261575,SRS,0.012390279934920525,0.008770978353764626,0.0026451871714617404,0.01205835619369644,0.0009507825508140217,0.1651385283732608,0.29437963641210974
OnlineNews,original,39644,56,4,6,1982,770,20261576,PCA-QS,0.01497546898783161,0.009132778656694651,0.002737626737814084,0.010707019723644962,0.0009476494725879772,0.1969555156522428,0.17020886714920572
OnlineNews,original,39644,56,4,6,1982,770,20261576,SRS,0.018146224914245997,0.00846560320202733,0.002570318389277088,0.009301319700108834,0.0009562956828248855,0.11599032981915973,0.29808980765554915
OnlineNews,original,39644,56,4,6,1982,771,20261577,PCA-QS,0.013945465657476355,0.0088512420949135,0.002668680827669031,0.011622557900041741,0.0009631638132516222,0.15467223204299813,0.49905149203659016
OnlineNews,original,39644,56,4,6,1982,771,20261577,SRS,0.020669474484373097,0.009318735589255374,0.002790436785701831,0.010388446200407131,0.000960129418387761,0.16287369737113214,0.18718792468184392
OnlineNews,original,39644,56,4,6,1982,772,20261578,PCA-QS,0.017063711386234436,0.00868427218677229,0.0026288229284133656,0.01078191633852299,0.0009529170683820017,0.14043679354025343,0.5353934364370292
OnlineNews,original,39644,56,4,6,1982,772,20261578,SRS,0.020701226821706442,0.009140743156583716,0.0027488914413417646,0.012815132159104792,0.0009479490100306779,0.16782370085317963,0.27283789065756114
OnlineNews,original,39644,56,4,6,1982,773,20261579,PCA-QS,0.011094656623472745,0.008798469970805552,0.002645293767420613,0.008864641195854617,0.0009570437138319243,0.12433627636041436,0.14067804384693733
OnlineNews,original,39644,56,4,6,1982,773,20261579,SRS,0.019387969444500393,0.008898523234690895,0.0026768088272224014,0.014237266337078225,0.0009456299079804527,0.1724273764389271,0.1889461996336399
OnlineNews,original,39644,56,4,6,1982,774,20261580,PCA-QS,0.012033770558117154,0.008775541682247366,0.0026436272380748857,0.010265877817559499,0.0009625180455331674,0.1400515875509132,0.1968584228583851
OnlineNews,original,39644,56,4,6,1982,774,20261580,SRS,0.013313530484169719,0.00898021109083616,0.0026969105179853953,0.009654212764504067,0.0009528813315586908,0.15965032819006766,0.6771399197615624
OnlineNews,original,39644,56,4,6,1982,775,20261581,PCA-QS,0.013446232064006183,0.008800489724966125,0.0026572464593027263,0.009621883212867388,0.0009503955078073004,0.16545826400902097,0.18312025622051314
OnlineNews,original,39644,56,4,6,1982,775,20261581,SRS,0.017755273591455917,0.009120804395416812,0.002733627345968955,0.011830499801311234,0.0009586957978119214,0.17036677407729078,0.7089523239272567
OnlineNews,original,39644,56,4,6,1982,776,20261582,PCA-QS,0.016417465067122886,0.0086496234945846,0.0026099101954536316,0.008765291599305058,0.0009624885846771502,0.13978237978262442,0.17975843887685522
OnlineNews,original,39644,56,4,6,1982,776,20261582,SRS,0.018702942663610198,0.008936271419688339,0.002699192459367975,0.009957964050107293,0.0009508144436853317,0.19868092674608173,0.2763228007722626
OnlineNews,original,39644,56,4,6,1982,777,20261583,PCA-QS,0.01502389055212601,0.0088579790907254,0.0026686296763200968,0.008705940782352428,0.0009542051667835916,0.14345399287580946,0.2971085765887911
OnlineNews,original,39644,56,4,6,1982,777,20261583,SRS,0.017529316378071275,0.008649277985771555,0.002605113470417236,0.008489837692840396,0.0009508372856978236,0.1639986846832684,0.20335637418485664
OnlineNews,original,39644,56,4,6,1982,778,20261584,PCA-QS,0.017518042089529038,0.008906818936168468,0.002688967659976745,0.011036957480756726,0.0009542255534051213,0.13088667215963468,0.8035478349356564
OnlineNews,original,39644,56,4,6,1982,778,20261584,SRS,0.01626500493326482,0.009032460689462729,0.0027108865907665386,0.010506851928736793,0.0009543914382133746,0.15793703739926887,0.16838478727501185
OnlineNews,original,39644,56,4,6,1982,779,20261585,PCA-QS,0.021449272839558615,0.008961875027862082,0.002690145942331632,0.010129370156953144,0.0009530334177962886,0.15957029713857657,2.0001693230596813
OnlineNews,original,39644,56,4,6,1982,779,20261585,SRS,0.019601307757022218,0.009155400368793217,0.0027496524426528046,0.013065221843325148,0.0009663612970430033,0.17954492874679479,0.7384240205355657
OnlineNews,original,39644,56,4,6,1982,780,20261586,PCA-QS,0.015660322661795015,0.008925731901525407,0.002672349880747421,0.009593495901823346,0.0009500436546999847,0.16038655599701934,0.17969277280627474
OnlineNews,original,39644,56,4,6,1982,780,20261586,SRS,0.013327361058819863,0.008823747951074682,0.002663926416556607,0.00942293181574172,0.0009529915159553755,0.14262385065767547,0.09771396208201372
OnlineNews,original,39644,56,4,6,1982,781,20261587,PCA-QS,0.010340329697250667,0.00858994660542224,0.0025924294822212385,0.00902260106624908,0.0009535581721644701,0.13682763640455792,0.27917674415787697
OnlineNews,original,39644,56,4,6,1982,781,20261587,SRS,0.023011326593283032,0.009027124627282624,0.0027081540194730603,0.009414794354052347,0.0009588067456059952,0.16374949820567225,0.2650059041367977
OnlineNews,original,39644,56,4,6,1982,782,20261588,PCA-QS,0.016655202975105688,0.008896410529252928,0.0026836615666720165,0.010597824011844281,0.000944748834924506,0.14778096435107432,0.3088241773676265
OnlineNews,original,39644,56,4,6,1982,782,20261588,SRS,0.020544516010329972,0.009110593138427683,0.002731746627778409,0.011980715757950122,0.000953818779523821,0.16532066389161404,0.332738854173826
OnlineNews,original,39644,56,4,6,1982,783,20261589,PCA-QS,0.019670173995051752,0.00885466640189249,0.0026737541683323554,0.01029272749367749,0.0009545520877008682,0.1385261926323906,0.6317789953592525
OnlineNews,original,39644,56,4,6,1982,783,20261589,SRS,0.0158086520844563,0.009122101985872044,0.0027421935217737726,0.008779883910044362,0.0009574302753942967,0.1544406415402741,0.2523957719245752
OnlineNews,original,39644,56,4,6,1982,784,20261590,PCA-QS,0.01652548202550951,0.009432858960407587,0.002807916797995124,0.009285877276791865,0.0009517347992225773,0.15516118920524533,0.189610603983724
OnlineNews,original,39644,56,4,6,1982,784,20261590,SRS,0.01531146156917536,0.008928289546993897,0.002689793390919379,0.01065105635362329,0.0009480149700024957,0.13675763624214776,0.23955050181893017
OnlineNews,original,39644,56,4,6,1982,785,20261591,PCA-QS,0.015042664337652301,0.00860070584487343,0.0026070926926733,0.009890513054706673,0.000952923040795035,0.13064153691044378,0.41537890314269493
OnlineNews,original,39644,56,4,6,1982,785,20261591,SRS,0.016810495914235585,0.009177051674615024,0.002756390964543363,0.011312133226656584,0.0009585395137417303,0.1487917449783663,0.25523659129979975
OnlineNews,original,39644,56,4,6,1982,786,20261592,PCA-QS,0.015162944131413853,0.008614894464802353,0.0026022342928770053,0.00993169933015281,0.000961713477853325,0.14978630772968665,0.15542418962838322
OnlineNews,original,39644,56,4,6,1982,786,20261592,SRS,0.016232863032528615,0.008931696030904306,0.002683216691319793,0.008989520057811617,0.0009447152528049404,0.16041357055523808,0.3224581865189325
OnlineNews,original,39644,56,4,6,1982,787,20261593,PCA-QS,0.01135200821634359,0.008664479694608212,0.0026136730742884295,0.01084497177059518,0.0009599038918698141,0.14028742037849334,0.29883458365701754
OnlineNews,original,39644,56,4,6,1982,787,20261593,SRS,0.021070761263573344,0.008956546278990337,0.002692373362719095,0.013550889216949358,0.000953025612679282,0.18470549379942355,0.186459180838157
OnlineNews,original,39644,56,4,6,1982,788,20261594,PCA-QS,0.017085526185654575,0.008851569783471626,0.0026680083502650244,0.009783035931816286,0.0009523443136571075,0.14443026223653124,0.27053280627446813
OnlineNews,original,39644,56,4,6,1982,788,20261594,SRS,0.01907337243665948,0.009016544773954527,0.0027186220326167257,0.012023003418107692,0.0009575373889430057,0.16103121282049648,0.1363951932801281
OnlineNews,original,39644,56,4,6,1982,789,20261595,PCA-QS,0.015645214835631745,0.008772050440956053,0.0026456325769412675,0.00902040579185659,0.0009579231537603406,0.12817624594971916,0.17892779836700065
OnlineNews,original,39644,56,4,6,1982,789,20261595,SRS,0.021081292244225842,0.009055118611794399,0.00269618032899911,0.01322851501128497,0.0009525890270029549,0.18883410801637424,0.09162962996166069
OnlineNews,original,39644,56,4,6,1982,790,20261596,PCA-QS,0.016317829733595433,0.009135080501186514,0.002733381906470146,0.009643916117930473,0.0009520676018220862,0.15347586350946424,0.3634953577080638
OnlineNews,original,39644,56,4,6,1982,790,20261596,SRS,0.013277443164838462,0.00898033682551507,0.0027028231042256134,0.009705575818285794,0.0009616788314547764,0.17194247700812354,0.11540468436298189
OnlineNews,original,39644,56,4,6,1982,791,20261597,PCA-QS,0.020108851754497527,0.00884105934718338,0.002660536357088489,0.00992383399003316,0.0009577541606963546,0.18150353230559854,0.29848793503074333
OnlineNews,original,39644,56,4,6,1982,791,20261597,SRS,0.012920430107683801,0.009337892714561886,0.0027832208564633554,0.010655784531829582,0.0009498514353936196,0.1707427868749559,0.2751053596684613
OnlineNews,original,39644,56,4,6,1982,792,20261598,PCA-QS,0.015499312014282908,0.008805211358797456,0.0026596070762821247,0.009525506490538405,0.0009621996759465027,0.13282525000438233,0.1175008383943088
OnlineNews,original,39644,56,4,6,1982,792,20261598,SRS,0.012856793586523144,0.008892649420905275,0.0026794000239192717,0.009869708574681724,0.0009518020566704169,0.15207688156759883,0.10214557944688249
OnlineNews,original,39644,56,4,6,1982,793,20261599,PCA-QS,0.01320217537132993,0.008919244029119961,0.0026864259555759206,0.011233071948492324,0.0009582318368926257,0.15263087596521938,0.26070448378244365
OnlineNews,original,39644,56,4,6,1982,793,20261599,SRS,0.020238155728969944,0.0088702132434888,0.002670637807551603,0.00861146901544707,0.0009492293607068588,0.1393076463335223,0.28965199219491067
OnlineNews,original,39644,56,4,6,1982,794,20261600,PCA-QS,0.011256911709967149,0.008967699840929362,0.0027069907581983533,0.01005731737981641,0.0009427487756044066,0.1542844349060403,0.16823839903142299
OnlineNews,original,39644,56,4,6,1982,794,20261600,SRS,0.019225911039718126,0.008748940927457514,0.002635839969541371,0.011315496730057717,0.0009472197416826931,0.13985762894070045,1.8507538037032276
OnlineNews,original,39644,56,4,6,1982,795,20261601,PCA-QS,0.017229657642689866,0.008817960632815038,0.0026666114774339814,0.010248173381292247,0.0009535401532037559,0.16423047123921292,0.20698709976977225
OnlineNews,original,39644,56,4,6,1982,795,20261601,SRS,0.0209280896639964,0.00887997761603069,0.002676255634118272,0.010275172111281705,0.0009552459457367429,0.156804698160527,0.3562168879726199
OnlineNews,original,39644,56,4,6,1982,796,20261602,PCA-QS,0.014022990715671662,0.008790019042202129,0.0026479634489496692,0.010560939949131765,0.0009644948843910167,0.13094474212089804,0.338010460204668
OnlineNews,original,39644,56,4,6,1982,796,20261602,SRS,0.017347720302389114,0.008873734938971572,0.0026645977886004734,0.012064029142440091,0.0009535776070213769,0.13872015216301126,0.23696995984426397
OnlineNews,original,39644,56,4,6,1982,797,20261603,PCA-QS,0.013799593835099282,0.009240738592923776,0.0027708311299381983,0.009394012662172102,0.0009506497919493555,0.14397080095380588,0.17347658426257911
OnlineNews,original,39644,56,4,6,1982,797,20261603,SRS,0.017785793491571143,0.008864369826217171,0.0026731912444630324,0.009204187976516565,0.0009502519981975454,0.14679162882506858,0.15494114610967985
OnlineNews,original,39644,56,4,6,1982,798,20261604,PCA-QS,0.015319926892435503,0.008817758159698815,0.0026521652364743255,0.010831958177517365,0.0009455121167904476,0.1455183674606407,0.20916965856448008
OnlineNews,original,39644,56,4,6,1982,798,20261604,SRS,0.013842141799473453,0.009061504698663651,0.0027226575232830777,0.009674380520614534,0.0009459375272275487,0.15015375800899924,0.19616257715795565
OnlineNews,original,39644,56,4,6,1982,799,20261605,PCA-QS,0.011755911967655285,0.008684134683900854,0.0026264453113659133,0.009144772299071846,0.0009535516949864375,0.12707800205642442,0.11470292047062619
OnlineNews,original,39644,56,4,6,1982,799,20261605,SRS,0.01362307504910347,0.009111443819710425,0.0027402804084028878,0.01265989928458744,0.0009535749698269639,0.1589343489922244,0.6603364351315186
OnlineNews,original,39644,56,4,6,1982,800,20261606,PCA-QS,0.018110637993981406,0.009058124736889816,0.0027169604757961074,0.010587783483954283,0.0009538086876528805,0.15285100099895996,0.25079686576066884
OnlineNews,original,39644,56,4,6,1982,800,20261606,SRS,0.02218434930830974,0.008916188019625454,0.0026908223660613326,0.011467384623738752,0.0009577265767694765,0.1633236344888014,0.2850927006682098
OnlineNews,original,39644,56,4,6,1982,801,20261607,PCA-QS,0.012931519339231087,0.008692293881307418,0.002627799521389152,0.009191869921755469,0.0009553083770410604,0.1439058299498088,0.18978067534823329
OnlineNews,original,39644,56,4,6,1982,801,20261607,SRS,0.023807561823510064,0.009476874968710318,0.0028241666532608936,0.012129459229047512,0.0009496095103088792,0.17382416812722853,0.5035044494109087
OnlineNews,original,39644,56,4,6,1982,802,20261608,PCA-QS,0.012857190844765016,0.00878483587186324,0.002648957045531079,0.009453789667940526,0.0009572871415618766,0.1556353859211277,0.13407240120159894
OnlineNews,original,39644,56,4,6,1982,802,20261608,SRS,0.017612922297664185,0.009093987483707513,0.002733755400039319,0.0115594272669437,0.0009633900458979639,0.1741960141560246,0.37355266997946146
OnlineNews,original,39644,56,4,6,1982,803,20261609,PCA-QS,0.017770216953661006,0.009367460871354124,0.0028048736249938052,0.012011893714886313,0.0009564210845927646,0.14807141272804208,0.5641904588329119
OnlineNews,original,39644,56,4,6,1982,803,20261609,SRS,0.015267447561074218,0.009257963510051441,0.0027710682088875407,0.009261801462200125,0.0009567922893247083,0.15391104796742533,0.39407549205526204
OnlineNews,original,39644,56,4,6,1982,804,20261610,PCA-QS,0.019606520535377776,0.008663609616004937,0.0026143449027721086,0.012233119783553903,0.0009517810275496734,0.16479274427404358,0.1095745390276479
OnlineNews,original,39644,56,4,6,1982,804,20261610,SRS,0.017901627240696726,0.008961101847377766,0.0026804361544637916,0.00759663689462009,0.0009583094867569246,0.16127406528321966,0.5415597118841149
OnlineNews,original,39644,56,4,6,1982,805,20261611,PCA-QS,0.014527715670184802,0.008682790097822619,0.0026249386279964828,0.0094729886241538,0.0009569426551639415,0.13830231037423127,0.2930683354256747
OnlineNews,original,39644,56,4,6,1982,805,20261611,SRS,0.01563228306512583,0.008967744825231537,0.0027023135195610288,0.011910591545754912,0.0009610470890487694,0.1523715939179338,0.39767449594634885
OnlineNews,original,39644,56,4,6,1982,806,20261612,PCA-QS,0.01820601660773034,0.008975796796218674,0.0027084159036966163,0.009415379130691903,0.0009443302219931525,0.14178678628627897,0.2799850282637629
OnlineNews,original,39644,56,4,6,1982,806,20261612,SRS,0.024619478609226537,0.00874686623462432,0.0026347805579312994,0.014217001917087302,0.000949103267780617,0.15353070355677192,0.17796297234083627
OnlineNews,original,39644,56,4,6,1982,807,20261613,PCA-QS,0.011150837005574203,0.008759302961148163,0.002636650409759421,0.00926279856732748,0.0009586471628686946,0.13927467099430696,0.22462139171749002
OnlineNews,original,39644,56,4,6,1982,807,20261613,SRS,0.016288200422500072,0.008973042274388943,0.0026966944542428472,0.01097517424364014,0.0009492953228458594,0.16416271834783802,0.2141213954082658
OnlineNews,original,39644,56,4,6,1982,808,20261614,PCA-QS,0.01796458804874317,0.008855139254192484,0.0026797591123458703,0.009777902610892397,0.0009538927849077459,0.1341742678748847,0.2793779849890273
OnlineNews,original,39644,56,4,6,1982,808,20261614,SRS,0.01641021386629854,0.008554526680983141,0.0025995895677885183,0.011133276791809976,0.0009526147980335049,0.1438205065184139,0.2279628537401128
OnlineNews,original,39644,56,4,6,1982,809,20261615,PCA-QS,0.02152874718074285,0.008900888455367717,0.002671430046460987,0.010651209192158007,0.0009576018492363666,0.1433176782206562,0.2173692810271622
OnlineNews,original,39644,56,4,6,1982,809,20261615,SRS,0.014830577749963377,0.008785689524129949,0.00264729715502482,0.010074843692196467,0.0009602614276215606,0.1670835168607998,0.4476833364555769
OnlineNews,original,39644,56,4,6,1982,810,20261616,PCA-QS,0.013114550397554952,0.008692102074701337,0.0026213946077002894,0.010280601002570222,0.0009641777531987914,0.15500435583472902,0.1481257732528326
OnlineNews,original,39644,56,4,6,1982,810,20261616,SRS,0.016456584240215944,0.009230077878926907,0.0027680045349315124,0.010835071639787586,0.0009557838909448027,0.1444377127791573,0.3596509545047522
OnlineNews,original,39644,56,4,6,1982,811,20261617,PCA-QS,0.019923275820358372,0.008536255908549378,0.002593488876406538,0.01127740330262128,0.000965807412932709,0.14108584109546085,0.39002713163097047
OnlineNews,original,39644,56,4,6,1982,811,20261617,SRS,0.011573053780440032,0.008709451223503787,0.0026245588668966724,0.010221531926070782,0.000955027659588406,0.13033294224335268,0.26003822826948403
OnlineNews,original,39644,56,4,6,1982,812,20261618,PCA-QS,0.017461248984263718,0.008985375037344688,0.002703974601182551,0.012118111598820036,0.0009513809644412994,0.1579898451943217,0.06135649298299211
OnlineNews,original,39644,56,4,6,1982,812,20261618,SRS,0.014887659358313285,0.009129678535095203,0.002737306528077878,0.01148092844627513,0.0009548746968682913,0.1669055173327152,0.3619163695205881
OnlineNews,original,39644,56,4,6,1982,813,20261619,PCA-QS,0.020920708949957623,0.008994248618939755,0.00270074215149337,0.011460057696277559,0.000954555178639141,0.15970529791365154,0.40389914733325805
OnlineNews,original,39644,56,4,6,1982,813,20261619,SRS,0.023324952437909132,0.009053487420426424,0.002723142449952641,0.010707366261911488,0.0009548214444845938,0.1550854862948832,0.07512344023713403
OnlineNews,original,39644,56,4,6,1982,814,20261620,PCA-QS,0.018222754654124824,0.008975040599707246,0.0026985839869059732,0.010590278253529206,0.0009476503773741678,0.14881687794655873,0.14669036142685005
OnlineNews,original,39644,56,4,6,1982,814,20261620,SRS,0.011241051629437717,0.009036732471583741,0.0027152105821397687,0.009433542278648233,0.0009512593568333332,0.13695075982257912,0.38855711083214767
OnlineNews,original,39644,56,4,6,1982,815,20261621,PCA-QS,0.023658593648454202,0.008912704079277536,0.002682037939840607,0.0115803467280724,0.0009531507635354199,0.1717019976472708,0.26105705763160314
OnlineNews,original,39644,56,4,6,1982,815,20261621,SRS,0.021388515617206155,0.009140920890076617,0.002728033017732701,0.010135010963530533,0.0009507803005178064,0.15182931747618778,0.16293288418817506
OnlineNews,original,39644,56,4,6,1982,816,20261622,PCA-QS,0.016908701490706342,0.009020016887840862,0.0027084683834982296,0.01150896865990525,0.0009618287163087811,0.14656288579600515,0.276704799097031
OnlineNews,original,39644,56,4,6,1982,816,20261622,SRS,0.019095399241877333,0.008980654313142848,0.002709029233199736,0.011861682891495917,0.0009600614045021164,0.14612048689415902,0.4411018596824609
OnlineNews,original,39644,56,4,6,1982,817,20261623,PCA-QS,0.018872980711685722,0.00874329694724101,0.002634149322772187,0.011532005908833298,0.0009583151638651856,0.1430325411333996,0.05574741414200157
OnlineNews,original,39644,56,4,6,1982,817,20261623,SRS,0.014886032619105932,0.009109162978817307,0.002734571331322996,0.00827603335931748,0.0009527372392250954,0.17496284747570415,0.1360768030757078
OnlineNews,original,39644,56,4,6,1982,818,20261624,PCA-QS,0.014271169928523028,0.008568086119082797,0.0025951028689376,0.008463525055853793,0.0009529235852124586,0.15416909795224304,0.19064632750047864
OnlineNews,original,39644,56,4,6,1982,818,20261624,SRS,0.01954688866569675,0.009007911658178868,0.002704895994039107,0.015202828773453803,0.0009538756990594707,0.18115989879650396,0.4276006088225399
OnlineNews,original,39644,56,4,6,1982,819,20261625,PCA-QS,0.01468626048169504,0.00871800244429666,0.002620568268402016,0.009834978092596813,0.0009580163646813,0.14143576280305456,0.24049390257801836
OnlineNews,original,39644,56,4,6,1982,819,20261625,SRS,0.013818726385109753,0.009372610261628207,0.002801278193655716,0.010251791322742676,0.0009511814067575807,0.1676651294567416,0.2520133446898113
OnlineNews,original,39644,56,4,6,1982,820,20261626,PCA-QS,0.010922136442798954,0.008889916551668856,0.0026742181026766934,0.010265770117733553,0.0009538065672506535,0.12147307272641018,0.1628717882779919
OnlineNews,original,39644,56,4,6,1982,820,20261626,SRS,0.011546203540726194,0.009192246399063785,0.002756421499640796,0.008798595380000052,0.0009521520511481755,0.15671056018129753,0.43365194196492934
OnlineNews,original,39644,56,4,6,1982,821,20261627,PCA-QS,0.014537320020245813,0.008741491014267385,0.002638037233881401,0.00908445185559792,0.0009551526583392154,0.14549657280036424,0.3412363119465523
OnlineNews,original,39644,56,4,6,1982,821,20261627,SRS,0.023448041981197872,0.00924377975502355,0.002759849386268202,0.009407773039411538,0.0009523991133164846,0.1527443806504777,0.1673097102510997
OnlineNews,original,39644,56,4,6,1982,822,20261628,PCA-QS,0.009177419730486977,0.008840508531063346,0.0026671957381879806,0.010282653588840063,0.0009477158874856325,0.10252767306894582,0.11788658116094491
OnlineNews,original,39644,56,4,6,1982,822,20261628,SRS,0.01879963451260977,0.008957699713840807,0.00269906781829882,0.011745747040455612,0.0009511637582703318,0.16261467827888343,0.22762452551595297
OnlineNews,original,39644,56,4,6,1982,823,20261629,PCA-QS,0.015196792288268217,0.009194992412496997,0.002761937736084693,0.010161677765935906,0.0009508340716253044,0.16802811479364052,0.2683188094156079
OnlineNews,original,39644,56,4,6,1982,823,20261629,SRS,0.013688133300591127,0.008646887600202328,0.0026141814257154236,0.011355460008697804,0.0009476447464100157,0.17200866818854874,0.18792459042253518
OnlineNews,original,39644,56,4,6,1982,824,20261630,PCA-QS,0.01607503944100077,0.008929407252962606,0.0026869038552354237,0.008717888268281015,0.0009568268457757962,0.15514126034755546,0.094524456571395
OnlineNews,original,39644,56,4,6,1982,824,20261630,SRS,0.015347527284365817,0.009219675200300112,0.0027620042936070816,0.0100179801158653,0.0009608039794382042,0.14580366255076105,0.06693993064713824
OnlineNews,original,39644,56,4,6,1982,825,20261631,PCA-QS,0.015084329075121297,0.008661256618887942,0.0026210128278919454,0.009994022250472412,0.000961681153832331,0.14089498562194125,0.12561143604396063
OnlineNews,original,39644,56,4,6,1982,825,20261631,SRS,0.013303338963452,0.008790902749310247,0.002661602521398169,0.011445114741016837,0.0009561487193446196,0.15449062024896806,0.4794943387374634
OnlineNews,original,39644,56,4,6,1982,826,20261632,PCA-QS,0.0110918271304599,0.008573827311676918,0.0025938151563607804,0.011006374603562463,0.0009523643585182703,0.14869794404836764,0.1788843052087485
OnlineNews,original,39644,56,4,6,1982,826,20261632,SRS,0.02118738581848208,0.008935593540486158,0.002685854936093176,0.01025440731392635,0.0009659642293741458,0.17656609670008264,0.1398532032649698
OnlineNews,original,39644,56,4,6,1982,827,20261633,PCA-QS,0.017702304148166204,0.008685922545165828,0.002625406557600767,0.01125555755346852,0.000953355043430298,0.18241236523066354,0.24317195005209924
OnlineNews,original,39644,56,4,6,1982,827,20261633,SRS,0.018456370269642506,0.008914425384329083,0.002682120841338265,0.009442039457447038,0.0009532582012919334,0.16370432023711096,0.4377076941736804
OnlineNews,original,39644,56,4,6,1982,828,20261634,PCA-QS,0.012562375031404085,0.008665682709049776,0.0026237868454300093,0.007281936844135473,0.0009533297469188067,0.12639968377927413,0.278958552581585
OnlineNews,original,39644,56,4,6,1982,828,20261634,SRS,0.01580374786750766,0.008984304339119762,0.00270717582324296,0.010847292876027481,0.0009524583568707806,0.17485671812233522,0.12578961656701093
OnlineNews,original,39644,56,4,6,1982,829,20261635,PCA-QS,0.018756711362556095,0.008928794358618139,0.0026821122142856022,0.012777192860401243,0.0009505994577309169,0.14244357525554466,0.43881017860317784
OnlineNews,original,39644,56,4,6,1982,829,20261635,SRS,0.021575313480323106,0.00904177071263774,0.002711265340432536,0.008396365948195594,0.0009531929032116523,0.16913098472427632,0.11355688161656419
OnlineNews,original,39644,56,4,6,1982,830,20261636,PCA-QS,0.014395499265998661,0.00884352288006537,0.0026667847016831905,0.009480719349971523,0.0009523127649396348,0.11465182257086218,0.23678431624411747
OnlineNews,original,39644,56,4,6,1982,830,20261636,SRS,0.017354096866486268,0.008935450213230441,0.0026876120036181694,0.01097422867924358,0.0009577546521838253,0.12393132944905598,0.16358972454457857
OnlineNews,original,39644,56,4,6,1982,831,20261637,PCA-QS,0.014313845011037801,0.008638896174050486,0.002615850763828496,0.008391906373249824,0.0009533023171870661,0.13076071345217463,0.11632040238232713
OnlineNews,original,39644,56,4,6,1982,831,20261637,SRS,0.013682156074915948,0.008744361197186351,0.002631165801864854,0.00943272286156649,0.0009598335482246293,0.17107796637463585,0.13334617230950618
OnlineNews,original,39644,56,4,6,1982,832,20261638,PCA-QS,0.019975326691348137,0.009043587210136374,0.002715812553232426,0.01161102001109704,0.0009519516105938816,0.15402274244353656,2.013300331813768
OnlineNews,original,39644,56,4,6,1982,832,20261638,SRS,0.021152370422074556,0.009130229604672932,0.0027379409777229407,0.013271889269232062,0.0009556397702704688,0.14999876079901137,0.2225629529752233
OnlineNews,original,39644,56,4,6,1982,833,20261639,PCA-QS,0.01861948217116388,0.008730840303578931,0.0026399514278756774,0.010698762202979495,0.0009538129358922955,0.14762033651037743,0.22665432516105255
OnlineNews,original,39644,56,4,6,1982,833,20261639,SRS,0.016796304278844786,0.008900037523536878,0.0026878834998029268,0.010833466318178608,0.0009593211833532796,0.15328220329625322,0.15102457245326995
OnlineNews,original,39644,56,4,6,1982,834,20261640,PCA-QS,0.013611672753185039,0.009024325536165858,0.0027052436347605427,0.0087636312374606,0.0009569703745658788,0.17011928859726505,0.30321967103853464
OnlineNews,original,39644,56,4,6,1982,834,20261640,SRS,0.0203131971710227,0.00925946091083965,0.0027699821971725333,0.011014736628224497,0.0009632132383827277,0.12947655825800822,0.40610704058131847
OnlineNews,original,39644,56,4,6,1982,835,20261641,PCA-QS,0.017995338572941978,0.009097671267928284,0.00273081323931988,0.009195532256008221,0.0009492233506707739,0.15363149050589664,0.0829183511530773
OnlineNews,original,39644,56,4,6,1982,835,20261641,SRS,0.0238835982081996,0.009411432522535276,0.0028117437601191606,0.01324038926542137,0.0009558870212479746,0.18816874760719504,0.2436302361561383
OnlineNews,original,39644,56,4,6,1982,836,20261642,PCA-QS,0.01367710414019139,0.008773026827379024,0.0026468637129622853,0.009717854457653274,0.0009564670734336731,0.14831047696023816,0.26421136422516533
OnlineNews,original,39644,56,4,6,1982,836,20261642,SRS,0.015512969534012119,0.00925850631975879,0.002776236300659113,0.010307730631145873,0.0009531960574185774,0.15312001077606,0.1846234869152206
OnlineNews,original,39644,56,4,6,1982,837,20261643,PCA-QS,0.013861822566893814,0.00909153503941479,0.002723477832097144,0.01095589829119703,0.0009432388308582273,0.1433773237585047,0.2119808972880814
OnlineNews,original,39644,56,4,6,1982,837,20261643,SRS,0.017250386559348484,0.008689178512589109,0.002624516426776077,0.011031785261875982,0.0009525687660685301,0.13277041878773085,0.13648119567329892
OnlineNews,original,39644,56,4,6,1982,838,20261644,PCA-QS,0.019798735557163556,0.008995837341681355,0.00271430004941339,0.012022088101588224,0.0009580333360405734,0.15261694129167583,0.5189809557512781
OnlineNews,original,39644,56,4,6,1982,838,20261644,SRS,0.01780876877909423,0.008713554391737885,0.0026276209684356145,0.009271633958105596,0.0009552519258445845,0.1523977387757966,0.16417099590025713
OnlineNews,original,39644,56,4,6,1982,839,20261645,PCA-QS,0.01240913754108742,0.008918506164577704,0.0026868076419666784,0.008671314552127996,0.0009558331881199972,0.15169313670158685,0.27238153293561645
OnlineNews,original,39644,56,4,6,1982,839,20261645,SRS,0.014306119038214354,0.008864316164587006,0.0026683378450352816,0.011422116586505382,0.0009555471975266516,0.17991322235380502,0.5281805258946514
OnlineNews,original,39644,56,4,6,1982,840,20261646,PCA-QS,0.011824223195220933,0.00905778145595829,0.002720158740079639,0.007939761025877345,0.0009431615936609103,0.16102065388344444,0.19413160707634858
OnlineNews,original,39644,56,4,6,1982,840,20261646,SRS,0.013535624511463019,0.008866579251296752,0.0026725794928414634,0.011511026329957375,0.0009561570032466383,0.17399269593885064,0.1264689549807803
OnlineNews,original,39644,56,4,6,1982,841,20261647,PCA-QS,0.017923079427931882,0.008970578896295822,0.0026956046362405575,0.009139157928062858,0.0009482274536460733,0.14477734923910085,0.3207501864989036
OnlineNews,original,39644,56,4,6,1982,841,20261647,SRS,0.01881315840937256,0.009097229538040494,0.0027207072846670136,0.00915476782721747,0.0009597021502563452,0.19281265982233572,0.3463605395796086
OnlineNews,original,39644,56,4,6,1982,842,20261648,PCA-QS,0.011976266695536406,0.008651022052037742,0.002622662879954516,0.009844943551668095,0.000954711964728178,0.14291007786723783,0.30312043340302885
OnlineNews,original,39644,56,4,6,1982,842,20261648,SRS,0.0163138313692399,0.009154070307677842,0.002740764356553269,0.009977516061690395,0.0009533252498870034,0.15109391614248563,0.3059041449647024
OnlineNews,original,39644,56,4,6,1982,843,20261649,PCA-QS,0.018254294936867834,0.008700900409271208,0.002630720101294801,0.011536403603798817,0.0009588913524164966,0.1583709326979452,0.14611315606310937
OnlineNews,original,39644,56,4,6,1982,843,20261649,SRS,0.022326340778881466,0.009183712090519833,0.0027485649852160383,0.011309143606682781,0.0009517728298039013,0.1537106024284719,0.30311531677862735
OnlineNews,original,39644,56,4,6,1982,844,20261650,PCA-QS,0.01695463169192967,0.008968732735362066,0.0026978693941207385,0.009680703799453738,0.000947816074164575,0.15021185872958528,0.38025241723452785
OnlineNews,original,39644,56,4,6,1982,844,20261650,SRS,0.0230601727962674,0.009586886492903459,0.0028551883591350635,0.014041499095393206,0.0009513677002073272,0.1976219299603865,0.24026502248092957
OnlineNews,original,39644,56,4,6,1982,845,20261651,PCA-QS,0.009302618755278503,0.008494435436370226,0.0025810792197269055,0.010323991656891351,0.0009548381321653797,0.11454315502686986,0.2698084074551209
OnlineNews,original,39644,56,4,6,1982,845,20261651,SRS,0.01725507088039793,0.00877095017829208,0.0026435362012170163,0.010494873814618444,0.0009599014750415132,0.16292698960275787,0.3292549732111012
OnlineNews,original,39644,56,4,6,1982,846,20261652,PCA-QS,0.011875119267708506,0.008727871333434459,0.0026360240108018016,0.00982807586223089,0.0009570781158682993,0.15633607287561144,0.209353904967412
OnlineNews,original,39644,56,4,6,1982,846,20261652,SRS,0.01368200406019493,0.009107291476746727,0.0027437587596909866,0.010917924643754517,0.0009452283258587081,0.1576931751476489,0.5713879786889607
OnlineNews,original,39644,56,4,6,1982,847,20261653,PCA-QS,0.01374890584089104,0.00870639781579097,0.0026392082397540266,0.010459124473863213,0.0009548094446273004,0.12238262416013168,0.23797842327314012
OnlineNews,original,39644,56,4,6,1982,847,20261653,SRS,0.009363300647307702,0.008927614951303148,0.0026856010311905815,0.008954549980302318,0.0009503826015116001,0.11770699643466112,0.41787181210595004
OnlineNews,original,39644,56,4,6,1982,848,20261654,PCA-QS,0.016257440749923194,0.008523856753539094,0.0025732884298235647,0.009093800438567001,0.0009436876144418326,0.1476638043959973,0.8658958134144006
OnlineNews,original,39644,56,4,6,1982,848,20261654,SRS,0.015120759647096306,0.008891271576703086,0.0026903060680310265,0.012238058554133957,0.0009557762572952186,0.151696668185364,0.22380129104940782
OnlineNews,original,39644,56,4,6,1982,849,20261655,PCA-QS,0.0133223360701941,0.008622043071589649,0.002601105548170231,0.009763230609411977,0.0009517705910259715,0.1348594522718313,0.2898513477954772
OnlineNews,original,39644,56,4,6,1982,849,20261655,SRS,0.01782171080224842,0.00951940311905516,0.0028451289146721663,0.011627165506714832,0.0009572666606704051,0.14548814890227801,0.6373316014051756
OnlineNews,original,39644,56,4,6,1982,850,20261656,PCA-QS,0.013552577047666922,0.008921406171654291,0.002677245359815347,0.008713637599010227,0.0009584735126130659,0.1435479434204033,0.17266203798852897
OnlineNews,original,39644,56,4,6,1982,850,20261656,SRS,0.017364993825520172,0.008935310480197618,0.0026898716917291387,0.01079105295857552,0.0009589160947256106,0.1841971818796774,0.2517041620905969
OnlineNews,original,39644,56,4,6,1982,851,20261657,PCA-QS,0.013754255037179211,0.008997166955992522,0.002709678225408322,0.009936771157606827,0.0009559592553416725,0.13375631780102284,0.1819865081708119
OnlineNews,original,39644,56,4,6,1982,851,20261657,SRS,0.016230760387108065,0.008886549690200833,0.0026823080906260813,0.010842677824612679,0.0009564224950487826,0.15372472809919283,2.0633641888831207
OnlineNews,original,39644,56,4,6,1982,852,20261658,PCA-QS,0.016140300882788512,0.008898114933791569,0.0026812199666636297,0.010299906938451286,0.0009547396424930939,0.1461263718738355,0.26265103775407156
OnlineNews,original,39644,56,4,6,1982,852,20261658,SRS,0.01712361702030561,0.008846372569351096,0.0026640552533888496,0.008844121887129575,0.0009536834999001692,0.14318171753298647,0.26207956981825636
OnlineNews,original,39644,56,4,6,1982,853,20261659,PCA-QS,0.010760875796102727,0.008739661215248162,0.002640911388710944,0.008483875465575608,0.0009419503341054651,0.17056312292289508,0.415137338041975
OnlineNews,original,39644,56,4,6,1982,853,20261659,SRS,0.01570506155994387,0.009164198281285646,0.002747821597099069,0.008923856606370961,0.000951816380238045,0.14015064411868608,0.07255169453635267
OnlineNews,original,39644,56,4,6,1982,854,20261660,PCA-QS,0.009725061840482713,0.008703351505222766,0.002630281025059998,0.008849261913654871,0.000944170129214539,0.10709914227402105,0.14504208279392256
OnlineNews,original,39644,56,4,6,1982,854,20261660,SRS,0.014358149558730817,0.008839880677162123,0.002672064952248391,0.009955843850814716,0.0009507910261163176,0.13844349757102484,0.25283692504026983
OnlineNews,original,39644,56,4,6,1982,855,20261661,PCA-QS,0.019971800749707034,0.009178234936489477,0.0027482498531199856,0.011036445916026594,0.0009483219853100569,0.1468247513766209,0.2942202141898086
OnlineNews,original,39644,56,4,6,1982,855,20261661,SRS,0.016278639835056407,0.009027750851374047,0.0027108122939351214,0.008580042275127653,0.000952251975718883,0.15955066113425825,0.3483251914975588
OnlineNews,original,39644,56,4,6,1982,856,20261662,PCA-QS,0.011370112650010937,0.008935190628313428,0.0026945599246248645,0.010409040248589463,0.0009533276299381906,0.1493566688647674,0.2105552558188438
OnlineNews,original,39644,56,4,6,1982,856,20261662,SRS,0.01418063483313885,0.008682232912512354,0.002613271640146977,0.009184921893055531,0.0009617961511212599,0.16949192606050603,0.3238623610588326
OnlineNews,original,39644,56,4,6,1982,857,20261663,PCA-QS,0.011646320141728946,0.008826363729896435,0.002672384400212539,0.011739624080332689,0.0009536332364457321,0.1418854868858458,0.19899403599140802
OnlineNews,original,39644,56,4,6,1982,857,20261663,SRS,0.018880218432254386,0.008915682179742776,0.0026758721670404576,0.010042516444043414,0.0009507598552218069,0.17388953926527034,0.1356867924455068
OnlineNews,original,39644,56,4,6,1982,858,20261664,PCA-QS,0.019585794620334808,0.008767235056433316,0.0026601348285008636,0.010246622046192755,0.0009602239165131505,0.15648409117250275,0.17171525321541833
OnlineNews,original,39644,56,4,6,1982,858,20261664,SRS,0.015090754380791068,0.008797867181264333,0.0026594986159152395,0.009493707106186022,0.0009556060509295495,0.13022116516555582,0.2021259780672382
OnlineNews,original,39644,56,4,6,1982,859,20261665,PCA-QS,0.014463839503308425,0.00899285142304508,0.0027084263027945484,0.011160110512424382,0.000950150347429042,0.1566039648529661,0.5602960786430442
OnlineNews,original,39644,56,4,6,1982,859,20261665,SRS,0.022851045364064296,0.009262413476673297,0.002763224176035073,0.01457935158089363,0.0009583185460717124,0.16627947508702914,0.24421230716102268
OnlineNews,original,39644,56,4,6,1982,860,20261666,PCA-QS,0.016788403920876924,0.008676391360878295,0.00261921244282731,0.008573045296703441,0.0009559760144499453,0.14988843886342765,0.09752155471582252
OnlineNews,original,39644,56,4,6,1982,860,20261666,SRS,0.017293810110284705,0.008850787872214041,0.002668270226400434,0.011455585634251975,0.0009583760015400032,0.13187221091128423,0.1521225188200627
OnlineNews,original,39644,56,4,6,1982,861,20261667,PCA-QS,0.01137915878582837,0.008732960697584995,0.0026441953128985576,0.00847205056444622,0.0009568562574688542,0.15260948398949395,0.29067716415574485
OnlineNews,original,39644,56,4,6,1982,861,20261667,SRS,0.020742389223404045,0.009048696924698863,0.00271725666628915,0.014318115105059093,0.0009485335611079393,0.16957887990180928,0.31830908897389887
OnlineNews,original,39644,56,4,6,1982,862,20261668,PCA-QS,0.010242890182410215,0.008822629633902871,0.002645375958790473,0.008738717613626434,0.0009472215025254707,0.11382213180033164,1.8069991200939493
OnlineNews,original,39644,56,4,6,1982,862,20261668,SRS,0.020047019541725036,0.009160818504188872,0.0027444184738116125,0.009948409012700665,0.0009585461905240214,0.18647647502733183,0.2055760087454312
OnlineNews,original,39644,56,4,6,1982,863,20261669,PCA-QS,0.01416482934358808,0.009167456279919039,0.002747988324368914,0.009006665623136456,0.0009545396248949508,0.13316547715045535,0.12486967521003121
OnlineNews,original,39644,56,4,6,1982,863,20261669,SRS,0.016114130576695807,0.00935003422223868,0.002795604172347359,0.010049776588822112,0.000956679227656061,0.16123840247693866,0.3046390607197714
OnlineNews,original,39644,56,4,6,1982,864,20261670,PCA-QS,0.02194717503588322,0.008773175637446532,0.0026427590245340945,0.010854750997429718,0.0009583641762165627,0.14586300136649757,0.23171954579365894
OnlineNews,original,39644,56,4,6,1982,864,20261670,SRS,0.013136935954508653,0.00891470571252753,0.0026796338378672307,0.011274619887762682,0.0009608107137743971,0.16285517454797357,0.5615234076508103
OnlineNews,original,39644,56,4,6,1982,865,20261671,PCA-QS,0.011178105428358008,0.00856420780900872,0.0026002458028828446,0.01111638419117078,0.000961461515812119,0.13997933059965595,0.29684961412823035
OnlineNews,original,39644,56,4,6,1982,865,20261671,SRS,0.015604556761860724,0.00872705181743121,0.0026347253684392944,0.011009517955548276,0.0009503171637840765,0.145019731663066,0.15910585210712042
OnlineNews,original,39644,56,4,6,1982,866,20261672,PCA-QS,0.022517489644929743,0.00908221246076069,0.0027286068478478706,0.013795688777255677,0.0009577043248206982,0.18517148056349564,0.43424679926507415
OnlineNews,original,39644,56,4,6,1982,866,20261672,SRS,0.024699838858588313,0.00947934416368766,0.0028128859147847933,0.01458418829617436,0.0009528622434588677,0.17609316988951473,0.25399246935490394
OnlineNews,original,39644,56,4,6,1982,867,20261673,PCA-QS,0.011032710386119724,0.008732657381592302,0.002641337943057311,0.0103900078723278,0.0009526274732139555,0.16436208105336755,0.09381488786640522
OnlineNews,original,39644,56,4,6,1982,867,20261673,SRS,0.013076443685930346,0.008784649718506465,0.0026518548754846387,0.008940257576133703,0.0009511066298327316,0.19100238606482922,0.2642212062193582
OnlineNews,original,39644,56,4,6,1982,868,20261674,PCA-QS,0.011244952132703073,0.008981478745849545,0.0027003332973146513,0.00955322588196239,0.0009617375364759822,0.1422866083644913,0.40076905934110285
OnlineNews,original,39644,56,4,6,1982,868,20261674,SRS,0.019856149428897043,0.0091707350842815,0.0027458327232792973,0.011756101480171921,0.000947045987909713,0.15690762404390732,0.3041758428176593
OnlineNews,original,39644,56,4,6,1982,869,20261675,PCA-QS,0.01588330017908268,0.009191804844334035,0.002762783328601889,0.010834105202373934,0.0009575459441645492,0.1415023329358238,0.14787831725582876
OnlineNews,original,39644,56,4,6,1982,869,20261675,SRS,0.020816695779696245,0.00903501184921401,0.0027130427101941224,0.010968249212474745,0.0009582302371351195,0.1553192527172191,0.2531426167111205
OnlineNews,original,39644,56,4,6,1982,870,20261676,PCA-QS,0.01125205724062861,0.008710718490539816,0.002635784581247581,0.007445843871987989,0.0009542926969888,0.13208039072267652,0.21674826842008674
OnlineNews,original,39644,56,4,6,1982,870,20261676,SRS,0.014368774872739434,0.009008003542140335,0.00271376460511148,0.011793046031630894,0.0009483446093788327,0.1626118640305506,0.16176227299157814
OnlineNews,original,39644,56,4,6,1982,871,20261677,PCA-QS,0.012279760987716253,0.008903693157128736,0.002673192603231245,0.009166499475613321,0.0009543424155369071,0.1319376352628171,0.22963467570518542
OnlineNews,original,39644,56,4,6,1982,871,20261677,SRS,0.019762334502856756,0.009216779979306028,0.00275896588197557,0.010086930362986024,0.0009559327211836819,0.15909267816435382,0.06281535651162182
OnlineNews,original,39644,56,4,6,1982,872,20261678,PCA-QS,0.01365399583580967,0.009172756634402564,0.002748720653607796,0.011148823419606657,0.0009570445498935845,0.15858315254552446,0.21659604135233393
OnlineNews,original,39644,56,4,6,1982,872,20261678,SRS,0.0183048455425292,0.009142656562423915,0.002733139640232602,0.011276052584419105,0.0009541071699249006,0.16917883872302442,0.23922782936511117
OnlineNews,original,39644,56,4,6,1982,873,20261679,PCA-QS,0.010733565187348712,0.008788859803479947,0.0026565407989176076,0.012396426311083175,0.0009549346635644487,0.14789317456421894,0.3509294516002889
OnlineNews,original,39644,56,4,6,1982,873,20261679,SRS,0.018855128287005283,0.008754101468703212,0.002637889305720407,0.010439188696059531,0.0009586545466712268,0.14313472932869728,0.3901265127548987
OnlineNews,original,39644,56,4,6,1982,874,20261680,PCA-QS,0.015162087945929964,0.00860312496784481,0.0026058830442073438,0.009307176304147902,0.0009474894558408984,0.14574960732032388,0.18538888253484961
OnlineNews,original,39644,56,4,6,1982,874,20261680,SRS,0.014036997343977297,0.00876745347585054,0.0026408909977009023,0.011472309259778157,0.0009628213353621466,0.1518600232513321,0.21622552243961396
OnlineNews,original,39644,56,4,6,1982,875,20261681,PCA-QS,0.014817860786904622,0.008486113072215362,0.0025817778388927673,0.0091435404823077,0.0009526953369504809,0.13490017097396037,0.14772888572616172
OnlineNews,original,39644,56,4,6,1982,875,20261681,SRS,0.02100073345744304,0.00862331395278988,0.0026086955137802426,0.011121367873677457,0.0009444212205105404,0.1414004497271797,0.13274023717233738
OnlineNews,original,39644,56,4,6,1982,876,20261682,PCA-QS,0.01535783445353892,0.00853245487384831,0.0025883703845518474,0.00843324376309873,0.0009545197048880916,0.12286694297423213,0.358637946408462
OnlineNews,original,39644,56,4,6,1982,876,20261682,SRS,0.0163505017344257,0.009224848786056321,0.002761631978124116,0.008767573918710525,0.0009558201830587539,0.14929225510601435,0.2888706362344035
OnlineNews,original,39644,56,4,6,1982,877,20261683,PCA-QS,0.018196400912148105,0.008969829536634777,0.0027011188742104147,0.00967515231387317,0.0009471483813297387,0.17978492827927883,0.7834428121309058
OnlineNews,original,39644,56,4,6,1982,877,20261683,SRS,0.022240756143151796,0.00896318788865785,0.0026957638328886815,0.013374822854681057,0.0009506445321979771,0.1605640083386063,0.2844193803741154
OnlineNews,original,39644,56,4,6,1982,878,20261684,PCA-QS,0.013556983225299421,0.009006693499728788,0.002713880198512496,0.00973948490496035,0.0009502157335804498,0.14438358334096257,0.3549481909699289
OnlineNews,original,39644,56,4,6,1982,878,20261684,SRS,0.014435369191931743,0.009136286851371756,0.0027502279493961243,0.012917839100639483,0.000952582715790812,0.17144057063714777,0.6527368473292179
OnlineNews,original,39644,56,4,6,1982,879,20261685,PCA-QS,0.016678971157577428,0.008929203762911094,0.0026960512364755684,0.010075057222675099,0.000952306767374623,0.16751811483361362,0.18734481590998653
OnlineNews,original,39644,56,4,6,1982,879,20261685,SRS,0.020556264661516242,0.008889701962159822,0.0026648040468218457,0.009618059556059322,0.0009577747254447223,0.1593416981481486,0.5500360116055669
OnlineNews,original,39644,56,4,6,1982,880,20261686,PCA-QS,0.015368989889109409,0.009008352582909229,0.0027004140740825334,0.010457889337526893,0.0009560695997555748,0.13505539983041287,0.3094471731215371
OnlineNews,original,39644,56,4,6,1982,880,20261686,SRS,0.02096633473101672,0.009071123793832058,0.0027209090636989394,0.009943545824370403,0.0009594908452507673,0.13320920554655133,0.23054083397729855
OnlineNews,original,39644,56,4,6,1982,881,20261687,PCA-QS,0.011071293626411743,0.008640754921337274,0.0026104384328194557,0.009144027601923455,0.0009518177082505328,0.124953026115212,0.140583379445458
OnlineNews,original,39644,56,4,6,1982,881,20261687,SRS,0.021627150853975236,0.00889685342008943,0.002676682713368894,0.012295043542406958,0.0009482269017962647,0.16166709993852413,0.3229102325043037
OnlineNews,original,39644,56,4,6,1982,882,20261688,PCA-QS,0.010141704411032404,0.008973340146547501,0.002703420442066199,0.00948643162308116,0.0009561746867370096,0.13454170736497087,0.26486691814794533
OnlineNews,original,39644,56,4,6,1982,882,20261688,SRS,0.013923724533233385,0.008968997552875087,0.0026961552759483223,0.010333057367180487,0.0009542798935490466,0.1551263340112247,0.15079732498873874
OnlineNews,original,39644,56,4,6,1982,883,20261689,PCA-QS,0.012193368860994978,0.008816030486131646,0.002657661046452353,0.009988426387643301,0.0009521132402892381,0.12796721960438032,0.24148293293795195
OnlineNews,original,39644,56,4,6,1982,883,20261689,SRS,0.014839942639731993,0.009089696004937461,0.0027338383390605047,0.011251022398571564,0.0009607934667234996,0.15572386007989875,0.22842451026865118
OnlineNews,original,39644,56,4,6,1982,884,20261690,PCA-QS,0.012040564227571823,0.009009863608395193,0.0027030259813957077,0.011282627148027302,0.000956901581471645,0.14849960937348483,0.25875963442360883
OnlineNews,original,39644,56,4,6,1982,884,20261690,SRS,0.011676428778708418,0.009206392974103928,0.002771011378710042,0.012283073133135147,0.0009585848310699863,0.1650517358786789,0.3607710505313001
OnlineNews,original,39644,56,4,6,1982,885,20261691,PCA-QS,0.011264870531315101,0.008734400027715694,0.0026331740858878965,0.010042795297753315,0.0009479752718608731,0.12048871008026359,0.29879682105261474
OnlineNews,original,39644,56,4,6,1982,885,20261691,SRS,0.012819793805335,0.008869541698342599,0.0026660852190095513,0.010651499229926031,0.000956323883093917,0.1330268873318681,0.142837850681688
OnlineNews,original,39644,56,4,6,1982,886,20261692,PCA-QS,0.014303760970892832,0.008875456630946644,0.002680290001579738,0.00982972455172515,0.0009550672233741012,0.1411513506652713,0.36864810620372956
OnlineNews,original,39644,56,4,6,1982,886,20261692,SRS,0.01825797617162512,0.009340601218872462,0.0027884619552821866,0.010732314561870737,0.0009482036848530433,0.15822483202971305,0.3001802342776939
OnlineNews,original,39644,56,4,6,1982,887,20261693,PCA-QS,0.009338197046812564,0.008782465391551147,0.0026480420876089134,0.00954819373424165,0.0009531058072567652,0.16602797587270948,0.2966000258016831
OnlineNews,original,39644,56,4,6,1982,887,20261693,SRS,0.018795672883393944,0.008775424813934717,0.0026411835970625306,0.008612164386489596,0.0009536596051659116,0.1506455256000412,0.10663098316548741
OnlineNews,original,39644,56,4,6,1982,888,20261694,PCA-QS,0.010653272458446047,0.008647246857833149,0.0026080733239347187,0.008903215139966392,0.0009520919976528481,0.14231336509442744,0.28989774124934137
OnlineNews,original,39644,56,4,6,1982,888,20261694,SRS,0.022985751030349527,0.008921655548341158,0.0026803486280912634,0.009883392067351338,0.0009586375000056023,0.1669407708301272,0.16880459774086454
OnlineNews,original,39644,56,4,6,1982,889,20261695,PCA-QS,0.016944931683995766,0.008533924777687786,0.00258275240139454,0.012281948851706304,0.0009566619225805206,0.14702824526251584,0.6168942408793281
OnlineNews,original,39644,56,4,6,1982,889,20261695,SRS,0.016782684076164435,0.009077648343323108,0.0027286202454524606,0.011251016145406467,0.0009542677800053053,0.15352615495307134,0.640810046991114
OnlineNews,original,39644,56,4,6,1982,890,20261696,PCA-QS,0.014726894871121221,0.008816179192617143,0.0026618661589154274,0.010225938370350462,0.0009446838299584855,0.14352344282107496,0.2635068618224252
OnlineNews,original,39644,56,4,6,1982,890,20261696,SRS,0.015001767145045622,0.008925471168250043,0.002685440839906925,0.008689267368783504,0.0009567108523256271,0.15148058846065132,0.09575000754677775
OnlineNews,original,39644,56,4,6,1982,891,20261697,PCA-QS,0.013645318138818299,0.008876071867655282,0.0026687907142012818,0.010055210742478948,0.00095291476580127,0.15818142799122809,1.7979992204235282
OnlineNews,original,39644,56,4,6,1982,891,20261697,SRS,0.019148934443926298,0.008944677317252025,0.0026933630708955484,0.01015629516486527,0.0009481553991994828,0.1330484106314878,0.3865567051362998
OnlineNews,original,39644,56,4,6,1982,892,20261698,PCA-QS,0.01336199483732382,0.009136451051904224,0.002735860115274747,0.010473690439502192,0.0009593630646137808,0.1624313237539693,0.20552461286226553
OnlineNews,original,39644,56,4,6,1982,892,20261698,SRS,0.02276990119719492,0.008992984762228389,0.002695542590756654,0.007887636927968344,0.0009533639680265436,0.16895041487877602,0.18836825157451936
OnlineNews,original,39644,56,4,6,1982,893,20261699,PCA-QS,0.01822904387074359,0.009015425716117896,0.0027109842527234048,0.010149935054066361,0.0009541205466633616,0.14652535944966227,0.07439973666836902
OnlineNews,original,39644,56,4,6,1982,893,20261699,SRS,0.024373575745984786,0.009077478179321663,0.002723515161893918,0.014871416129141224,0.0009543416815257643,0.17003008611861287,0.5856011461617603
OnlineNews,original,39644,56,4,6,1982,894,20261700,PCA-QS,0.015341124025889078,0.009023010839301907,0.0027111367841335466,0.012003080585037296,0.00095422103243618,0.16523842599513283,0.17423939812128963
OnlineNews,original,39644,56,4,6,1982,894,20261700,SRS,0.012560130356044431,0.008697193268503052,0.002626240300816534,0.010193234615355706,0.0009490833571617187,0.1442081755764099,0.1756084270540149
OnlineNews,original,39644,56,4,6,1982,895,20261701,PCA-QS,0.010771814049455496,0.008883106410095085,0.0026753151270597357,0.008920516592702654,0.0009503907298820093,0.11846090540164626,0.28934028586562416
OnlineNews,original,39644,56,4,6,1982,895,20261701,SRS,0.011770799099562733,0.008751400284684092,0.002643879291252191,0.01119029815934347,0.0009520049939323272,0.14167330470315476,0.20612952538279428
OnlineNews,original,39644,56,4,6,1982,896,20261702,PCA-QS,0.012666575595071412,0.008702230915804908,0.0026367168891121085,0.008321872551649179,0.0009501278421112029,0.13473776726734057,0.341180901589892
OnlineNews,original,39644,56,4,6,1982,896,20261702,SRS,0.02009986951282458,0.009329806460936233,0.0027909028233858483,0.012739744592551006,0.0009532445118008172,0.18857854136904892,2.01398353273221
OnlineNews,original,39644,56,4,6,1982,897,20261703,PCA-QS,0.011342703531855175,0.008971117633674882,0.002691165101161883,0.009611952093434795,0.0009535369534381978,0.14192335763769726,0.2599816010276942
OnlineNews,original,39644,56,4,6,1982,897,20261703,SRS,0.01773597291931881,0.009107794908718091,0.0027372257315992576,0.009805117726305212,0.0009632315428761487,0.14979045476628333,0.3835238118706388
OnlineNews,original,39644,56,4,6,1982,898,20261704,PCA-QS,0.012073804946629255,0.008753300853243695,0.00264479401700236,0.009715048606876664,0.0009478003282492794,0.1626619225289686,0.15990824875046497
OnlineNews,original,39644,56,4,6,1982,898,20261704,SRS,0.0162086239698154,0.008940043607792752,0.002686237349608054,0.00898664989439446,0.0009525477418626673,0.1232305378442194,0.18101942341958377
OnlineNews,original,39644,56,4,6,1982,899,20261705,PCA-QS,0.015288055228653381,0.008594185275862889,0.0025889090188296127,0.010297051426743309,0.0009572312667109536,0.1238287739804847,0.46445168677605786
OnlineNews,original,39644,56,4,6,1982,899,20261705,SRS,0.017334584496557236,0.008515504617257693,0.0025808372235562697,0.010893154704655572,0.0009532585653101067,0.17144109668140872,0.08865290600549151
OnlineNews,original,39644,56,4,6,1982,900,20261706,PCA-QS,0.01577232456004762,0.008729179647622366,0.0026287366979836457,0.010973179799401933,0.0009567550835242535,0.14237481935624888,0.6916936440388074
OnlineNews,original,39644,56,4,6,1982,900,20261706,SRS,0.011236290385603778,0.008878423490605879,0.002678354842937138,0.009579245150574067,0.0009634312378461302,0.14030716185862763,0.1630298626867696
OnlineNews,original,39644,56,4,6,1982,901,20261707,PCA-QS,0.01939963586651237,0.008869975182884888,0.002673097858146709,0.010415558107883527,0.0009553351119844977,0.14569655989571448,0.4714076113204563
OnlineNews,original,39644,56,4,6,1982,901,20261707,SRS,0.016999328181563016,0.008990332577765962,0.002700281879607431,0.009727117013314412,0.0009510350194544822,0.1540021998414265,0.3386817158739933
OnlineNews,original,39644,56,4,6,1982,902,20261708,PCA-QS,0.019951705781932918,0.008901349852727536,0.00268486998254844,0.01027385341667042,0.0009625013825860442,0.16190145132455364,0.26940305011419724
OnlineNews,original,39644,56,4,6,1982,902,20261708,SRS,0.016694540718214825,0.0091000975092218,0.0027328047259808684,0.011305222538902981,0.0009511069106356326,0.17771816544637223,0.5457894540512249
OnlineNews,original,39644,56,4,6,1982,903,20261709,PCA-QS,0.011042635791873586,0.009391544856787655,0.002798182448728933,0.01055581509642245,0.0009579929758962414,0.15083451278111967,0.15512098515696643
OnlineNews,original,39644,56,4,6,1982,903,20261709,SRS,0.012087389018541375,0.00891459135526812,0.002670521759332208,0.010367442860740539,0.0009610456282497302,0.15597775202849856,0.29973628650730677
OnlineNews,original,39644,56,4,6,1982,904,20261710,PCA-QS,0.013297948543163731,0.008802952465515051,0.0026604719149193523,0.009255597731620213,0.0009480782609772476,0.15548642890630546,0.33224078520842426
OnlineNews,original,39644,56,4,6,1982,904,20261710,SRS,0.013864577791653053,0.009154880751502377,0.0027476184994206293,0.008953981917013465,0.0009511630378051568,0.18935822887124093,0.27448928213741786
OnlineNews,original,39644,56,4,6,1982,905,20261711,PCA-QS,0.01791926449036388,0.008806336544399282,0.0026576114872960683,0.01045628360150097,0.0009530408487437633,0.16828244472588352,0.33488604716599535
OnlineNews,original,39644,56,4,6,1982,905,20261711,SRS,0.011622810842055494,0.008954535617101642,0.0026980590651963605,0.009013892028894688,0.0009443828655450792,0.14797185154130743,0.1388830810919851
OnlineNews,original,39644,56,4,6,1982,906,20261712,PCA-QS,0.014458252238245645,0.008753738818887278,0.002648434844405088,0.009504132443904467,0.0009549289021404516,0.1255295096230235,0.2649847814893691
OnlineNews,original,39644,56,4,6,1982,906,20261712,SRS,0.01158664919343517,0.00889630647906629,0.0026751369216794123,0.009750671927452714,0.000950594841643845,0.150610081788166,0.3631819147184202
OnlineNews,original,39644,56,4,6,1982,907,20261713,PCA-QS,0.011324703781475435,0.00872354311930254,0.002643685417401813,0.010810172525932416,0.0009443555058807386,0.138267297516865,0.18454574849605332
OnlineNews,original,39644,56,4,6,1982,907,20261713,SRS,0.013316867356348249,0.008835729551934625,0.0026706002774901246,0.009406411745120025,0.0009498791218948617,0.16720778402825243,0.5578959081133139
OnlineNews,original,39644,56,4,6,1982,908,20261714,PCA-QS,0.013642961477448723,0.008733528301400659,0.0026357648025938365,0.009179882730432354,0.0009599991835619575,0.13049615876122195,0.16652878261263582
OnlineNews,original,39644,56,4,6,1982,908,20261714,SRS,0.01800846713093357,0.008833421587120376,0.0026590447284786053,0.010640970517933113,0.0009507565033536206,0.1718693732193129,0.29557935764981746
OnlineNews,original,39644,56,4,6,1982,909,20261715,PCA-QS,0.01450808361510064,0.008499658190446653,0.0025804128109470715,0.010537192335171142,0.0009459895026143533,0.14003816301538288,0.18069681746982708
OnlineNews,original,39644,56,4,6,1982,909,20261715,SRS,0.015172175827554226,0.009056713798135125,0.002709622152646269,0.009585920692641636,0.0009606095120677284,0.18510451490971136,0.12365886933209362
OnlineNews,original,39644,56,4,6,1982,910,20261716,PCA-QS,0.01611027495376752,0.008847777906506048,0.002673311281713301,0.01112054848907107,0.0009573876835771011,0.1596922937572411,0.30537842134326826
OnlineNews,original,39644,56,4,6,1982,910,20261716,SRS,0.022262523962089494,0.008828594917233076,0.002666514058612238,0.011893202915643997,0.0009556486575364719,0.16640516436395564,0.14230565326014635
OnlineNews,original,39644,56,4,6,1982,911,20261717,PCA-QS,0.012119816927126678,0.008926974270987128,0.0026848302918269415,0.009840842828253926,0.0009433419597735222,0.14542435703037757,0.4434415719690976
OnlineNews,original,39644,56,4,6,1982,911,20261717,SRS,0.011972665467686106,0.008655807850276375,0.0026215369077962703,0.010594744947256984,0.0009640908753375682,0.1566180892862776,0.47463236198316827
OnlineNews,original,39644,56,4,6,1982,912,20261718,PCA-QS,0.011014875457194914,0.009041435185945473,0.0027094700311607787,0.011021609668008026,0.0009506370562276029,0.11901896243876696,0.13454153485127976
OnlineNews,original,39644,56,4,6,1982,912,20261718,SRS,0.011824062638380456,0.008561384908490772,0.002589241000425548,0.008927096240462618,0.0009549906673245344,0.13405631682841937,0.39229795457443223
OnlineNews,original,39644,56,4,6,1982,913,20261719,PCA-QS,0.016682117690727326,0.008906025040142502,0.002671436053848136,0.010047042345620483,0.0009557564115556772,0.13819283995436796,0.12467358120461894
OnlineNews,original,39644,56,4,6,1982,913,20261719,SRS,0.018638012841177037,0.008992105566613586,0.0027024098700092034,0.009603338050801824,0.0009497601881693807,0.16481740728949584,0.12595393668683444
OnlineNews,original,39644,56,4,6,1982,914,20261720,PCA-QS,0.012706328273235307,0.00885151647720149,0.0026616227001405083,0.010962670764758542,0.0009507284368380007,0.1625874021352206,0.13295918526139366
OnlineNews,original,39644,56,4,6,1982,914,20261720,SRS,0.01654806431662021,0.009139713863288499,0.002741849025919809,0.012425582802077173,0.0009558314232455034,0.1577410210265813,0.29273222313794267
OnlineNews,original,39644,56,4,6,1982,915,20261721,PCA-QS,0.013862088744153256,0.00872214110182336,0.0026316792116827833,0.009731566958830484,0.0009529124915246051,0.1501177694765858,0.7543426882123043
OnlineNews,original,39644,56,4,6,1982,915,20261721,SRS,0.015069276839910772,0.00877829556172357,0.002652402650025247,0.01105647650252628,0.00095982660701015,0.15121302456192007,0.2793653507675986
OnlineNews,original,39644,56,4,6,1982,916,20261722,PCA-QS,0.01646848921113545,0.008848397989153465,0.0026567446434864273,0.009649270399636478,0.0009582488654267745,0.1557026331995898,0.33109926809793944
OnlineNews,original,39644,56,4,6,1982,916,20261722,SRS,0.012813733276148062,0.008594311003666472,0.002595582511091527,0.009419684590245225,0.0009600143266268171,0.1457656560644176,0.08624968497278543
OnlineNews,original,39644,56,4,6,1982,917,20261723,PCA-QS,0.016942970966604156,0.008429744375531834,0.002554044029594128,0.009428322105062392,0.0009485330922885154,0.10708109727464368,0.1162830058670657
OnlineNews,original,39644,56,4,6,1982,917,20261723,SRS,0.016548450898382236,0.009182970260753804,0.002736762932178155,0.011022409590925264,0.0009553153505884675,0.15131520662825965,0.5145276026838185
OnlineNews,original,39644,56,4,6,1982,918,20261724,PCA-QS,0.012547562735406676,0.008822035299777936,0.0026679566099057817,0.00947277686273118,0.0009498917179538842,0.15449344621581057,0.22480862997576706
OnlineNews,original,39644,56,4,6,1982,918,20261724,SRS,0.01600242565208434,0.009212593129198606,0.002756210057721079,0.014207902850259302,0.0009548030388355772,0.18027737012631578,0.5125288331789555
OnlineNews,original,39644,56,4,6,1982,919,20261725,PCA-QS,0.01953649743510962,0.008821522522572183,0.002664109329573874,0.008370279079692011,0.0009590775655019401,0.14599948557478318,0.2903473759484664
OnlineNews,original,39644,56,4,6,1982,919,20261725,SRS,0.01635128950272611,0.008599807396608984,0.0026016743678684276,0.009587842369446875,0.000952623622130903,0.14828400496055696,0.15133947239107426
OnlineNews,original,39644,56,4,6,1982,920,20261726,PCA-QS,0.013691044251239378,0.008925406324842214,0.0026900862362797423,0.010460145177518143,0.0009608862247360243,0.13283622794656016,0.3176933531662414
OnlineNews,original,39644,56,4,6,1982,920,20261726,SRS,0.019000467418783234,0.008871026974469112,0.0026696813185047206,0.012202604869498757,0.0009567843813306035,0.1822227910752884,0.12121446890274931
OnlineNews,original,39644,56,4,6,1982,921,20261727,PCA-QS,0.011470442941283918,0.008853843785510499,0.002671630420010371,0.009480026743075243,0.0009554812750930249,0.1375434663026299,0.419070498012328
OnlineNews,original,39644,56,4,6,1982,921,20261727,SRS,0.013132688782174355,0.008914342659796898,0.0026839809866928735,0.01120933841580296,0.000956285520827961,0.16646653550691737,0.07828822331394647
OnlineNews,original,39644,56,4,6,1982,922,20261728,PCA-QS,0.011666587856861695,0.008526991457110356,0.002596600803009819,0.01015814204494525,0.0009438326283998015,0.14614385985602008,0.2983737912914952
OnlineNews,original,39644,56,4,6,1982,922,20261728,SRS,0.012421890103893699,0.008813927674354502,0.002653553333036272,0.010493418803369181,0.0009635299202074375,0.1544476162809288,0.4479346621397538
OnlineNews,original,39644,56,4,6,1982,923,20261729,PCA-QS,0.010969022383233735,0.008450701306159129,0.0025685414273821034,0.008378875631736449,0.0009555435192608629,0.13922103149182521,0.7373558823113577
OnlineNews,original,39644,56,4,6,1982,923,20261729,SRS,0.015837508636771927,0.008991795518090448,0.002691841125408549,0.010247596869557896,0.0009548398546719271,0.14491957034747113,0.22923892507963725
OnlineNews,original,39644,56,4,6,1982,924,20261730,PCA-QS,0.01768041449872105,0.009413630647555333,0.0028157529832602353,0.011434032081080403,0.000947673409197181,0.15568984053379917,0.2382066302352921
OnlineNews,original,39644,56,4,6,1982,924,20261730,SRS,0.015327132310595484,0.00848409340294169,0.002571434430613906,0.010756846314137647,0.0009552497057265893,0.14673802434862507,0.17097497761228503
OnlineNews,original,39644,56,4,6,1982,925,20261731,PCA-QS,0.015591339716700708,0.009238972806872513,0.002758139381432992,0.009677723003843397,0.0009564690656949045,0.1829892796642572,0.12591271722594152
OnlineNews,original,39644,56,4,6,1982,925,20261731,SRS,0.02417397850927657,0.00934006546117889,0.002797270772396871,0.009971376886467098,0.0009622034256561123,0.16949575479458293,0.5908536474670183
OnlineNews,original,39644,56,4,6,1982,926,20261732,PCA-QS,0.011246014262063116,0.00870395433355209,0.0026325893663011863,0.009538732668442407,0.0009632667697775837,0.14266825296407587,0.448366734475933
OnlineNews,original,39644,56,4,6,1982,926,20261732,SRS,0.020438658088429262,0.00902182203867857,0.0027025164014555405,0.011937388438314045,0.0009595913552719673,0.15544701408182152,0.15602828612875663
OnlineNews,original,39644,56,4,6,1982,927,20261733,PCA-QS,0.014638449568702135,0.00889483675974638,0.002677451749073374,0.011154092666702198,0.0009588120323564103,0.179425432009556,0.3363224297161429
OnlineNews,original,39644,56,4,6,1982,927,20261733,SRS,0.012156075751584533,0.008911668566388394,0.002674417614182737,0.01113316300460987,0.0009508507032839566,0.14621139146753864,0.5355164304621042
OnlineNews,original,39644,56,4,6,1982,928,20261734,PCA-QS,0.011011212984597075,0.008895771532452593,0.0026820510526374994,0.011143499718921035,0.0009599985686745497,0.14510135430743634,0.06308299213126645
OnlineNews,original,39644,56,4,6,1982,928,20261734,SRS,0.018888616972071552,0.008448485699608817,0.0025618976612724258,0.012442256953313802,0.0009495123278545238,0.16621725366822374,0.16246475343713448
OnlineNews,original,39644,56,4,6,1982,929,20261735,PCA-QS,0.016690217895254614,0.008863094098035049,0.0026774202442829435,0.010390592557298461,0.0009508104840138326,0.16036636064898765,0.21530067369185812
OnlineNews,original,39644,56,4,6,1982,929,20261735,SRS,0.012652877638420906,0.009283067670805112,0.00277954014068927,0.010716928199352438,0.0009309118153985851,0.18214342620428425,0.15872436506138293
OnlineNews,original,39644,56,4,6,1982,930,20261736,PCA-QS,0.012755244459346884,0.00888822644359542,0.0026840745196423745,0.010664461674661396,0.0009564436861171628,0.14201791153955826,0.13157565836176338
OnlineNews,original,39644,56,4,6,1982,930,20261736,SRS,0.016186500766778453,0.009137470639696804,0.002740407499840545,0.011196863803013102,0.0009461177245319405,0.14159829362425974,0.11084544549177855
OnlineNews,original,39644,56,4,6,1982,931,20261737,PCA-QS,0.0118036952584198,0.008672203856652834,0.002619815240444724,0.009013718854447461,0.0009567160854513654,0.13329699883747037,0.6333860087796452
OnlineNews,original,39644,56,4,6,1982,931,20261737,SRS,0.01571226207163121,0.008691942572175291,0.0026208656051264043,0.00928687341733081,0.0009504337385230948,0.15447705735031847,0.5109289184091782
OnlineNews,original,39644,56,4,6,1982,932,20261738,PCA-QS,0.014793169165239003,0.00904955083107667,0.0027166200824430054,0.009753359170629139,0.0009582593497815785,0.14851158691579683,0.2899614151936171
OnlineNews,original,39644,56,4,6,1982,932,20261738,SRS,0.013591073725535247,0.009015421939559648,0.002701471405905703,0.009066943034738983,0.0009588861844249689,0.12619686164826693,0.21899730519041488
OnlineNews,original,39644,56,4,6,1982,933,20261739,PCA-QS,0.013121946407164412,0.008924929810122785,0.002687635259765498,0.010029610185748439,0.0009602262422127286,0.15555602213404318,0.5365533036924934
OnlineNews,original,39644,56,4,6,1982,933,20261739,SRS,0.020873779277315756,0.008812300722960426,0.0026525724696359505,0.012233965547212122,0.0009513877455603149,0.17457725015488273,0.35609243699205817
OnlineNews,original,39644,56,4,6,1982,934,20261740,PCA-QS,0.01536107401518035,0.008671062743461367,0.0026186243889858856,0.010102834258901794,0.0009460831232857945,0.16424902519627677,0.2513601865506736
OnlineNews,original,39644,56,4,6,1982,934,20261740,SRS,0.010952980955080861,0.008773288944076762,0.0026442833151683926,0.011843251398140353,0.0009525488493242728,0.1672675420148349,0.206252149919699
OnlineNews,original,39644,56,4,6,1982,935,20261741,PCA-QS,0.02023100346977278,0.008775313826165646,0.002656992028426048,0.009929360640738238,0.0009613338313658145,0.1656410992299504,0.19195667617912093
OnlineNews,original,39644,56,4,6,1982,935,20261741,SRS,0.017735076728672177,0.00944009346631501,0.0028083214639591197,0.009441544391339818,0.0009606286704730506,0.1924149381114102,0.08815013735847377
OnlineNews,original,39644,56,4,6,1982,936,20261742,PCA-QS,0.013634419617662341,0.008742099212786524,0.0026480658237938823,0.010872711559876791,0.000949762762467732,0.1430274305116762,0.16450090000798467
OnlineNews,original,39644,56,4,6,1982,936,20261742,SRS,0.014931202466241873,0.008736500219988366,0.00263027679172248,0.010599675602110281,0.0009599680965973386,0.14851196123236318,0.11638635034929282
OnlineNews,original,39644,56,4,6,1982,937,20261743,PCA-QS,0.01896184079878024,0.009021050693814429,0.002706353371357944,0.011680372438991782,0.0009592032825979466,0.15567549347974083,0.21874080148738984
OnlineNews,original,39644,56,4,6,1982,937,20261743,SRS,0.018685117531918514,0.009156143543270604,0.0027520614122868445,0.012219476144968766,0.0009530137769123115,0.1735417083868497,0.40007552495135856
OnlineNews,original,39644,56,4,6,1982,938,20261744,PCA-QS,0.012112808274623535,0.008974151531202974,0.0027011166049606197,0.009775836592920584,0.000955819157054676,0.13152931137462665,0.07122573912067737
OnlineNews,original,39644,56,4,6,1982,938,20261744,SRS,0.015401544617977726,0.008984273646006657,0.0027053187205642176,0.012439782241363773,0.0009540327022620655,0.1345805014354263,0.11264174627126794
OnlineNews,original,39644,56,4,6,1982,939,20261745,PCA-QS,0.015557891891601994,0.008990264275306577,0.002690931546435809,0.01118189696789429,0.0009421340996374278,0.16363007890655693,0.16813182418774977
OnlineNews,original,39644,56,4,6,1982,939,20261745,SRS,0.010201628157959422,0.008770412621505718,0.002637438637416217,0.01035987262778626,0.0009564957315269178,0.12175108115460564,0.3325618498396364
OnlineNews,original,39644,56,4,6,1982,940,20261746,PCA-QS,0.015908727433547768,0.008697341824455102,0.00262975264917369,0.010874680854785268,0.0009495678991879205,0.13086482060556529,0.4295846807619264
OnlineNews,original,39644,56,4,6,1982,940,20261746,SRS,0.018112213225620954,0.008845979385726909,0.00266275375877742,0.012082318741667208,0.0009542358925542616,0.14623752356468994,0.32790331862297606
OnlineNews,original,39644,56,4,6,1982,941,20261747,PCA-QS,0.023906828618305787,0.00906430585840946,0.002719710703709651,0.012506501223091604,0.0009609458151038685,0.15260754471621377,0.42504979948175553
OnlineNews,original,39644,56,4,6,1982,941,20261747,SRS,0.016369335093241028,0.00898948913825732,0.0027088754748695993,0.010344711927213979,0.0009573759394859747,0.1422696846271541,0.3518607044913439
OnlineNews,original,39644,56,4,6,1982,942,20261748,PCA-QS,0.016317636159924008,0.008972756968449383,0.002709946196242748,0.009866136887433541,0.0009609283170304334,0.1414350058193617,0.2715920083721351
OnlineNews,original,39644,56,4,6,1982,942,20261748,SRS,0.019255698653268587,0.008941890649946434,0.0026966379612631047,0.013670858319709822,0.000952433647259499,0.15217392641998678,0.2735124075019504
OnlineNews,original,39644,56,4,6,1982,943,20261749,PCA-QS,0.019210841661718523,0.008915980930179358,0.0026875021694622923,0.01136541421014492,0.0009469816697045844,0.15027181388678906,1.6919314510691856
OnlineNews,original,39644,56,4,6,1982,943,20261749,SRS,0.018204529561095955,0.009000262610949442,0.002705588788736453,0.011939222613943201,0.000946233828997155,0.14062202124355982,0.44907875383430274
OnlineNews,original,39644,56,4,6,1982,944,20261750,PCA-QS,0.010394549888380348,0.0088269052835499,0.002660992607561532,0.00939769432561377,0.0009572160326733735,0.14743198453265124,0.20150199975875993
OnlineNews,original,39644,56,4,6,1982,944,20261750,SRS,0.016240263760946342,0.008912748926566882,0.0026763720513915926,0.009746944946481761,0.0009586842145722411,0.15277632223792198,0.276356806793322
OnlineNews,original,39644,56,4,6,1982,945,20261751,PCA-QS,0.012668947599262858,0.008848067691623471,0.0026656660460913886,0.009064258355428123,0.0009537668427535243,0.14784988680633404,0.08975633491223925
OnlineNews,original,39644,56,4,6,1982,945,20261751,SRS,0.018587547183857762,0.009032986503912698,0.00271741358046514,0.011652071367338479,0.0009468589576703483,0.1764197909955916,0.13304743288231602
OnlineNews,original,39644,56,4,6,1982,946,20261752,PCA-QS,0.01718988531581798,0.009205913417033671,0.002754232358110144,0.008299729829259306,0.0009555354950276581,0.15251475191855363,0.3717750438901156
OnlineNews,original,39644,56,4,6,1982,946,20261752,SRS,0.01455725160007122,0.008854828100860057,0.002668909756667479,0.011530597073507565,0.0009580237090918866,0.1574168401912196,0.32838519539979616
OnlineNews,original,39644,56,4,6,1982,947,20261753,PCA-QS,0.012759301727492822,0.00839856726883631,0.0025567597383643,0.00897149455535029,0.0009530751421212384,0.13340097197268322,0.2402985684400853
OnlineNews,original,39644,56,4,6,1982,947,20261753,SRS,0.01881596308876462,0.00930802451570997,0.002777235950283984,0.013596995665594136,0.0009584498401482126,0.1552365302973579,0.3639383512434202
OnlineNews,original,39644,56,4,6,1982,948,20261754,PCA-QS,0.010215540164210635,0.008820439788722382,0.0026607225022467337,0.008748275648047255,0.0009423791315536197,0.12212896424164668,0.395140557861868
OnlineNews,original,39644,56,4,6,1982,948,20261754,SRS,0.014721830019954894,0.009184847354490365,0.0027467085285143174,0.009802293285888553,0.0009477300821924083,0.15238325593462357,0.2674888254904124
OnlineNews,original,39644,56,4,6,1982,949,20261755,PCA-QS,0.013579062619559693,0.009105384118532992,0.0027321015872676093,0.00963455532780344,0.0009527318695872247,0.1375206777639814,0.22977456717112887
OnlineNews,original,39644,56,4,6,1982,949,20261755,SRS,0.011728378729121596,0.009042621731812353,0.0027055527921526212,0.009137549979998383,0.0009486830580680908,0.14601355045332845,0.05300675381808237
OnlineNews,original,39644,56,4,6,1982,950,20261756,PCA-QS,0.011957630676934628,0.008731057354730516,0.002643676248021839,0.01088394720886221,0.0009555918231954788,0.14260058947099838,0.26752488399016233
OnlineNews,original,39644,56,4,6,1982,950,20261756,SRS,0.01648221531702542,0.00864937198399653,0.0026151459476111286,0.010631821843880118,0.0009546660366509725,0.13899130938771467,0.5974888329639493
OnlineNews,original,39644,56,4,6,1982,951,20261757,PCA-QS,0.010071137872544624,0.008524545256606087,0.0025874690844476015,0.009650157261361869,0.0009528579516460333,0.13966202792938956,0.14308091359477398
OnlineNews,original,39644,56,4,6,1982,951,20261757,SRS,0.017840457258802463,0.008665418707855994,0.002603306776467875,0.009042065290719492,0.0009568503623693238,0.15832444963822492,0.6779567601885745
OnlineNews,original,39644,56,4,6,1982,952,20261758,PCA-QS,0.012045130471352142,0.00889431062804424,0.002681334273558489,0.009538166844972551,0.000955761588147227,0.141470658778493,0.42796399092657633
OnlineNews,original,39644,56,4,6,1982,952,20261758,SRS,0.014031058731587425,0.008680323730653345,0.0026257938178439097,0.010488115809026866,0.0009542766968726481,0.15298142895758812,0.1074904575613975
OnlineNews,original,39644,56,4,6,1982,953,20261759,PCA-QS,0.012792427847493518,0.00888511749561314,0.0026826415548845176,0.009483161373934124,0.0009475660254179862,0.13714384352401657,0.20018611815702314
OnlineNews,original,39644,56,4,6,1982,953,20261759,SRS,0.017628212169116673,0.009099526419152083,0.0027226122815871786,0.010691219938594898,0.0009612810242482399,0.16670490331136364,0.29622926179977954
OnlineNews,original,39644,56,4,6,1982,954,20261760,PCA-QS,0.013245008079697801,0.008950550677752115,0.002700831329129527,0.009493866207218815,0.0009550652722174801,0.14239862683162302,0.23281159667756807
OnlineNews,original,39644,56,4,6,1982,954,20261760,SRS,0.014822270591749917,0.008680999965047764,0.002615854618912009,0.01042933495038767,0.0009529944343290915,0.14678787923339587,0.1235951891111563
OnlineNews,original,39644,56,4,6,1982,955,20261761,PCA-QS,0.015787894006399555,0.009126762053566478,0.002738449498430644,0.00867251469307817,0.0009600809889005565,0.16058907998283403,0.159705171495644
OnlineNews,original,39644,56,4,6,1982,955,20261761,SRS,0.01838723192650366,0.008674782481770168,0.0026219931623887613,0.008996728409744748,0.0009465464243527598,0.14488653911731972,0.10237784728955598
OnlineNews,original,39644,56,4,6,1982,956,20261762,PCA-QS,0.011265239364536434,0.008609002196058256,0.0026038315563727574,0.008850937291743577,0.0009528617237533641,0.1302733331840329,0.30708462100296313
OnlineNews,original,39644,56,4,6,1982,956,20261762,SRS,0.018425102316401567,0.008932617576983116,0.002682745176205844,0.010167892428944114,0.000951253015189375,0.16664126927067519,0.39441401256145453
OnlineNews,original,39644,56,4,6,1982,957,20261763,PCA-QS,0.01925107656951872,0.00910977424506432,0.0027315756802423763,0.009847275586302828,0.0009486520145556058,0.17316063557380892,0.09720736512810679
OnlineNews,original,39644,56,4,6,1982,957,20261763,SRS,0.014341015485145341,0.008581658724476564,0.0025969335871351145,0.010919536312490763,0.0009508723890663373,0.13782886186885354,0.2774636465886008
OnlineNews,original,39644,56,4,6,1982,958,20261764,PCA-QS,0.011998529044865699,0.008800620721760534,0.0026605064201641417,0.01169838636441689,0.0009566165837316306,0.12847148029195726,0.07828321159303701
OnlineNews,original,39644,56,4,6,1982,958,20261764,SRS,0.018269910977029936,0.009303730018788774,0.002785210002692522,0.012255166347133084,0.0009465696877969112,0.1694199983723077,0.3166831233476576
OnlineNews,original,39644,56,4,6,1982,959,20261765,PCA-QS,0.010998381495998652,0.008528626536774624,0.0025839583151342008,0.009971230564032041,0.0009619804899504131,0.14314708556430056,0.8233984629751436
OnlineNews,original,39644,56,4,6,1982,959,20261765,SRS,0.01761110960762483,0.009131175514801169,0.002740262465918281,0.008467540748167579,0.0009585843194357067,0.16421347340809506,0.29247479133075727
OnlineNews,original,39644,56,4,6,1982,960,20261766,PCA-QS,0.013793773256805881,0.008619749504314876,0.0026028490284825214,0.010595115976009595,0.0009533385909188541,0.14264196536155674,0.43334673320857375
OnlineNews,original,39644,56,4,6,1982,960,20261766,SRS,0.02187491963336283,0.008971137809711606,0.0026831108255745977,0.014012506170301364,0.0009508781022516603,0.1771241561287009,0.3562259244737847
OnlineNews,original,39644,56,4,6,1982,961,20261767,PCA-QS,0.011286239499455121,0.008630024449407754,0.0026052284779547567,0.010707382334771864,0.0009514249153575487,0.13384045860503707,0.28513579685805224
OnlineNews,original,39644,56,4,6,1982,961,20261767,SRS,0.017516029628794286,0.009061826051489827,0.002723622335178097,0.010971204719274041,0.000953354918360281,0.13931949030967905,0.3894798925659094
OnlineNews,original,39644,56,4,6,1982,962,20261768,PCA-QS,0.012660780303647772,0.008807964404886738,0.0026509501341363587,0.008935000493252687,0.0009464444285224547,0.1435426914333238,0.15112103054124087
OnlineNews,original,39644,56,4,6,1982,962,20261768,SRS,0.015397668577701223,0.008767239826862621,0.002648083624705541,0.01236472385222065,0.0009514232069139875,0.1431383767914062,0.6296643205490539
OnlineNews,original,39644,56,4,6,1982,963,20261769,PCA-QS,0.01270604493439573,0.008526055301767315,0.00258706163463699,0.01015819696715603,0.0009524101426874522,0.15832638265527954,0.17100760985080904
OnlineNews,original,39644,56,4,6,1982,963,20261769,SRS,0.01961708196956519,0.009155571849908478,0.00274704972259823,0.01183648024448658,0.0009584040917314785,0.17507604979008032,0.2345466688038318
OnlineNews,original,39644,56,4,6,1982,964,20261770,PCA-QS,0.0149784984945176,0.009082559528981137,0.002735517702853412,0.011677680511633426,0.0009417918279976402,0.15996671551433064,0.09124992651121464
OnlineNews,original,39644,56,4,6,1982,964,20261770,SRS,0.016999300784907124,0.009166058369111909,0.0027443022452370526,0.00935350945793978,0.0009608734650746536,0.16299012569466956,0.1722714452147867
OnlineNews,original,39644,56,4,6,1982,965,20261771,PCA-QS,0.013839885930946353,0.008654919058151413,0.002619345651955338,0.010516956932921318,0.0009576616973563869,0.15019291247942848,0.5656100484949026
OnlineNews,original,39644,56,4,6,1982,965,20261771,SRS,0.014582279214326822,0.00926235070719599,0.0027755696989877053,0.012080452409309217,0.0009522262915604675,0.1814947813385866,0.13980459674922158
OnlineNews,original,39644,56,4,6,1982,966,20261772,PCA-QS,0.020860749863601043,0.008560100751921288,0.002588181695319577,0.011618946013451037,0.0009497078518402234,0.1440806895245285,0.37656156446003525
OnlineNews,original,39644,56,4,6,1982,966,20261772,SRS,0.01510930953125496,0.008987766664402316,0.002709805020537686,0.010025134260986945,0.000953818629811119,0.13692480538757199,0.6737531858372328
OnlineNews,original,39644,56,4,6,1982,967,20261773,PCA-QS,0.011355610485691614,0.008943900287872479,0.0026889967976508984,0.008355858169773356,0.0009593065782291966,0.12455630006608204,0.17129794895924996
OnlineNews,original,39644,56,4,6,1982,967,20261773,SRS,0.011774962434545958,0.008780545556603682,0.00263759710652794,0.00851283491662791,0.0009547969899297066,0.14137493338981902,0.5015792689923192
OnlineNews,original,39644,56,4,6,1982,968,20261774,PCA-QS,0.022953033076946208,0.008902237302880651,0.002682177109098171,0.010914332911832858,0.0009526221281631029,0.16431296572632648,0.35438923873926576
OnlineNews,original,39644,56,4,6,1982,968,20261774,SRS,0.022098468142188764,0.008802135275555813,0.0026506619933599927,0.012407182104226422,0.0009540416644909983,0.1679704806488773,0.30854757392172133
OnlineNews,original,39644,56,4,6,1982,969,20261775,PCA-QS,0.008981727237498679,0.008918114154171769,0.0026858113861805513,0.009076942109473407,0.0009501273340600907,0.14358184969285612,0.14366176467305547
OnlineNews,original,39644,56,4,6,1982,969,20261775,SRS,0.013988401464542234,0.009097086302220522,0.002739977373740443,0.010124657217399857,0.0009575871772242727,0.15378574802261402,0.32806438274188043
OnlineNews,original,39644,56,4,6,1982,970,20261776,PCA-QS,0.010538217324203961,0.008585834263389257,0.002595471247256513,0.010519652717714933,0.0009534151201245815,0.14138037389866648,0.21132886663634756
OnlineNews,original,39644,56,4,6,1982,970,20261776,SRS,0.016760171679599516,0.009204119762210155,0.002750640916493115,0.012462933612981786,0.0009534461146371389,0.18968089370110833,0.317295771052414
OnlineNews,original,39644,56,4,6,1982,971,20261777,PCA-QS,0.01172922965505233,0.008948179531694878,0.0026944065249514836,0.009412319857085905,0.000956205306378146,0.1386578010467733,0.16093064617880518
OnlineNews,original,39644,56,4,6,1982,971,20261777,SRS,0.014665986582440177,0.008852371944457267,0.0026647221810533602,0.01166835383347653,0.00095323198313858,0.16544874328544076,0.287388190691343
OnlineNews,original,39644,56,4,6,1982,972,20261778,PCA-QS,0.013621924605755537,0.009031297342638519,0.002707386696644201,0.008972126793874935,0.0009555182129986775,0.15314421282639262,0.12030539167076619
OnlineNews,original,39644,56,4,6,1982,972,20261778,SRS,0.016413314122832624,0.009046889066679343,0.002711094497577539,0.009609073462792495,0.0009519579892177448,0.17380080613677956,0.15800782845856326
OnlineNews,original,39644,56,4,6,1982,973,20261779,PCA-QS,0.0122901855883467,0.008664981366924344,0.0026178204334569755,0.00967211796636036,0.0009528629440982575,0.14862045957071449,0.23061786099811477
OnlineNews,original,39644,56,4,6,1982,973,20261779,SRS,0.017342638489886483,0.008771081290714763,0.0026518009973511072,0.011525001015694869,0.0009500775390774578,0.18182040108432074,0.14960185782727836
OnlineNews,original,39644,56,4,6,1982,974,20261780,PCA-QS,0.010337209863430093,0.008660984775352343,0.0026262662964116603,0.010658879185051262,0.0009605537167707068,0.1371348364612035,0.1961120171193212
OnlineNews,original,39644,56,4,6,1982,974,20261780,SRS,0.018683089120271335,0.009040344944427112,0.002717169942720788,0.010326778370092882,0.0009564527079122065,0.15934821740171864,0.0783719352343676
OnlineNews,original,39644,56,4,6,1982,975,20261781,PCA-QS,0.014023880704647594,0.00866249579421102,0.0026220792323547342,0.009231806327042236,0.0009507221364661099,0.11545633779694686,0.09416876182636652
OnlineNews,original,39644,56,4,6,1982,975,20261781,SRS,0.016973245485130246,0.009520263884522167,0.0028384902362747493,0.013546120735139056,0.0009456020838191095,0.1593019551902317,0.27268464345149224
OnlineNews,original,39644,56,4,6,1982,976,20261782,PCA-QS,0.01576513335090951,0.008727497493096356,0.0026316165103123018,0.010219802651663557,0.0009575536712106035,0.16375374652867666,0.2668332808730371
OnlineNews,original,39644,56,4,6,1982,976,20261782,SRS,0.013928534578534527,0.008774750785297606,0.002649649036032655,0.009179479718476102,0.0009528420129123448,0.16059402874455717,0.23440468173079582
OnlineNews,original,39644,56,4,6,1982,977,20261783,PCA-QS,0.01751205816329583,0.008964370742599013,0.002703253497784024,0.011172624581325508,0.0009586233697742079,0.17689942848749654,0.15388802370841612
OnlineNews,original,39644,56,4,6,1982,977,20261783,SRS,0.02108007517949496,0.009054616609585191,0.002721559628488817,0.009871509896299813,0.0009534451144288062,0.15613806425542445,0.22395353615772692
OnlineNews,original,39644,56,4,6,1982,978,20261784,PCA-QS,0.010330433556463792,0.00887235647692935,0.0026651517397375895,0.010339840406521361,0.0009416144757519857,0.12715193055910193,0.4716929302393298
OnlineNews,original,39644,56,4,6,1982,978,20261784,SRS,0.020666477639692853,0.008736399608138845,0.0026466103110963546,0.013266828393062369,0.000950852861594932,0.1629337159129387,0.40884940624181815
OnlineNews,original,39644,56,4,6,1982,979,20261785,PCA-QS,0.011424098231218248,0.00905415341102407,0.0027186821008571573,0.00953320447944428,0.000950684141286386,0.17539787634071505,0.1221027928167295
OnlineNews,original,39644,56,4,6,1982,979,20261785,SRS,0.010462673276847563,0.00850698586623779,0.002571737362891231,0.009905365786870846,0.0009546679686107586,0.13272804062235752,0.18725017029760402
OnlineNews,original,39644,56,4,6,1982,980,20261786,PCA-QS,0.018306163151207738,0.00893164083419511,0.0026806488144065885,0.010137100011670341,0.0009546569798879114,0.15161416129179697,0.16344185701440447
OnlineNews,original,39644,56,4,6,1982,980,20261786,SRS,0.01568740552572061,0.009133919720623237,0.0027373630561246453,0.010299729784449596,0.0009583356740610615,0.1702743694241746,0.1585317422909095
OnlineNews,original,39644,56,4,6,1982,981,20261787,PCA-QS,0.018195651804227237,0.00891209661976724,0.002687378571218676,0.010795577194150141,0.00095704755409135,0.13276899873455525,0.21609538879611426
OnlineNews,original,39644,56,4,6,1982,981,20261787,SRS,0.014957534818509184,0.00857274539961175,0.002603006293558381,0.011558248789325987,0.0009548033035951373,0.15647734293701568,0.1431879167156025
OnlineNews,original,39644,56,4,6,1982,982,20261788,PCA-QS,0.014927951220175067,0.00895031822412669,0.0026957469845864867,0.010784355393314016,0.0009602523454890406,0.12503020596889763,0.1693972430023183
OnlineNews,original,39644,56,4,6,1982,982,20261788,SRS,0.02328026365385993,0.00927534761413637,0.002761002854965802,0.011719199348100062,0.0009497856742363313,0.19186890368836942,0.30492757175925267
OnlineNews,original,39644,56,4,6,1982,983,20261789,PCA-QS,0.013021114134781821,0.008748747355688057,0.00263935752583691,0.009326493092016719,0.0009598512573345067,0.13796760393468965,0.3611813515714622
OnlineNews,original,39644,56,4,6,1982,983,20261789,SRS,0.012609832885761356,0.008862814934038997,0.0026679389887369095,0.009580928124279353,0.0009573964171682226,0.12763333595887746,0.14557800494628376
OnlineNews,original,39644,56,4,6,1982,984,20261790,PCA-QS,0.012111146625134434,0.008736158713247077,0.0026318691100552416,0.00913603863825152,0.0009504636647750029,0.14094800560674012,0.20880620564401975
OnlineNews,original,39644,56,4,6,1982,984,20261790,SRS,0.010725751117670232,0.008575558588430203,0.002596457546032309,0.009431549656421012,0.0009539011514029664,0.13156885729543333,0.19251376048265254
OnlineNews,original,39644,56,4,6,1982,985,20261791,PCA-QS,0.022013452067460155,0.009140540827064916,0.002729683813539721,0.009916248371876435,0.0009529597893294606,0.18599664924498308,0.45374013326056967
OnlineNews,original,39644,56,4,6,1982,985,20261791,SRS,0.01813272945413937,0.00914881703052388,0.0027426176569277376,0.012831461875491001,0.0009604889167300135,0.16177594266632425,0.3554475449755875
OnlineNews,original,39644,56,4,6,1982,986,20261792,PCA-QS,0.013575606279117261,0.008660128324212533,0.002607795490695514,0.009461487192504947,0.000954786469380855,0.1464163477266917,0.40334777785326736
OnlineNews,original,39644,56,4,6,1982,986,20261792,SRS,0.01129974677545943,0.008665996249239088,0.002626251030361283,0.009609439517443974,0.0009444759755500207,0.12440104216197535,0.39994007581759117
OnlineNews,original,39644,56,4,6,1982,987,20261793,PCA-QS,0.010797448273255333,0.0091289234733302,0.0027265770083983584,0.009997411089379682,0.0009591981656747665,0.12913017732409138,0.4221562971358679
OnlineNews,original,39644,56,4,6,1982,987,20261793,SRS,0.012881465009282143,0.009057752189136363,0.002731810337906191,0.009942015600200804,0.0009531508980911542,0.1533256022633515,0.2409085246435134
OnlineNews,original,39644,56,4,6,1982,988,20261794,PCA-QS,0.0177989726029335,0.009174844391857057,0.0027571859283802495,0.01205346099134097,0.0009515763947207676,0.14535559964491387,0.17868339953419288
OnlineNews,original,39644,56,4,6,1982,988,20261794,SRS,0.01950293177998936,0.008991970230192601,0.0027035756202231126,0.01270762459999375,0.0009629086233253731,0.1631372299432535,0.37211606582661855
OnlineNews,original,39644,56,4,6,1982,989,20261795,PCA-QS,0.014089039212988676,0.00879114880325019,0.002650225929755849,0.009530125194318728,0.0009624741617241189,0.1394124466536786,0.08247253476857007
OnlineNews,original,39644,56,4,6,1982,989,20261795,SRS,0.01830264582957818,0.009011795279490588,0.0026947426463500975,0.013999327143322304,0.0009499019701948637,0.1758921147261821,0.2791271302640843
OnlineNews,original,39644,56,4,6,1982,990,20261796,PCA-QS,0.013513516574631552,0.008940682921476135,0.0026958485365216117,0.01065556765183473,0.0009535700359816826,0.15047815777892953,0.2857285334804891
OnlineNews,original,39644,56,4,6,1982,990,20261796,SRS,0.012441464451878563,0.009053225397854305,0.0027236095782955058,0.009109942722316688,0.0009569437770565298,0.16315464941785204,0.2996757462753169
OnlineNews,original,39644,56,4,6,1982,991,20261797,PCA-QS,0.01896036800073444,0.009309399101678733,0.0027827921524316754,0.011156923500440286,0.0009538728109523683,0.15530394714341503,0.20972767585582439
OnlineNews,original,39644,56,4,6,1982,991,20261797,SRS,0.019827667219463847,0.009122918295879917,0.0027371614777684018,0.014800484360350197,0.0009537000819554644,0.16690489518823998,0.22662361811531412
OnlineNews,original,39644,56,4,6,1982,992,20261798,PCA-QS,0.015466743427381358,0.008837694370828287,0.0026682771063294745,0.010070876862377176,0.0009436187313339598,0.15409071741941652,0.3131401277943724
OnlineNews,original,39644,56,4,6,1982,992,20261798,SRS,0.01936853810592628,0.0089137432436434,0.002683074353385607,0.011223008819751357,0.0009517154753414209,0.18235292530617883,0.28647529375310343
OnlineNews,original,39644,56,4,6,1982,993,20261799,PCA-QS,0.014296615892774764,0.008790534323162366,0.0026470747274555326,0.008826139905917074,0.0009467723819853246,0.13541544124206326,0.41700184835522397
OnlineNews,original,39644,56,4,6,1982,993,20261799,SRS,0.012877763614667557,0.00885701787571176,0.00267494638876776,0.01071968319069505,0.0009493183076720777,0.16882432100224087,0.10602020325319506
OnlineNews,original,39644,56,4,6,1982,994,20261800,PCA-QS,0.02486281163054085,0.009166450615924502,0.0027512893425758293,0.010183834251568769,0.0009462125293736381,0.15995501876199322,0.15794451481338287
OnlineNews,original,39644,56,4,6,1982,994,20261800,SRS,0.016842616645652505,0.00910314514782157,0.0027296737346643707,0.010631892666042475,0.0009464255771317548,0.1710994544479864,0.2679175142445712
OnlineNews,original,39644,56,4,6,1982,995,20261801,PCA-QS,0.017989749553441545,0.008967280563631231,0.002698779652348803,0.00993395268938535,0.0009530710936480639,0.15282456200569233,0.09706929656524362
OnlineNews,original,39644,56,4,6,1982,995,20261801,SRS,0.018472069525132806,0.00901092799909348,0.0027131949251693083,0.012274034576837067,0.000950442374443309,0.17080092190773094,0.2474278535475556
OnlineNews,original,39644,56,4,6,1982,996,20261802,PCA-QS,0.013805622577642365,0.008827836778673423,0.0026647800648795217,0.009944132058034683,0.000954737119157771,0.14463819292326596,0.06505211748455769
OnlineNews,original,39644,56,4,6,1982,996,20261802,SRS,0.021394312830668664,0.0091053415672637,0.00272975641333686,0.011239700164587418,0.0009427054795371746,0.17123736140143284,0.24289121915489054
OnlineNews,original,39644,56,4,6,1982,997,20261803,PCA-QS,0.01942012376126685,0.008907874883462579,0.0026753182355297666,0.011776505100300483,0.0009562065938200805,0.1594047155143626,0.3293770497913838
OnlineNews,original,39644,56,4,6,1982,997,20261803,SRS,0.017085275298858525,0.008694940090508868,0.0026317707565286126,0.011454745036022729,0.0009539328733242376,0.15433709231129283,0.1960427661697335
OnlineNews,original,39644,56,4,6,1982,998,20261804,PCA-QS,0.011707653395790909,0.00873170790724199,0.0026427820796664225,0.00900998888245752,0.0009492234965570374,0.129843196211153,0.18906366407869218
OnlineNews,original,39644,56,4,6,1982,998,20261804,SRS,0.011440707731107903,0.008946848010478051,0.0026852888620377165,0.010850903001488277,0.0009555675606047857,0.17715655986649578,0.1573759903500658
OnlineNews,original,39644,56,4,6,1982,999,20261805,PCA-QS,0.015430659467930343,0.008745283404161393,0.0026396600041035437,0.008624462810585598,0.0009527524775861492,0.1494004244520971,0.47288092525967274
OnlineNews,original,39644,56,4,6,1982,999,20261805,SRS,0.01905849218427427,0.009020657790842549,0.0027000664353788177,0.009848509117752258,0.0009579055258071236,0.140249070032045,0.28700294285260275
