dataset,rep,method,k,m,MSE,R2
CASP,0,SRS,3,11,27.081178400727644,0.28068278360124044
CASP,0,PCA-QS,3,11,26.9832433757443,0.2832840865621584
CASP,0,Leverage,3,11,27.834299900781197,0.2606787330753585
CASP,0,Coreset,3,11,27.049147807841635,0.2815335647811963
CASP,1,SRS,3,11,27.45962601445067,0.26309643038654573
CASP,1,PCA-QS,3,11,27.254036931088894,0.2686135969103405
CASP,1,Leverage,3,11,28.01002065512159,0.24832609902103198
CASP,1,Coreset,3,11,27.475860341631943,0.2626607677288002
CASP,2,SRS,3,11,27.39341304631282,0.2615420656510191
CASP,2,PCA-QS,3,11,27.10899943655777,0.2692091455583444
CASP,2,Leverage,3,11,27.763903546714353,0.2515545679573258
CASP,2,Coreset,3,11,27.070154528117936,0.2702563071806644
CASP,3,SRS,3,11,27.128244461238143,0.27548761556168366
CASP,3,PCA-QS,3,11,26.800191752592017,0.28424889941483733
CASP,3,Leverage,3,11,27.815441827707275,0.25713467704877413
CASP,3,Coreset,3,11,26.900918773085852,0.2815587889692599
CASP,4,SRS,3,11,26.933601939428485,0.28398160229768454
CASP,4,PCA-QS,3,11,26.997811618034167,0.28227461519304053
CASP,4,Leverage,3,11,27.8074858750745,0.2607497680711952
CASP,4,Coreset,3,11,27.13848438645764,0.27853488923757985
CASP,5,SRS,3,11,30.358520100638902,0.18104647536873197
CASP,5,PCA-QS,3,11,27.127204932474775,0.26821465541802214
CASP,5,Leverage,3,11,27.923895226437654,0.24672308329535175
CASP,5,Coreset,3,11,26.855667851957428,0.2755396583635078
CASP,6,SRS,3,11,27.25951059507684,0.2802803675344707
CASP,6,PCA-QS,3,11,27.56889360305986,0.2721118780812216
CASP,6,Leverage,3,11,28.354232318254944,0.25137696101476337
CASP,6,Coreset,3,11,27.401704494500333,0.27652609099766456
CASP,7,SRS,3,11,27.196119354292037,0.2761125117418318
CASP,7,PCA-QS,3,11,27.19821834470006,0.276056642267421
CASP,7,Leverage,3,11,28.30077668634094,0.2467095071783646
CASP,7,Coreset,3,11,27.090311915346653,0.2789288209446048
CASP,8,SRS,3,11,26.930346326884766,0.27578432042368417
CASP,8,PCA-QS,3,11,27.431572382503155,0.2623052598841379
CASP,8,Leverage,3,11,27.79346790341455,0.2525731009497083
CASP,8,Coreset,3,11,26.89189051090301,0.27681848109012475
CASP,9,SRS,3,11,26.377624312166088,0.2883652185674792
CASP,9,PCA-QS,3,11,26.47167331592754,0.28582789596997527
CASP,9,Leverage,3,11,27.755713404346025,0.2511861262314159
CASP,9,Coreset,3,11,26.309360610434286,0.2902068864859686
CASP,10,SRS,3,11,26.8557469722266,0.28030478290599603
CASP,10,PCA-QS,3,11,26.77223769547269,0.2825427108669991
CASP,10,Leverage,3,11,27.81437254188293,0.25461500268207726
CASP,10,Coreset,3,11,26.809452160637793,0.28154541696883517
CASP,11,SRS,3,11,27.227072242189685,0.2757976553913072
CASP,11,PCA-QS,3,11,27.253722904207493,0.2750887847589091
CASP,11,Leverage,3,11,27.862454516215504,0.25889736848277645
CASP,11,Coreset,3,11,27.23997840373883,0.2754543694011482
CASP,12,SRS,3,11,28.412125737166622,0.2374688455036421
CASP,12,PCA-QS,3,11,27.997590069561983,0.2485942489360573
CASP,12,Leverage,3,11,27.97899468644639,0.2490933160979657
CASP,12,Coreset,3,11,26.94106734068682,0.27694944853124115
CASP,13,SRS,3,11,27.222941240436196,0.2769229170041563
CASP,13,PCA-QS,3,11,27.13932003156914,0.27914400616752577
CASP,13,Leverage,3,11,27.92585116115512,0.2582527060745847
CASP,13,Coreset,3,11,27.236627526905195,0.27655939125542683
CASP,14,SRS,3,11,26.90936129293439,0.2866614009895385
CASP,14,PCA-QS,3,11,26.789565213516152,0.28983706787099617
CASP,14,Leverage,3,11,27.80294853910168,0.26297335178853554
CASP,14,Coreset,3,11,26.84827419010856,0.2882807552310984
CASP,15,SRS,3,11,27.248963816210733,0.2731488560969958
CASP,15,PCA-QS,3,11,27.700218216997317,0.2611118927975742
CASP,15,Leverage,3,11,27.910308352434665,0.2555078538221719
CASP,15,Coreset,3,11,27.71831938230826,0.26062905415457205
CASP,16,SRS,3,11,27.35618342436743,0.2654233933218685
CASP,16,PCA-QS,3,11,28.299041047325506,0.24010549197177677
CASP,16,Leverage,3,11,28.10148162905793,0.24541041791254348
CASP,16,Coreset,3,11,27.134023157631983,0.2713889087720929
CASP,17,SRS,3,11,27.483464221131793,0.2636422441892532
CASP,17,PCA-QS,3,11,27.265676688300054,0.2694773724550791
CASP,17,Leverage,3,11,28.22938189929003,0.24365705370930502
CASP,17,Coreset,3,11,27.18608664089041,0.2716098091895419
CASP,18,SRS,3,11,26.802351524549678,0.2811471651269245
CASP,18,PCA-QS,3,11,26.976355111938656,0.2764802995364899
CASP,18,Leverage,3,11,27.375077072417838,0.26578637175354614
CASP,18,Coreset,3,11,26.812060649467494,0.2808867614095524
CASP,19,SRS,3,11,27.987413511515115,0.24674449735868764
CASP,19,PCA-QS,3,11,26.971945519401753,0.2740748847308827
CASP,19,Leverage,3,11,28.674807041112995,0.22824393250882746
CASP,19,Coreset,3,11,27.08280688162277,0.27109115309419773
CASP,20,SRS,3,11,27.28375929544619,0.26931026299238214
CASP,20,PCA-QS,3,11,27.502169189269615,0.263461000574049
CASP,20,Leverage,3,11,27.99591972899526,0.2502378062146221
CASP,20,Coreset,3,11,27.295032925226316,0.2690083425169094
CASP,21,SRS,3,11,27.2264310169449,0.27950931676758395
CASP,21,PCA-QS,3,11,27.105763814773148,0.28270252247575633
CASP,21,Leverage,3,11,28.10989545985111,0.2561302738190284
CASP,21,Coreset,3,11,27.08710639059852,0.2831962522739282
CASP,22,SRS,3,11,26.99353906035436,0.2801322414669307
CASP,22,PCA-QS,3,11,27.088149698737226,0.2776091507364499
CASP,22,Leverage,3,11,27.825265755979277,0.2579516288857895
CASP,22,Coreset,3,11,26.89098380645893,0.28286720039848945
CASP,23,SRS,3,11,27.732315974462555,0.2679297095948334
CASP,23,PCA-QS,3,11,27.300506803148874,0.27932849308389784
CASP,23,Leverage,3,11,27.864044484815544,0.2644523754653091
CASP,23,Coreset,3,11,27.24701757384232,0.2807404875119166
CASP,24,SRS,3,11,27.011321150740113,0.2812479081714625
CASP,24,PCA-QS,3,11,26.85915071096503,0.2852970556119909
CASP,24,Leverage,3,11,27.83400269004809,0.2593569360865917
CASP,24,Coreset,3,11,26.99296180188081,0.28173643741901744
CASP,25,SRS,3,11,28.473188082162427,0.2456692842418312
CASP,25,PCA-QS,3,11,27.154622640916756,0.2806016005739086
CASP,25,Leverage,3,11,28.039316446402143,0.25716370139686895
CASP,25,Coreset,3,11,27.15227038303215,0.2806639181608477
CASP,26,SRS,3,11,26.983759095716717,0.2724912212103541
CASP,26,PCA-QS,3,11,26.7499606335131,0.2787946585156348
CASP,26,Leverage,3,11,27.65958489062656,0.25427029072452534
CASP,26,Coreset,3,11,26.923095543549074,0.2741267704530661
CASP,27,SRS,3,11,27.333542936187982,0.27166121468060345
CASP,27,PCA-QS,3,11,27.4560455270153,0.26839696941207225
CASP,27,Leverage,3,11,28.097292566238483,0.25131008496654594
CASP,27,Coreset,3,11,27.4554465155204,0.26841293087398743
CASP,28,SRS,3,11,27.00734662153449,0.2718097271543122
CASP,28,PCA-QS,3,11,27.433196685773783,0.2603276708525464
CASP,28,Leverage,3,11,28.03848889352215,0.24400737459803756
CASP,28,Coreset,3,11,26.968069121161754,0.27286875357826734
CASP,29,SRS,3,11,27.298533286659293,0.2765401596884035
CASP,29,PCA-QS,3,11,27.1814645350646,0.2796426904890442
CASP,29,Leverage,3,11,27.877221620343096,0.2612038863040138
CASP,29,Coreset,3,11,27.152172643572744,0.2804189778785018
CASP,30,SRS,3,11,27.050642753057392,0.2747177234099386
CASP,30,PCA-QS,3,11,26.82626241837159,0.2807338126189304
CASP,30,Leverage,3,11,27.77223198116702,0.2553704612060834
CASP,30,Coreset,3,11,26.897730551725353,0.27881760785678655
CASP,31,SRS,3,11,27.22734486640297,0.2715511838000584
CASP,31,PCA-QS,3,11,27.359861282577388,0.26800579856462803
CASP,31,Leverage,3,11,28.30651656524878,0.2426786899760005
CASP,31,Coreset,3,11,27.347256470461534,0.2683430316113782
CASP,32,SRS,3,11,27.339683973893095,0.27560464361241943
CASP,32,PCA-QS,3,11,27.360661950580383,0.2750488087712709
CASP,32,Leverage,3,11,28.33294204373898,0.24928716553996177
CASP,32,Coreset,3,11,27.400733708531078,0.2739870629438689
CASP,33,SRS,3,11,27.313850906206152,0.27177706088955
CASP,33,PCA-QS,3,11,27.59814293821219,0.2641974640094161
CASP,33,Leverage,3,11,27.941463798734866,0.2550440814649231
CASP,33,Coreset,3,11,27.20522327898425,0.2746732153071664
CASP,34,SRS,3,11,26.853114414680874,0.2780693991656018
CASP,34,PCA-QS,3,11,26.621762816478437,0.28428915437593116
CASP,34,Leverage,3,11,27.599652447343086,0.2579991517394442
CASP,34,Coreset,3,11,26.85370185136639,0.2780536062667678
CASP,35,SRS,3,11,27.026018116225547,0.2735501722592357
CASP,35,PCA-QS,3,11,27.211611958730302,0.2685614752807348
CASP,35,Leverage,3,11,28.074891072754777,0.24535683740258685
CASP,35,Coreset,3,11,27.12786133815851,0.27081266240071367
CASP,36,SRS,3,11,27.52380689104592,0.26075465998118663
CASP,36,PCA-QS,3,11,27.83823124433916,0.25230972578728805
CASP,36,Leverage,3,11,28.10633467529113,0.24510889732780716
CASP,36,Coreset,3,11,27.36323735978497,0.26506730024216296
CASP,37,SRS,3,11,27.350301946976348,0.2759922379566061
CASP,37,PCA-QS,3,11,27.632706904718198,0.26851651129585374
CASP,37,Leverage,3,11,28.822508924539523,0.2370204825018909
CASP,37,Coreset,3,11,27.298116367529996,0.27737367662076196
CASP,38,SRS,3,11,27.544053689930116,0.2700360121344819
CASP,38,PCA-QS,3,11,27.377077206108495,0.27446117124077385
CASP,38,Leverage,3,11,28.14144513082451,0.2542041290202173
CASP,38,Coreset,3,11,27.462854142121685,0.2721879374247229
CASP,39,SRS,3,11,27.239823931137465,0.27243568145653885
CASP,39,PCA-QS,3,11,26.787380911198646,0.2845202455239757
CASP,39,Leverage,3,11,27.898504433507064,0.2548426003831844
CASP,39,Coreset,3,11,26.615203727046136,0.28911902619059593
CASP,40,SRS,3,11,27.271515415747732,0.27506830874077737
CASP,40,PCA-QS,3,11,27.030027858075773,0.2814875333761677
CASP,40,Leverage,3,11,27.955576672503685,0.2568845856793648
CASP,40,Coreset,3,11,26.899174214593344,0.2849658862154224
CASP,41,SRS,3,11,27.178694342507356,0.27587988131756536
CASP,41,PCA-QS,3,11,27.346803960201964,0.2714009481214886
CASP,41,Leverage,3,11,27.910714266844824,0.2563767238881032
CASP,41,Coreset,3,11,27.091294157073825,0.27820847855816233
CASP,42,SRS,3,11,27.04204458616668,0.2785012554808364
CASP,42,PCA-QS,3,11,27.319320072547736,0.2711033712464389
CASP,42,Leverage,3,11,28.231388306936573,0.24676881755059954
CASP,42,Coreset,3,11,27.092424061565346,0.27715709941549704
CASP,43,SRS,3,11,27.010308531285553,0.28037171372963376
CASP,43,PCA-QS,3,11,26.80223319625234,0.28591540815251104
CASP,43,Leverage,3,11,27.53642070852082,0.2663546504276262
CASP,43,Coreset,3,11,26.839495602870493,0.28492263601198287
CASP,44,SRS,3,11,26.99622176954325,0.28034284662857456
CASP,44,PCA-QS,3,11,27.05512044424883,0.27877274348829784
CASP,44,Leverage,3,11,27.901159039346062,0.2562193012996973
CASP,44,Coreset,3,11,27.0269717190589,0.2795231237309166
CASP,45,SRS,3,11,26.989193895152415,0.2802607367932958
CASP,45,PCA-QS,3,11,27.157188632296254,0.27578070642246544
CASP,45,Leverage,3,11,27.79277213052718,0.25883116726615774
CASP,45,Coreset,3,11,27.06878413727216,0.2781382494583925
CASP,46,SRS,3,11,27.22483703500907,0.2641892304469753
CASP,46,PCA-QS,3,11,28.37048845942754,0.23322549482729604
CASP,46,Leverage,3,11,27.940198101688946,0.2448550329160546
CASP,46,Coreset,3,11,27.037541429178166,0.26925130386482976
CASP,47,SRS,3,11,27.559494499760845,0.26619531384870365
CASP,47,PCA-QS,3,11,26.918725910914873,0.2832565481626279
CASP,47,Leverage,3,11,27.93030015333645,0.2563221673638312
CASP,47,Coreset,3,11,26.90221428348596,0.2836961901010323
CASP,48,SRS,3,11,27.24648745490787,0.27519983076122245
CASP,48,PCA-QS,3,11,27.242192213583827,0.27531409105417737
CASP,48,Leverage,3,11,28.024677690500194,0.2544987251456551
CASP,48,Coreset,3,11,27.14485216621964,0.2779034920887157
CASP,49,SRS,3,11,29.596664920933957,0.21579187853077497
CASP,49,PCA-QS,3,11,26.917734651473076,0.286774162506799
CASP,49,Leverage,3,11,27.88362348774333,0.26118148603926106
CASP,49,Coreset,3,11,26.940416054294406,0.2861731846484382
CASP,50,SRS,3,11,27.065305926375885,0.2797097006397621
CASP,50,PCA-QS,3,11,28.020570679291016,0.2542871934374702
CASP,50,Leverage,3,11,28.491194183256688,0.24176246729990059
CASP,50,Coreset,3,11,27.089296267803164,0.2790712445197605
CASP,51,SRS,3,11,27.377763482323708,0.2645959747471299
CASP,51,PCA-QS,3,11,27.336245914329186,0.2657111931849544
CASP,51,Leverage,3,11,28.073225445141812,0.24591491896268258
CASP,51,Coreset,3,11,27.25119520236598,0.26799577117719053
CASP,52,SRS,3,11,28.0180645102056,0.2523069737744348
CASP,52,PCA-QS,3,11,27.16470526845822,0.2750798085534839
CASP,52,Leverage,3,11,28.24413426075509,0.24627405255445411
CASP,52,Coreset,3,11,27.102144608943874,0.27674930891522054
CASP,53,SRS,3,11,27.02033980684307,0.2856471540297375
CASP,53,PCA-QS,3,11,26.962355947889026,0.28718010790671533
CASP,53,Leverage,3,11,27.93824745911402,0.261379881729499
CASP,53,Coreset,3,11,26.76475093339651,0.29240430958181696
CASP,54,SRS,3,11,27.131163530784136,0.26923825554468395
CASP,54,PCA-QS,3,11,27.05911509992618,0.27117883715517366
CASP,54,Leverage,3,11,28.512540745455873,0.23203168229916238
CASP,54,Coreset,3,11,27.075598819426798,0.27073485797957675
CASP,55,SRS,3,11,29.947664496474605,0.20577871319291996
CASP,55,PCA-QS,3,11,27.541656420265074,0.2695867884630403
CASP,55,Leverage,3,11,28.17775989571394,0.25271712836407234
CASP,55,Coreset,3,11,27.535918749304383,0.2697389532642124
CASP,56,SRS,3,11,27.762990959076205,0.2637617246846855
CASP,56,PCA-QS,3,11,27.895153259504205,0.2602569530168114
CASP,56,Leverage,3,11,27.94654054824255,0.25889422920619554
CASP,56,Coreset,3,11,27.228457409192814,0.2779368565875997
CASP,57,SRS,3,11,27.42890487118414,0.27244314935279645
CASP,57,PCA-QS,3,11,27.400774268726337,0.27318931886365116
CASP,57,Leverage,3,11,28.304627214131973,0.24921444981598528
CASP,57,Coreset,3,11,27.390358755523582,0.27346559230654865
CASP,58,SRS,3,11,27.11691744860815,0.27827175645863245
CASP,58,PCA-QS,3,11,27.067043108399716,0.27959918314806487
CASP,58,Leverage,3,11,28.403591426558283,0.2440263835516172
CASP,58,Coreset,3,11,27.015945285036576,0.2809591733598785
CASP,59,SRS,3,11,27.058126551508504,0.28028426815881036
CASP,59,PCA-QS,3,11,27.257428468212595,0.274983061345213
CASP,59,Leverage,3,11,28.07534515175196,0.2532273975390714
CASP,59,Coreset,3,11,27.0988748759211,0.27920040856231965
CASP,60,SRS,3,11,27.197671791282005,0.27235762011282205
CASP,60,PCA-QS,3,11,27.135633857023088,0.27401737358267286
CASP,60,Leverage,3,11,28.29065984883637,0.24311598364149545
CASP,60,Coreset,3,11,27.134057853893754,0.27405953773100655
CASP,61,SRS,3,11,27.214418969831964,0.27427361733524125
CASP,61,PCA-QS,3,11,26.886660400565333,0.28301394874282815
CASP,61,Leverage,3,11,27.851830500310832,0.2572757764187761
CASP,61,Coreset,3,11,26.799634256890613,0.28533467322775385
CASP,62,SRS,3,11,27.223406962934735,0.26554800262641587
CASP,62,PCA-QS,3,11,27.221211479011252,0.2656072339178922
CASP,62,Leverage,3,11,27.93214339023943,0.24642721861308248
CASP,62,Coreset,3,11,27.339991540591416,0.26240270284672673
CASP,63,SRS,3,11,27.00012317323439,0.2794760097902458
CASP,63,PCA-QS,3,11,27.288580765969854,0.2717782443248611
CASP,63,Leverage,3,11,27.864378416672142,0.2564125358732535
CASP,63,Coreset,3,11,27.054272359615496,0.2780309872032154
CASP,64,SRS,3,11,26.937609268063223,0.2750545427995186
CASP,64,PCA-QS,3,11,26.909211837224035,0.2758187750028359
CASP,64,Leverage,3,11,27.754882887031705,0.25306005949310906
CASP,64,Coreset,3,11,27.058626313411697,0.2717977297543752
CASP,65,SRS,3,11,27.26038317984205,0.2767408688448362
CASP,65,PCA-QS,3,11,27.152413918997198,0.2796054563774082
CASP,65,Leverage,3,11,27.917192270797972,0.25931473182667175
CASP,65,Coreset,3,11,27.28096393418496,0.2761948303535072
CASP,66,SRS,3,11,27.228620789690126,0.274455430476211
CASP,66,PCA-QS,3,11,27.318720370194615,0.27205460151552574
CASP,66,Leverage,3,11,27.753449910668948,0.26047062670685117
CASP,66,Coreset,3,11,27.239810111026674,0.27415727540640056
CASP,67,SRS,3,11,26.89982592705026,0.2840880364856556
CASP,67,PCA-QS,3,11,27.059681981982443,0.2798336274617268
CASP,67,Leverage,3,11,28.07803382482097,0.25273121165680323
CASP,67,Coreset,3,11,26.931744006610224,0.28323856872064657
CASP,68,SRS,3,11,27.09184732666124,0.27658173832164923
CASP,68,PCA-QS,3,11,27.28632685556967,0.271388661561745
CASP,68,Leverage,3,11,27.87853036130862,0.25557538661168666
CASP,68,Coreset,3,11,27.010592186093792,0.2787514483393152
CASP,69,SRS,3,11,26.73127524584249,0.27801436676039015
CASP,69,PCA-QS,3,11,28.85353262306429,0.22069426802588532
CASP,69,Leverage,3,11,27.8685615888344,0.2472973735392201
CASP,69,Coreset,3,11,26.72442243752714,0.27819945441915406
CASP,70,SRS,3,11,26.85404086477581,0.28358395246756196
CASP,70,PCA-QS,3,11,26.93503282511979,0.28142323705032857
CASP,70,Leverage,3,11,27.610091336340606,0.263413926909734
CASP,70,Coreset,3,11,27.04393517218179,0.27851792423569366
CASP,71,SRS,3,11,28.316926708734993,0.23952848228520796
CASP,71,PCA-QS,3,11,27.041946694446445,0.27376899138053123
CASP,71,Leverage,3,11,28.16414309535255,0.2436315965654401
CASP,71,Coreset,3,11,27.021756897267956,0.2743112029651642
CASP,72,SRS,3,11,26.620747239010033,0.28403905229023396
CASP,72,PCA-QS,3,11,26.7121177605122,0.2815816560128085
CASP,72,Leverage,3,11,27.554647152137274,0.2589219561822468
CASP,72,Coreset,3,11,26.634170058375126,0.28367804760515547
CASP,73,SRS,3,11,27.135588333618678,0.27092350779114815
CASP,73,PCA-QS,3,11,26.95109589586725,0.27588043364442794
CASP,73,Leverage,3,11,27.804397894700397,0.2529539940015728
CASP,73,Coreset,3,11,26.757285788700266,0.28108770578279785
CASP,74,SRS,3,11,26.92375974775009,0.2802530514064735
CASP,74,PCA-QS,3,11,26.933308108716936,0.2799977971725053
CASP,74,Leverage,3,11,27.783859082979525,0.25726020502028335
CASP,74,Coreset,3,11,26.948088247701836,0.27960268296728874
CASP,75,SRS,3,11,26.6162796198945,0.2795415045287948
CASP,75,PCA-QS,3,11,26.61339975399352,0.2796194577169867
CASP,75,Leverage,3,11,27.54054134071385,0.2545232743962329
CASP,75,Coreset,3,11,26.611037474670727,0.27968340069591113
CASP,76,SRS,3,11,27.578954887580764,0.27620866600567895
CASP,76,PCA-QS,3,11,27.628152728097586,0.2749175013925722
CASP,76,Leverage,3,11,28.777465920725614,0.24475454082135362
CASP,76,Coreset,3,11,27.514196064131838,0.27790821826946344
CASP,77,SRS,3,11,27.988479110524853,0.24956420642563515
CASP,77,PCA-QS,3,11,27.159087224008008,0.2718021192498571
CASP,77,Leverage,3,11,28.149056647013545,0.24525875165085986
CASP,77,Coreset,3,11,26.701773935847815,0.28406374514804844
CASP,78,SRS,3,11,27.16355174470795,0.27828188287710254
CASP,78,PCA-QS,3,11,27.11935040359816,0.2794562841107806
CASP,78,Leverage,3,11,28.09437806542444,0.25355042559678487
CASP,78,Coreset,3,11,27.161177397913065,0.27834496774591144
CASP,79,SRS,3,11,28.73567749704759,0.2292649353848658
CASP,79,PCA-QS,3,11,27.094724668343186,0.27327781396035167
CASP,79,Leverage,3,11,27.66577395232531,0.2579613939165365
CASP,79,Coreset,3,11,27.025702313033666,0.2751290996829465
CASP,80,SRS,3,11,27.867504626038745,0.2631797305120406
CASP,80,PCA-QS,3,11,27.59911406278889,0.270276010203944
CASP,80,Leverage,3,11,28.25698275649036,0.2528818805649419
CASP,80,Coreset,3,11,27.706847105671294,0.26742753522369056
CASP,81,SRS,3,11,27.39614541238674,0.26348641133909445
CASP,81,PCA-QS,3,11,27.304604650324283,0.2659473785357751
CASP,81,Leverage,3,11,28.155366086545403,0.2430756442441977
CASP,81,Coreset,3,11,26.8573865142031,0.2779703193324
CASP,82,SRS,3,11,27.459519373369343,0.26934341894908953
CASP,82,PCA-QS,3,11,27.553478611699813,0.26684330469351136
CASP,82,Leverage,3,11,28.18365801169743,0.2500751770511347
CASP,82,Coreset,3,11,27.570396387468193,0.26639314808174275
CASP,83,SRS,3,11,27.817910333455437,0.2590904211651932
CASP,83,PCA-QS,3,11,26.719526414206847,0.28834506888151246
CASP,83,Leverage,3,11,27.541111236624854,0.2664627614954429
CASP,83,Coreset,3,11,26.804740964299125,0.2860754420237561
CASP,84,SRS,3,11,26.95776299535772,0.27560384480307143
CASP,84,PCA-QS,3,11,26.81752517826126,0.2793722485662241
CASP,84,Leverage,3,11,27.931458513340306,0.24943916304959912
CASP,84,Coreset,3,11,26.88846087607041,0.2774660983130296
CASP,85,SRS,3,11,29.754807927730397,0.20275736581391213
CASP,85,PCA-QS,3,11,27.26430882756074,0.26948715509300514
CASP,85,Leverage,3,11,27.548275347360107,0.26187862954596197
CASP,85,Coreset,3,11,26.970213343069684,0.2773670735024052
CASP,86,SRS,3,11,26.275807179998726,0.28786252206191887
CASP,86,PCA-QS,3,11,26.28649006834326,0.28757299013200877
CASP,86,Leverage,3,11,27.061459655663118,0.2665694531669188
CASP,86,Coreset,3,11,26.21803213207344,0.28942836461188937
CASP,87,SRS,3,11,26.936555745819554,0.281237935899753
CASP,87,PCA-QS,3,11,26.679370256532845,0.28810054947517405
CASP,87,Leverage,3,11,27.54635394230654,0.2649663748832851
CASP,87,Coreset,3,11,26.618121077137996,0.28973489304239575
CASP,88,SRS,3,11,27.445974806777947,0.2654730817150118
CASP,88,PCA-QS,3,11,27.513029737304674,0.26367851432134626
CASP,88,Leverage,3,11,28.092971321531177,0.24815774278212555
CASP,88,Coreset,3,11,27.372001849119226,0.26745279382245235
CASP,89,SRS,3,11,26.844678965303487,0.2758502959756539
CASP,89,PCA-QS,3,11,27.590822382860523,0.25572267456949005
CASP,89,Leverage,3,11,27.642134238182646,0.2543385095775196
CASP,89,Coreset,3,11,26.74918348606186,0.2784263380701735
CASP,90,SRS,3,11,27.22208679155312,0.27929515297811536
CASP,90,PCA-QS,3,11,28.142073792419534,0.2549384937771283
CASP,90,Leverage,3,11,28.015820635348234,0.258281046570742
CASP,90,Coreset,3,11,27.12765491699267,0.2817952372012763
CASP,91,SRS,3,11,29.646322526674762,0.2002288910293668
CASP,91,PCA-QS,3,11,27.195438297625103,0.2663465822223303
CASP,91,Leverage,3,11,27.705058724827737,0.2525985130022369
CASP,91,Coreset,3,11,27.101671760578864,0.26887612925975224
CASP,92,SRS,3,11,26.759580872445248,0.2857636361255077
CASP,92,PCA-QS,3,11,26.784182938401713,0.28510698570126125
CASP,92,Leverage,3,11,28.03691927829701,0.25167036901562434
CASP,92,Coreset,3,11,26.95766347410134,0.28047664012104756
CASP,93,SRS,3,11,27.294894195601863,0.27448386595859064
CASP,93,PCA-QS,3,11,27.3849380527998,0.27209044136055904
CASP,93,Leverage,3,11,28.129219357524658,0.2523069576447553
CASP,93,Coreset,3,11,27.335155730140833,0.2734136880461957
CASP,94,SRS,3,11,26.938666166901513,0.2764008365730476
CASP,94,PCA-QS,3,11,26.972344940815574,0.27549619146261517
CASP,94,Leverage,3,11,27.96948759363836,0.24871195556431314
CASP,94,Coreset,3,11,26.805217948988957,0.27998538742809276
CASP,95,SRS,3,11,26.743960872939077,0.27946601559362005
CASP,95,PCA-QS,3,11,26.600412171459805,0.28333349499671334
CASP,95,Leverage,3,11,27.701374657891073,0.2536714381757673
CASP,95,Coreset,3,11,26.50248509490927,0.2859718396676263
CASP,96,SRS,3,11,27.083779470555516,0.2779072147638293
CASP,96,PCA-QS,3,11,27.145073759467834,0.27627302025091494
CASP,96,Leverage,3,11,28.042471261244096,0.25234710318213616
CASP,96,Coreset,3,11,27.26546126822043,0.27306331491428293
CASP,97,SRS,3,11,27.37539618473006,0.26829731768910003
CASP,97,PCA-QS,3,11,27.237611630675506,0.2719800891493708
CASP,97,Leverage,3,11,27.931850646970744,0.25342413668167796
CASP,97,Coreset,3,11,27.416522440286617,0.2671980754607475
CASP,98,SRS,3,11,27.218859998052224,0.2727317754194494
CASP,98,PCA-QS,3,11,27.306246505961834,0.2703968712219825
CASP,98,Leverage,3,11,28.227371587455696,0.24578507621357304
CASP,98,Coreset,3,11,27.207563335303504,0.2730336140659443
CASP,99,SRS,3,11,27.12820791973228,0.2751547683012986
CASP,99,PCA-QS,3,11,27.131242615988604,0.2750736835087624
CASP,99,Leverage,3,11,27.976073013756423,0.25250045319336445
CASP,99,Coreset,3,11,27.135425548233837,0.27496191871761044
CASP,100,SRS,3,11,27.578585148263436,0.26994817580022146
CASP,100,PCA-QS,3,11,27.499121594942903,0.27205171054455923
CASP,100,Leverage,3,11,28.46157022370565,0.246574066446814
CASP,100,Coreset,3,11,27.642169120986605,0.2682650004296625
CASP,101,SRS,3,11,27.26570640120513,0.2678975755007714
CASP,101,PCA-QS,3,11,26.986712444517337,0.2753887495457885
CASP,101,Leverage,3,11,27.64350143895514,0.2577535264513642
CASP,101,Coreset,3,11,27.337866158356505,0.2659600378340612
CASP,102,SRS,3,11,27.221016688802653,0.27402739911541807
CASP,102,PCA-QS,3,11,27.11946793768934,0.27673565986133786
CASP,102,Leverage,3,11,28.109801553836764,0.2503238957719488
CASP,102,Coreset,3,11,27.142899057717322,0.27611076214562
CASP,103,SRS,3,11,27.108338014654393,0.2718012729016991
CASP,103,PCA-QS,3,11,27.39280421922069,0.2641597890174535
CASP,103,Leverage,3,11,28.139270682055315,0.2441078062008052
CASP,103,Coreset,3,11,26.65347900217231,0.28401993985647833
CASP,104,SRS,3,11,28.145445074114097,0.2500477763810094
CASP,104,PCA-QS,3,11,27.35056354393671,0.27122787033583784
CASP,104,Leverage,3,11,27.765777695959784,0.26016424082961365
CASP,104,Coreset,3,11,27.49343183094498,0.26742105934939386
CASP,105,SRS,3,11,27.03214374526607,0.28641617863321744
CASP,105,PCA-QS,3,11,27.08395356439497,0.28504852355315013
CASP,105,Leverage,3,11,27.677089172974117,0.26939116473813796
CASP,105,Coreset,3,11,27.088290456055944,0.2849340400052135
CASP,106,SRS,3,11,27.15854871077578,0.2738744394618262
CASP,106,PCA-QS,3,11,27.365727562822137,0.2683351942806531
CASP,106,Leverage,3,11,28.031533453286144,0.2505338500125416
CASP,106,Coreset,3,11,27.183891080593625,0.27319687223666556
CASP,107,SRS,3,11,26.391299535612674,0.28945334902662767
CASP,107,PCA-QS,3,11,26.45364220926989,0.2877748648761944
CASP,107,Leverage,3,11,27.308193948183455,0.2647673250106738
CASP,107,Coreset,3,11,26.526462294608287,0.285814291934685
CASP,108,SRS,3,11,27.113595378323957,0.27610322490199946
CASP,108,PCA-QS,3,11,27.246365856641216,0.2725584305012201
CASP,108,Leverage,3,11,28.16063227430435,0.24814873853333552
CASP,108,Coreset,3,11,27.025714223551923,0.27844953433251585
CASP,109,SRS,3,11,26.979183544533278,0.2759052048333557
CASP,109,PCA-QS,3,11,28.08092025185262,0.24633567341676754
CASP,109,Leverage,3,11,27.70911452952693,0.2563145739237016
CASP,109,Coreset,3,11,27.08601094172713,0.2730380623877148
CASP,110,SRS,3,11,27.389687782399353,0.2677270200379319
CASP,110,PCA-QS,3,11,28.449214552987026,0.23940019748297048
CASP,110,Leverage,3,11,28.714794084667545,0.23229983487111205
CASP,110,Coreset,3,11,27.398346102057186,0.26749553680279337
CASP,111,SRS,3,11,27.32886400867938,0.26243166578346144
CASP,111,PCA-QS,3,11,27.212007705462536,0.265585456181737
CASP,111,Leverage,3,11,28.366884758776564,0.2344169178858455
CASP,111,Coreset,3,11,27.115265165017295,0.268196403873577
CASP,112,SRS,3,11,27.12152692196495,0.2814537739942481
CASP,112,PCA-QS,3,11,27.543002166254198,0.27028738771333327
CASP,112,Leverage,3,11,28.234140345707097,0.25197666605215086
CASP,112,Coreset,3,11,27.08249568020395,0.2824878511516433
CASP,113,SRS,3,11,27.04299290855716,0.2759905944690123
CASP,113,PCA-QS,3,11,26.99293821520158,0.2773306853717814
CASP,113,Leverage,3,11,28.066013367938535,0.24860174601029095
CASP,113,Coreset,3,11,27.106405608977017,0.2742928758884787
CASP,114,SRS,3,11,27.63431570916532,0.26413388109093927
CASP,114,PCA-QS,3,11,27.504433672012325,0.2675924719097478
CASP,114,Leverage,3,11,28.226677295893214,0.24836005747236856
CASP,114,Coreset,3,11,27.346131938729705,0.2718078425132118
CASP,115,SRS,3,11,27.04944967532897,0.2744679388006058
CASP,115,PCA-QS,3,11,28.202850456537394,0.24353092321531689
CASP,115,Leverage,3,11,28.33385043395709,0.24001718505150238
CASP,115,Coreset,3,11,26.98303164507607,0.27624943199061847
CASP,116,SRS,3,11,27.34691271364488,0.2726433533983439
CASP,116,PCA-QS,3,11,27.479793140397685,0.26910908016560364
CASP,116,Leverage,3,11,28.143382091488366,0.2514593425428847
CASP,116,Coreset,3,11,27.515096783804303,0.2681700952077789
CASP,117,SRS,3,11,27.218389224477423,0.27278445376325633
CASP,117,PCA-QS,3,11,27.110357410350055,0.2756708264311485
CASP,117,Leverage,3,11,27.936102141683442,0.2536087418273799
CASP,117,Coreset,3,11,27.05274132323984,0.27721020166435284
CASP,118,SRS,3,11,27.33068453970894,0.2703169727953024
CASP,118,PCA-QS,3,11,27.838463318671447,0.2567601386792254
CASP,118,Leverage,3,11,28.020179422544388,0.25190862621259824
CASP,118,Coreset,3,11,27.22717857500473,0.27308040689624424
CASP,119,SRS,3,11,27.216971337147104,0.26654691181542545
CASP,119,PCA-QS,3,11,27.330041537779763,0.2634998539040815
CASP,119,Leverage,3,11,27.516850481812114,0.2584656568509355
CASP,119,Coreset,3,11,27.21310489511246,0.2666511061365153
CASP,120,SRS,3,11,27.181736475432142,0.2741171037873099
CASP,120,PCA-QS,3,11,27.037605709216354,0.27796608739101125
CASP,120,Leverage,3,11,28.015823665588023,0.2518429703510049
CASP,120,Coreset,3,11,27.27505114767058,0.2716251539221938
CASP,121,SRS,3,11,27.098408659216517,0.28126604109052367
CASP,121,PCA-QS,3,11,26.880740968880946,0.2870392642627396
CASP,121,Leverage,3,11,28.232105641393943,0.2511968761276957
CASP,121,Coreset,3,11,27.154995036292355,0.27976519462652927
CASP,122,SRS,3,11,27.55473120663493,0.27218586443622506
CASP,122,PCA-QS,3,11,27.52300485189252,0.2730238653326328
CASP,122,Leverage,3,11,28.076971030759392,0.25839173509771785
CASP,122,Coreset,3,11,27.519587121601397,0.27311413920969474
CASP,123,SRS,3,11,27.274175932474787,0.2788263237667715
CASP,123,PCA-QS,3,11,27.335761315201996,0.27719790584596704
CASP,123,Leverage,3,11,28.355596968929607,0.25023178854242867
CASP,123,Coreset,3,11,27.29100313270372,0.27838138515964883
CASP,124,SRS,3,11,27.360274488428743,0.270915157307246
CASP,124,PCA-QS,3,11,27.52183596174375,0.26660993656076193
CASP,124,Leverage,3,11,28.19902924824097,0.248564380732467
CASP,124,Coreset,3,11,27.512242991779843,0.26686556590395627
CASP,125,SRS,3,11,27.378603579957282,0.2686163713287675
CASP,125,PCA-QS,3,11,27.05446140356777,0.27727540612872725
CASP,125,Leverage,3,11,28.185455101102722,0.2470623869697458
CASP,125,Coreset,3,11,27.171131402216638,0.27415871952637105
CASP,126,SRS,3,11,27.604757620662664,0.2650288726709161
CASP,126,PCA-QS,3,11,27.30463253740281,0.27301964273361434
CASP,126,Leverage,3,11,28.24275312817703,0.2480423704225596
CASP,126,Coreset,3,11,27.220039644404412,0.2752719115195037
CASP,127,SRS,3,11,27.400230224319657,0.26510824417089696
CASP,127,PCA-QS,3,11,27.521579416951806,0.26185358096143496
CASP,127,Leverage,3,11,28.203349885092237,0.2435680595514924
CASP,127,Coreset,3,11,27.348924440291025,0.26648429821862996
CASP,128,SRS,3,11,27.022016561968513,0.2764978755903468
CASP,128,PCA-QS,3,11,26.870694092303506,0.2805494654493965
CASP,128,Leverage,3,11,27.610978446752426,0.26072869071621707
CASP,128,Coreset,3,11,27.007541669472435,0.27688543421120315
CASP,129,SRS,3,11,27.14612575944627,0.2795445722620181
CASP,129,PCA-QS,3,11,27.214063000894832,0.27774152475605396
CASP,129,Leverage,3,11,28.003086566424674,0.2568009192554205
CASP,129,Coreset,3,11,27.176970072544268,0.27872596731694355
CASP,130,SRS,3,11,27.33487041281921,0.2698264766100591
CASP,130,PCA-QS,3,11,27.038123083340185,0.27775323974629995
CASP,130,Leverage,3,11,27.892028694856112,0.2549435735731388
CASP,130,Coreset,3,11,27.089030430805945,0.2763933943655047
CASP,131,SRS,3,11,27.13758644396201,0.27940827171316673
CASP,131,PCA-QS,3,11,26.996198924000417,0.28316257306114023
CASP,131,Leverage,3,11,28.014371387817743,0.2561267621605937
CASP,131,Coreset,3,11,27.281951327194424,0.2755749116268825
CASP,132,SRS,3,11,27.350906267996027,0.26760287177515696
CASP,132,PCA-QS,3,11,29.83308433402067,0.20113560120334562
CASP,132,Leverage,3,11,27.524955101686604,0.26294222672314926
CASP,132,Coreset,3,11,26.91721832690384,0.27921608120556374
CASP,133,SRS,3,11,28.159192676888697,0.251993263526071
CASP,133,PCA-QS,3,11,27.07241263355302,0.2808619460486246
CASP,133,Leverage,3,11,28.183061798262955,0.251359216101966
CASP,133,Coreset,3,11,27.00948320593095,0.2825335719479847
CASP,134,SRS,3,11,26.88328386011743,0.27874298457044655
CASP,134,PCA-QS,3,11,26.716938383754947,0.28320590072442897
CASP,134,Leverage,3,11,27.604599950146383,0.25939065049613286
CASP,134,Coreset,3,11,26.835788915018174,0.28001723597992934
CASP,135,SRS,3,11,26.546964470867415,0.281716177739315
CASP,135,PCA-QS,3,11,26.676017672260773,0.2782243726075634
CASP,135,Leverage,3,11,27.552105181165672,0.2545199869245366
CASP,135,Coreset,3,11,26.548115795901005,0.2816850262249224
CASP,136,SRS,3,11,27.323945018048793,0.26973764893764385
CASP,136,PCA-QS,3,11,27.03902099119594,0.27735255555476224
CASP,136,Leverage,3,11,27.8286525811362,0.2562487866457711
CASP,136,Coreset,3,11,26.745562377685566,0.28519555834590493
CASP,137,SRS,3,11,27.214826620803194,0.2706765004316375
CASP,137,PCA-QS,3,11,27.235725028863666,0.27011644909218047
CASP,137,Leverage,3,11,28.332775484408646,0.24071686155890815
CASP,137,Coreset,3,11,27.210460675943434,0.27079350232286425
CASP,138,SRS,3,11,27.23435371918862,0.27027418440177153
CASP,138,PCA-QS,3,11,27.852687525088154,0.25370635446629997
CASP,138,Leverage,3,11,28.01252884705368,0.24942351595137646
CASP,138,Coreset,3,11,26.850192605243848,0.2805675177808177
CASP,139,SRS,3,11,27.06781788380361,0.27655334140905896
CASP,139,PCA-QS,3,11,26.892337204479553,0.2812434465238942
CASP,139,Leverage,3,11,27.55732887352414,0.26347008913593195
CASP,139,Coreset,3,11,26.906128366576898,0.2808748475411377
CASP,140,SRS,3,11,27.630996404586163,0.2740682814288693
CASP,140,PCA-QS,3,11,27.18899289978685,0.2856807603693743
CASP,140,Leverage,3,11,28.409904307538284,0.2536045260029224
CASP,140,Coreset,3,11,27.43560294652535,0.279201730354515
CASP,141,SRS,3,11,27.67320010494326,0.2595989201142389
CASP,141,PCA-QS,3,11,27.180137163301335,0.27279090127503425
CASP,141,Leverage,3,11,27.771378213302082,0.2569721484660612
CASP,141,Coreset,3,11,27.00147727816247,0.27757097627132843
CASP,142,SRS,3,11,27.160734682041607,0.2740917008763456
CASP,142,PCA-QS,3,11,27.23190686079555,0.2721895257021828
CASP,142,Leverage,3,11,28.360954592594336,0.2420141593796593
CASP,142,Coreset,3,11,27.330631667073934,0.26955096834923176
CASP,143,SRS,3,11,26.912770146289873,0.27272535088093197
CASP,143,PCA-QS,3,11,27.747830004950327,0.2501591913068897
CASP,143,Leverage,3,11,27.846511747731057,0.24749247474574787
CASP,143,Coreset,3,11,26.96517126474131,0.2713092943089752
CASP,144,SRS,3,11,27.60213670330189,0.26015500284165294
CASP,144,PCA-QS,3,11,26.999231159765657,0.27631522460053426
CASP,144,Leverage,3,11,27.794673271223584,0.25499427133459307
CASP,144,Coreset,3,11,26.91694240132275,0.27852088450689483
CASP,145,SRS,3,11,26.784070134622716,0.28417741386133444
CASP,145,PCA-QS,3,11,27.008253365199845,0.2781859637540859
CASP,145,Leverage,3,11,27.73325695287451,0.2588097472014629
CASP,145,Coreset,3,11,26.71884553477191,0.2859205858852426
CASP,146,SRS,3,11,27.22596193391947,0.27661088766600583
CASP,146,PCA-QS,3,11,27.033127392296144,0.28173446817459535
CASP,146,Leverage,3,11,28.53640639037975,0.24179260449854179
CASP,146,Coreset,3,11,27.123205556954222,0.2793411068773587
CASP,147,SRS,3,11,27.67629477145199,0.2593031885369944
CASP,147,PCA-QS,3,11,27.365642800992145,0.26761712383413006
CASP,147,Leverage,3,11,28.329728657308323,0.24181542871392336
CASP,147,Coreset,3,11,27.290088949031798,0.26963916102165497
CASP,148,SRS,3,11,26.636066024482385,0.2805878346005224
CASP,148,PCA-QS,3,11,26.69651416295763,0.2789551938736645
CASP,148,Leverage,3,11,27.57949224484586,0.25510688334208587
CASP,148,Coreset,3,11,26.887197722660176,0.2738050312158006
CASP,149,SRS,3,11,26.727079012950572,0.2858476495967829
CASP,149,PCA-QS,3,11,27.122568255620042,0.27528010601767594
CASP,149,Leverage,3,11,27.738046520571547,0.25883441626144676
CASP,149,Coreset,3,11,26.76804288748778,0.2847530875135791
CASP,150,SRS,3,11,27.469276186938277,0.27141565409946145
CASP,150,PCA-QS,3,11,27.471808178680796,0.2713484965400488
CASP,150,Leverage,3,11,27.95711739456395,0.2584763445689726
CASP,150,Coreset,3,11,27.28586274322512,0.2762804405979371
CASP,151,SRS,3,11,27.169363357086713,0.273864973262368
CASP,151,PCA-QS,3,11,27.093979349177477,0.2758797046301711
CASP,151,Leverage,3,11,28.042328293010566,0.25053389962781625
CASP,151,Coreset,3,11,27.18319713380908,0.27349524837414907
CASP,152,SRS,3,11,26.948035292430472,0.27690842943642846
CASP,152,PCA-QS,3,11,26.945656583110463,0.2769722568969263
CASP,152,Leverage,3,11,28.01691656081766,0.2482273390817199
CASP,152,Coreset,3,11,26.762111566377563,0.2818972858639095
CASP,153,SRS,3,11,27.160036329272913,0.27765996081721867
CASP,153,PCA-QS,3,11,27.184987483408413,0.27699636753489054
CASP,153,Leverage,3,11,28.17760077629404,0.25059712726202055
CASP,153,Coreset,3,11,27.055446869246705,0.2804415901838926
CASP,154,SRS,3,11,27.281699503780214,0.27637795936792287
CASP,154,PCA-QS,3,11,27.73415309906645,0.26437704300759934
CASP,154,Leverage,3,11,27.976792731012118,0.25794124946099817
CASP,154,Coreset,3,11,27.36039169754044,0.2742907211508646
CASP,155,SRS,3,11,26.811771956502433,0.2731722676794176
CASP,155,PCA-QS,3,11,27.624116485501613,0.25115080140582013
CASP,155,Leverage,3,11,27.77910798946136,0.24694920952540367
CASP,155,Coreset,3,11,26.899070724980103,0.2708057263695056
CASP,156,SRS,3,11,27.246436339372252,0.2729949662153236
CASP,156,PCA-QS,3,11,26.97349390947694,0.28027777259762365
CASP,156,Leverage,3,11,27.53069371629869,0.265410247929897
CASP,156,Coreset,3,11,27.172645730542655,0.2749638895415507
CASP,157,SRS,3,11,26.553381647188193,0.27857398957509905
CASP,157,PCA-QS,3,11,26.807854330516538,0.2716602482243763
CASP,157,Leverage,3,11,27.90982421693308,0.24172094522603094
CASP,157,Coreset,3,11,26.727206396781053,0.2738513633846543
CASP,158,SRS,3,11,28.20419738825774,0.25196513494005013
CASP,158,PCA-QS,3,11,27.83986804850747,0.2616279182749497
CASP,158,Leverage,3,11,28.101629858976004,0.2546854423776139
CASP,158,Coreset,3,11,27.285018937001443,0.27634368822012956
CASP,159,SRS,3,11,28.72742457013028,0.22953267634717656
CASP,159,PCA-QS,3,11,26.759123775390908,0.2823223526985813
CASP,159,Leverage,3,11,27.649478193358917,0.25844311549652654
CASP,159,Coreset,3,11,26.605509098008618,0.28644228656413184
CASP,160,SRS,3,11,27.614272815924565,0.2623639504497782
CASP,160,PCA-QS,3,11,26.96914323677878,0.2795967357337227
CASP,160,Leverage,3,11,27.711519556745664,0.259766282851972
CASP,160,Coreset,3,11,27.157306212261425,0.274570501842581
CASP,161,SRS,3,11,27.332314288099823,0.2647901049817062
CASP,161,PCA-QS,3,11,27.0265362885796,0.27301520471371266
CASP,161,Leverage,3,11,28.560107686653527,0.2317637814095438
CASP,161,Coreset,3,11,26.988777469749994,0.2740308763811432
CASP,162,SRS,3,11,27.03326129125702,0.2782299092986902
CASP,162,PCA-QS,3,11,28.51118484957724,0.23877033358396194
CASP,162,Leverage,3,11,27.889495265553393,0.25536903185475013
CASP,162,Coreset,3,11,27.13869370445814,0.27541493401253625
CASP,163,SRS,3,11,26.81906858180565,0.2848215396525655
CASP,163,PCA-QS,3,11,26.513140019350733,0.29297967227396615
CASP,163,Leverage,3,11,27.76527207809878,0.2595893300554968
CASP,163,Coreset,3,11,26.670805054988694,0.2887752519342278
CASP,164,SRS,3,11,27.5523606960703,0.2591001971938611
CASP,164,PCA-QS,3,11,27.280363733675383,0.2664143615961515
CASP,164,Leverage,3,11,28.471480124681058,0.23438451453694342
CASP,164,Coreset,3,11,27.600284219829952,0.25781150437748224
CASP,165,SRS,3,11,27.234114690126063,0.27611180543885117
CASP,165,PCA-QS,3,11,27.50298558110635,0.2689651635870295
CASP,165,Leverage,3,11,28.232540853140897,0.24957343910049323
CASP,165,Coreset,3,11,27.015402971651557,0.2819252064918062
CASP,166,SRS,3,11,26.82967486129119,0.2811304033908738
CASP,166,PCA-QS,3,11,26.783381354742826,0.2823707834756156
CASP,166,Leverage,3,11,27.63339695022906,0.25959561488345895
CASP,166,Coreset,3,11,26.665923867436486,0.2855179187635073
CASP,167,SRS,3,11,26.973300142771315,0.280819166174598
CASP,167,PCA-QS,3,11,27.300208186933432,0.2721029171972644
CASP,167,Leverage,3,11,28.118705559248312,0.2502795726458166
CASP,167,Coreset,3,11,26.91647534579875,0.28233426831828734
CASP,168,SRS,3,11,27.602442954397365,0.2714425169669319
CASP,168,PCA-QS,3,11,27.533302963456453,0.2732674444872988
CASP,168,Leverage,3,11,28.65435393303692,0.24367766962212845
CASP,168,Coreset,3,11,27.522753555035422,0.2735458926833303
CASP,169,SRS,3,11,27.1380544654248,0.2717954928735634
CASP,169,PCA-QS,3,11,27.07386825609896,0.2735178229317474
CASP,169,Leverage,3,11,28.438024536467083,0.23691296044779453
CASP,169,Coreset,3,11,27.174000631349124,0.27083093736081076
CASP,170,SRS,3,11,27.094722700177176,0.2811527955811376
CASP,170,PCA-QS,3,11,27.198830763388806,0.2783907156357077
CASP,170,Leverage,3,11,27.82864395286377,0.26168120893323654
CASP,170,Coreset,3,11,27.341861630691163,0.2745959789172827
CASP,171,SRS,3,11,26.759977157979467,0.28414469572876866
CASP,171,PCA-QS,3,11,26.630658698348807,0.28760408976039586
CASP,171,Leverage,3,11,27.90169714749404,0.25360258032779226
CASP,171,Coreset,3,11,26.723708078678452,0.2851149287243123
CASP,172,SRS,3,11,27.42624454113027,0.2703174136935753
CASP,172,PCA-QS,3,11,27.516468214082092,0.26791698869456315
CASP,172,Leverage,3,11,28.86691179528874,0.23198807529491738
CASP,172,Coreset,3,11,27.372581062979137,0.2717451449117082
CASP,173,SRS,3,11,27.059749504378665,0.2790014828866587
CASP,173,PCA-QS,3,11,27.017492785386064,0.28012739987738366
CASP,173,Leverage,3,11,28.238216013209772,0.24760161330554997
CASP,173,Coreset,3,11,27.05800355924426,0.27904800304578536
CASP,174,SRS,3,11,27.277279219736293,0.2768325993500046
CASP,174,PCA-QS,3,11,27.11545811239057,0.28112275412045695
CASP,174,Leverage,3,11,28.21988589054635,0.2518424817332944
CASP,174,Coreset,3,11,27.128807739380875,0.28076883263978225
CASP,175,SRS,3,11,26.972349784735005,0.27288815264933863
CASP,175,PCA-QS,3,11,26.799409905504817,0.27755020975860945
CASP,175,Leverage,3,11,27.691794650406234,0.25349359157030305
CASP,175,Coreset,3,11,26.909221405206413,0.27458994700636075
CASP,176,SRS,3,11,26.63334218516053,0.28160568495124305
CASP,176,PCA-QS,3,11,26.68512829831702,0.28020883250097783
CASP,176,Leverage,3,11,27.867822277510047,0.24830744268712024
CASP,176,Coreset,3,11,26.67223152231962,0.28055670362036567
CASP,177,SRS,3,11,27.048734362946245,0.2794161885705603
CASP,177,PCA-QS,3,11,28.607129961350452,0.23790021133684225
CASP,177,Leverage,3,11,27.945617395498648,0.2555230412856976
CASP,177,Coreset,3,11,27.186795389802832,0.2757382145993099
CASP,178,SRS,3,11,27.27421690462268,0.27598949629735936
CASP,178,PCA-QS,3,11,27.32109365170798,0.27474512483152214
CASP,178,Leverage,3,11,28.187023005472085,0.2517585089450953
CASP,178,Coreset,3,11,27.36319280212495,0.27362757754481426
CASP,179,SRS,3,11,26.463664834830347,0.29608900687705453
CASP,179,PCA-QS,3,11,26.505939739623052,0.2949645303390338
CASP,179,Leverage,3,11,28.068628781271197,0.2533983299614835
CASP,179,Coreset,3,11,26.47338067448534,0.2958305737997293
CASP,180,SRS,3,11,27.23164619536396,0.27037866878557737
CASP,180,PCA-QS,3,11,27.0186477480708,0.2760855661778877
CASP,180,Leverage,3,11,28.09282332042504,0.2473050288046993
CASP,180,Coreset,3,11,27.11894742208236,0.2733982228881109
CASP,181,SRS,3,11,27.277595744062374,0.26684450322898945
CASP,181,PCA-QS,3,11,27.147756623475786,0.27033426331807986
CASP,181,Leverage,3,11,27.70873748622865,0.2552564607518427
CASP,181,Coreset,3,11,27.171495222468156,0.269696227455235
CASP,182,SRS,3,11,27.533580834249612,0.26934673632107065
CASP,182,PCA-QS,3,11,28.809542888249016,0.2354867801934084
CASP,182,Leverage,3,11,28.2485822704985,0.2503728826812083
CASP,182,Coreset,3,11,27.559325230300317,0.26866356230498
CASP,183,SRS,3,11,27.467659047696763,0.26668286816673403
CASP,183,PCA-QS,3,11,27.48790063743041,0.2661424688374191
CASP,183,Leverage,3,11,28.335566359720698,0.243511934682911
CASP,183,Coreset,3,11,27.618661901904904,0.2626514732905174
CASP,184,SRS,3,11,26.821679555782296,0.283211757887611
CASP,184,PCA-QS,3,11,26.924359698870262,0.2804677120082021
CASP,184,Leverage,3,11,28.144222599813187,0.24786783762052622
CASP,184,Coreset,3,11,26.726779149780665,0.2857478964262954
CASP,185,SRS,3,11,28.145133213555127,0.24574387829558586
CASP,185,PCA-QS,3,11,27.283741992535795,0.26882813931885086
CASP,185,Leverage,3,11,27.803498727862358,0.254899276504716
CASP,185,Coreset,3,11,27.28519302944771,0.268789253254062
CASP,186,SRS,3,11,26.960859119742594,0.2804144076236723
CASP,186,PCA-QS,3,11,27.121492926647015,0.2761270897535849
CASP,186,Leverage,3,11,28.149475223979323,0.24869023223013265
CASP,186,Coreset,3,11,26.885308535863537,0.2824308534429074
CASP,187,SRS,3,11,26.98172765413947,0.27765307874234846
CASP,187,PCA-QS,3,11,26.712838185486692,0.2848517089534922
CASP,187,Leverage,3,11,27.510346342955252,0.26350105381347944
CASP,187,Coreset,3,11,26.78568032109083,0.2829016006036509
CASP,188,SRS,3,11,27.333083255903155,0.27160691746109855
CASP,188,PCA-QS,3,11,27.425717675723906,0.26913832399980775
CASP,188,Leverage,3,11,27.695537673804346,0.26194795259924486
CASP,188,Coreset,3,11,27.19372646508938,0.2753206046980352
CASP,189,SRS,3,11,26.923765476567652,0.2799073241328569
CASP,189,PCA-QS,3,11,26.87239169778921,0.28128134746039524
CASP,189,Leverage,3,11,27.763168126317503,0.25745698371838555
CASP,189,Coreset,3,11,26.791226394054924,0.2834521634558199
CASP,190,SRS,3,11,26.978040534394225,0.2785993991737411
CASP,190,PCA-QS,3,11,26.81383568268911,0.2829902843652595
CASP,190,Leverage,3,11,27.939804116810176,0.25288156302017994
CASP,190,Coreset,3,11,26.61611083379333,0.2882775039692871
CASP,191,SRS,3,11,27.35300336304443,0.2661973810937813
CASP,191,PCA-QS,3,11,27.46703357737146,0.26313827753586405
CASP,191,Leverage,3,11,28.166342672272272,0.24437782046823342
CASP,191,Coreset,3,11,27.436722029494724,0.26395144941757054
CASP,192,SRS,3,11,26.840440961789742,0.27636169257191967
CASP,192,PCA-QS,3,11,26.74642972812364,0.2788963055503805
CASP,192,Leverage,3,11,27.247531812454593,0.2653862196069283
CASP,192,Coreset,3,11,26.963176305280317,0.27305265616854746
CASP,193,SRS,3,11,27.342785009098858,0.2637262169379371
CASP,193,PCA-QS,3,11,27.203239362245156,0.2674838371395597
CASP,193,Leverage,3,11,28.110542874010587,0.24305239064386708
CASP,193,Coreset,3,11,27.143730303246112,0.26908626937099156
CASP,194,SRS,3,11,28.115404504343473,0.2584846559485524
CASP,194,PCA-QS,3,11,27.53724922094646,0.27373291651748954
CASP,194,Leverage,3,11,28.918341578927375,0.2373080030919391
CASP,194,Coreset,3,11,27.38946899262282,0.2776304705019068
CASP,195,SRS,3,11,27.717255569872254,0.259753704163432
CASP,195,PCA-QS,3,11,27.45703399812321,0.2667034562447088
CASP,195,Leverage,3,11,27.854827574873788,0.25607956092596484
CASP,195,Coreset,3,11,26.935300064019142,0.28063743362422167
CASP,196,SRS,3,11,27.52985164185319,0.260411481390433
CASP,196,PCA-QS,3,11,26.95353223542892,0.27589428244538905
CASP,196,Leverage,3,11,27.84176901943315,0.2520318317572243
CASP,196,Coreset,3,11,26.921689599162114,0.2767497337747884
CASP,197,SRS,3,11,27.5265542571914,0.26866067242340896
CASP,197,PCA-QS,3,11,27.414971230216263,0.27162526636257367
CASP,197,Leverage,3,11,28.53478828274576,0.24187340412243263
CASP,197,Coreset,3,11,27.45069098477757,0.2706762459716454
CASP,198,SRS,3,11,27.325963760263676,0.2698381287136339
CASP,198,PCA-QS,3,11,27.237082056627685,0.272213087255603
CASP,198,Leverage,3,11,28.210051209423373,0.2462149199615995
CASP,198,Coreset,3,11,27.23360838293341,0.27230590535735777
CASP,199,SRS,3,11,26.89262757540518,0.2830372338342535
CASP,199,PCA-QS,3,11,26.96789353289183,0.28103062853224525
CASP,199,Leverage,3,11,28.215115559398114,0.24777944280710607
CASP,199,Coreset,3,11,26.98894502736683,0.2804693915289661
CASP,200,SRS,3,11,27.051627195796165,0.2701831066031256
CASP,200,PCA-QS,3,11,28.97596536455949,0.21826702429107436
CASP,200,Leverage,3,11,27.711579594630077,0.2523784693433889
CASP,200,Coreset,3,11,27.198460321140473,0.26622174433050083
CASP,201,SRS,3,11,29.3407525459142,0.21674036337394487
CASP,201,PCA-QS,3,11,27.379671492853657,0.2690919733270556
CASP,201,Leverage,3,11,27.948579062583633,0.25390482583848306
CASP,201,Coreset,3,11,26.92157852452441,0.2813208938822812
CASP,202,SRS,3,11,28.346554476556314,0.2433238785561742
CASP,202,PCA-QS,3,11,27.20956295218559,0.2736744574064848
CASP,202,Leverage,3,11,28.083135055365197,0.2503555333593962
CASP,202,Coreset,3,11,27.42429347010533,0.2679424925008552
CASP,203,SRS,3,11,27.243256020820137,0.2803705085197118
CASP,203,PCA-QS,3,11,27.254239619176886,0.2800803772191781
CASP,203,Leverage,3,11,28.403927218281368,0.24971142639801103
CASP,203,Coreset,3,11,27.355146381919386,0.2774149292160535
CASP,204,SRS,3,11,27.2440003499179,0.27378356201113474
CASP,204,PCA-QS,3,11,27.175437857029895,0.2756111647392677
CASP,204,Leverage,3,11,28.333448134972997,0.2447432272704272
CASP,204,Coreset,3,11,27.150027335749787,0.27628850793463056
CASP,205,SRS,3,11,29.220363835424187,0.21595079735641498
CASP,205,PCA-QS,3,11,27.692472009264815,0.2569476300711955
CASP,205,Leverage,3,11,27.989060582930417,0.24898948019991285
CASP,205,Coreset,3,11,27.278944533030614,0.26804351819355954
CASP,206,SRS,3,11,26.895846671354096,0.2774408627565965
CASP,206,PCA-QS,3,11,27.22397507306369,0.2686256662044514
CASP,206,Leverage,3,11,27.68398131648376,0.25626756056704114
CASP,206,Coreset,3,11,26.90268178945558,0.2772572367455355
CASP,207,SRS,3,11,27.903875650707093,0.2518062823389092
CASP,207,PCA-QS,3,11,28.883040031885848,0.22555169864860058
CASP,207,Leverage,3,11,27.957823914198702,0.25035975382335784
CASP,207,Coreset,3,11,27.232715250637174,0.2698022769154723
CASP,208,SRS,3,11,28.954134441682633,0.22227304519018198
CASP,208,PCA-QS,3,11,27.320230748979913,0.26616076512660825
CASP,208,Leverage,3,11,27.859712633143495,0.25166992949860245
CASP,208,Coreset,3,11,27.304330418712233,0.2665878583786776
CASP,209,SRS,3,11,27.063095992490055,0.2806222726653482
CASP,209,PCA-QS,3,11,27.016273466398705,0.28186688571394425
CASP,209,Leverage,3,11,27.86640985322233,0.25926898405304855
CASP,209,Coreset,3,11,27.068965912750517,0.2804662413710063
CASP,210,SRS,3,11,26.311149590580246,0.2951964566993751
CASP,210,PCA-QS,3,11,26.56884962132709,0.2882933795778768
CASP,210,Leverage,3,11,27.263978534659437,0.26967278227251423
CASP,210,Coreset,3,11,26.467583861953795,0.29100601156590966
CASP,211,SRS,3,11,27.198135169091827,0.27685424571455897
CASP,211,PCA-QS,3,11,27.233838650494658,0.2759049592716043
CASP,211,Leverage,3,11,28.179634528580344,0.2507580780826477
CASP,211,Coreset,3,11,27.290366868612324,0.2744019833993627
CASP,212,SRS,3,11,27.294051839882464,0.2717482902077647
CASP,212,PCA-QS,3,11,27.047576827211067,0.2783246626149103
CASP,212,Leverage,3,11,27.84625163593495,0.2570146607715321
CASP,212,Coreset,3,11,27.04696658115901,0.2783409450171499
CASP,213,SRS,3,11,26.964835470108973,0.2805112740554311
CASP,213,PCA-QS,3,11,27.109663025871825,0.27664691546540776
CASP,213,Leverage,3,11,27.872413829337734,0.25629483119598107
CASP,213,Coreset,3,11,27.00810768575567,0.27935666395818226
CASP,214,SRS,3,11,27.155657506771927,0.2673158850756916
CASP,214,PCA-QS,3,11,26.96748127202198,0.2723930494924681
CASP,214,Leverage,3,11,28.001144496479476,0.24450388405603618
CASP,214,Coreset,3,11,26.962018389199017,0.27254044299472757
CASP,215,SRS,3,11,27.013942878662146,0.2828111159932122
CASP,215,PCA-QS,3,11,26.907209277632937,0.2856447694347698
CASP,215,Leverage,3,11,27.79665470879665,0.2620310237839968
CASP,215,Coreset,3,11,26.903381928330546,0.2857463811242301
CASP,216,SRS,3,11,27.014525395081055,0.2735097640357208
CASP,216,PCA-QS,3,11,26.608612013453996,0.2844258213821511
CASP,216,Leverage,3,11,27.63062393746418,0.2569412858230825
CASP,216,Coreset,3,11,26.61208769714758,0.28433235128672063
CASP,217,SRS,3,11,26.949318372781367,0.2780441517609624
CASP,217,PCA-QS,3,11,26.959492074043734,0.27777160449193683
CASP,217,Leverage,3,11,27.701009360865186,0.25790680737959937
CASP,217,Coreset,3,11,27.02402574668184,0.2760427866522812
CASP,218,SRS,3,11,26.891157244313845,0.2706071508940818
CASP,218,PCA-QS,3,11,26.689192927917368,0.276085209231839
CASP,218,Leverage,3,11,27.5192705595836,0.2535702730675299
CASP,218,Coreset,3,11,26.641423741077837,0.2773808955041629
CASP,219,SRS,3,11,26.94472552554112,0.27650508205646307
CASP,219,PCA-QS,3,11,26.875600896712587,0.27836115283420293
CASP,219,Leverage,3,11,27.916822141301857,0.2504032403217483
CASP,219,Coreset,3,11,26.83377143592733,0.2794843189347359
CASP,220,SRS,3,11,27.6493918625724,0.2560576344341329
CASP,220,PCA-QS,3,11,27.48548586029585,0.260467735736546
CASP,220,Leverage,3,11,28.069832441490085,0.24474514118239865
CASP,220,Coreset,3,11,26.736788614958,0.28061239579119457
CASP,221,SRS,3,11,27.879481683483878,0.26046228119698234
CASP,221,PCA-QS,3,11,26.761829716406755,0.29010938136662345
CASP,221,Leverage,3,11,27.69097721451713,0.2654625952826789
CASP,221,Coreset,3,11,26.597907588723327,0.2944576184588559
CASP,222,SRS,3,11,26.84612421826433,0.2861931174600588
CASP,222,PCA-QS,3,11,27.349588688980646,0.2728065890587956
CASP,222,Leverage,3,11,27.80284349558804,0.26075507659948294
CASP,222,Coreset,3,11,26.82143999357655,0.2868494419756219
CASP,223,SRS,3,11,26.66216122438623,0.2880362519291515
CASP,223,PCA-QS,3,11,26.610432407041518,0.2894175744097286
CASP,223,Leverage,3,11,27.902205127652287,0.254923170896013
CASP,223,Coreset,3,11,26.639458220781595,0.2886424936888795
CASP,224,SRS,3,11,27.27337507887615,0.26969063946785554
CASP,224,PCA-QS,3,11,27.23272580951464,0.27077912015011973
CASP,224,Leverage,3,11,28.183396525581703,0.24532265498144656
CASP,224,Coreset,3,11,27.323850147759007,0.26833904967847144
CASP,225,SRS,3,11,28.922126007371592,0.23159864955582066
CASP,225,PCA-QS,3,11,27.171878506076062,0.2780991226975341
CASP,225,Leverage,3,11,27.86415915492955,0.2597066509501318
CASP,225,Coreset,3,11,27.220965796400286,0.27679497444214085
CASP,226,SRS,3,11,27.098748311666533,0.2666148315231186
CASP,226,PCA-QS,3,11,26.51609623102287,0.28238339726688366
CASP,226,Leverage,3,11,27.449870844942495,0.2571122502503238
CASP,226,Coreset,3,11,26.547610883431673,0.2815305025722469
CASP,227,SRS,3,11,27.123132499217693,0.2759159722199779
CASP,227,PCA-QS,3,11,27.318618803715516,0.2706972346445634
CASP,227,Leverage,3,11,27.996698088957935,0.252595107981034
CASP,227,Coreset,3,11,27.130989160886795,0.27570622936573974
CASP,228,SRS,3,11,26.84364884113882,0.27990079978107374
CASP,228,PCA-QS,3,11,26.852423866687197,0.27966540373202387
CASP,228,Leverage,3,11,27.687393167048615,0.257266782406142
CASP,228,Coreset,3,11,26.77319371314543,0.28179080667319223
CASP,229,SRS,3,11,27.0528320118453,0.27694245970432085
CASP,229,PCA-QS,3,11,27.013146335160876,0.2780031629887625
CASP,229,Leverage,3,11,27.58889211030013,0.26261485451793243
CASP,229,Coreset,3,11,26.99993619947184,0.2783562383419862
CASP,230,SRS,3,11,28.02048456893392,0.25526434784066065
CASP,230,PCA-QS,3,11,27.192001601079983,0.277283981435851
CASP,230,Leverage,3,11,28.002232487514732,0.2557494563592356
CASP,230,Coreset,3,11,27.15890510888954,0.2781636285252864
CASP,231,SRS,3,11,27.59608055092881,0.2667563478782019
CASP,231,PCA-QS,3,11,27.549312910063303,0.26799899085882584
CASP,231,Leverage,3,11,28.343624246919134,0.2468936840931404
CASP,231,Coreset,3,11,27.81348626147812,0.26097975373827986
CASP,232,SRS,3,11,27.476921748297194,0.2626032611479454
CASP,232,PCA-QS,3,11,26.695393410502813,0.2835770970415442
CASP,232,Leverage,3,11,27.762794500609807,0.2549313087650317
CASP,232,Coreset,3,11,26.695066562738,0.28358586863823476
CASP,233,SRS,3,11,28.02353391894615,0.25563530406090973
CASP,233,PCA-QS,3,11,27.070412975686583,0.28095222458830005
CASP,233,Leverage,3,11,27.726446048749146,0.2635265901066314
CASP,233,Coreset,3,11,27.056531327557558,0.2813209507032356
CASP,234,SRS,3,11,27.16467832204803,0.27724461296504055
CASP,234,PCA-QS,3,11,27.16601663597774,0.27720900519561376
CASP,234,Leverage,3,11,28.089216617330056,0.25264594017704534
CASP,234,Coreset,3,11,27.272024298400737,0.27438851867356207
CASP,235,SRS,3,11,26.864008893975743,0.27685788635426123
CASP,235,PCA-QS,3,11,27.005992191705474,0.2730358915645821
CASP,235,Leverage,3,11,27.850451833082104,0.2503042012809863
CASP,235,Coreset,3,11,26.987446180940736,0.2735351246268193
CASP,236,SRS,3,11,27.886998825509647,0.2648336820207654
CASP,236,PCA-QS,3,11,27.235638274641715,0.2820050650317071
CASP,236,Leverage,3,11,27.859242951465596,0.26556539158373904
CASP,236,Coreset,3,11,27.211870964059738,0.28263162676099707
CASP,237,SRS,3,11,27.840982767731816,0.26140213750677566
CASP,237,PCA-QS,3,11,27.603210654310903,0.2677100317430642
CASP,237,Leverage,3,11,28.31587994627281,0.2488035146815436
CASP,237,Coreset,3,11,27.8606848648191,0.26087945743773133
CASP,238,SRS,3,11,28.067866001146243,0.2523021046569204
CASP,238,PCA-QS,3,11,27.122514606005463,0.2774852535460287
CASP,238,Leverage,3,11,28.182398252886813,0.24925108811110142
CASP,238,Coreset,3,11,26.76051403099765,0.28712856123587127
CASP,239,SRS,3,11,27.329438555066943,0.275623724252413
CASP,239,PCA-QS,3,11,27.19672559660745,0.2791413273820429
CASP,239,Leverage,3,11,28.16919609732709,0.2533656584759181
CASP,239,Coreset,3,11,27.222327980538065,0.2784627272898913
CASP,240,SRS,3,11,26.91093363132305,0.28433570724371604
CASP,240,PCA-QS,3,11,26.957555441811678,0.28309585560989814
CASP,240,Leverage,3,11,27.56047333520782,0.2670619708818994
CASP,240,Coreset,3,11,27.015052892849404,0.28156677924280005
CASP,241,SRS,3,11,27.721548027488442,0.2584462370028836
CASP,241,PCA-QS,3,11,27.229762621713178,0.27160153835467293
CASP,241,Leverage,3,11,27.774337172412146,0.2570341228949429
CASP,241,Coreset,3,11,27.315592153601024,0.2693055910906673
CASP,242,SRS,3,11,27.315624033844262,0.2716148478978415
CASP,242,PCA-QS,3,11,27.87106073666073,0.25680384278359536
CASP,242,Leverage,3,11,28.23100138095545,0.24720584053339878
CASP,242,Coreset,3,11,27.18788041510429,0.27502119713777506
CASP,243,SRS,3,11,27.27328745247823,0.27264918368836
CASP,243,PCA-QS,3,11,27.07334251047242,0.2779815117782065
CASP,243,Leverage,3,11,28.704126785482124,0.23449015505330562
CASP,243,Coreset,3,11,27.062021056431963,0.2782834434339524
CASP,244,SRS,3,11,26.526411699964868,0.28446195475353175
CASP,244,PCA-QS,3,11,26.58870868096023,0.28278152166252923
CASP,244,Leverage,3,11,27.892051878778314,0.2476244241025427
CASP,244,Coreset,3,11,26.49619823998658,0.2852769492706012
CASP,245,SRS,3,11,27.16636619094113,0.27890123462923344
CASP,245,PCA-QS,3,11,27.162278282029177,0.2790097432920645
CASP,245,Leverage,3,11,27.833359925905704,0.2611966820434197
CASP,245,Coreset,3,11,27.149157824874422,0.27935801016695294
CASP,246,SRS,3,11,27.24963244456547,0.27537007572081007
CASP,246,PCA-QS,3,11,27.4529106369841,0.2699644445997451
CASP,246,Leverage,3,11,28.352384253940034,0.24604538806671306
CASP,246,Coreset,3,11,27.323516706974974,0.2734053245417203
CASP,247,SRS,3,11,28.22492707278065,0.24031184645084946
CASP,247,PCA-QS,3,11,27.042127034230457,0.2721475062910693
CASP,247,Leverage,3,11,28.27743115344104,0.23889867262801423
CASP,247,Coreset,3,11,27.09912734175312,0.27061331425358537
CASP,248,SRS,3,11,27.593935189669498,0.26500879297240154
CASP,248,PCA-QS,3,11,27.776556581413036,0.2601444952118961
CASP,248,Leverage,3,11,27.89695164634173,0.2569376559740756
CASP,248,Coreset,3,11,26.942060157257433,0.28237211623928626
CASP,249,SRS,3,11,27.254315934003,0.27474849784395705
CASP,249,PCA-QS,3,11,27.104360759278034,0.27873888292603755
CASP,249,Leverage,3,11,27.44510967033041,0.2696713774271946
CASP,249,Coreset,3,11,27.062023468879687,0.27986550021237744
CASP,250,SRS,3,11,27.192927670236262,0.2643239437982221
CASP,250,PCA-QS,3,11,27.359056620606093,0.25982949978281034
CASP,250,Leverage,3,11,28.025974674267108,0.24178673331511136
CASP,250,Coreset,3,11,27.060427854963468,0.2679085869351965
CASP,251,SRS,3,11,27.588035677003255,0.2660430449783714
CASP,251,PCA-QS,3,11,27.391719065081222,0.27126588666211493
CASP,251,Leverage,3,11,28.561162676449165,0.24015380307203216
CASP,251,Coreset,3,11,27.551379098933875,0.2670182630307295
CASP,252,SRS,3,11,27.002607108612256,0.284811203107431
CASP,252,PCA-QS,3,11,26.976165945556478,0.28551152154402637
CASP,252,Leverage,3,11,27.981412524421945,0.25888664460427846
CASP,252,Coreset,3,11,26.943358125819678,0.28638046671779616
CASP,253,SRS,3,11,26.84491203649502,0.2786993051035347
CASP,253,PCA-QS,3,11,29.099483504773904,0.21812082510879716
CASP,253,Leverage,3,11,27.95235272353569,0.24894328519059528
CASP,253,Coreset,3,11,26.867576852555615,0.27809032014757795
CASP,254,SRS,3,11,27.261761073756528,0.2661348054796481
CASP,254,PCA-QS,3,11,26.830318106230937,0.2777489112753445
CASP,254,Leverage,3,11,27.68253148126542,0.2548079966165121
CASP,254,Coreset,3,11,26.76261303290932,0.2795714786681389
CASP,255,SRS,3,11,27.737423453751227,0.2548759231500197
CASP,255,PCA-QS,3,11,26.826564103723147,0.2793447867941683
CASP,255,Leverage,3,11,27.613704411326765,0.2581994487625915
CASP,255,Coreset,3,11,26.82933204732449,0.27927043016100217
CASP,256,SRS,3,11,26.999952239539013,0.2847274260772874
CASP,256,PCA-QS,3,11,26.92639280725061,0.2866761348750818
CASP,256,Leverage,3,11,27.435109309561646,0.2731994087395402
CASP,256,Coreset,3,11,26.928811930856856,0.28661204836288645
CASP,257,SRS,3,11,27.914998614896742,0.26037032259099335
CASP,257,PCA-QS,3,11,27.570214290768718,0.2695056523808508
CASP,257,Leverage,3,11,28.119361805644125,0.25495556033604916
CASP,257,Coreset,3,11,27.031514318961044,0.2837789286172223
CASP,258,SRS,3,11,27.218606040150764,0.27091857088565896
CASP,258,PCA-QS,3,11,27.082141424244565,0.2745739313784654
CASP,258,Leverage,3,11,27.96500905700266,0.25092531416197184
CASP,258,Coreset,3,11,27.51048298633574,0.26310031374434306
CASP,259,SRS,3,11,27.18938006390431,0.27977413052346634
CASP,259,PCA-QS,3,11,27.69926167855538,0.26626775677095527
CASP,259,Leverage,3,11,28.357980674753783,0.24881879468860402
CASP,259,Coreset,3,11,27.24946067774875,0.27818264104326873
CASP,260,SRS,3,11,27.270219622312055,0.27064544149261205
CASP,260,PCA-QS,3,11,27.276253229315554,0.27048406989996665
CASP,260,Leverage,3,11,27.88595964595202,0.2541771915365386
CASP,260,Coreset,3,11,27.355013776022513,0.2683775828761418
CASP,261,SRS,3,11,28.23262270470484,0.23959522939034694
CASP,261,PCA-QS,3,11,27.51869631329267,0.2588238019382131
CASP,261,Leverage,3,11,27.893695148935024,0.24872375184446138
CASP,261,Coreset,3,11,27.181374389815584,0.267909079013816
CASP,262,SRS,3,11,27.64574511127017,0.2613612113404109
CASP,262,PCA-QS,3,11,27.48136446221586,0.26575313215888996
CASP,262,Leverage,3,11,28.412463310493763,0.2408760408507611
CASP,262,Coreset,3,11,27.483820685337996,0.2656875068098784
CASP,263,SRS,3,11,27.27071262161152,0.2762509249275189
CASP,263,PCA-QS,3,11,27.05342841779805,0.28201752309896644
CASP,263,Leverage,3,11,27.96425478513911,0.2578447136069142
CASP,263,Coreset,3,11,26.637026954735653,0.2930685791506301
CASP,264,SRS,3,11,27.561253991176336,0.2700701506966209
CASP,264,PCA-QS,3,11,27.235658075399225,0.2786932045610446
CASP,264,Leverage,3,11,28.510747401768292,0.24492384993941219
CASP,264,Coreset,3,11,27.29474206852839,0.27712842923497205
CASP,265,SRS,3,11,27.51949596080645,0.2702726899396861
CASP,265,PCA-QS,3,11,27.289473479611914,0.2763721361902477
CASP,265,Leverage,3,11,28.05797572305716,0.25599396227008187
CASP,265,Coreset,3,11,27.243491754974496,0.27759142161173156
CASP,266,SRS,3,11,27.37025309211664,0.28081282877037617
CASP,266,PCA-QS,3,11,27.29604623639142,0.28276270546589855
CASP,266,Leverage,3,11,28.242195185682743,0.25790147440191913
CASP,266,Coreset,3,11,27.31343097527863,0.2823059000011928
CASP,267,SRS,3,11,27.62475156229811,0.2605287351646852
CASP,267,PCA-QS,3,11,27.227033473390172,0.2711750245110126
CASP,267,Leverage,3,11,28.324253572869058,0.2418041636388475
CASP,267,Coreset,3,11,27.623215989621663,0.2605698400364064
CASP,268,SRS,3,11,27.177692415637882,0.2756473276667034
CASP,268,PCA-QS,3,11,27.1915156059028,0.27527890548223555
CASP,268,Leverage,3,11,27.96961376989028,0.2545406663483766
CASP,268,Coreset,3,11,27.277249251051693,0.27299389194897683
CASP,269,SRS,3,11,27.070847621471906,0.27483814482957525
CASP,269,PCA-QS,3,11,26.545741714449683,0.2889044488855721
CASP,269,Leverage,3,11,27.760474653779976,0.25636472186488257
CASP,269,Coreset,3,11,26.55722083808916,0.28859695121462625
CASP,270,SRS,3,11,27.86475697106975,0.2573748005419183
CASP,270,PCA-QS,3,11,27.63358776625705,0.26353570397311754
CASP,270,Leverage,3,11,28.55840968069012,0.23888822330848736
CASP,270,Coreset,3,11,27.71757101620207,0.2612974616727699
CASP,271,SRS,3,11,27.110896798539606,0.2736342788324244
CASP,271,PCA-QS,3,11,26.83250478352481,0.2810930662807396
CASP,271,Leverage,3,11,28.18666398974475,0.2448119046610825
CASP,271,Coreset,3,11,26.816724081145033,0.28151586901389136
CASP,272,SRS,3,11,27.067026496469005,0.27474873250845777
CASP,272,PCA-QS,3,11,26.89910822306342,0.2792480424211399
CASP,272,Leverage,3,11,27.941895314907473,0.2513069362866194
CASP,272,Coreset,3,11,26.933208751199366,0.2783343309997559
CASP,273,SRS,3,11,27.514930506241015,0.2738737941778051
CASP,273,PCA-QS,3,11,27.666327894198627,0.2698783775488547
CASP,273,Leverage,3,11,28.20423950102636,0.25568274968619487
CASP,273,Coreset,3,11,27.43099659039925,0.2760888321491405
CASP,274,SRS,3,11,27.693755220730353,0.26323546443083967
CASP,274,PCA-QS,3,11,27.26184865663835,0.27472590466063973
CASP,274,Leverage,3,11,28.13617966820988,0.25146520648013393
CASP,274,Coreset,3,11,27.29673443285633,0.27379780363178496
CASP,275,SRS,3,11,26.966110410004372,0.28044608194673315
CASP,275,PCA-QS,3,11,26.909451855908458,0.28195793827199034
CASP,275,Leverage,3,11,27.77249121741556,0.25892890870248175
CASP,275,Coreset,3,11,26.990397970855803,0.27979800147443346
CASP,276,SRS,3,11,29.369339550135315,0.22066770909902
CASP,276,PCA-QS,3,11,27.10548177042381,0.28074047534985125
CASP,276,Leverage,3,11,28.31097443971206,0.24875203509170396
CASP,276,Coreset,3,11,27.223082053392165,0.2776198843069414
CASP,277,SRS,3,11,26.80326643321968,0.27519729679627014
CASP,277,PCA-QS,3,11,26.5300169999397,0.28258639350892867
CASP,277,Leverage,3,11,27.564691129329717,0.2546071691190467
CASP,277,Coreset,3,11,26.657769663039396,0.27913175950800073
CASP,278,SRS,3,11,26.632158016634175,0.2877124458875563
CASP,278,PCA-QS,3,11,26.893240682550633,0.2807296871711714
CASP,278,Leverage,3,11,27.25726271139905,0.2709937746548241
CASP,278,Coreset,3,11,26.76364847080681,0.2841956819087129
CASP,279,SRS,3,11,28.179196238353825,0.2468350705559601
CASP,279,PCA-QS,3,11,27.306815170702514,0.27015180463553723
CASP,279,Leverage,3,11,28.054341331112884,0.2501721542899126
CASP,279,Coreset,3,11,27.43567286555451,0.2667077356198486
CASP,280,SRS,3,11,27.844972784362636,0.2608086281083911
CASP,280,PCA-QS,3,11,27.43430566005762,0.27171047374338786
CASP,280,Leverage,3,11,28.415871045320042,0.24565317897235794
CASP,280,Coreset,3,11,27.39329387696113,0.2727992001158497
CASP,281,SRS,3,11,27.294764769720757,0.2719313438872879
CASP,281,PCA-QS,3,11,27.31774198300586,0.2713184428808555
CASP,281,Leverage,3,11,27.88804840469191,0.25610592013107014
CASP,281,Coreset,3,11,27.114016562420975,0.2767526752119499
CASP,282,SRS,3,11,27.652776487788408,0.2677106502887382
CASP,282,PCA-QS,3,11,27.50919731061422,0.2715128544663692
CASP,282,Leverage,3,11,28.475352688138496,0.24592752875993495
CASP,282,Coreset,3,11,27.36846468355282,0.27523967748536904
CASP,283,SRS,3,11,27.025674661571603,0.2749510537067834
CASP,283,PCA-QS,3,11,27.000833412590126,0.2756174985457809
CASP,283,Leverage,3,11,27.875715535079525,0.2521460267329537
CASP,283,Coreset,3,11,26.946217734003024,0.2770827363504441
CASP,284,SRS,3,11,26.963177728438566,0.2808253362329117
CASP,284,PCA-QS,3,11,26.845872146089814,0.28395416635795623
CASP,284,Leverage,3,11,27.448386207746857,0.26788362556075174
CASP,284,Coreset,3,11,27.031591765512694,0.27900056459044176
CASP,285,SRS,3,11,27.136441354332273,0.2709524643131592
CASP,285,PCA-QS,3,11,27.47230155348524,0.2619292454123998
CASP,285,Leverage,3,11,28.27416235384962,0.24038645603791176
CASP,285,Coreset,3,11,27.073646810848242,0.2726395022922311
CASP,286,SRS,3,11,27.04020457616261,0.2807021734960532
CASP,286,PCA-QS,3,11,27.058961876300284,0.28020320962238476
CASP,286,Leverage,3,11,28.17742088179944,0.25045102600175784
CASP,286,Coreset,3,11,27.134794923246357,0.27818597096977604
CASP,287,SRS,3,11,27.75087501986208,0.25714590248277036
CASP,287,PCA-QS,3,11,27.62103116410814,0.26062165019217465
CASP,287,Leverage,3,11,27.92559885510579,0.2524687772803462
CASP,287,Coreset,3,11,27.002223965791718,0.2771862977037757
CASP,288,SRS,3,11,27.077421927893955,0.27515410500113546
CASP,288,PCA-QS,3,11,26.675059020056505,0.2859251120350561
CASP,288,Leverage,3,11,27.895733877120975,0.2532483985123398
CASP,288,Coreset,3,11,26.78640439645093,0.2829444649401618
CASP,289,SRS,3,11,27.73167101949847,0.2597913452181312
CASP,289,PCA-QS,3,11,27.302846607019806,0.2712374474481509
CASP,289,Leverage,3,11,27.580482094017363,0.26382685216863555
CASP,289,Coreset,3,11,26.73935754427613,0.2862779937183171
CASP,290,SRS,3,11,27.79153400246551,0.25999380038289566
CASP,290,PCA-QS,3,11,28.69235428934945,0.23600762542127474
CASP,290,Leverage,3,11,28.731408012428403,0.2349677404982622
CASP,290,Coreset,3,11,27.623996093190442,0.2644548384646165
CASP,291,SRS,3,11,27.20255373053833,0.2766735437374821
CASP,291,PCA-QS,3,11,27.739992410528462,0.2623828407503117
CASP,291,Leverage,3,11,27.753271168198342,0.2620297534326993
CASP,291,Coreset,3,11,26.99966219280432,0.28206850843265496
CASP,292,SRS,3,11,28.484880772543566,0.23308986706076507
CASP,292,PCA-QS,3,11,26.645249173069683,0.2826190234499898
CASP,292,Leverage,3,11,27.434476117858175,0.261370342580299
CASP,292,Coreset,3,11,26.60740838441436,0.283637826529768
CASP,293,SRS,3,11,27.046181266340184,0.27835965275337793
CASP,293,PCA-QS,3,11,27.026618474686735,0.27888162292073315
CASP,293,Leverage,3,11,27.631304034934153,0.26274753384638994
CASP,293,Coreset,3,11,27.125121041139,0.2762533987895963
CASP,294,SRS,3,11,27.30875179418955,0.2673556439188214
CASP,294,PCA-QS,3,11,27.146481335847344,0.2717090664538059
CASP,294,Leverage,3,11,28.194933749964434,0.24358098686922347
CASP,294,Coreset,3,11,27.217082440447385,0.26981496667187
CASP,295,SRS,3,11,27.421933871652627,0.2590959368362781
CASP,295,PCA-QS,3,11,28.38704235033559,0.23301999352036362
CASP,295,Leverage,3,11,28.081242882451008,0.24128228710364763
CASP,295,Coreset,3,11,27.3281922003802,0.26162871171125857
CASP,296,SRS,3,11,27.03591308799569,0.2725753524061364
CASP,296,PCA-QS,3,11,26.93766300522871,0.27521885594160866
CASP,296,Leverage,3,11,27.889299668918127,0.24961424763899365
CASP,296,Coreset,3,11,26.937991256999776,0.2752100240435288
CASP,297,SRS,3,11,28.936650361035525,0.21762017046307425
CASP,297,PCA-QS,3,11,27.375067972259927,0.25984173197398286
CASP,297,Leverage,3,11,27.985310657217397,0.24334218686851072
CASP,297,Coreset,3,11,27.00415463846866,0.26987036719070256
CASP,298,SRS,3,11,26.925230274061953,0.2815131603906328
CASP,298,PCA-QS,3,11,27.04726814745967,0.278256638345039
CASP,298,Leverage,3,11,28.108097500331418,0.2499489165037918
CASP,298,Coreset,3,11,26.978403805454533,0.28009425024084933
CASP,299,SRS,3,11,27.23481807052318,0.2742738561822423
CASP,299,PCA-QS,3,11,26.699037396341474,0.2885508027584637
CASP,299,Leverage,3,11,27.91270854035604,0.25621011015946016
CASP,299,Coreset,3,11,26.767805918248897,0.28671832808979913
CASP,300,SRS,3,11,26.939319340242083,0.28045032723206154
CASP,300,PCA-QS,3,11,26.936510357742808,0.2805253552018716
CASP,300,Leverage,3,11,27.923222136056552,0.2541702670040291
CASP,300,Coreset,3,11,27.105456010640363,0.2760128139708685
CASP,301,SRS,3,11,28.0086302201007,0.25120102896574803
CASP,301,PCA-QS,3,11,27.285358562819468,0.27053739309689173
CASP,301,Leverage,3,11,28.00958648147728,0.25117546371927935
CASP,301,Coreset,3,11,27.30573123125864,0.26999273835852733
CASP,302,SRS,3,11,28.535540116707725,0.24122856365607637
CASP,302,PCA-QS,3,11,27.01130062173343,0.2817587020800768
CASP,302,Leverage,3,11,27.911082497959224,0.2578331417497737
CASP,302,Coreset,3,11,27.08276244379033,0.2798585036207486
CASP,303,SRS,3,11,27.2941602360994,0.27549412805342866
CASP,303,PCA-QS,3,11,27.16229273900891,0.2789944656763681
CASP,303,Leverage,3,11,28.04740310475232,0.2554997821339987
CASP,303,Coreset,3,11,26.98515470961619,0.28369648036851935
CASP,304,SRS,3,11,27.52297198360713,0.2663292713034544
CASP,304,PCA-QS,3,11,27.3205619035404,0.27172484962350396
CASP,304,Leverage,3,11,28.327942432647802,0.24487144123050253
CASP,304,Coreset,3,11,27.32471277221341,0.27161420129505076
CASP,305,SRS,3,11,27.394103450288252,0.2734296405414055
CASP,305,PCA-QS,3,11,26.98530827368635,0.28427206358137025
CASP,305,Leverage,3,11,27.879518309159273,0.26055504330786294
CASP,305,Coreset,3,11,27.122084706738818,0.28064435945486965
CASP,306,SRS,3,11,27.050718217272454,0.2786817431293577
CASP,306,PCA-QS,3,11,27.374363598948445,0.27005160914623494
CASP,306,Leverage,3,11,27.910385912544122,0.2557583590454032
CASP,306,Coreset,3,11,27.27625829547858,0.2726676264334751
CASP,307,SRS,3,11,27.243753673699107,0.2678484398413119
CASP,307,PCA-QS,3,11,26.96781248461423,0.2752641129721247
CASP,307,Leverage,3,11,27.934334392365336,0.24928969949140556
CASP,307,Coreset,3,11,26.983300621793877,0.27484788311129704
CASP,308,SRS,3,11,28.743584332385844,0.22909362309349401
CASP,308,PCA-QS,3,11,27.02077084173635,0.2752996874034983
CASP,308,Leverage,3,11,28.058196004523033,0.24747582019517578
CASP,308,Coreset,3,11,27.194772585337535,0.27063293978483516
CASP,309,SRS,3,11,26.983936354243433,0.28273411422374184
CASP,309,PCA-QS,3,11,27.073926619196452,0.28034206340300916
CASP,309,Leverage,3,11,27.635496837331004,0.2654148431988115
CASP,309,Coreset,3,11,26.983958693911134,0.282733520408172
CASP,310,SRS,3,11,26.957492780386996,0.2756041042060934
CASP,310,PCA-QS,3,11,26.981027319587316,0.27497168917606807
CASP,310,Leverage,3,11,28.20989640519502,0.24194978579157045
CASP,310,Coreset,3,11,26.88073958935212,0.2776665992989308
CASP,311,SRS,3,11,26.861792972675932,0.28573159006103965
CASP,311,PCA-QS,3,11,26.878260343130208,0.28529371450588903
CASP,311,Leverage,3,11,27.877939283121552,0.2587117552285091
CASP,311,Coreset,3,11,26.83577534469316,0.28642341170483454
CASP,312,SRS,3,11,27.864390695597447,0.2533981124603879
CASP,312,PCA-QS,3,11,26.591578595669368,0.28750199532188203
CASP,312,Leverage,3,11,27.869646257404856,0.25325729429542765
CASP,312,Coreset,3,11,26.49838616763621,0.28999900462074135
CASP,313,SRS,3,11,27.29611375679233,0.2702362119365692
CASP,313,PCA-QS,3,11,27.145438268490608,0.2742645331873924
CASP,313,Leverage,3,11,27.68313308505692,0.2598892191901073
CASP,313,Coreset,3,11,27.076031919910154,0.2761201174770468
CASP,314,SRS,3,11,26.762621332860494,0.28285289930112534
CASP,314,PCA-QS,3,11,26.87356149851274,0.279880080713625
CASP,314,Leverage,3,11,27.70189112523176,0.2576836679319241
CASP,314,Coreset,3,11,26.680521766105773,0.2850528880665939
CASP,315,SRS,3,11,27.492267316371862,0.25511441690145065
CASP,315,PCA-QS,3,11,27.094028526072538,0.265904444879533
CASP,315,Leverage,3,11,27.412601619420613,0.25727290853997564
CASP,315,Coreset,3,11,26.4694639996152,0.2828266254374019
CASP,316,SRS,3,11,27.12126514040088,0.2770687618485188
CASP,316,PCA-QS,3,11,27.215958567834434,0.27454465995338373
CASP,316,Leverage,3,11,28.153540193847856,0.24955294064187283
CASP,316,Coreset,3,11,27.1085664481629,0.2774072520057803
CASP,317,SRS,3,11,27.408207144528518,0.2747952532891119
CASP,317,PCA-QS,3,11,27.34380083450316,0.27649940568048237
CASP,317,Leverage,3,11,28.54918773416212,0.244605590202285
CASP,317,Coreset,3,11,27.379472232959635,0.27555556184034935
CASP,318,SRS,3,11,26.694948941159215,0.27621732366515517
CASP,318,PCA-QS,3,11,26.689384254785427,0.27636819953330016
CASP,318,Leverage,3,11,27.399881246520597,0.2571044273740264
CASP,318,Coreset,3,11,26.557450181406544,0.27994534054751996
CASP,319,SRS,3,11,27.054120390135846,0.2736910445555618
CASP,319,PCA-QS,3,11,27.010064958048922,0.27487377954746983
CASP,319,Leverage,3,11,28.283006993549602,0.24069971708255544
CASP,319,Coreset,3,11,26.868719888320655,0.2786684026389302
CASP,320,SRS,3,11,27.079111209134197,0.27581085654249415
CASP,320,PCA-QS,3,11,27.11497149191739,0.2748518284831041
CASP,320,Leverage,3,11,28.21633872326098,0.24539745733558138
CASP,320,Coreset,3,11,27.15277242899489,0.27384090061207367
CASP,321,SRS,3,11,27.580326024492575,0.2621812633555016
CASP,321,PCA-QS,3,11,27.64721232509286,0.2603919456453375
CASP,321,Leverage,3,11,28.1638541222529,0.24657093432952304
CASP,321,Coreset,3,11,27.60899957819664,0.2614141989941067
CASP,322,SRS,3,11,27.352958114149118,0.27233335689475346
CASP,322,PCA-QS,3,11,26.9587265078332,0.2828210412021227
CASP,322,Leverage,3,11,27.941466092284767,0.2566773673998145
CASP,322,Coreset,3,11,27.06519815107417,0.2799885920425207
CASP,323,SRS,3,11,27.40544666415269,0.2727643585500754
CASP,323,PCA-QS,3,11,27.15832684217139,0.27932197260599356
CASP,323,Leverage,3,11,27.759129594266707,0.263378967547206
CASP,323,Coreset,3,11,27.309354518942918,0.27531427622579563
CASP,324,SRS,3,11,26.757175903550912,0.2893088214997426
CASP,324,PCA-QS,3,11,26.600960957948462,0.29345801064398347
CASP,324,Leverage,3,11,27.843149229083757,0.2604645344447565
CASP,324,Coreset,3,11,26.679557861702378,0.29137041640920003
CASP,325,SRS,3,11,27.304879554014157,0.27281891740599484
CASP,325,PCA-QS,3,11,26.968522709981528,0.28177674245326156
CASP,325,Leverage,3,11,27.772714901501303,0.2603595687467757
CASP,325,Coreset,3,11,27.0797394764467,0.27881482758816345
CASP,326,SRS,3,11,27.56617347664968,0.26192638954206926
CASP,326,PCA-QS,3,11,27.2459404702538,0.2705005041691362
CASP,326,Leverage,3,11,28.028162138029085,0.24955682219592468
CASP,326,Coreset,3,11,27.23491969126112,0.27079558125511893
CASP,327,SRS,3,11,27.954700138369667,0.25536122114981286
CASP,327,PCA-QS,3,11,27.333578784261046,0.2719062402110758
CASP,327,Leverage,3,11,28.263282633862676,0.247141405108822
CASP,327,Coreset,3,11,27.41997622646776,0.26960484239453175
CASP,328,SRS,3,11,26.811469262938896,0.2819482500843742
CASP,328,PCA-QS,3,11,27.072040299346693,0.274969763122879
CASP,328,Leverage,3,11,27.831607909738512,0.2546273922340525
CASP,328,Coreset,3,11,26.766141756655955,0.28316218934620974
CASP,329,SRS,3,11,27.205750739249577,0.2722263532382744
CASP,329,PCA-QS,3,11,27.53455109280161,0.26343070430895144
CASP,329,Leverage,3,11,27.96107659537071,0.25202083646826146
CASP,329,Coreset,3,11,27.1714568663896,0.27314373931418523
CASP,330,SRS,3,11,27.070587849093947,0.28137862471290787
CASP,330,PCA-QS,3,11,27.427590982750868,0.2719015463309944
CASP,330,Leverage,3,11,28.217068545446292,0.250943913086193
CASP,330,Coreset,3,11,27.050431562510962,0.2819136976291553
CASP,331,SRS,3,11,27.318532381424824,0.27289500923398724
CASP,331,PCA-QS,3,11,27.268381718952924,0.2742298099642906
CASP,331,Leverage,3,11,27.72502549774182,0.26207586384727954
CASP,331,Coreset,3,11,27.266873174075748,0.2742699611149335
CASP,332,SRS,3,11,26.645112745514623,0.2827862293224185
CASP,332,PCA-QS,3,11,26.53292662366093,0.2858059737776536
CASP,332,Leverage,3,11,28.025475940414974,0.2456306165323885
CASP,332,Coreset,3,11,26.433486518229653,0.2884826302307192
CASP,333,SRS,3,11,29.70161603636375,0.19898676401263882
CASP,333,PCA-QS,3,11,26.96863197622609,0.27269172347452664
CASP,333,Leverage,3,11,27.657226003552786,0.25412125480254466
CASP,333,Coreset,3,11,26.850207548078956,0.27588547341372005
CASP,334,SRS,3,11,27.34165670329789,0.2780366562398585
CASP,334,PCA-QS,3,11,27.26146654439588,0.2801540976182578
CASP,334,Leverage,3,11,27.954541541596907,0.26185327744903053
CASP,334,Coreset,3,11,27.43032822760432,0.275695262268042
CASP,335,SRS,3,11,27.492549611655306,0.27739897821805926
CASP,335,PCA-QS,3,11,27.63490594217207,0.27365735252886036
CASP,335,Leverage,3,11,28.23642318205507,0.25784736115670204
CASP,335,Coreset,3,11,27.486401015846283,0.2775605849688656
CASP,336,SRS,3,11,27.377891813779655,0.2650663544064704
CASP,336,PCA-QS,3,11,27.01441093173511,0.27482365535431397
CASP,336,Leverage,3,11,27.908785423625947,0.2508150169126805
CASP,336,Coreset,3,11,26.761459813491648,0.28161388919525787
CASP,337,SRS,3,11,27.54991247208112,0.26421794628552786
CASP,337,PCA-QS,3,11,27.07230837920141,0.2769734321941524
CASP,337,Leverage,3,11,28.078916644529254,0.25008970624767446
CASP,337,Coreset,3,11,26.951370558511595,0.28020334728622676
CASP,338,SRS,3,11,27.999746188585263,0.24560213256706265
CASP,338,PCA-QS,3,11,27.7246041014846,0.25301529275615053
CASP,338,Leverage,3,11,27.862294348238006,0.249305500966701
CASP,338,Coreset,3,11,27.176490692075948,0.2677831261637925
CASP,339,SRS,3,11,27.075215338887883,0.26564317117737335
CASP,339,PCA-QS,3,11,26.961398832317283,0.26873019847472623
CASP,339,Leverage,3,11,27.869364659478233,0.2441035834259606
CASP,339,Coreset,3,11,27.060432481693763,0.26604412429978186
CASP,340,SRS,3,11,27.29575268353006,0.2705336843361402
CASP,340,PCA-QS,3,11,27.774199131585025,0.25774742517884264
CASP,340,Leverage,3,11,28.312557856913816,0.2433600382317136
CASP,340,Coreset,3,11,26.979856862772934,0.27897585345941023
CASP,341,SRS,3,11,27.298978453526125,0.2697119991558521
CASP,341,PCA-QS,3,11,26.941426951481567,0.2792770300258338
CASP,341,Leverage,3,11,28.004409973308594,0.2508406639082197
CASP,341,Coreset,3,11,27.22960768441683,0.27156776970697705
CASP,342,SRS,3,11,26.862264732043016,0.2828247033830733
CASP,342,PCA-QS,3,11,29.865641461074755,0.20263981882543036
CASP,342,Leverage,3,11,27.75786016267689,0.2589138781037945
CASP,342,Coreset,3,11,26.958848451306714,0.28024608768546677
CASP,343,SRS,3,11,26.639507693053545,0.2885021210026687
CASP,343,PCA-QS,3,11,26.724904207734536,0.2862213191286487
CASP,343,Leverage,3,11,27.434366580472666,0.26727273422055664
CASP,343,Coreset,3,11,26.622886746695226,0.2889460394195228
CASP,344,SRS,3,11,27.77468026064333,0.2583752524846239
CASP,344,PCA-QS,3,11,27.961526293851776,0.253386189031792
CASP,344,Leverage,3,11,28.13223625356069,0.24882798243573345
CASP,344,Coreset,3,11,27.487764729682134,0.26603631847028164
CASP,345,SRS,3,11,27.21220688364957,0.28198472378772843
CASP,345,PCA-QS,3,11,27.795875436409318,0.2665841743608456
CASP,345,Leverage,3,11,27.928596955724366,0.26308221368717577
CASP,345,Coreset,3,11,27.078188087562395,0.2855209141195749
CASP,346,SRS,3,11,27.656433085357623,0.26692402581513697
CASP,346,PCA-QS,3,11,27.364979542866287,0.2746494468385944
CASP,346,Leverage,3,11,28.481039949117292,0.24506656219701806
CASP,346,Coreset,3,11,27.36063821275187,0.27476452041995836
CASP,347,SRS,3,11,27.28913988679756,0.2740407594839692
CASP,347,PCA-QS,3,11,28.894741422484067,0.23132775071001865
CASP,347,Leverage,3,11,27.99629141556007,0.25522876361749103
CASP,347,Coreset,3,11,27.215428999677844,0.2760016530794863
CASP,348,SRS,3,11,26.992303107577957,0.272186504608954
CASP,348,PCA-QS,3,11,27.018129656501824,0.27149012420853935
CASP,348,Leverage,3,11,27.910694703016482,0.24742323062859406
CASP,348,Coreset,3,11,27.05036772962487,0.2706208651241684
CASP,349,SRS,3,11,27.444737651680054,0.267530538108386
CASP,349,PCA-QS,3,11,27.36038588491871,0.26978179275667025
CASP,349,Leverage,3,11,27.75360181824152,0.25928729771927517
CASP,349,Coreset,3,11,27.17087971992636,0.27483950110348676
CASP,350,SRS,3,11,27.662702102302706,0.2606028396743385
CASP,350,PCA-QS,3,11,26.81375796397469,0.2832942919711334
CASP,350,Leverage,3,11,27.761123666813592,0.25797212684501947
CASP,350,Coreset,3,11,27.03743968322892,0.2773154968620477
CASP,351,SRS,3,11,27.69648843585099,0.2599750198758711
CASP,351,PCA-QS,3,11,27.221543750929097,0.27266510987892123
CASP,351,Leverage,3,11,28.067245225952032,0.25006873566006205
CASP,351,Coreset,3,11,27.271004393890955,0.27134356648508806
CASP,352,SRS,3,11,27.15028072108543,0.2751691548554913
CASP,352,PCA-QS,3,11,27.246965453073724,0.27258796327520607
CASP,352,Leverage,3,11,28.13741033746366,0.24881576273196404
CASP,352,Coreset,3,11,27.41525158827762,0.26809522955878407
CASP,353,SRS,3,11,28.75967622266374,0.2296901382559784
CASP,353,PCA-QS,3,11,27.331880797737814,0.26793274181862614
CASP,353,Leverage,3,11,27.94364414164341,0.2515470449416696
CASP,353,Coreset,3,11,27.282771476118015,0.2692481041493563
CASP,354,SRS,3,11,27.264245017129934,0.27345845171766026
CASP,354,PCA-QS,3,11,27.239079989083322,0.2741290530282069
CASP,354,Leverage,3,11,27.896571554818753,0.2566081225989262
CASP,354,Coreset,3,11,27.206329757809712,0.2750017859324624
CASP,355,SRS,3,11,26.87367304209095,0.2806228205846957
CASP,355,PCA-QS,3,11,27.1640625763294,0.27284942824844927
CASP,355,Leverage,3,11,28.095777725230565,0.2479084901494688
CASP,355,Coreset,3,11,26.902096178886755,0.2798619660507331
CASP,356,SRS,3,11,26.93171302403873,0.27290700385911415
CASP,356,PCA-QS,3,11,26.949342460059285,0.27243105049346616
CASP,356,Leverage,3,11,27.825283483622428,0.24878270021226545
CASP,356,Coreset,3,11,26.928806226599512,0.2729854805626706
CASP,357,SRS,3,11,27.112271039828723,0.27045553788094434
CASP,357,PCA-QS,3,11,27.153240359892784,0.2693531241242506
CASP,357,Leverage,3,11,27.724519502471715,0.25398098749355935
CASP,357,Coreset,3,11,27.00810945596831,0.2732583464896102
CASP,358,SRS,3,11,28.184774814891462,0.2518469033806291
CASP,358,PCA-QS,3,11,27.37499734387133,0.273342108735125
CASP,358,Leverage,3,11,28.541777462453222,0.2423704169432236
CASP,358,Coreset,3,11,27.551383815486037,0.2686600033854456
CASP,359,SRS,3,11,26.70630761287873,0.28663591515159204
CASP,359,PCA-QS,3,11,27.430163275770134,0.2673006839393278
CASP,359,Leverage,3,11,28.016721199475334,0.2516328738279531
CASP,359,Coreset,3,11,26.79104258928956,0.2843725214328433
CASP,360,SRS,3,11,27.268722935270528,0.2718358417093897
CASP,360,PCA-QS,3,11,26.925842482724015,0.28099187210786114
CASP,360,Leverage,3,11,27.926875930204236,0.25426100247984595
CASP,360,Coreset,3,11,26.813445666147004,0.2839932350074593
CASP,361,SRS,3,11,27.91609500206169,0.2528206129707714
CASP,361,PCA-QS,3,11,26.60152131318474,0.2880054181158782
CASP,361,Leverage,3,11,27.178547543389783,0.27256120555847907
CASP,361,Coreset,3,11,26.5449954569265,0.2895183429940611
CASP,362,SRS,3,11,26.77949747895954,0.2771056115067555
CASP,362,PCA-QS,3,11,26.734390412719147,0.27832324619509097
CASP,362,Leverage,3,11,27.551724636918124,0.25625986264350853
CASP,362,Coreset,3,11,26.70903780852015,0.27900762256636324
CASP,363,SRS,3,11,27.467734550733205,0.26689944760370987
CASP,363,PCA-QS,3,11,27.221385275203595,0.27347439063876855
CASP,363,Leverage,3,11,28.30597414403335,0.24452723821185918
CASP,363,Coreset,3,11,27.219328098310267,0.2735292956952482
CASP,364,SRS,3,11,28.719817973614123,0.22948278917718046
CASP,364,PCA-QS,3,11,27.21098927832919,0.2699627977541317
CASP,364,Leverage,3,11,27.877403561507727,0.2520837264035065
CASP,364,Coreset,3,11,27.179854478015,0.2707981059555854
CASP,365,SRS,3,11,27.694429846517394,0.2625900249271802
CASP,365,PCA-QS,3,11,27.153171921856465,0.27700191190027024
CASP,365,Leverage,3,11,28.054479744010138,0.2530031012242362
CASP,365,Coreset,3,11,27.27831167278877,0.2736698591688357
CASP,366,SRS,3,11,28.233627071158168,0.2394618307341303
CASP,366,PCA-QS,3,11,26.846905142624397,0.276816399247408
CASP,366,Leverage,3,11,27.910601785981235,0.24816326531764554
CASP,366,Coreset,3,11,27.106577789170206,0.2698215147887223
CASP,367,SRS,3,11,27.278082289059256,0.2783821225285894
CASP,367,PCA-QS,3,11,30.35669778551614,0.19694003446087927
CASP,367,Leverage,3,11,28.649138042496585,0.24211203828270267
CASP,367,Coreset,3,11,27.324871712614925,0.2771443491339438
CASP,368,SRS,3,11,27.317763779275918,0.26774585872279844
CASP,368,PCA-QS,3,11,27.294439583602326,0.2683710650541785
CASP,368,Leverage,3,11,27.790566787408164,0.2550723484197406
CASP,368,Coreset,3,11,27.20584492652911,0.27074584964712933
CASP,369,SRS,3,11,27.641860805974183,0.26273584629512614
CASP,369,PCA-QS,3,11,27.45832666900724,0.2676310717329752
CASP,369,Leverage,3,11,28.138286210109097,0.24949517997290716
CASP,369,Coreset,3,11,27.451309322068674,0.26781823852280273
CASP,370,SRS,3,11,28.41797896994723,0.24944976170404964
CASP,370,PCA-QS,3,11,27.403030608117717,0.2762556698805184
CASP,370,Leverage,3,11,28.15501414986637,0.25639495328800654
CASP,370,Coreset,3,11,27.503786264183894,0.27359460162685734
CASP,371,SRS,3,11,27.15916115317772,0.27611190799874996
CASP,371,PCA-QS,3,11,26.94761655175083,0.28175032286128554
CASP,371,Leverage,3,11,27.802206597920236,0.2589724633215239
CASP,371,Coreset,3,11,27.101268485535837,0.27765495317911415
CASP,372,SRS,3,11,26.79517998353087,0.284436290302844
CASP,372,PCA-QS,3,11,27.286448788638662,0.27131698567949447
CASP,372,Leverage,3,11,27.908774924200447,0.25469780273398734
CASP,372,Coreset,3,11,26.979375954829077,0.27951734769397074
CASP,373,SRS,3,11,27.60564392625209,0.2646457252372725
CASP,373,PCA-QS,3,11,27.548099577138796,0.26617858146123685
CASP,373,Leverage,3,11,28.09613585704098,0.2515800876812062
CASP,373,Coreset,3,11,27.453415937439747,0.2687007475584594
CASP,374,SRS,3,11,27.342833209508743,0.27163066731967966
CASP,374,PCA-QS,3,11,27.67419554542401,0.2628037048159527
CASP,374,Leverage,3,11,28.01553767949457,0.2537108964553988
CASP,374,Coreset,3,11,27.228615064398852,0.2746732559752234
CASP,375,SRS,3,11,27.202613428172175,0.27171851766875144
CASP,375,PCA-QS,3,11,27.193067478853678,0.27197408642644794
CASP,375,Leverage,3,11,28.16115083072823,0.24605609217251212
CASP,375,Coreset,3,11,27.241681519333092,0.27067256789566607
CASP,376,SRS,3,11,27.125963316101938,0.26845752401102885
CASP,376,PCA-QS,3,11,26.93165856196915,0.27369760265001863
CASP,376,Leverage,3,11,27.902408934585562,0.24751806672439558
CASP,376,Coreset,3,11,26.757591009769705,0.2783919173418672
CASP,377,SRS,3,11,26.941332176156394,0.28490527350760564
CASP,377,PCA-QS,3,11,26.918702560470813,0.28550592379221296
CASP,377,Leverage,3,11,27.99872992507241,0.256839120389759
CASP,377,Coreset,3,11,27.12891015497515,0.27992645425017826
CASP,378,SRS,3,11,27.483625763949263,0.2731138667316312
CASP,378,PCA-QS,3,11,27.40106845111559,0.27529734013554474
CASP,378,Leverage,3,11,28.268719211590803,0.25234973810785066
CASP,378,Coreset,3,11,27.089951098843756,0.28352576280174935
CASP,379,SRS,3,11,27.196268827620784,0.2701364139956616
CASP,379,PCA-QS,3,11,27.213582612471747,0.2696717656581
CASP,379,Leverage,3,11,28.120671369799105,0.24532831408231692
CASP,379,Coreset,3,11,27.06851154068222,0.2735650237131999
CASP,380,SRS,3,11,26.97888232265573,0.27979404896230586
CASP,380,PCA-QS,3,11,26.90159654419148,0.28185720624639365
CASP,380,Leverage,3,11,27.996806428819482,0.25262038808947496
CASP,380,Coreset,3,11,26.920153033922638,0.28136183752893107
CASP,381,SRS,3,11,27.90162590896166,0.26374069406013934
CASP,381,PCA-QS,3,11,28.520420682226217,0.24741213271502271
CASP,381,Leverage,3,11,28.38515495137935,0.25098148216568594
CASP,381,Coreset,3,11,27.7155075878844,0.2686519256258606
CASP,382,SRS,3,11,26.796744962529164,0.28044872391190845
CASP,382,PCA-QS,3,11,26.70058450179978,0.2830308428343299
CASP,382,Leverage,3,11,27.705404336951904,0.2560492301185556
CASP,382,Coreset,3,11,26.870938712864774,0.2784564592616161
CASP,383,SRS,3,11,27.28686282948846,0.27218161257921714
CASP,383,PCA-QS,3,11,27.218594079041093,0.27400253469006297
CASP,383,Leverage,3,11,27.926289007745446,0.2551262943170276
CASP,383,Coreset,3,11,27.28787234922267,0.27215468581121094
CASP,384,SRS,3,11,27.48212405038879,0.26479543721042376
CASP,384,PCA-QS,3,11,27.641107823264498,0.2605422872350649
CASP,384,Leverage,3,11,27.673698577327848,0.25967041608536057
CASP,384,Coreset,3,11,26.926325916227448,0.2796642051221082
CASP,385,SRS,3,11,27.09832263415305,0.27857486679151544
CASP,385,PCA-QS,3,11,27.06786113732694,0.27938582803447476
CASP,385,Leverage,3,11,27.757688504553208,0.26102089796072736
CASP,385,Coreset,3,11,26.915065252184093,0.28345363670592216
CASP,386,SRS,3,11,27.43875220186593,0.2663873416240172
CASP,386,PCA-QS,3,11,27.415025380460225,0.2670217107235373
CASP,386,Leverage,3,11,28.670600081374428,0.23345219971404396
CASP,386,Coreset,3,11,27.463951973120928,0.26571359119087656
CASP,387,SRS,3,11,27.316559492713953,0.26789146105015216
CASP,387,PCA-QS,3,11,26.96019737962593,0.2774422884894401
CASP,387,Leverage,3,11,27.876679385384897,0.2528797405452532
CASP,387,Coreset,3,11,26.76881427794497,0.2825715289777494
CASP,388,SRS,3,11,27.362292343057856,0.2721703224703119
CASP,388,PCA-QS,3,11,27.27247766617565,0.2745593689176282
CASP,388,Leverage,3,11,28.472743064654164,0.2426326294846911
CASP,388,Coreset,3,11,27.302581249028076,0.27375862164377895
CASP,389,SRS,3,11,27.49649521387763,0.27318754473037377
CASP,389,PCA-QS,3,11,27.48390017620109,0.273520468260689
CASP,389,Leverage,3,11,27.815816304675852,0.2647469582404528
CASP,389,Coreset,3,11,27.394989292194857,0.27587064188835
CASP,390,SRS,3,11,27.23170965976253,0.27251496294801303
CASP,390,PCA-QS,3,11,27.01986975107094,0.2781741876441144
CASP,390,Leverage,3,11,27.961652809477627,0.253014802071189
CASP,390,Coreset,3,11,27.109499339844735,0.27577976637843804
CASP,391,SRS,3,11,27.244216084526823,0.27966357010104026
CASP,391,PCA-QS,3,11,27.13039946285839,0.28267287889015846
CASP,391,Leverage,3,11,28.054471033861716,0.25824044837490834
CASP,391,Coreset,3,11,27.017445093954375,0.2856593897365475
CASP,392,SRS,3,11,27.24462873268116,0.27017422143063763
CASP,392,PCA-QS,3,11,27.19232564426868,0.2715753101588695
CASP,392,Leverage,3,11,28.15850096998927,0.2456935238351422
CASP,392,Coreset,3,11,27.26628833078676,0.2695940067686571
CASP,393,SRS,3,11,27.061501045288843,0.2732484975146777
CASP,393,PCA-QS,3,11,26.934360510437948,0.2766629265433942
CASP,393,Leverage,3,11,28.00334244911178,0.24795482832073001
CASP,393,Coreset,3,11,27.187346740309486,0.26986884212215156
CASP,394,SRS,3,11,27.10837848474535,0.27171472551954134
CASP,394,PCA-QS,3,11,27.230804060741978,0.26842567802936035
CASP,394,Leverage,3,11,28.07541261997178,0.24573468687570776
CASP,394,Coreset,3,11,27.081697380443966,0.27243153177855506
CASP,395,SRS,3,11,27.637455862736022,0.2573809053459404
CASP,395,PCA-QS,3,11,27.0331996073091,0.2736172852635733
CASP,395,Leverage,3,11,28.17126098042942,0.24303754917046594
CASP,395,Coreset,3,11,26.976459144160838,0.2751419028543779
CASP,396,SRS,3,11,26.980777398941214,0.2799479724962197
CASP,396,PCA-QS,3,11,27.2064140238382,0.2739262739056313
CASP,396,Leverage,3,11,28.039896263223266,0.25168263846534333
CASP,396,Coreset,3,11,27.144168431541488,0.27558745898839243
CASP,397,SRS,3,11,27.274512840423096,0.2777329558112074
CASP,397,PCA-QS,3,11,27.422567661083136,0.2738122581869571
CASP,397,Leverage,3,11,28.368205875750668,0.24877044269511028
CASP,397,Coreset,3,11,27.424408603400682,0.27376350747327827
CASP,398,SRS,3,11,26.82020825521649,0.286117366999347
CASP,398,PCA-QS,3,11,26.915184453522887,0.2835893531273378
CASP,398,Leverage,3,11,27.79229095340233,0.2602431101900131
CASP,398,Coreset,3,11,26.92000814658261,0.28346095924353587
CASP,399,SRS,3,11,27.037859003455644,0.28153022923586346
CASP,399,PCA-QS,3,11,27.15413345103564,0.27844049954654715
CASP,399,Leverage,3,11,27.737793851328956,0.262931048374794
CASP,399,Coreset,3,11,27.109065590027846,0.2796380757216045
CASP,400,SRS,3,11,27.047934668670525,0.2785483112061262
CASP,400,PCA-QS,3,11,27.71757081163249,0.2606870536966236
CASP,400,Leverage,3,11,28.333377968507456,0.24426158096678152
CASP,400,Coreset,3,11,27.123329189428787,0.2765373072240048
CASP,401,SRS,3,11,27.01466829327135,0.2848380985726605
CASP,401,PCA-QS,3,11,26.885791322252473,0.288249870971399
CASP,401,Leverage,3,11,28.140131964001572,0.2550435910107337
CASP,401,Coreset,3,11,26.84107760683956,0.289433581442593
CASP,402,SRS,3,11,26.839870849651362,0.28102058302510136
CASP,402,PCA-QS,3,11,27.0432297230742,0.2755730588894879
CASP,402,Leverage,3,11,27.934902732571388,0.251687156304794
CASP,402,Coreset,3,11,26.917299840062196,0.2789464355489685
CASP,403,SRS,3,11,27.15952969427226,0.2822007930736167
CASP,403,PCA-QS,3,11,27.44398529115026,0.274682916138956
CASP,403,Leverage,3,11,28.418426748671745,0.24892940297879917
CASP,403,Coreset,3,11,27.35283167922059,0.27709201493735647
CASP,404,SRS,3,11,27.030164333075646,0.2714033773081137
CASP,404,PCA-QS,3,11,26.90323747363487,0.27482468396307447
CASP,404,Leverage,3,11,27.689795234738845,0.25362306190740724
CASP,404,Coreset,3,11,27.121258117747356,0.26894794925217647
CASP,405,SRS,3,11,27.063956000420216,0.28848464120543693
CASP,405,PCA-QS,3,11,27.830628407200777,0.268328711577858
CASP,405,Leverage,3,11,28.05463380956758,0.26243957681003394
CASP,405,Coreset,3,11,27.054370154210538,0.28873665450331265
CASP,406,SRS,3,11,28.018240804149652,0.2547057108473578
CASP,406,PCA-QS,3,11,27.63184616640371,0.26498393348396965
CASP,406,Leverage,3,11,28.2791488775839,0.2477654715052945
CASP,406,Coreset,3,11,27.212368929346635,0.2761421639879299
CASP,407,SRS,3,11,27.682631820608343,0.2629193629436596
CASP,407,PCA-QS,3,11,27.661202101363195,0.2634899528794544
CASP,407,Leverage,3,11,28.231122703318324,0.2483151875940276
CASP,407,Coreset,3,11,27.50649585340705,0.26760917754490765
CASP,408,SRS,3,11,27.12691260581208,0.2751868768533947
CASP,408,PCA-QS,3,11,26.88430463190924,0.28166920109795734
CASP,408,Leverage,3,11,27.929697120623423,0.25373700676130495
CASP,408,Coreset,3,11,27.07587413214367,0.27655059103782087
CASP,409,SRS,3,11,27.234604271152776,0.274353161228557
CASP,409,PCA-QS,3,11,26.693835117733343,0.28876157424521187
CASP,409,Leverage,3,11,27.526363122189583,0.26657945224308455
CASP,409,Coreset,3,11,26.78982678271886,0.28620394397632165
CASP,410,SRS,3,11,26.995899352934828,0.27650365462773374
CASP,410,PCA-QS,3,11,27.086578179644565,0.27407344110273013
CASP,410,Leverage,3,11,28.30623058404352,0.24138647462420038
CASP,410,Coreset,3,11,27.00172972203585,0.27634739938757247
CASP,411,SRS,3,11,27.135265667427795,0.27630686589429376
CASP,411,PCA-QS,3,11,27.129065767489294,0.2764722162200516
CASP,411,Leverage,3,11,27.916199922661583,0.2554794759719965
CASP,411,Coreset,3,11,27.08333819729313,0.2776917631003324
CASP,412,SRS,3,11,26.834348797132783,0.2846553552766363
CASP,412,PCA-QS,3,11,26.861909718692548,0.2839206418021091
CASP,412,Leverage,3,11,28.080522814949713,0.2514351002677282
CASP,412,Coreset,3,11,26.858958066755125,0.28399932634267633
CASP,413,SRS,3,11,27.024632861355723,0.27768788048965376
CASP,413,PCA-QS,3,11,27.86309519483355,0.25527752959493377
CASP,413,Leverage,3,11,27.788554563239632,0.2572698453415516
CASP,413,Coreset,3,11,26.797443985174752,0.2837601657090437
CASP,414,SRS,3,11,27.161443799527948,0.27402678090410837
CASP,414,PCA-QS,3,11,26.85607327328474,0.28218874849279885
CASP,414,Leverage,3,11,27.64749012303864,0.2610356963095952
CASP,414,Coreset,3,11,26.776762915434038,0.2843085620130773
CASP,415,SRS,3,11,27.623691014270452,0.2624124100335974
CASP,415,PCA-QS,3,11,27.157117439985903,0.2748705163026246
CASP,415,Leverage,3,11,28.013962168177724,0.2519916751761462
CASP,415,Coreset,3,11,27.347692114408414,0.2697819307568583
CASP,416,SRS,3,11,26.94506861642894,0.27780198902752073
CASP,416,PCA-QS,3,11,27.006331043034425,0.276159996451007
CASP,416,Leverage,3,11,27.96975402370042,0.2503377515620877
CASP,416,Coreset,3,11,26.90097260672817,0.2789838769251193
CASP,417,SRS,3,11,28.28251719724243,0.24340338602821543
CASP,417,PCA-QS,3,11,26.83832303536466,0.28203758556477854
CASP,417,Leverage,3,11,27.57664126195027,0.26228654762241355
CASP,417,Coreset,3,11,27.016474412519564,0.2772717888080828
CASP,418,SRS,3,11,26.697404995087798,0.2809384636247948
CASP,418,PCA-QS,3,11,26.7600994471988,0.2792498662099736
CASP,418,Leverage,3,11,27.546947591547735,0.258057086025022
CASP,418,Coreset,3,11,26.640532835186693,0.2824702448103815
CASP,419,SRS,3,11,26.763076024277044,0.2834077727861256
CASP,419,PCA-QS,3,11,26.9538375326294,0.27830005594472473
CASP,419,Leverage,3,11,27.34442636017764,0.2678418814955785
CASP,419,Coreset,3,11,26.816705409108774,0.2819718242320125
CASP,420,SRS,3,11,27.050579779338133,0.271986789144292
CASP,420,PCA-QS,3,11,26.988966870576384,0.2736449795381283
CASP,420,Leverage,3,11,27.821804778617384,0.2512307834469082
CASP,420,Coreset,3,11,26.99768936202403,0.27341023081713
CASP,421,SRS,3,11,27.36358701733262,0.2740792781871023
CASP,421,PCA-QS,3,11,27.52520658829443,0.26979171912047206
CASP,421,Leverage,3,11,28.176993358612503,0.25250065554471757
CASP,421,Coreset,3,11,27.508039976318507,0.2702471272271926
CASP,422,SRS,3,11,27.225483678331464,0.2737410201790774
CASP,422,PCA-QS,3,11,27.27442944393682,0.2724353573590853
CASP,422,Leverage,3,11,27.81733066171329,0.2579530844553469
CASP,422,Coreset,3,11,27.315725079144325,0.2713337671632524
CASP,423,SRS,3,11,29.029986970933024,0.2190433770031227
CASP,423,PCA-QS,3,11,26.99352876953669,0.27382760826816555
CASP,423,Leverage,3,11,27.6072221323169,0.2573182003710036
CASP,423,Coreset,3,11,26.89768197710036,0.27640605197952894
CASP,424,SRS,3,11,27.663138940567418,0.26528448619981715
CASP,424,PCA-QS,3,11,27.635074588222675,0.26602985768845167
CASP,424,Leverage,3,11,28.585059364350567,0.2407988615099378
CASP,424,Coreset,3,11,27.722656997267833,0.26370372417194365
CASP,425,SRS,3,11,27.168801612090927,0.27011000884005265
CASP,425,PCA-QS,3,11,26.987558636298285,0.2749791022909843
CASP,425,Leverage,3,11,27.97502408066953,0.24845083819036495
CASP,425,Coreset,3,11,26.970200456654386,0.2754454298739131
CASP,426,SRS,3,11,29.4146483025287,0.21339250266408383
CASP,426,PCA-QS,3,11,27.98619102185121,0.2515923544878568
CASP,426,Leverage,3,11,28.059079283207158,0.24964317419303605
CASP,426,Coreset,3,11,27.304337302855746,0.26982650918288664
CASP,427,SRS,3,11,27.209362634883316,0.2679834478722021
CASP,427,PCA-QS,3,11,27.38778727003404,0.2631832697868012
CASP,427,Leverage,3,11,28.607941465750475,0.23035732382849594
CASP,427,Coreset,3,11,27.298838944865125,0.26557625661201323
CASP,428,SRS,3,11,26.95040833869869,0.2812414083034277
CASP,428,PCA-QS,3,11,27.243496683988507,0.2734248378212397
CASP,428,Leverage,3,11,27.803138252980915,0.25849937988648
CASP,428,Coreset,3,11,26.8692183701909,0.2834067182568488
CASP,429,SRS,3,11,27.78918322891411,0.2619192582302836
CASP,429,PCA-QS,3,11,27.67198543421523,0.2650320318059791
CASP,429,Leverage,3,11,27.94089597805105,0.2578897674209817
CASP,429,Coreset,3,11,27.693490747763434,0.26446085065089087
CASP,430,SRS,3,11,27.520856981518296,0.2623498515542487
CASP,430,PCA-QS,3,11,27.305552295564944,0.2681207304793204
CASP,430,Leverage,3,11,28.08403619695119,0.24725478267086998
CASP,430,Coreset,3,11,27.62431587556668,0.25957681041660996
CASP,431,SRS,3,11,27.67622254653533,0.26505577455253204
CASP,431,PCA-QS,3,11,27.579465587533196,0.26762516306539386
CASP,431,Leverage,3,11,28.54162791479085,0.24207486821673396
CASP,431,Coreset,3,11,27.615822981973775,0.2666596896503898
CASP,432,SRS,3,11,27.05734988135521,0.27790007478053336
CASP,432,PCA-QS,3,11,27.65066119261745,0.2620659278528792
CASP,432,Leverage,3,11,28.42130481157626,0.24149917973966206
CASP,432,Coreset,3,11,27.09321250246973,0.27694298193372757
CASP,433,SRS,3,11,27.11914536466796,0.28075312929724305
CASP,433,PCA-QS,3,11,27.26160297548992,0.2769749058534845
CASP,433,Leverage,3,11,28.253488137073507,0.2506683873783502
CASP,433,Coreset,3,11,27.20042247991425,0.2785975189336215
CASP,434,SRS,3,11,27.483694266200647,0.27046622415086474
CASP,434,PCA-QS,3,11,27.667664117623655,0.2655828842675476
CASP,434,Leverage,3,11,28.19612869928206,0.2515551935966499
CASP,434,Coreset,3,11,27.523101247287762,0.2694201957884166
CASP,435,SRS,3,11,27.498568324407625,0.2673214160420252
CASP,435,PCA-QS,3,11,27.250612341788724,0.2739280159233679
CASP,435,Leverage,3,11,28.05192056889894,0.25257776342197213
CASP,435,Coreset,3,11,27.11856998116548,0.27744618489356976
CASP,436,SRS,3,11,27.48436734709908,0.26815199752750496
CASP,436,PCA-QS,3,11,27.764538138941976,0.2606916681056236
CASP,436,Leverage,3,11,28.151112301093377,0.25039805192719466
CASP,436,Coreset,3,11,27.29193384660652,0.27327607665094666
CASP,437,SRS,3,11,27.78828439898404,0.2607433389762448
CASP,437,PCA-QS,3,11,27.776393098409407,0.2610596853555971
CASP,437,Leverage,3,11,28.34380810050338,0.24596464336451562
CASP,437,Coreset,3,11,27.39174154532836,0.27129263888038146
CASP,438,SRS,3,11,27.720515051737056,0.2648349999685591
CASP,438,PCA-QS,3,11,27.600146813002304,0.2680272392205377
CASP,438,Leverage,3,11,28.49270926208683,0.2443559375984501
CASP,438,Coreset,3,11,27.28307596007886,0.27643615201181804
CASP,439,SRS,3,11,27.614815870420824,0.25924992821020587
CASP,439,PCA-QS,3,11,27.462484057207476,0.26333613331485484
CASP,439,Leverage,3,11,27.84511141339121,0.25307239507767787
CASP,439,Coreset,3,11,27.153980421004615,0.27161154937183685
CASP,440,SRS,3,11,27.073064721884315,0.2766530967871865
CASP,440,PCA-QS,3,11,27.13970089617775,0.2748726899210906
CASP,440,Leverage,3,11,28.058166212448178,0.25033283641512394
CASP,440,Coreset,3,11,27.114602257773214,0.27554328346309553
CASP,441,SRS,3,11,27.26497049026241,0.2736993783152164
CASP,441,PCA-QS,3,11,27.105294569152928,0.2779529211830264
CASP,441,Leverage,3,11,28.070005153108607,0.2522543825719854
CASP,441,Coreset,3,11,27.196866945230976,0.27551356135689375
CASP,442,SRS,3,11,28.40236969444043,0.24507028897558814
CASP,442,PCA-QS,3,11,27.17596946249785,0.27766777934914355
CASP,442,Leverage,3,11,28.029497606728636,0.25498115980973657
CASP,442,Coreset,3,11,27.38643120796554,0.27207374524575967
CASP,443,SRS,3,11,29.451412885163588,0.21619303231837672
CASP,443,PCA-QS,3,11,27.44186071359547,0.2696743712319436
CASP,443,Leverage,3,11,27.828247320428215,0.25939124777585554
CASP,443,Coreset,3,11,27.408219757768855,0.27056967685545275
CASP,444,SRS,3,11,27.394813411297328,0.2696723256956517
CASP,444,PCA-QS,3,11,27.291247064543025,0.27243333625723765
CASP,444,Leverage,3,11,28.498002666697566,0.2402620270702286
CASP,444,Coreset,3,11,27.375780735905387,0.2701797242804165
CASP,445,SRS,3,11,28.01554379071556,0.25611227704678186
CASP,445,PCA-QS,3,11,27.9252208758205,0.2585105923532316
CASP,445,Leverage,3,11,27.82608651089386,0.2611428752581286
CASP,445,Coreset,3,11,27.084541744804586,0.28083287491099396
CASP,446,SRS,3,11,26.757654978178962,0.2765330723463514
CASP,446,PCA-QS,3,11,27.51128656910379,0.25615656580593327
CASP,446,Leverage,3,11,27.726554344867953,0.25033620836123416
CASP,446,Coreset,3,11,26.72128875070427,0.27751633350593075
CASP,447,SRS,3,11,27.094483126850047,0.28167617345280416
CASP,447,PCA-QS,3,11,27.179360056333802,0.279425932306409
CASP,447,Leverage,3,11,28.189359892438592,0.2526490071410099
CASP,447,Coreset,3,11,27.23054351221331,0.27806896617750576
CASP,448,SRS,3,11,26.59036191867107,0.28598840389736613
CASP,448,PCA-QS,3,11,26.86359482612745,0.2786514799037253
CASP,448,Leverage,3,11,27.784138233133717,0.2539327991528335
CASP,448,Coreset,3,11,26.636517446126422,0.28474902318009154
CASP,449,SRS,3,11,27.19230567007619,0.2704832596539727
CASP,449,PCA-QS,3,11,27.11486040440783,0.27256096569520005
CASP,449,Leverage,3,11,28.103530171979255,0.24603687631240556
CASP,449,Coreset,3,11,26.946418380501772,0.2770799379996508
CASP,450,SRS,3,11,28.923927739933347,0.22265757155988608
CASP,450,PCA-QS,3,11,27.232024786210278,0.2681281578010589
CASP,450,Leverage,3,11,28.083934592252536,0.2452327321384321
CASP,450,Coreset,3,11,27.175297713988016,0.2696527211479197
CASP,451,SRS,3,11,27.065444359943392,0.27448161022111217
CASP,451,PCA-QS,3,11,26.63082520504428,0.2861320448208906
CASP,451,Leverage,3,11,27.711626586106895,0.2571599996096223
CASP,451,Coreset,3,11,26.47394874077915,0.2903372874259701
CASP,452,SRS,3,11,27.198261801891235,0.27677503781023804
CASP,452,PCA-QS,3,11,27.01360688970539,0.2816851693052763
CASP,452,Leverage,3,11,27.78168050840247,0.26126143716065364
CASP,452,Coreset,3,11,27.048798658657606,0.2807493901751523
CASP,453,SRS,3,11,28.134583708446353,0.24618258877788346
CASP,453,PCA-QS,3,11,27.873917432913306,0.25316668987749347
CASP,453,Leverage,3,11,28.129019924831532,0.24633166071740753
CASP,453,Coreset,3,11,27.489047798486887,0.2634786047253478
CASP,454,SRS,3,11,28.506612930817354,0.2404543114333616
CASP,454,PCA-QS,3,11,27.251911542743592,0.2738852571603353
CASP,454,Leverage,3,11,28.420435742146918,0.24275046328648697
CASP,454,Coreset,3,11,27.33065883300428,0.27178707155866555
CASP,455,SRS,3,11,27.419763924405796,0.2709315341775327
CASP,455,PCA-QS,3,11,27.435239315797215,0.27052005653349276
CASP,455,Leverage,3,11,27.914848320337185,0.25776765639983
CASP,455,Coreset,3,11,27.304859913279586,0.27398673521207073
CASP,456,SRS,3,11,26.94348134224405,0.27939841643428454
CASP,456,PCA-QS,3,11,26.921560413527157,0.27998469018807204
CASP,456,Leverage,3,11,28.03724304476513,0.2501458337828928
CASP,456,Coreset,3,11,26.864822531136838,0.2815021410096378
CASP,457,SRS,3,11,27.03084568135055,0.28059402124439425
CASP,457,PCA-QS,3,11,26.920782261381756,0.28352327781672815
CASP,457,Leverage,3,11,27.992018941490084,0.2550131053486897
CASP,457,Coreset,3,11,26.853011510002197,0.28532694627393995
CASP,458,SRS,3,11,27.07369555259137,0.27465236610403354
CASP,458,PCA-QS,3,11,26.761514037139072,0.28301620853328424
CASP,458,Leverage,3,11,27.611943365976053,0.2602318457458185
CASP,458,Coreset,3,11,26.72716164739421,0.28393656403376266
CASP,459,SRS,3,11,26.773978561803663,0.2793049311541639
CASP,459,PCA-QS,3,11,29.036066104109878,0.21841464048352466
CASP,459,Leverage,3,11,27.891403356809665,0.24922637791606628
CASP,459,Coreset,3,11,26.852212547333252,0.27719904885291446
CASP,460,SRS,3,11,26.93692052190829,0.28429626627358184
CASP,460,PCA-QS,3,11,27.20249581457876,0.2772400317498488
CASP,460,Leverage,3,11,28.228731313896755,0.24997334482670486
CASP,460,Coreset,3,11,27.000982416666375,0.2825941660936202
CASP,461,SRS,3,11,26.795190518352992,0.28415383925763626
CASP,461,PCA-QS,3,11,28.473532648967623,0.23931613714129052
CASP,461,Leverage,3,11,28.075800267469717,0.24994174542361203
CASP,461,Coreset,3,11,27.050008781025152,0.27734624910835315
CASP,462,SRS,3,11,28.635012581983755,0.23372541016766724
CASP,462,PCA-QS,3,11,27.242983591539804,0.2709761863156852
CASP,462,Leverage,3,11,27.906947777316383,0.2532084663727433
CASP,462,Coreset,3,11,27.219470551653636,0.271605396620479
CASP,463,SRS,3,11,27.16405455655508,0.2811411486793268
CASP,463,PCA-QS,3,11,26.97498052864719,0.286144729357368
CASP,463,Leverage,3,11,27.823453702831266,0.2636910691314802
CASP,463,Coreset,3,11,27.075301595143078,0.2834898721277762
CASP,464,SRS,3,11,27.58551867321544,0.26803705794062604
CASP,464,PCA-QS,3,11,27.57205795374514,0.26839422896004517
CASP,464,Leverage,3,11,28.4357424594735,0.24547694908892737
CASP,464,Coreset,3,11,27.47874735191519,0.27087016220059357
CASP,465,SRS,3,11,27.70098236934661,0.2634976054385927
CASP,465,PCA-QS,3,11,26.823174740637207,0.2868363958066974
CASP,465,Leverage,3,11,27.595901322378893,0.26629145735629156
CASP,465,Coreset,3,11,26.93057799076485,0.28398080210074206
CASP,466,SRS,3,11,28.14992403509904,0.24272537527161808
CASP,466,PCA-QS,3,11,27.404884026868604,0.2627680543188815
CASP,466,Leverage,3,11,27.763362833190946,0.25312444379999166
CASP,466,Coreset,3,11,26.95040859305543,0.27499411621375613
CASP,467,SRS,3,11,27.489935045051535,0.2672469227579133
CASP,467,PCA-QS,3,11,27.38646797438726,0.2700048708686754
CASP,467,Leverage,3,11,27.72074394272085,0.26109463721249915
CASP,467,Coreset,3,11,27.507281306025746,0.26678455258182276
CASP,468,SRS,3,11,27.361945433936725,0.2671444026136566
CASP,468,PCA-QS,3,11,27.150872576596413,0.2727977259612838
CASP,468,Leverage,3,11,28.188830399472664,0.24499731965675442
CASP,468,Coreset,3,11,27.200565516459925,0.2714667625172741
CASP,469,SRS,3,11,27.46454264270648,0.26555806278030314
CASP,469,PCA-QS,3,11,27.229695879031052,0.2718382078497992
CASP,469,Leverage,3,11,28.26979686426461,0.2440243901417548
CASP,469,Coreset,3,11,26.92611291753371,0.2799564591256205
CASP,470,SRS,3,11,27.077287205531803,0.27149826637990004
CASP,470,PCA-QS,3,11,26.81019972614286,0.27868412995205727
CASP,470,Leverage,3,11,28.20969311102217,0.24103141572940967
CASP,470,Coreset,3,11,26.533086406693954,0.28613973405653725
CASP,471,SRS,3,11,27.11307156782049,0.2763176651219248
CASP,471,PCA-QS,3,11,27.537658511407344,0.2649849000412483
CASP,471,Leverage,3,11,27.757844345958198,0.2591078603094622
CASP,471,Coreset,3,11,27.061495983794334,0.2776942830007728
CASP,472,SRS,3,11,26.872464721097124,0.27768927476338323
CASP,472,PCA-QS,3,11,27.268712015041988,0.2670384590219578
CASP,472,Leverage,3,11,28.302376187595797,0.2392543787048932
CASP,472,Coreset,3,11,26.940594830697176,0.27585799097953934
CASP,473,SRS,3,11,27.386835081699346,0.26392875304829033
CASP,473,PCA-QS,3,11,27.052277926449825,0.2729205880561144
CASP,473,Leverage,3,11,27.808966223424573,0.2525832070974744
CASP,473,Coreset,3,11,27.129036829803326,0.27085755223844843
CASP,474,SRS,3,11,26.601132145939335,0.28948118600496653
CASP,474,PCA-QS,3,11,26.644410899385015,0.2883252063120457
CASP,474,Leverage,3,11,27.443131597784973,0.2669912991600131
CASP,474,Coreset,3,11,26.595820846487538,0.28962305132733557
CASP,475,SRS,3,11,27.319200428742626,0.2760542920251373
CASP,475,PCA-QS,3,11,27.409014977363107,0.2736742495653627
CASP,475,Leverage,3,11,28.069644172585797,0.25616789275628227
CASP,475,Coreset,3,11,27.389909006308553,0.2741805486343166
CASP,476,SRS,3,11,27.85453559651769,0.2510604654196702
CASP,476,PCA-QS,3,11,26.93764848340815,0.2757132910026179
CASP,476,Leverage,3,11,28.111079998474963,0.24416262128454513
CASP,476,Coreset,3,11,27.037586011470687,0.2730262181740326
CASP,477,SRS,3,11,26.89341347245111,0.2784568492368432
CASP,477,PCA-QS,3,11,26.989446624176043,0.27588030524608853
CASP,477,Leverage,3,11,27.998181857549376,0.24881620647262526
CASP,477,Coreset,3,11,26.997470740210062,0.2756650203410612
CASP,478,SRS,3,11,27.50999324331147,0.2624978740979578
CASP,478,PCA-QS,3,11,27.171061752838643,0.2715841247759593
CASP,478,Leverage,3,11,27.905939459207026,0.25188314317515603
CASP,478,Coreset,3,11,27.12446965390769,0.2728331898596147
CASP,479,SRS,3,11,27.007966205636322,0.278058991167329
CASP,479,PCA-QS,3,11,27.03076703201789,0.27744950982116623
CASP,479,Leverage,3,11,28.053225720306887,0.250118504913472
CASP,479,Coreset,3,11,26.96307738563851,0.2792588993628512
CASP,480,SRS,3,11,27.338892618209147,0.2719427692742358
CASP,480,PCA-QS,3,11,27.390201880814942,0.27057636134524476
CASP,480,Leverage,3,11,28.28137033034113,0.24684381143793577
CASP,480,Coreset,3,11,27.42992002340626,0.2695186344903776
CASP,481,SRS,3,11,26.900806380123385,0.28131698248751313
CASP,481,PCA-QS,3,11,26.929740196447906,0.2805439854951396
CASP,481,Leverage,3,11,27.52009172414737,0.2647721305059282
CASP,481,Coreset,3,11,26.93325300275027,0.28045013722168466
CASP,482,SRS,3,11,27.01074169063143,0.27227063307075694
CASP,482,PCA-QS,3,11,27.03185558158965,0.2717017779583567
CASP,482,Leverage,3,11,27.886177659108693,0.2486844439011342
CASP,482,Coreset,3,11,27.03287945150908,0.2716741926289046
CASP,483,SRS,3,11,28.383749110994664,0.24870240260642773
CASP,483,PCA-QS,3,11,27.397780015161178,0.27480030143956924
CASP,483,Leverage,3,11,28.242634746580908,0.2524375991982236
CASP,483,Coreset,3,11,27.219719607439302,0.27951343345004587
CASP,484,SRS,3,11,26.579863623066494,0.2843327342036148
CASP,484,PCA-QS,3,11,26.588321368663646,0.28410500799131544
CASP,484,Leverage,3,11,27.462392918591046,0.26057048557547835
CASP,484,Coreset,3,11,26.557171185009036,0.2849437318870167
CASP,485,SRS,3,11,27.38684386678351,0.26703499541423237
CASP,485,PCA-QS,3,11,27.59374917867432,0.26149750618704903
CASP,485,Leverage,3,11,28.39008849990881,0.24018475992538868
CASP,485,Coreset,3,11,27.118609205322677,0.27421386643800016
CASP,486,SRS,3,11,27.15730562320346,0.27037979599435
CASP,486,PCA-QS,3,11,27.133667278485536,0.2710148742357169
CASP,486,Leverage,3,11,28.034954837732123,0.24680048338379856
CASP,486,Coreset,3,11,27.07505749448453,0.27258951065778547
CASP,487,SRS,3,11,28.9738594445147,0.22577041673160414
CASP,487,PCA-QS,3,11,27.62909782812075,0.2617046776763653
CASP,487,Leverage,3,11,28.05736803049079,0.2502605874976922
CASP,487,Coreset,3,11,26.977462080400024,0.2791174657230099
CASP,488,SRS,3,11,27.32207094103741,0.267815152581967
CASP,488,PCA-QS,3,11,27.016337386436497,0.2760082897899455
CASP,488,Leverage,3,11,27.63845542175643,0.25933658874101184
CASP,488,Coreset,3,11,26.878332672762216,0.2797065804664697
CASP,489,SRS,3,11,27.909155041149898,0.2584546044977777
CASP,489,PCA-QS,3,11,28.150966335765673,0.25202968579857754
CASP,489,Leverage,3,11,27.950063459579297,0.25736766907179043
CASP,489,Coreset,3,11,27.395847400716548,0.27209317279833123
CASP,490,SRS,3,11,27.444184171405713,0.27329011338085996
CASP,490,PCA-QS,3,11,27.354451899375878,0.27566618434823165
CASP,490,Leverage,3,11,28.2140469314461,0.25290448721077474
CASP,490,Coreset,3,11,27.403213155508848,0.2743750078026116
CASP,491,SRS,3,11,26.784017602019723,0.28360721183860804
CASP,491,PCA-QS,3,11,26.76946802673287,0.2839963696924144
CASP,491,Leverage,3,11,27.956639712526396,0.25224305894385246
CASP,491,Coreset,3,11,26.819830024148683,0.2826493360889354
CASP,492,SRS,3,11,27.754012607001805,0.2630468165407641
CASP,492,PCA-QS,3,11,27.12580518440638,0.27972762830337106
CASP,492,Leverage,3,11,28.600432837327066,0.24057179312288413
CASP,492,Coreset,3,11,27.11064906931659,0.2801300691115689
CASP,493,SRS,3,11,27.47459362331679,0.26560445291546564
CASP,493,PCA-QS,3,11,27.114914666101235,0.27521866698467534
CASP,493,Leverage,3,11,27.960908461137077,0.2526052633269704
CASP,493,Coreset,3,11,27.11284392199905,0.27527401794886597
CASP,494,SRS,3,11,26.663542639508236,0.283365122595033
CASP,494,PCA-QS,3,11,27.075860635725203,0.2722832697195271
CASP,494,Leverage,3,11,27.398853365669243,0.26360220814584234
CASP,494,Coreset,3,11,26.664439893778127,0.283341007130993
CASP,495,SRS,3,11,27.77409400472089,0.2599964526209769
CASP,495,PCA-QS,3,11,27.225198227349114,0.27462104567979784
CASP,495,Leverage,3,11,27.982270819940343,0.2544498601122068
CASP,495,Coreset,3,11,27.158962983740675,0.27638579506184535
CASP,496,SRS,3,11,27.152083671910688,0.2688013518090667
CASP,496,PCA-QS,3,11,27.266167917711122,0.2657290923347245
CASP,496,Leverage,3,11,27.981276561816554,0.24647139998971757
CASP,496,Coreset,3,11,27.10320505120669,0.27011764052620757
CASP,497,SRS,3,11,27.292503688454552,0.26871169418396157
CASP,497,PCA-QS,3,11,27.13340248393851,0.2729747274194593
CASP,497,Leverage,3,11,28.512187568549987,0.23603090503806
CASP,497,Coreset,3,11,27.328685338126117,0.26774222587896535
CASP,498,SRS,3,11,27.233054655811365,0.2734588753008521
CASP,498,PCA-QS,3,11,27.267999660203262,0.272526589770845
CASP,498,Leverage,3,11,28.15397938329442,0.24888984712075357
CASP,498,Coreset,3,11,27.3944388093476,0.26915336400581946
CASP,499,SRS,3,11,28.32475130308966,0.24051382734009574
CASP,499,PCA-QS,3,11,28.76437804306631,0.2287258887075192
CASP,499,Leverage,3,11,28.197726457855087,0.2439198100619776
CASP,499,Coreset,3,11,27.386060836224722,0.2656834192056323
CASP,500,SRS,3,11,27.008602098565827,0.2790538368928023
CASP,500,PCA-QS,3,11,26.81161387264968,0.2843120840665456
CASP,500,Leverage,3,11,27.908228401971627,0.2550399272019649
CASP,500,Coreset,3,11,26.919936382552915,0.2814206090613647
CASP,501,SRS,3,11,28.063278920870175,0.24615997843936144
CASP,501,PCA-QS,3,11,27.168917598057693,0.270184446883445
CASP,501,Leverage,3,11,28.18901586005091,0.24278241385718125
CASP,501,Coreset,3,11,26.98455982039438,0.27513669325068
CASP,502,SRS,3,11,27.18517277852242,0.2754200214438264
CASP,502,PCA-QS,3,11,27.021096350518103,0.27979323237220677
CASP,502,Leverage,3,11,27.871175153630386,0.2571356577469396
CASP,502,Coreset,3,11,26.935885318496183,0.2820644045386743
CASP,503,SRS,3,11,26.879725215861033,0.2847427434390776
CASP,503,PCA-QS,3,11,26.946685789597556,0.28296095304189495
CASP,503,Leverage,3,11,27.957140996067093,0.25607319979839693
CASP,503,Coreset,3,11,26.95346977128096,0.2827804343763034
CASP,504,SRS,3,11,27.41482976042544,0.2623875823805951
CASP,504,PCA-QS,3,11,26.771280184898853,0.27970266922995235
CASP,504,Leverage,3,11,27.778344727066095,0.2526069944386735
CASP,504,Coreset,3,11,26.944241834263465,0.275049032440734
CASP,505,SRS,3,11,27.210476093540887,0.27540291178908616
CASP,505,PCA-QS,3,11,26.9534963732282,0.2822461127837217
CASP,505,Leverage,3,11,27.71773726972672,0.2618948801779103
CASP,505,Coreset,3,11,26.911921319915173,0.2833532291189623
CASP,506,SRS,3,11,26.85415341833833,0.28257110267287766
CASP,506,PCA-QS,3,11,26.925731180513658,0.2806588489447255
CASP,506,Leverage,3,11,27.820053965826894,0.2567663433897507
CASP,506,Coreset,3,11,26.81979278344923,0.2834890728660141
CASP,507,SRS,3,11,27.019770378129046,0.2801734670013327
CASP,507,PCA-QS,3,11,26.75903667578934,0.28711960438016904
CASP,507,Leverage,3,11,27.5449867939021,0.26618131583390725
CASP,507,Coreset,3,11,26.69572539881432,0.2888062633105326
CASP,508,SRS,3,11,27.107247376166576,0.274464617964991
CASP,508,PCA-QS,3,11,27.259615625346544,0.27038642609457664
CASP,508,Leverage,3,11,28.090862691934742,0.2481377945882729
CASP,508,Coreset,3,11,27.012549274247355,0.27699924726912173
CASP,509,SRS,3,11,26.496690368325478,0.28819318641448555
CASP,509,PCA-QS,3,11,27.09010892896367,0.2722515963932911
CASP,509,Leverage,3,11,27.617176679705537,0.25809245383684043
CASP,509,Coreset,3,11,26.756177115149214,0.28122233715532396
CASP,510,SRS,3,11,26.95100193723742,0.2825369216896766
CASP,510,PCA-QS,3,11,26.860347799530345,0.28495022702253037
CASP,510,Leverage,3,11,27.972932417771133,0.2553320930866321
CASP,510,Coreset,3,11,27.047318466649745,0.27997287773148694
CASP,511,SRS,3,11,28.30342323376192,0.24731320004163415
CASP,511,PCA-QS,3,11,26.89091131051493,0.2848768216089219
CASP,511,Leverage,3,11,27.493242973825666,0.2688587206030282
CASP,511,Coreset,3,11,26.75657474448803,0.2884492997210242
CASP,512,SRS,3,11,27.08699794104047,0.2744628630556839
CASP,512,PCA-QS,3,11,26.75050606934327,0.2834759456323366
CASP,512,Leverage,3,11,27.978462558666845,0.25058459172537073
CASP,512,Coreset,3,11,26.9290101776503,0.27869463468913847
CASP,513,SRS,3,11,28.11093791831605,0.251917110482229
CASP,513,PCA-QS,3,11,27.520540720912336,0.26762864748893955
CASP,513,Leverage,3,11,27.720212068825663,0.2623150318659052
CASP,513,Coreset,3,11,27.10976893814009,0.2785600274052392
CASP,514,SRS,3,11,27.094296659113713,0.271753594306022
CASP,514,PCA-QS,3,11,27.180580821974306,0.26943442978730014
CASP,514,Leverage,3,11,27.918985345247133,0.24958743221481527
CASP,514,Coreset,3,11,27.06705476674413,0.27248580782136267
CASP,515,SRS,3,11,28.893421752850312,0.2353785166136283
CASP,515,PCA-QS,3,11,27.105727092076947,0.2826872000591113
CASP,515,Leverage,3,11,28.16350417297,0.2546947010189182
CASP,515,Coreset,3,11,27.164886150765355,0.2811216434560547
CASP,516,SRS,3,11,27.507853688759138,0.26065276496992373
CASP,516,PCA-QS,3,11,28.57052190570985,0.23209071077091104
CASP,516,Leverage,3,11,27.905224057549134,0.2499723721347742
CASP,516,Coreset,3,11,26.75133535673722,0.28098622112970173
CASP,517,SRS,3,11,27.528858084914976,0.2725245910669629
CASP,517,PCA-QS,3,11,27.332741179325716,0.27770716077806934
CASP,517,Leverage,3,11,28.836204162871876,0.23797676784287314
CASP,517,Coreset,3,11,27.374149344844124,0.2766129118974673
CASP,518,SRS,3,11,27.654698454208386,0.26711216765098134
CASP,518,PCA-QS,3,11,27.223802278391016,0.27853151343720217
CASP,518,Leverage,3,11,27.90403485664291,0.26050440746120673
CASP,518,Coreset,3,11,27.19833033643845,0.27920655519743864
CASP,519,SRS,3,11,27.420341431501583,0.26452733602259726
CASP,519,PCA-QS,3,11,27.190954580286725,0.27067998583426456
CASP,519,Leverage,3,11,27.94691492348515,0.2504034998954471
CASP,519,Coreset,3,11,27.166476982455237,0.2713365277715656
CASP,520,SRS,3,11,27.02858332247792,0.28306772592387286
CASP,520,PCA-QS,3,11,27.314079190683245,0.27549495751090314
CASP,520,Leverage,3,11,27.759044461276453,0.2636922685010804
CASP,520,Coreset,3,11,26.91871734217577,0.2859819173989443
CASP,521,SRS,3,11,26.976443023241632,0.279100718182796
CASP,521,PCA-QS,3,11,26.94434293424859,0.27995853813635385
CASP,521,Leverage,3,11,27.413934472297086,0.26740950777549644
CASP,521,Coreset,3,11,26.93489044829825,0.2802111396497229
CASP,522,SRS,3,11,27.265636698824526,0.27611703845169466
CASP,522,PCA-QS,3,11,27.11791864758928,0.2800388460215477
CASP,522,Leverage,3,11,27.8375256622515,0.2609337995236942
CASP,522,Coreset,3,11,27.3222375728153,0.2746143261276347
CASP,523,SRS,3,11,26.97055373431951,0.2897591976201791
CASP,523,PCA-QS,3,11,27.299289399031057,0.28110229407360887
CASP,523,Leverage,3,11,27.492327200912825,0.27601884919336217
CASP,523,Coreset,3,11,26.87947752224614,0.29215759264676655
CASP,524,SRS,3,11,27.07436466589363,0.2795565231795315
CASP,524,PCA-QS,3,11,27.97680796848169,0.2555426857885875
CASP,524,Leverage,3,11,27.903069511779616,0.25750485150428915
CASP,524,Coreset,3,11,27.011260877558794,0.28123570247808627
CASP,525,SRS,3,11,28.71484178448137,0.23469470762473388
CASP,525,PCA-QS,3,11,27.30598035630105,0.2722435513656206
CASP,525,Leverage,3,11,28.367192427721186,0.24396022594506162
CASP,525,Coreset,3,11,26.91547158898088,0.28265135470969416
CASP,526,SRS,3,11,27.026492182157526,0.2783695753419808
CASP,526,PCA-QS,3,11,27.087483841203074,0.2767410459523365
CASP,526,Leverage,3,11,28.140584406623,0.24862236139980376
CASP,526,Coreset,3,11,27.036819508877983,0.27809382689794915
CASP,527,SRS,3,11,27.32180339974998,0.2700595461357783
CASP,527,PCA-QS,3,11,27.136088491813343,0.27502118143507426
CASP,527,Leverage,3,11,27.563184127066965,0.26361072008012165
CASP,527,Coreset,3,11,26.949989504389176,0.27999307795876094
CASP,528,SRS,3,11,27.12754992485879,0.27666847141602646
CASP,528,PCA-QS,3,11,26.998550655947863,0.2801081199882718
CASP,528,Leverage,3,11,27.9882975279879,0.2537174168157791
CASP,528,Coreset,3,11,26.91747157702061,0.2822700201325561
CASP,529,SRS,3,11,27.3860533479637,0.2697759350546207
CASP,529,PCA-QS,3,11,27.309886808811804,0.2718068461583725
CASP,529,Leverage,3,11,27.895764973489587,0.2561849407476916
CASP,529,Coreset,3,11,27.29528918911631,0.27219607833641324
CASP,530,SRS,3,11,27.090106175609726,0.27305800208234265
CASP,530,PCA-QS,3,11,26.904104289830073,0.27804921849133735
CASP,530,Leverage,3,11,27.822721947869574,0.25339882578601436
CASP,530,Coreset,3,11,26.898622833109425,0.2781963091329973
CASP,531,SRS,3,11,27.57973573402576,0.2682725980994527
CASP,531,PCA-QS,3,11,27.68265121425954,0.26554211229302405
CASP,531,Leverage,3,11,28.266561547894828,0.2500501875155613
CASP,531,Coreset,3,11,27.47050307227365,0.27117068720941984
CASP,532,SRS,3,11,27.102281730948768,0.2760714620318335
CASP,532,PCA-QS,3,11,27.009111962360052,0.2785601179696191
CASP,532,Leverage,3,11,27.716782649335247,0.25965753954944604
CASP,532,Coreset,3,11,26.90197419592434,0.2814218728353879
CASP,533,SRS,3,11,29.397246172532494,0.2161019339213338
CASP,533,PCA-QS,3,11,26.79623589441147,0.2854596865116049
CASP,533,Leverage,3,11,27.908067810820402,0.25581191324868446
CASP,533,Coreset,3,11,26.935282611653328,0.2817519088476438
CASP,534,SRS,3,11,26.845964120706096,0.283293053594331
CASP,534,PCA-QS,3,11,26.872294420444767,0.28259011334458617
CASP,534,Leverage,3,11,27.519068784212543,0.2653231723181717
CASP,534,Coreset,3,11,26.832821897793696,0.28364391163802727
CASP,535,SRS,3,11,27.005130928107477,0.27237254632867225
CASP,535,PCA-QS,3,11,27.89061180135439,0.24851411013776636
CASP,535,Leverage,3,11,27.980912996418578,0.24608103070545562
CASP,535,Coreset,3,11,27.15226911089931,0.2684080485609086
CASP,536,SRS,3,11,26.965344299245444,0.2866769458503784
CASP,536,PCA-QS,3,11,26.999416778353414,0.2857756154393877
CASP,536,Leverage,3,11,28.00249755350237,0.25924079229203234
CASP,536,Coreset,3,11,27.214554540100224,0.2800845060076256
CASP,537,SRS,3,11,28.422504206586428,0.2372505794527875
CASP,537,PCA-QS,3,11,27.178671250227733,0.27063021623019234
CASP,537,Leverage,3,11,27.76830354443255,0.2548067797211593
CASP,537,Coreset,3,11,27.121147157805133,0.2721739390437745
CASP,538,SRS,3,11,27.332275507224935,0.27305442389703105
CASP,538,PCA-QS,3,11,27.18248223943257,0.2770384153990515
CASP,538,Leverage,3,11,28.008618948871252,0.25506598847748174
CASP,538,Coreset,3,11,27.29514059832253,0.2740420861843681
CASP,539,SRS,3,11,27.52465126482862,0.26728891999858206
CASP,539,PCA-QS,3,11,27.648214862069562,0.2639996352075713
CASP,539,Leverage,3,11,28.39713755552376,0.24406318078064138
CASP,539,Coreset,3,11,27.37448779761653,0.2712862980281565
CASP,540,SRS,3,11,26.975164591663958,0.2764161853543935
CASP,540,PCA-QS,3,11,27.65806912125056,0.25809790362981266
CASP,540,Leverage,3,11,27.82010304328711,0.25375149369371075
CASP,540,Coreset,3,11,26.844317207721364,0.2799260452808401
CASP,541,SRS,3,11,26.905629079160274,0.28420723431888406
CASP,541,PCA-QS,3,11,26.79281229581396,0.2872085927754775
CASP,541,Leverage,3,11,27.835730493961005,0.2594629749631421
CASP,541,Coreset,3,11,26.758075533770796,0.2881327236664717
CASP,542,SRS,3,11,27.25348324016247,0.2765317163842843
CASP,542,PCA-QS,3,11,27.304961102398927,0.27516519012016516
CASP,542,Leverage,3,11,28.294368427927136,0.2489004806410533
CASP,542,Coreset,3,11,27.093135222826465,0.2807882990699172
CASP,543,SRS,3,11,27.235980812730535,0.2754376918802668
CASP,543,PCA-QS,3,11,27.097142725851107,0.27913121940093766
CASP,543,Leverage,3,11,28.05186603012696,0.2537325922790361
CASP,543,Coreset,3,11,27.165558867393027,0.27731113596905743
CASP,544,SRS,3,11,26.857988568605027,0.2803894188167233
CASP,544,PCA-QS,3,11,26.66520329990659,0.28555474677481996
CASP,544,Leverage,3,11,28.103642995199614,0.24701439136127712
CASP,544,Coreset,3,11,26.77568976379906,0.28259446446285696
CASP,545,SRS,3,11,27.607392108442156,0.26116972316481846
CASP,545,PCA-QS,3,11,27.637554561973428,0.2603625142185695
CASP,545,Leverage,3,11,28.120332738467432,0.24744238281361952
CASP,545,Coreset,3,11,27.561397078317018,0.2624006442422935
CASP,546,SRS,3,11,26.93332005356953,0.27723653552475414
CASP,546,PCA-QS,3,11,26.894658780174158,0.2782740220226938
CASP,546,Leverage,3,11,28.049243656886663,0.24729040159031945
CASP,546,Coreset,3,11,26.799250719650022,0.28083432503123984
CASP,547,SRS,3,11,27.24221520600087,0.2732834359665405
CASP,547,PCA-QS,3,11,27.567672684763647,0.2646014936605646
CASP,547,Leverage,3,11,27.866202070409063,0.2566378883605277
CASP,547,Coreset,3,11,26.802336321215083,0.28501769727110504
CASP,548,SRS,3,11,27.200926604748027,0.2748888273484278
CASP,548,PCA-QS,3,11,27.028735814274082,0.2794790189920672
CASP,548,Leverage,3,11,27.715969699082365,0.2611590192604313
CASP,548,Coreset,3,11,27.006287973194883,0.2800774243554194
CASP,549,SRS,3,11,27.745072674055347,0.26342236594219126
CASP,549,PCA-QS,3,11,27.123522823698412,0.2799233037340396
CASP,549,Leverage,3,11,28.325064536133812,0.24802471178711583
CASP,549,Coreset,3,11,26.962138089550958,0.28420775405961174
CASP,550,SRS,3,11,27.45673828402686,0.2637960851122203
CASP,550,PCA-QS,3,11,27.101365477663478,0.27332477889161144
CASP,550,Leverage,3,11,28.011104201243,0.24893174273065233
CASP,550,Coreset,3,11,26.975118259407903,0.27670987494205945
CASP,551,SRS,3,11,26.930489829302626,0.2757565827402717
CASP,551,PCA-QS,3,11,26.836201932481337,0.27829227329149897
CASP,551,Leverage,3,11,27.87962794029833,0.2502313496934143
CASP,551,Coreset,3,11,27.005570183230624,0.27373744189127325
CASP,552,SRS,3,11,27.30715000608213,0.2693278926261804
CASP,552,PCA-QS,3,11,26.8621228787595,0.2812357229521909
CASP,552,Leverage,3,11,28.230784634602056,0.24461370383995507
CASP,552,Coreset,3,11,27.108288269303237,0.2746489431296525
CASP,553,SRS,3,11,27.229658684950067,0.27810883062238834
CASP,553,PCA-QS,3,11,28.418922885482175,0.24657999897766558
CASP,553,Leverage,3,11,28.04487731989737,0.25649639910095345
CASP,553,Coreset,3,11,27.355670735145132,0.27476809883711395
CASP,554,SRS,3,11,27.167478503595348,0.27331481721548356
CASP,554,PCA-QS,3,11,27.32616746975054,0.26907014944622
CASP,554,Leverage,3,11,28.003080926836777,0.25096383239412734
CASP,554,Coreset,3,11,27.300117337728416,0.2697669474559268
CASP,555,SRS,3,11,27.659518836362203,0.26428744137085525
CASP,555,PCA-QS,3,11,27.270089365802665,0.2746458338608322
CASP,555,Leverage,3,11,28.25110430484709,0.2485519232932718
CASP,555,Coreset,3,11,27.33409417190258,0.27294337692588266
CASP,556,SRS,3,11,26.865643623693106,0.2769816530229696
CASP,556,PCA-QS,3,11,27.469989375981523,0.2607172719069777
CASP,556,Leverage,3,11,27.942193058956537,0.24800914806363283
CASP,556,Coreset,3,11,26.951022966969678,0.27468389189331
CASP,557,SRS,3,11,27.13487912599763,0.27249002317086124
CASP,557,PCA-QS,3,11,27.139555840134094,0.27236463635129016
CASP,557,Leverage,3,11,27.983230746508838,0.24974497002670504
CASP,557,Coreset,3,11,27.082141913872864,0.27390395421484237
CASP,558,SRS,3,11,27.73670567151292,0.2639180718581384
CASP,558,PCA-QS,3,11,27.238195999027266,0.2771476155994298
CASP,558,Leverage,3,11,28.37629654202305,0.24694448866615326
CASP,558,Coreset,3,11,26.88099132946531,0.2866271805133873
CASP,559,SRS,3,11,27.415953435665227,0.25437580850770336
CASP,559,PCA-QS,3,11,27.357793698519256,0.25595756298101136
CASP,559,Leverage,3,11,27.887935080930536,0.24153945271668642
CASP,559,Coreset,3,11,27.256014615233614,0.25872562088801676
CASP,560,SRS,3,11,27.739192789827293,0.2662048894687362
CASP,560,PCA-QS,3,11,27.348836412343097,0.27653113087499825
CASP,560,Leverage,3,11,28.334124158212358,0.25046695028174115
CASP,560,Coreset,3,11,27.30949030161065,0.2775719680721238
CASP,561,SRS,3,11,27.488165415475102,0.2746433937324627
CASP,561,PCA-QS,3,11,27.488605321965498,0.27463178549764145
CASP,561,Leverage,3,11,28.654400171729215,0.2438688377691356
CASP,561,Coreset,3,11,27.50342942899476,0.27424060755603763
CASP,562,SRS,3,11,26.96963684833006,0.27971883884226134
CASP,562,PCA-QS,3,11,28.351728368706375,0.24280716328944218
CASP,562,Leverage,3,11,28.107434117856226,0.2493315576539662
CASP,562,Coreset,3,11,27.030339905468836,0.278097635385662
CASP,563,SRS,3,11,27.52477105575753,0.26498587798204476
CASP,563,PCA-QS,3,11,27.279813810566047,0.2715271507193049
CASP,563,Leverage,3,11,28.04814454968667,0.2510098522287868
CASP,563,Coreset,3,11,27.248230185650385,0.272370551388851
CASP,564,SRS,3,11,26.770903887000543,0.2821707592737439
CASP,564,PCA-QS,3,11,29.01438897022965,0.22201443430718082
CASP,564,Leverage,3,11,27.73012200426239,0.2564504916387279
CASP,564,Coreset,3,11,26.793712931928155,0.28155916246434254
CASP,565,SRS,3,11,27.22363321684361,0.27053826387204305
CASP,565,PCA-QS,3,11,27.150178708985468,0.27250648950900436
CASP,565,Leverage,3,11,28.34337800897868,0.24053451773041057
CASP,565,Coreset,3,11,27.159191686156035,0.2722649853011657
CASP,566,SRS,3,11,28.217492328723562,0.25112854278344654
CASP,566,PCA-QS,3,11,26.903305766332046,0.28600608592468235
CASP,566,Leverage,3,11,28.645511834127298,0.23976922045264804
CASP,566,Coreset,3,11,27.060383461445976,0.28183735962307377
CASP,567,SRS,3,11,27.16644263017005,0.2737638908532948
CASP,567,PCA-QS,3,11,26.721851864297182,0.2856490637618554
CASP,567,Leverage,3,11,27.81307855449228,0.256477477460592
CASP,567,Coreset,3,11,26.614617206880585,0.28851575048370914
CASP,568,SRS,3,11,28.77715951244239,0.23574636902809787
CASP,568,PCA-QS,3,11,27.459988316019537,0.2707273361052176
CASP,568,Leverage,3,11,27.972278940467987,0.2571221027715277
CASP,568,Coreset,3,11,27.434443830286668,0.27140573752854813
CASP,569,SRS,3,11,27.053654892428042,0.2823977229932729
CASP,569,PCA-QS,3,11,27.255965964994594,0.27703139127525933
CASP,569,Leverage,3,11,27.93177304145557,0.2591055066281024
CASP,569,Coreset,3,11,27.030607014997155,0.28300907141884946
CASP,570,SRS,3,11,26.901803713846686,0.2880333893203041
CASP,570,PCA-QS,3,11,27.529558769018468,0.27141960967482803
CASP,570,Leverage,3,11,27.56956346106174,0.27036087007103426
CASP,570,Coreset,3,11,26.761249553484298,0.2917532093827274
CASP,571,SRS,3,11,27.29513644687244,0.26979118015882053
CASP,571,PCA-QS,3,11,26.913454864153547,0.28000205632039454
CASP,571,Leverage,3,11,28.127432818153295,0.24752530315124377
CASP,571,Coreset,3,11,27.042297190447,0.276555222368439
CASP,572,SRS,3,11,27.262597588757526,0.2752630035459497
CASP,572,PCA-QS,3,11,27.144506738676906,0.27840227916770577
CASP,572,Leverage,3,11,28.352364660853983,0.24629311129359122
CASP,572,Coreset,3,11,27.358698087704756,0.2727083098217731
CASP,573,SRS,3,11,27.985767015974375,0.24575506275176995
CASP,573,PCA-QS,3,11,26.90161454185684,0.2749740766291291
CASP,573,Leverage,3,11,27.74339091153969,0.2522873457360262
CASP,573,Coreset,3,11,26.99934576492665,0.272340120583922
CASP,574,SRS,3,11,27.57700021604334,0.2595825581236858
CASP,574,PCA-QS,3,11,27.11323514904368,0.2720342295110516
CASP,574,Leverage,3,11,27.898588204358994,0.25094821233620235
CASP,574,Coreset,3,11,27.161380009410365,0.27074158368036205
CASP,575,SRS,3,11,27.538908456581325,0.26236132598224327
CASP,575,PCA-QS,3,11,27.610680884389275,0.2604388780187461
CASP,575,Leverage,3,11,28.542343312292342,0.23548399503803208
CASP,575,Coreset,3,11,27.324490864707357,0.2681045713401833
CASP,576,SRS,3,11,27.705519806403878,0.2694592572693296
CASP,576,PCA-QS,3,11,27.45469398112507,0.27607304708362
CASP,576,Leverage,3,11,28.65395543890783,0.24445085185975057
CASP,576,Coreset,3,11,27.626100073191672,0.2715534013710731
CASP,577,SRS,3,11,27.207163894878843,0.2796876289926835
CASP,577,PCA-QS,3,11,27.255818546620567,0.27839949224708127
CASP,577,Leverage,3,11,27.799583376452873,0.2640032642771155
CASP,577,Coreset,3,11,27.349618247435387,0.2759161358357054
CASP,578,SRS,3,11,26.910980527353303,0.28156691112237775
CASP,578,PCA-QS,3,11,26.884002861078326,0.28228712449746984
CASP,578,Leverage,3,11,28.055712750826558,0.2510063930315669
CASP,578,Coreset,3,11,26.906926599781716,0.2816751374170081
CASP,579,SRS,3,11,27.00699995414679,0.28134691792049493
CASP,579,PCA-QS,3,11,26.765782876936587,0.28776567588256563
CASP,579,Leverage,3,11,27.825280967517763,0.2595725567080457
CASP,579,Coreset,3,11,26.766726091727577,0.2877405770482723
CASP,580,SRS,3,11,27.37416007333713,0.2745317105040297
CASP,580,PCA-QS,3,11,27.243249794296762,0.2780010865856489
CASP,580,Leverage,3,11,28.227099026913578,0.2519271753497879
CASP,580,Coreset,3,11,27.281685274498543,0.27698247187735325
CASP,581,SRS,3,11,27.02477508600013,0.27593715329724866
CASP,581,PCA-QS,3,11,27.12754478766687,0.27318369013217825
CASP,581,Leverage,3,11,27.862881994596304,0.2534821255625773
CASP,581,Coreset,3,11,27.22052559179252,0.27069249656961625
CASP,582,SRS,3,11,28.29707237908563,0.24184191823499834
CASP,582,PCA-QS,3,11,28.25666935377701,0.2429244288125988
CASP,582,Leverage,3,11,28.143531575290126,0.24595570780724718
CASP,582,Coreset,3,11,27.06849126818997,0.274759058420066
CASP,583,SRS,3,11,27.276856360008434,0.268797457019349
CASP,583,PCA-QS,3,11,27.151848268476982,0.27214851159889974
CASP,583,Leverage,3,11,27.863721390548665,0.253065541396309
CASP,583,Coreset,3,11,27.26581214028273,0.26909351611949195
CASP,584,SRS,3,11,26.963567311682088,0.27423380786687
CASP,584,PCA-QS,3,11,26.98582261273184,0.27363477195626706
CASP,584,Leverage,3,11,28.594341175311126,0.23033900257070672
CASP,584,Coreset,3,11,27.122084997716314,0.2699670587364992
CASP,585,SRS,3,11,27.15356884273403,0.2820149813508821
CASP,585,PCA-QS,3,11,27.330445015338388,0.27733808444567454
CASP,585,Leverage,3,11,28.053967910901576,0.2582069491362543
CASP,585,Coreset,3,11,27.04709081820264,0.2848304354398701
CASP,586,SRS,3,11,27.139597312330253,0.28354224668384664
CASP,586,PCA-QS,3,11,27.00455496075647,0.28710722735388505
CASP,586,Leverage,3,11,28.236383995960924,0.2545881942645024
CASP,586,Coreset,3,11,27.046396141476613,0.28600266275810793
CASP,587,SRS,3,11,27.18262731250468,0.27208664616113587
CASP,587,PCA-QS,3,11,27.14625904814141,0.2730605382349822
CASP,587,Leverage,3,11,27.957938922731437,0.25132486813349286
CASP,587,Coreset,3,11,27.079726501101717,0.2748421882903035
CASP,588,SRS,3,11,26.511141227393207,0.2887489868298767
CASP,588,PCA-QS,3,11,26.456948068653606,0.2902029015719778
CASP,588,Leverage,3,11,27.616990368883528,0.2590808440837019
CASP,588,Coreset,3,11,26.478634013908007,0.2896211027576059
CASP,589,SRS,3,11,27.721986203409223,0.2541480143228384
CASP,589,PCA-QS,3,11,27.101997783921473,0.2708286226450125
CASP,589,Leverage,3,11,27.65634664457065,0.2559140275853622
CASP,589,Coreset,3,11,27.254033385623163,0.2667381489469597
CASP,590,SRS,3,11,26.506762942635866,0.27774283922129617
CASP,590,PCA-QS,3,11,26.509232429439432,0.27767555056250437
CASP,590,Leverage,3,11,27.69470793758801,0.2453736743756213
CASP,590,Coreset,3,11,26.63130362472166,0.27434935056184007
CASP,591,SRS,3,11,28.388324723807443,0.243645893647779
CASP,591,PCA-QS,3,11,27.71770929452641,0.2615131943305308
CASP,591,Leverage,3,11,28.11287050489963,0.2509848589305118
CASP,591,Coreset,3,11,27.567188254357447,0.265523547457453
CASP,592,SRS,3,11,26.637332982622027,0.28342001691305607
CASP,592,PCA-QS,3,11,27.01391485533398,0.2732894594674278
CASP,592,Leverage,3,11,27.775310252284473,0.25280690210985723
CASP,592,Coreset,3,11,26.60577027634501,0.2842690960436477
CASP,593,SRS,3,11,28.22807705355538,0.24595140122215797
CASP,593,PCA-QS,3,11,27.474510039252696,0.2660812226811997
CASP,593,Leverage,3,11,28.344163334567043,0.24285042139387925
CASP,593,Coreset,3,11,27.575009947075518,0.2633965972096409
CASP,594,SRS,3,11,27.502400933174844,0.2658617646024125
CASP,594,PCA-QS,3,11,27.49161924867474,0.26614956663296074
CASP,594,Leverage,3,11,28.49911298002909,0.23925592662284723
CASP,594,Coreset,3,11,27.545334603245117,0.26471571015934336
CASP,595,SRS,3,11,27.68974991375427,0.2571472289579064
CASP,595,PCA-QS,3,11,27.669715789281767,0.257684698777105
CASP,595,Leverage,3,11,27.538300782837656,0.26121026336319153
CASP,595,Coreset,3,11,27.162447098128336,0.2712935596032203
CASP,596,SRS,3,11,26.962812013567206,0.2790998779393248
CASP,596,PCA-QS,3,11,26.9982382425954,0.2781526928750324
CASP,596,Leverage,3,11,27.692436061724155,0.2595920437746211
CASP,596,Coreset,3,11,27.09716152485625,0.27550779789076263
CASP,597,SRS,3,11,27.169886214170784,0.26848707412481077
CASP,597,PCA-QS,3,11,27.08739961553459,0.2707079157079596
CASP,597,Leverage,3,11,27.845997475473094,0.25028368074017227
CASP,597,Coreset,3,11,26.91611399650016,0.2753195524057559
CASP,598,SRS,3,11,26.889126172028902,0.27233662434443906
CASP,598,PCA-QS,3,11,26.83585895346796,0.273778121692544
CASP,598,Leverage,3,11,27.7248212098116,0.24972136089849883
CASP,598,Coreset,3,11,26.757364615360277,0.27590230582079955
CASP,599,SRS,3,11,27.243072994841675,0.27885709183827767
CASP,599,PCA-QS,3,11,27.22481918317854,0.2793402828068694
CASP,599,Leverage,3,11,28.216398727405032,0.2530924892362776
CASP,599,Coreset,3,11,27.43166149292475,0.2738650243876185
CASP,600,SRS,3,11,27.310893165833853,0.2685019161368444
CASP,600,PCA-QS,3,11,26.751341188928446,0.2834890202363983
CASP,600,Leverage,3,11,27.773182915977937,0.2561198946347787
CASP,600,Coreset,3,11,26.746926402641066,0.28360726637687694
CASP,601,SRS,3,11,26.576935913127524,0.2820078899004492
CASP,601,PCA-QS,3,11,26.594436351081296,0.28153510491066835
CASP,601,Leverage,3,11,27.43312239096099,0.2588774907503084
CASP,601,Coreset,3,11,26.69739870792242,0.27875351413245275
CASP,602,SRS,3,11,26.520741120134073,0.2817867458321375
CASP,602,PCA-QS,3,11,26.467464506848593,0.28322953996920464
CASP,602,Leverage,3,11,27.36814167705346,0.25883812954679997
CASP,602,Coreset,3,11,26.60312209172956,0.27955577101046525
CASP,603,SRS,3,11,27.583718276056416,0.26332804099460694
CASP,603,PCA-QS,3,11,26.840552266772207,0.2831756030399619
CASP,603,Leverage,3,11,28.417020444851275,0.2410732334669935
CASP,603,Coreset,3,11,26.833260371910274,0.28337034598284727
CASP,604,SRS,3,11,27.247990423973715,0.2673106537775757
CASP,604,PCA-QS,3,11,27.197463543120534,0.2686693046990911
CASP,604,Leverage,3,11,28.009577213136335,0.24683183981879508
CASP,604,Coreset,3,11,26.946156722112036,0.27542686103704206
CASP,605,SRS,3,11,26.963681708349373,0.27356838220880353
CASP,605,PCA-QS,3,11,26.994292483050508,0.27274369384359776
CASP,605,Leverage,3,11,27.576664878104378,0.2570539328654107
CASP,605,Coreset,3,11,26.88527440328476,0.2756807623385207
CASP,606,SRS,3,11,28.960514024622157,0.23103372521933596
CASP,606,PCA-QS,3,11,27.38175836435513,0.2729532111038847
CASP,606,Leverage,3,11,28.34534500654416,0.24736783544230145
CASP,606,Coreset,3,11,27.42285790304178,0.27186192663523856
CASP,607,SRS,3,11,26.740705679251978,0.28652078976347495
CASP,607,PCA-QS,3,11,26.846008204021686,0.2837111719803924
CASP,607,Leverage,3,11,27.84865165952448,0.2569592504207454
CASP,607,Coreset,3,11,26.998597518952288,0.27963987688395486
CASP,608,SRS,3,11,28.014387360646246,0.24392707101282862
CASP,608,PCA-QS,3,11,26.98690808727759,0.27165743875882276
CASP,608,Leverage,3,11,27.61701331094971,0.2546516946781532
CASP,608,Coreset,3,11,26.90248883983771,0.2739358076145496
CASP,609,SRS,3,11,27.009376891909145,0.2804981712926746
CASP,609,PCA-QS,3,11,26.932102623719178,0.28255667776978466
CASP,609,Leverage,3,11,27.906722852249032,0.2565938042266914
CASP,609,Coreset,3,11,27.09275930014436,0.278276950290526
CASP,610,SRS,3,11,26.60098676500706,0.2804381198255985
CASP,610,PCA-QS,3,11,28.04807155912674,0.24129419390935003
CASP,610,Leverage,3,11,28.03819059016806,0.24156147604683853
CASP,610,Coreset,3,11,26.35165436140901,0.28718260997201017
CASP,611,SRS,3,11,26.880116288132374,0.27865606271085386
CASP,611,PCA-QS,3,11,27.039464287433212,0.27437986420104454
CASP,611,Leverage,3,11,27.554870505128484,0.26054863124094907
CASP,611,Coreset,3,11,27.023370505314567,0.27481175043378614
CASP,612,SRS,3,11,26.88454740274105,0.27766292312255403
CASP,612,PCA-QS,3,11,27.213335957397472,0.268828994846824
CASP,612,Leverage,3,11,28.10656911384515,0.24482950482257881
CASP,612,Coreset,3,11,26.846088873264126,0.2786962312659723
CASP,613,SRS,3,11,26.994781299598547,0.2786295104415134
CASP,613,PCA-QS,3,11,27.168079441363336,0.27399853514384354
CASP,613,Leverage,3,11,27.650566555628487,0.2611052295096805
CASP,613,Coreset,3,11,27.050224594507803,0.27714792196900295
CASP,614,SRS,3,11,27.004491124403305,0.2764388348613498
CASP,614,PCA-QS,3,11,26.89390308965479,0.2794019422535392
CASP,614,Leverage,3,11,27.632740626534247,0.2596054518634806
CASP,614,Coreset,3,11,27.079026126209893,0.2744417362120052
CASP,615,SRS,3,11,27.315387853516956,0.2620793310930334
CASP,615,PCA-QS,3,11,27.216770082940307,0.2647434737960507
CASP,615,Leverage,3,11,28.063051659855095,0.24188131746609032
CASP,615,Coreset,3,11,26.977246449608888,0.27121416499307094
CASP,616,SRS,3,11,27.131756742891177,0.26797603312279317
CASP,616,PCA-QS,3,11,27.660044481386183,0.25372265138823114
CASP,616,Leverage,3,11,28.25470080294554,0.23767862285143027
CASP,616,Coreset,3,11,27.178527591919,0.2667141398084749
CASP,617,SRS,3,11,27.09212226295775,0.2812596007857757
CASP,617,PCA-QS,3,11,27.26074923215169,0.27678601196979546
CASP,617,Leverage,3,11,27.935802235365202,0.25887719477521853
CASP,617,Coreset,3,11,27.112037231818203,0.2807312666622924
CASP,618,SRS,3,11,27.397388337641893,0.2772941195561014
CASP,618,PCA-QS,3,11,27.3649832961772,0.2781489205223082
CASP,618,Leverage,3,11,28.285861134228075,0.25385741432003817
CASP,618,Coreset,3,11,27.372192718933395,0.2779587457451983
CASP,619,SRS,3,11,27.081099780811446,0.2796035290027429
CASP,619,PCA-QS,3,11,27.59248229658654,0.2660000135371299
CASP,619,Leverage,3,11,27.982563354670887,0.2556232925058092
CASP,619,Coreset,3,11,27.26633127458893,0.27467610302983614
CASP,620,SRS,3,11,28.74061852543035,0.23699861697158797
CASP,620,PCA-QS,3,11,27.415996016393535,0.2721644852875874
CASP,620,Leverage,3,11,28.43294175998003,0.24516677095047967
CASP,620,Coreset,3,11,27.273555746769357,0.2759459669779004
CASP,621,SRS,3,11,26.740277990845875,0.27527077669987376
CASP,621,PCA-QS,3,11,26.915166739522874,0.27053084890121726
CASP,621,Leverage,3,11,27.786728805467916,0.24690931066117205
CASP,621,Coreset,3,11,26.773466085949696,0.2743712953109504
CASP,622,SRS,3,11,26.88089578565444,0.2875985133357404
CASP,622,PCA-QS,3,11,27.011713568055242,0.2841315610657127
CASP,622,Leverage,3,11,27.70041733772214,0.26587943162425953
CASP,622,Coreset,3,11,26.982035466707323,0.28491809450902583
CASP,623,SRS,3,11,27.363405852669413,0.27435797939530604
CASP,623,PCA-QS,3,11,27.364277788035782,0.27433485680068104
CASP,623,Leverage,3,11,28.727576603655354,0.23818194102036472
CASP,623,Coreset,3,11,27.509812894734416,0.27047545459532973
CASP,624,SRS,3,11,27.184157723345695,0.26831288691041555
CASP,624,PCA-QS,3,11,27.106485695828383,0.2704035024137662
CASP,624,Leverage,3,11,27.850355632835956,0.25038154505675103
CASP,624,Coreset,3,11,27.22402293649831,0.2672398772913135
CASP,625,SRS,3,11,27.160061002744364,0.28022653418770627
CASP,625,PCA-QS,3,11,27.264934250681506,0.2774472701377809
CASP,625,Leverage,3,11,28.00445439703984,0.2578491190611478
CASP,625,Coreset,3,11,27.336693025849748,0.2755455784479105
CASP,626,SRS,3,11,27.66394489613371,0.2656342565924015
CASP,626,PCA-QS,3,11,27.633639465913514,0.2664387430774816
CASP,626,Leverage,3,11,28.244562209498785,0.2502212174699784
CASP,626,Coreset,3,11,27.7657900977335,0.26293067879588194
CASP,627,SRS,3,11,26.976687325120594,0.27841809088259706
CASP,627,PCA-QS,3,11,27.13391063214003,0.27421262663602175
CASP,627,Leverage,3,11,28.06758232531147,0.24923844820084518
CASP,627,Coreset,3,11,27.095505706746824,0.27523989507156954
CASP,628,SRS,3,11,27.768171310047567,0.2578651995278195
CASP,628,PCA-QS,3,11,27.318982421103726,0.26987026470652775
CASP,628,Leverage,3,11,27.814470141212343,0.25662781254093747
CASP,628,Coreset,3,11,27.07408875644938,0.2764153161946462
CASP,629,SRS,3,11,27.335275820627903,0.27393913765435973
CASP,629,PCA-QS,3,11,27.42055549371522,0.2716739974235227
CASP,629,Leverage,3,11,28.472913819317636,0.24372197680381813
CASP,629,Coreset,3,11,27.24983951067862,0.2762084383661746
CASP,630,SRS,3,11,27.40184293589422,0.26371203708985735
CASP,630,PCA-QS,3,11,26.966749116073423,0.2754030150660506
CASP,630,Leverage,3,11,27.56417506854028,0.2593501700599482
CASP,630,Coreset,3,11,26.983001472810223,0.27496631397765225
CASP,631,SRS,3,11,29.013837500246268,0.23512535735216766
CASP,631,PCA-QS,3,11,27.120361251884937,0.2850419521085572
CASP,631,Leverage,3,11,28.20625719335822,0.2564151194746438
CASP,631,Coreset,3,11,27.171640143547528,0.2836901170079619
CASP,632,SRS,3,11,27.57659086409413,0.2635934747849187
CASP,632,PCA-QS,3,11,27.61657470842679,0.2625257444039276
CASP,632,Leverage,3,11,27.833709384428314,0.256727370230484
CASP,632,Coreset,3,11,26.845498952280156,0.2831165861457494
CASP,633,SRS,3,11,28.00738415790285,0.2565557937595131
CASP,633,PCA-QS,3,11,27.429544948863033,0.27189429198116943
CASP,633,Leverage,3,11,27.69775451303864,0.26477478216117156
CASP,633,Coreset,3,11,26.88599249105562,0.2863226628445966
CASP,634,SRS,3,11,30.251056170279373,0.19361129701723945
CASP,634,PCA-QS,3,11,27.04745237648481,0.2790083123679531
CASP,634,Leverage,3,11,28.19993906147083,0.24828699679207467
CASP,634,Coreset,3,11,27.199607701698163,0.2749523767781319
CASP,635,SRS,3,11,26.661678794643947,0.2819218303730241
CASP,635,PCA-QS,3,11,27.236770633330718,0.26643289968443706
CASP,635,Leverage,3,11,27.80578963870178,0.25110752842754924
CASP,635,Coreset,3,11,26.529535598997917,0.285480838970683
CASP,636,SRS,3,11,26.92638794496597,0.2804397661196275
CASP,636,PCA-QS,3,11,27.9247156581773,0.25376121850767785
CASP,636,Leverage,3,11,27.836393335391456,0.2561214768301284
CASP,636,Coreset,3,11,27.084131671749724,0.2762243431980804
CASP,637,SRS,3,11,27.476458307635603,0.26962983930466733
CASP,637,PCA-QS,3,11,27.584394495410198,0.26676071512835875
CASP,637,Leverage,3,11,27.71180799402194,0.26337385149353754
CASP,637,Coreset,3,11,26.997900190023554,0.28235071349263485
CASP,638,SRS,3,11,27.15103455735737,0.27154555890944765
CASP,638,PCA-QS,3,11,27.67515910295682,0.25748344823296787
CASP,638,Leverage,3,11,27.722717579440875,0.2562074679997608
CASP,638,Coreset,3,11,27.310640277025414,0.26726338339712874
CASP,639,SRS,3,11,26.902516894876907,0.2780546789524546
CASP,639,PCA-QS,3,11,26.704401694022636,0.2833712202576427
CASP,639,Leverage,3,11,27.780325140610927,0.2544981634687561
CASP,639,Coreset,3,11,26.7255646474189,0.28280329959640194
CASP,640,SRS,3,11,27.279875669812895,0.27942293305412447
CASP,640,PCA-QS,3,11,27.20172485716012,0.28148722704293794
CASP,640,Leverage,3,11,27.995027103874374,0.2605327544838314
CASP,640,Coreset,3,11,27.2201371718791,0.281000879821401
CASP,641,SRS,3,11,26.835817081114502,0.28383687299466476
CASP,641,PCA-QS,3,11,27.06021074937466,0.2778485153211998
CASP,641,Leverage,3,11,27.868757051947362,0.25627097040692304
CASP,641,Coreset,3,11,26.841758467795128,0.2836783161655181
CASP,642,SRS,3,11,27.348117960289034,0.27100625534526235
CASP,642,PCA-QS,3,11,27.439187582769893,0.2685786957884031
CASP,642,Leverage,3,11,28.155293547301547,0.24949011465051452
CASP,642,Coreset,3,11,27.26288918041454,0.2732781209077585
CASP,643,SRS,3,11,28.166620350057524,0.24247038994538217
CASP,643,PCA-QS,3,11,27.995422136251882,0.24707469513125346
CASP,643,Leverage,3,11,28.147971018789143,0.24297195600009303
CASP,643,Coreset,3,11,27.11617085661337,0.27072179480905434
CASP,644,SRS,3,11,27.328505308012186,0.2607151375671981
CASP,644,PCA-QS,3,11,26.68790401547977,0.27804454629579234
CASP,644,Leverage,3,11,27.525545326119826,0.2553848532710512
CASP,644,Coreset,3,11,26.606899476550282,0.28023586370389664
CASP,645,SRS,3,11,26.77780174447949,0.28657853479121365
CASP,645,PCA-QS,3,11,27.00474136796718,0.28053234772001767
CASP,645,Leverage,3,11,27.890959332502238,0.25692148806895276
CASP,645,Coreset,3,11,27.05852448282708,0.279099443369878
CASP,646,SRS,3,11,27.498314846679815,0.2666477934543484
CASP,646,PCA-QS,3,11,27.18522556683765,0.27499756744952697
CASP,646,Leverage,3,11,28.27671356646477,0.24588868796336116
CASP,646,Coreset,3,11,27.31145492745144,0.27163115824761386
CASP,647,SRS,3,11,27.221695271458284,0.26021087561229217
CASP,647,PCA-QS,3,11,26.587733485137406,0.27743970835473086
CASP,647,Leverage,3,11,27.95242282453762,0.2403522925494903
CASP,647,Coreset,3,11,26.621575832739772,0.2765199933828927
CASP,648,SRS,3,11,27.17575136754656,0.2737400313300604
CASP,648,PCA-QS,3,11,27.308016487814466,0.27020530433014356
CASP,648,Leverage,3,11,28.073808319156257,0.249739855411511
CASP,648,Coreset,3,11,27.229510194572292,0.27230335038963693
CASP,649,SRS,3,11,27.62584557425393,0.26065775784320233
CASP,649,PCA-QS,3,11,27.98050124218249,0.25116621428066654
CASP,649,Leverage,3,11,27.71620284013441,0.2582395533624863
CASP,649,Coreset,3,11,27.14044600804256,0.27364836124971337
CASP,650,SRS,3,11,28.119690487640593,0.24940566741442338
CASP,650,PCA-QS,3,11,27.353161589747536,0.26986649882985025
CASP,650,Leverage,3,11,27.96000345877626,0.25366816734861286
CASP,650,Coreset,3,11,27.217751275025634,0.2734809843750792
CASP,651,SRS,3,11,27.134731072794146,0.2740097914945221
CASP,651,PCA-QS,3,11,26.91944406554151,0.27976979917119926
CASP,651,Leverage,3,11,27.984758367211665,0.2512672962380186
CASP,651,Coreset,3,11,27.197043333698954,0.2723426258548344
CASP,652,SRS,3,11,28.113076893538704,0.2535434364202209
CASP,652,PCA-QS,3,11,27.31163174161461,0.2748233552376602
CASP,652,Leverage,3,11,28.337018186217364,0.24759736198626436
CASP,652,Coreset,3,11,27.595972459209644,0.2672735592567522
CASP,653,SRS,3,11,26.53875969920316,0.2841191426262346
CASP,653,PCA-QS,3,11,26.647689323053484,0.2811807749934129
CASP,653,Leverage,3,11,27.900955878007814,0.24737401288216365
CASP,653,Coreset,3,11,26.875064476928497,0.27504734894236715
CASP,654,SRS,3,11,27.2366572927285,0.26980435916113077
CASP,654,PCA-QS,3,11,27.086712144418414,0.27382428320996743
CASP,654,Leverage,3,11,28.117848489514056,0.24618024245242642
CASP,654,Coreset,3,11,27.10970071900718,0.2732079756809852
CASP,655,SRS,3,11,27.037988076156932,0.27483163538148125
CASP,655,PCA-QS,3,11,27.003845400936747,0.2757473539580034
CASP,655,Leverage,3,11,28.30125625985666,0.24095033769513552
CASP,655,Coreset,3,11,26.883452350164156,0.2789763379894441
CASP,656,SRS,3,11,27.35692673881602,0.27154160448881137
CASP,656,PCA-QS,3,11,27.27441050514366,0.27373884117985037
CASP,656,Leverage,3,11,28.513028459271606,0.24075700604428418
CASP,656,Coreset,3,11,27.41841710825477,0.26990424308895844
CASP,657,SRS,3,11,27.6658366534976,0.26068506360303934
CASP,657,PCA-QS,3,11,27.252386147617123,0.2717337131807369
CASP,657,Leverage,3,11,27.448246386425794,0.26649973447222675
CASP,657,Coreset,3,11,26.813768088996476,0.2834549159830634
CASP,658,SRS,3,11,27.587163161437456,0.2654689465535537
CASP,658,PCA-QS,3,11,27.07073267266082,0.2792193357738274
CASP,658,Leverage,3,11,28.01498256511067,0.25407790081876835
CASP,658,Coreset,3,11,27.277542713753927,0.27371284725021716
CASP,659,SRS,3,11,26.82527864590579,0.2772262453155875
CASP,659,PCA-QS,3,11,26.913582573948897,0.2748470058501723
CASP,659,Leverage,3,11,27.882051586780584,0.24875281335585875
CASP,659,Coreset,3,11,26.980730116267765,0.2730377988734147
CASP,660,SRS,3,11,26.774834440077807,0.27768707611185717
CASP,660,PCA-QS,3,11,26.88318662891685,0.27476402586834714
CASP,660,Leverage,3,11,27.956096163484606,0.2458198161584607
CASP,660,Coreset,3,11,26.671690456970538,0.2804696229913315
CASP,661,SRS,3,11,27.073499990993124,0.27958705177838006
CASP,661,PCA-QS,3,11,26.98937623440127,0.28182554489977096
CASP,661,Leverage,3,11,28.164831699706234,0.2505472344653874
CASP,661,Coreset,3,11,27.091318926313136,0.27911289839103337
CASP,662,SRS,3,11,26.815728154845978,0.28010883031709133
CASP,662,PCA-QS,3,11,26.81189203044755,0.280211814359303
CASP,662,Leverage,3,11,27.912777348281654,0.2506576059273715
CASP,662,Coreset,3,11,26.76361746177513,0.2815077864659282
CASP,663,SRS,3,11,27.440259748562884,0.2653386449934916
CASP,663,PCA-QS,3,11,27.137977679689836,0.27343167896428233
CASP,663,Leverage,3,11,28.137680479339863,0.24666651638475712
CASP,663,Coreset,3,11,27.104868001868603,0.2743181283271843
CASP,664,SRS,3,11,27.257003819015132,0.27863456587751867
CASP,664,PCA-QS,3,11,27.333016562516615,0.2766228640015944
CASP,664,Leverage,3,11,28.074044670778722,0.2570113151107901
CASP,664,Coreset,3,11,27.33696455171118,0.2765183791888778
CASP,665,SRS,3,11,26.775650616901405,0.27890253479061156
CASP,665,PCA-QS,3,11,26.890324633304424,0.27581423849720976
CASP,665,Leverage,3,11,27.79418856667951,0.2514721972681706
CASP,665,Coreset,3,11,26.62415523455607,0.28298247061600623
CASP,666,SRS,3,11,27.01902531895876,0.27908951991714237
CASP,666,PCA-QS,3,11,27.227586656113008,0.2735247724134976
CASP,666,Leverage,3,11,27.926295161040414,0.2548821205125147
CASP,666,Coreset,3,11,26.934952215489165,0.2813327237584665
CASP,667,SRS,3,11,27.12126068324362,0.279829015582695
CASP,667,PCA-QS,3,11,27.075308023645057,0.28104923069312815
CASP,667,Leverage,3,11,28.038203856026723,0.2554807422811547
CASP,667,Coreset,3,11,27.116055814011045,0.279967224342338
CASP,668,SRS,3,11,27.281894794047417,0.2722983014469793
CASP,668,PCA-QS,3,11,27.27226853235052,0.27255506686010145
CASP,668,Leverage,3,11,27.960295962053106,0.2542030156911744
CASP,668,Coreset,3,11,27.309433302251865,0.27156375498870444
CASP,669,SRS,3,11,27.208383330687184,0.27336319297834644
CASP,669,PCA-QS,3,11,27.033810419660423,0.2780253995166485
CASP,669,Leverage,3,11,28.18960727625957,0.24715827568802906
CASP,669,Coreset,3,11,27.13093608604433,0.2754315267663535
CASP,670,SRS,3,11,27.848349913560043,0.2518415738005275
CASP,670,PCA-QS,3,11,27.3951043503931,0.2640182193925795
CASP,670,Leverage,3,11,28.070059562570698,0.24588524451739535
CASP,670,Coreset,3,11,27.308702991431343,0.266339430701076
CASP,671,SRS,3,11,26.75025304014344,0.2841118394472577
CASP,671,PCA-QS,3,11,26.62741335291133,0.28739926546163985
CASP,671,Leverage,3,11,27.535882731420024,0.2630868796564252
CASP,671,Coreset,3,11,26.632154140669172,0.2872723928738389
CASP,672,SRS,3,11,27.210619878093762,0.2608860035167869
CASP,672,PCA-QS,3,11,26.980308335767308,0.2671418876255559
CASP,672,Leverage,3,11,28.15361939441915,0.23527158736913756
CASP,672,Coreset,3,11,26.859269871706385,0.270429619522185
CASP,673,SRS,3,11,27.152564120984522,0.27622304673743237
CASP,673,PCA-QS,3,11,30.290325405544824,0.19258308947648428
CASP,673,Leverage,3,11,28.024962448523162,0.25296845462142337
CASP,673,Coreset,3,11,27.563011735102684,0.26528218228364964
CASP,674,SRS,3,11,27.952897703116047,0.24833299394432107
CASP,674,PCA-QS,3,11,27.0034020799096,0.2738653927653206
CASP,674,Leverage,3,11,27.85801922018567,0.2508843224670677
CASP,674,Coreset,3,11,27.039056872004497,0.2729066180754779
CASP,675,SRS,3,11,27.553787477577256,0.2573765219169921
CASP,675,PCA-QS,3,11,27.750346915945883,0.25207889617715007
CASP,675,Leverage,3,11,27.826393480388028,0.2500293062894351
CASP,675,Coreset,3,11,26.833960082804527,0.27677714783677076
CASP,676,SRS,3,11,28.020054881524405,0.24898590355981798
CASP,676,PCA-QS,3,11,26.78038362036121,0.28221248345132344
CASP,676,Leverage,3,11,27.63065464715319,0.2594228947222701
CASP,676,Coreset,3,11,26.960068448860792,0.27739643866874863
CASP,677,SRS,3,11,26.670656560785467,0.28127035641828246
CASP,677,PCA-QS,3,11,27.04721504052065,0.271122734393646
CASP,677,Leverage,3,11,28.185394931330205,0.24045068755486598
CASP,677,Coreset,3,11,26.74891519426851,0.2791614169693316
CASP,678,SRS,3,11,27.285249600270724,0.26522407788983127
CASP,678,PCA-QS,3,11,27.50437966450354,0.25932303254967326
CASP,678,Leverage,3,11,28.44351208249954,0.23403274206210822
CASP,678,Coreset,3,11,27.036819422122516,0.2719141582776988
CASP,679,SRS,3,11,27.479483220334565,0.2779298971412454
CASP,679,PCA-QS,3,11,28.233745949299195,0.2581103626209238
CASP,679,Leverage,3,11,28.581686665845176,0.2489676292234052
CASP,679,Coreset,3,11,27.570727976008893,0.2755322861823053
CASP,680,SRS,3,11,27.188476853316022,0.28137036027170403
CASP,680,PCA-QS,3,11,27.86368110844085,0.26352376322909743
CASP,680,Leverage,3,11,27.79570514468726,0.26532046344904625
CASP,680,Coreset,3,11,27.289527839495417,0.2786994407426673
CASP,681,SRS,3,11,27.06141726444197,0.27574699005609493
CASP,681,PCA-QS,3,11,27.083576751838343,0.27515392889862456
CASP,681,Leverage,3,11,27.87317470945908,0.2540216765903244
CASP,681,Coreset,3,11,27.041648158158186,0.27627607671072274
CASP,682,SRS,3,11,27.027879982810607,0.27904196570405015
CASP,682,PCA-QS,3,11,27.05172458386269,0.27840592037922207
CASP,682,Leverage,3,11,27.83771124324711,0.25744003636267965
CASP,682,Coreset,3,11,27.158695927220474,0.2755525020022619
CASP,683,SRS,3,11,27.345809451601724,0.27965181740898715
CASP,683,PCA-QS,3,11,27.372102197662066,0.2789592092097888
CASP,683,Leverage,3,11,27.937319135390542,0.2640701639766253
CASP,683,Coreset,3,11,27.401587099050186,0.278182512686455
CASP,684,SRS,3,11,28.76684320738825,0.23019046868742854
CASP,684,PCA-QS,3,11,27.236817257464438,0.2711344315308877
CASP,684,Leverage,3,11,27.66526199801607,0.2596691191036735
CASP,684,Coreset,3,11,27.04067052040942,0.27638337826557957
CASP,685,SRS,3,11,26.851429091754614,0.2874234105514285
CASP,685,PCA-QS,3,11,26.74748017626754,0.2901819811817493
CASP,685,Leverage,3,11,27.687396505942054,0.2652387139061856
CASP,685,Coreset,3,11,26.783891422475943,0.2892157085281749
CASP,686,SRS,3,11,27.247786053644546,0.27672061740588194
CASP,686,PCA-QS,3,11,27.223986409854888,0.27735236750962444
CASP,686,Leverage,3,11,27.68671812405108,0.26506937659463325
CASP,686,Coreset,3,11,27.32605813799416,0.2746429225527556
CASP,687,SRS,3,11,27.985020860996684,0.25928385312717617
CASP,687,PCA-QS,3,11,27.70659037354666,0.2666534369792054
CASP,687,Leverage,3,11,28.1657146568124,0.2545011941159412
CASP,687,Coreset,3,11,27.7431124241693,0.26568676010061865
CASP,688,SRS,3,11,27.47933859766166,0.26569425837799987
CASP,688,PCA-QS,3,11,27.101665829249406,0.27578646934274953
CASP,688,Leverage,3,11,27.64614146411401,0.26123693484673427
CASP,688,Coreset,3,11,27.176189587567126,0.2737950377285764
CASP,689,SRS,3,11,26.848086196118366,0.281296066766359
CASP,689,PCA-QS,3,11,26.804779122293034,0.28245536594573983
CASP,689,Leverage,3,11,28.011885918891608,0.2501419862801946
CASP,689,Coreset,3,11,26.983444571765315,0.2776726205265432
CASP,690,SRS,3,11,27.11421694231803,0.2788724172636172
CASP,690,PCA-QS,3,11,27.018518871655004,0.28141759562951196
CASP,690,Leverage,3,11,27.74604223726853,0.2620684413778801
CASP,690,Coreset,3,11,27.08396149730652,0.2796770887011947
CASP,691,SRS,3,11,27.29742988135234,0.277838104286943
CASP,691,PCA-QS,3,11,27.416609733532876,0.27468516467484083
CASP,691,Leverage,3,11,28.053240336423602,0.25784290644573993
CASP,691,Coreset,3,11,27.392549207341233,0.27532169328877754
CASP,692,SRS,3,11,28.954899482404375,0.2232863931978647
CASP,692,PCA-QS,3,11,27.076651022963656,0.27367030616186216
CASP,692,Leverage,3,11,27.90944710794542,0.2513305963904652
CASP,692,Coreset,3,11,27.0816469884976,0.27353628965761956
CASP,693,SRS,3,11,27.355682516913696,0.27038080996907543
CASP,693,PCA-QS,3,11,26.916144651573916,0.28210397794702113
CASP,693,Leverage,3,11,28.089807076146343,0.2508005503298594
CASP,693,Coreset,3,11,26.82521876478928,0.2845291147290272
CASP,694,SRS,3,11,27.27545244457686,0.27365136672297075
CASP,694,PCA-QS,3,11,27.524793772779496,0.26701137666863617
CASP,694,Leverage,3,11,27.992245657378934,0.25456307583140914
CASP,694,Coreset,3,11,27.130569415413373,0.2775096195028933
CASP,695,SRS,3,11,27.423851705277997,0.27293571378597503
CASP,695,PCA-QS,3,11,27.24086434974711,0.27778709543961966
CASP,695,Leverage,3,11,28.11627038086465,0.2545782308351108
CASP,695,Coreset,3,11,27.52584124538804,0.27023175545881073
CASP,696,SRS,3,11,26.795750047154367,0.2785441281743757
CASP,696,PCA-QS,3,11,26.80986551829947,0.2781640794904128
CASP,696,Leverage,3,11,27.964779223404857,0.24706887698501945
CASP,696,Coreset,3,11,26.736559884046905,0.2801377798039456
CASP,697,SRS,3,11,28.66522505001694,0.2326867221331832
CASP,697,PCA-QS,3,11,27.084851918854586,0.27499028979779905
CASP,697,Leverage,3,11,28.081573832100673,0.24830994952347463
CASP,697,Coreset,3,11,27.232919305909135,0.27102680889340147
CASP,698,SRS,3,11,27.35741838465292,0.27307836987568035
CASP,698,PCA-QS,3,11,27.05045779501091,0.2812347057210124
CASP,698,Leverage,3,11,27.899322523652135,0.25867928314338073
CASP,698,Coreset,3,11,27.0860216933792,0.2802897274115841
CASP,699,SRS,3,11,27.34337581991441,0.2823594804400664
CASP,699,PCA-QS,3,11,27.428528160059404,0.28012461485412465
CASP,699,Leverage,3,11,28.196120450700516,0.25997877280836323
CASP,699,Coreset,3,11,27.343026005374444,0.28236866149692874
CASP,700,SRS,3,11,27.28691797073392,0.2726901400586018
CASP,700,PCA-QS,3,11,27.221016050970878,0.2744467003298693
CASP,700,Leverage,3,11,28.180798547676527,0.2488645047150373
CASP,700,Coreset,3,11,27.412534273579922,0.2693419431047622
CASP,701,SRS,3,11,27.566633828627946,0.26598653320374177
CASP,701,PCA-QS,3,11,27.402319253131417,0.27036171778214
CASP,701,Leverage,3,11,28.035132916719338,0.2535118639358631
CASP,701,Coreset,3,11,27.406431284732346,0.2702522272077834
CASP,702,SRS,3,11,28.51619412332761,0.24337783453822093
CASP,702,PCA-QS,3,11,27.79367660322724,0.2625484422384685
CASP,702,Leverage,3,11,28.401721033316214,0.24641515701109162
CASP,702,Coreset,3,11,27.91178610781565,0.25941463452426883
CASP,703,SRS,3,11,27.124533495358424,0.2737344919696273
CASP,703,PCA-QS,3,11,27.20109071811618,0.27168465504656747
CASP,703,Leverage,3,11,28.129526386638382,0.2468255804162819
CASP,703,Coreset,3,11,27.028184937879672,0.2763142463479753
CASP,704,SRS,3,11,27.796726980843225,0.2604996075283216
CASP,704,PCA-QS,3,11,27.37106516787212,0.2718238572491348
CASP,704,Leverage,3,11,28.215232466084494,0.24936574378958876
CASP,704,Coreset,3,11,27.293246707650777,0.2738941291165704
CASP,705,SRS,3,11,26.939505949725714,0.2815419684222866
CASP,705,PCA-QS,3,11,26.981768680999927,0.28041485054651594
CASP,705,Leverage,3,11,27.895311166615166,0.25605130292977063
CASP,705,Coreset,3,11,26.96376940603338,0.28089487878780683
CASP,706,SRS,3,11,27.153002490160286,0.27842709916196606
CASP,706,PCA-QS,3,11,27.21891000088887,0.27667565109574677
CASP,706,Leverage,3,11,28.360173238885753,0.24634734299944538
CASP,706,Coreset,3,11,27.152394098589934,0.2784432667614948
CASP,707,SRS,3,11,27.26764641700373,0.27419392692920397
CASP,707,PCA-QS,3,11,27.33666760435308,0.2723567314418267
CASP,707,Leverage,3,11,27.956541064222158,0.2558570337844658
CASP,707,Coreset,3,11,27.33758553874988,0.2723322980033961
CASP,708,SRS,3,11,27.185828756869483,0.2794524429885731
CASP,708,PCA-QS,3,11,27.083012738553517,0.2821775330155045
CASP,708,Leverage,3,11,28.168126852537814,0.2534170956971302
CASP,708,Coreset,3,11,27.080543188609116,0.2822429872709282
CASP,709,SRS,3,11,27.063014933685327,0.2818346325901917
CASP,709,PCA-QS,3,11,27.08074703167711,0.28136407974526956
CASP,709,Leverage,3,11,27.955401060463434,0.2581535751699664
CASP,709,Coreset,3,11,27.211610886674784,0.2778913739608121
CASP,710,SRS,3,11,27.299936719731463,0.26488268517983726
CASP,710,PCA-QS,3,11,27.23579548021221,0.26660984433953416
CASP,710,Leverage,3,11,27.643714371883604,0.25562563425185447
CASP,710,Coreset,3,11,27.083937256587742,0.27069899702623224
CASP,711,SRS,3,11,27.098560960825107,0.27848547395023815
CASP,711,PCA-QS,3,11,27.07187764819353,0.27919593225444994
CASP,711,Leverage,3,11,28.101663699562714,0.25177729567590934
CASP,711,Coreset,3,11,27.061032103562983,0.2794847010198901
CASP,712,SRS,3,11,27.4351079398997,0.2693642060439395
CASP,712,PCA-QS,3,11,27.84230116326606,0.25852007360241447
CASP,712,Leverage,3,11,27.91988515694769,0.25645390193120987
CASP,712,Coreset,3,11,27.30121431548721,0.27292998295987425
CASP,713,SRS,3,11,28.950193335548015,0.2369538695077652
CASP,713,PCA-QS,3,11,27.43325028997746,0.27693624571105024
CASP,713,Leverage,3,11,28.634231350091518,0.24528174378448664
CASP,713,Coreset,3,11,27.36801470210444,0.2786556733611507
CASP,714,SRS,3,11,27.470958333047967,0.2710216030784225
CASP,714,PCA-QS,3,11,27.480956134164437,0.270756298135571
CASP,714,Leverage,3,11,28.295378171607542,0.24914452674867127
CASP,714,Coreset,3,11,27.288748683371534,0.2758567783465884
CASP,715,SRS,3,11,28.21283336553174,0.24103209684134952
CASP,715,PCA-QS,3,11,27.05771927186591,0.27210641363257393
CASP,715,Leverage,3,11,28.08522602073039,0.24446492748464976
CASP,715,Coreset,3,11,27.118013669328136,0.2704844031162523
CASP,716,SRS,3,11,27.299890166176564,0.27050756803860554
CASP,716,PCA-QS,3,11,27.254899697597335,0.2717097782357588
CASP,716,Leverage,3,11,28.029242167745846,0.25101823082361985
CASP,716,Coreset,3,11,27.023094519280587,0.277903946865823
CASP,717,SRS,3,11,27.36435403577852,0.26739262282898413
CASP,717,PCA-QS,3,11,27.741599618843424,0.2572928815086819
CASP,717,Leverage,3,11,27.669349337570928,0.2592271895136765
CASP,717,Coreset,3,11,27.05897913358283,0.275568218929624
CASP,718,SRS,3,11,26.72645046905866,0.28504589584334994
CASP,718,PCA-QS,3,11,26.845940929787748,0.2818494296532461
CASP,718,Leverage,3,11,27.614004997309962,0.26130309642557004
CASP,718,Coreset,3,11,26.881128301033787,0.28090813909481727
CASP,719,SRS,3,11,27.279454459221117,0.2751309851988303
CASP,719,PCA-QS,3,11,27.247425498316556,0.27598205798588693
CASP,719,Leverage,3,11,27.949079749834002,0.2573377179097759
CASP,719,Coreset,3,11,27.2297387531693,0.27645202975710015
CASP,720,SRS,3,11,27.207980269826134,0.2763575763398721
CASP,720,PCA-QS,3,11,27.24644818851519,0.2753344567390328
CASP,720,Leverage,3,11,27.7716332452252,0.26136626859942336
CASP,720,Coreset,3,11,27.02136268708611,0.2813209877556526
CASP,721,SRS,3,11,27.23161576828987,0.27757721981629924
CASP,721,PCA-QS,3,11,27.251123985672375,0.2770596897234171
CASP,721,Leverage,3,11,28.089018426748844,0.25483133438918115
CASP,721,Coreset,3,11,27.140518003136947,0.27999393652272886
CASP,722,SRS,3,11,27.078471230865482,0.27191541269889474
CASP,722,PCA-QS,3,11,27.695867337864343,0.25531489688937614
CASP,722,Leverage,3,11,28.00868708651128,0.24690381505054526
CASP,722,Coreset,3,11,26.94242782384998,0.2755733410585658
CASP,723,SRS,3,11,27.309562195675355,0.2668464774884931
CASP,723,PCA-QS,3,11,27.304778613908777,0.2669748977025288
CASP,723,Leverage,3,11,28.071128692112513,0.24640143499791567
CASP,723,Coreset,3,11,27.209976388204367,0.2695199617800528
CASP,724,SRS,3,11,27.26203569953098,0.2786230257826333
CASP,724,PCA-QS,3,11,27.261380522079694,0.27864036234299117
CASP,724,Leverage,3,11,27.83254180355745,0.26352694229015095
CASP,724,Coreset,3,11,27.1165135518381,0.2824736673026321
CASP,725,SRS,3,11,27.217339976393667,0.27433475983578426
CASP,725,PCA-QS,3,11,26.890719765934186,0.283043066146068
CASP,725,Leverage,3,11,27.70739807504909,0.26126889343724413
CASP,725,Coreset,3,11,26.70106270726222,0.2880996784068326
CASP,726,SRS,3,11,27.341173677749637,0.27153843289455637
CASP,726,PCA-QS,3,11,27.222732119138207,0.2746941175924196
CASP,726,Leverage,3,11,27.612436881819438,0.2643110614194415
CASP,726,Coreset,3,11,27.264275493512287,0.2735872612461604
CASP,727,SRS,3,11,26.817594889816824,0.2764934650091525
CASP,727,PCA-QS,3,11,26.766925050209483,0.27786047648924517
CASP,727,Leverage,3,11,27.72723445785254,0.25195248082827826
CASP,727,Coreset,3,11,26.848239681401445,0.27566670529911885
CASP,728,SRS,3,11,27.939604827143533,0.25957905135383863
CASP,728,PCA-QS,3,11,27.581182217474037,0.2690775253054064
CASP,728,Leverage,3,11,28.374930567593733,0.2480425854765157
CASP,728,Coreset,3,11,27.248297903430608,0.2778992148431916
CASP,729,SRS,3,11,26.617065612488556,0.2826888809240884
CASP,729,PCA-QS,3,11,26.660060260501233,0.2815302055265353
CASP,729,Leverage,3,11,27.678568786566586,0.25408212010431996
CASP,729,Coreset,3,11,26.688089869999004,0.28077482734740666
CASP,730,SRS,3,11,28.32926162636243,0.24970274955850869
CASP,730,PCA-QS,3,11,27.608634013411894,0.26878848937482136
CASP,730,Leverage,3,11,28.340143104795263,0.24941455484815678
CASP,730,Coreset,3,11,27.565083576177816,0.26994191771839116
CASP,731,SRS,3,11,26.510739335408772,0.29200634372246004
CASP,731,PCA-QS,3,11,26.990695814355327,0.27918866489108896
CASP,731,Leverage,3,11,27.760369937790195,0.25863381012455133
CASP,731,Coreset,3,11,26.559756519390273,0.29069729477937234
CASP,732,SRS,3,11,27.32607556660172,0.28011277235384546
CASP,732,PCA-QS,3,11,27.462707582673815,0.276513293057299
CASP,732,Leverage,3,11,28.74872860554582,0.24263392729935918
CASP,732,Coreset,3,11,27.31202469752047,0.28048293312443495
CASP,733,SRS,3,11,27.660169929141244,0.2683858278518976
CASP,733,PCA-QS,3,11,27.427044021239332,0.27455203068264156
CASP,733,Leverage,3,11,28.6013909766993,0.24349044003318165
CASP,733,Coreset,3,11,27.33674468179971,0.276940456951854
CASP,734,SRS,3,11,26.578393864532053,0.2835453941285141
CASP,734,PCA-QS,3,11,26.69621503395768,0.2803693737890457
CASP,734,Leverage,3,11,27.450784422542124,0.2600289906697185
CASP,734,Coreset,3,11,26.529658451298552,0.2848591195348784
CASP,735,SRS,3,11,27.453798267517435,0.27038418590013646
CASP,735,PCA-QS,3,11,27.51015104069791,0.26888654706414694
CASP,735,Leverage,3,11,28.15026473788866,0.25187479984646277
CASP,735,Coreset,3,11,27.33162134551992,0.27363117611762133
CASP,736,SRS,3,11,27.85372088667993,0.2578210239536921
CASP,736,PCA-QS,3,11,27.440856464945938,0.26882204227419304
CASP,736,Leverage,3,11,28.17668438240729,0.24921546933014826
CASP,736,Coreset,3,11,27.480699072618453,0.26776041227202185
CASP,737,SRS,3,11,27.718092403058442,0.2640162178744013
CASP,737,PCA-QS,3,11,27.257250294508662,0.2762527135567585
CASP,737,Leverage,3,11,27.9435747153405,0.2580291058256132
CASP,737,Coreset,3,11,27.371492122769517,0.2732193109828105
CASP,738,SRS,3,11,26.543319300249234,0.2840383730591082
CASP,738,PCA-QS,3,11,26.452392163299464,0.28649098044280574
CASP,738,Leverage,3,11,27.510070096306528,0.25796188786288465
CASP,738,Coreset,3,11,26.36104877709817,0.28895481545361235
CASP,739,SRS,3,11,26.54551170581142,0.28344415084421426
CASP,739,PCA-QS,3,11,26.628502259361277,0.2812039466533941
CASP,739,Leverage,3,11,27.71757579361771,0.2518060574817431
CASP,739,Coreset,3,11,26.469422598340667,0.2854980609597717
CASP,740,SRS,3,11,27.367621798538334,0.2731069869971351
CASP,740,PCA-QS,3,11,27.50657326374011,0.26941639049791444
CASP,740,Leverage,3,11,28.36426301953065,0.2466358692163183
CASP,740,Coreset,3,11,27.375663048566874,0.27289340875841994
CASP,741,SRS,3,11,27.031155517990538,0.28559876294347475
CASP,741,PCA-QS,3,11,27.01532447187913,0.28601715863204835
CASP,741,Leverage,3,11,27.935658968107642,0.26169381432758987
CASP,741,Coreset,3,11,27.196341894080057,0.2812330838164875
CASP,742,SRS,3,11,27.134966359516024,0.27301899352080494
CASP,742,PCA-QS,3,11,27.533833322469377,0.26233282931712465
CASP,742,Leverage,3,11,27.9615704354078,0.25087319628303284
CASP,742,Coreset,3,11,27.20694974081402,0.27109046520451896
CASP,743,SRS,3,11,27.202694831670485,0.26749312446240003
CASP,743,PCA-QS,3,11,26.873973481068557,0.2763448448872301
CASP,743,Leverage,3,11,27.671086740700066,0.2548803926748531
CASP,743,Coreset,3,11,26.81642916236677,0.27789438287815416
CASP,744,SRS,3,11,27.214299578244304,0.2733580425430182
CASP,744,PCA-QS,3,11,27.176662904778972,0.2743629696035287
CASP,744,Leverage,3,11,28.192242818877627,0.24724623361651898
CASP,744,Coreset,3,11,27.283829004835017,0.2715015553498248
CASP,745,SRS,3,11,27.445997676290393,0.2726547036580319
CASP,745,PCA-QS,3,11,27.509822172472564,0.2709632932149858
CASP,745,Leverage,3,11,27.744027311530292,0.264756632109716
CASP,745,Coreset,3,11,27.339846368317154,0.2754678152623363
CASP,746,SRS,3,11,26.97091884045758,0.27681034984469166
CASP,746,PCA-QS,3,11,27.70365787109389,0.2571629182404659
CASP,746,Leverage,3,11,27.862575588472517,0.25290174904877594
CASP,746,Coreset,3,11,26.956760927909542,0.2771899756143257
CASP,747,SRS,3,11,26.479928570328074,0.2856804982229464
CASP,747,PCA-QS,3,11,26.43431466589,0.28691097365288476
CASP,747,Leverage,3,11,27.818259204989698,0.24957784524088
CASP,747,Coreset,3,11,26.563276280003837,0.28343212001105933
CASP,748,SRS,3,11,27.09982866319197,0.2786286222543053
CASP,748,PCA-QS,3,11,27.072076468360446,0.27936735899208676
CASP,748,Leverage,3,11,28.511760333819712,0.24104435900370702
CASP,748,Coreset,3,11,27.263320412156723,0.2742766291230371
CASP,749,SRS,3,11,27.349752687114623,0.2740137494176549
CASP,749,PCA-QS,3,11,28.202701385856603,0.25137262959390894
CASP,749,Leverage,3,11,28.270199535990013,0.24958092312046487
CASP,749,Coreset,3,11,27.304520827801646,0.27521440773165007
CASP,750,SRS,3,11,27.157867422277192,0.27323832874369747
CASP,750,PCA-QS,3,11,27.2192723274422,0.2715950947295108
CASP,750,Leverage,3,11,27.940349123781296,0.2522986245957157
CASP,750,Coreset,3,11,26.97867967709573,0.27803350588819986
CASP,751,SRS,3,11,27.266063143726544,0.2696638979665904
CASP,751,PCA-QS,3,11,27.186822088471768,0.27178641206445364
CASP,751,Leverage,3,11,28.025244043874103,0.24932883102167458
CASP,751,Coreset,3,11,27.403182921613563,0.2659910712894934
CASP,752,SRS,3,11,28.708526035520162,0.23755340013966209
CASP,752,PCA-QS,3,11,27.482605951701046,0.2701116233814932
CASP,752,Leverage,3,11,28.1652454200668,0.25198195204476304
CASP,752,Coreset,3,11,27.402337264594177,0.27224341473449276
CASP,753,SRS,3,11,26.806511307878775,0.2906271132711217
CASP,753,PCA-QS,3,11,26.876333642795238,0.28877942519604993
CASP,753,Leverage,3,11,27.962687616423736,0.26003155698480174
CASP,753,Coreset,3,11,26.922962953925147,0.2875454873418287
CASP,754,SRS,3,11,27.48072163606926,0.2743293536243665
CASP,754,PCA-QS,3,11,27.537467931681395,0.2728308805652663
CASP,754,Leverage,3,11,28.352331119187856,0.2513131670271548
CASP,754,Coreset,3,11,27.5378589119743,0.27282055613035394
CASP,755,SRS,3,11,28.359406004960956,0.23709039228217177
CASP,755,PCA-QS,3,11,26.667056372532716,0.28261707905309297
CASP,755,Leverage,3,11,27.71059913454116,0.25454424850574753
CASP,755,Coreset,3,11,26.514068324834078,0.2867326818775974
CASP,756,SRS,3,11,28.173712073259576,0.24473637167729312
CASP,756,PCA-QS,3,11,29.28567563721263,0.21492753308016221
CASP,756,Leverage,3,11,27.883629057413,0.25251273960827025
CASP,756,Coreset,3,11,27.190833544580983,0.2710847776608569
CASP,757,SRS,3,11,27.42750031735983,0.2675337157353028
CASP,757,PCA-QS,3,11,27.38058476637473,0.26878662099121986
CASP,757,Leverage,3,11,28.397173392562195,0.24163806990076597
CASP,757,Coreset,3,11,27.09468098601322,0.2764218366410428
CASP,758,SRS,3,11,28.43699641530173,0.24755451643229043
CASP,758,PCA-QS,3,11,27.269253269776236,0.27845310512237476
CASP,758,Leverage,3,11,27.938390636234374,0.26074767020496226
CASP,758,Coreset,3,11,27.21909848555773,0.2797802052251205
CASP,759,SRS,3,11,27.145967361847116,0.2722401504682864
CASP,759,PCA-QS,3,11,26.945548337954005,0.2776132107364109
CASP,759,Leverage,3,11,28.287737350846378,0.24163028697298938
CASP,759,Coreset,3,11,27.038448773043854,0.2751226306159381
CASP,760,SRS,3,11,26.766207136415776,0.2815998604096108
CASP,760,PCA-QS,3,11,26.914742146313685,0.2776132077135126
CASP,760,Leverage,3,11,27.987417350144487,0.24882280000876267
CASP,760,Coreset,3,11,26.774623075028135,0.2813739781453405
CASP,761,SRS,3,11,26.738256921844837,0.27442658131593667
CASP,761,PCA-QS,3,11,26.72161134717142,0.2748782781695144
CASP,761,Leverage,3,11,27.464660532433392,0.2547147821279879
CASP,761,Coreset,3,11,26.79900780598391,0.2727780360565465
CASP,762,SRS,3,11,27.40042587513407,0.268408963793208
CASP,762,PCA-QS,3,11,27.333176546831996,0.2702045200375134
CASP,762,Leverage,3,11,27.71203299866279,0.2600890574008524
CASP,762,Coreset,3,11,27.310361999592544,0.27081366817015773
CASP,763,SRS,3,11,27.060874999713818,0.27941316659591986
CASP,763,PCA-QS,3,11,26.93454724047009,0.28277706816988735
CASP,763,Leverage,3,11,28.066074635813536,0.2526463446537732
CASP,763,Coreset,3,11,26.97430893464646,0.2817182792985875
CASP,764,SRS,3,11,27.593303382772074,0.2616993396985412
CASP,764,PCA-QS,3,11,27.68653906867442,0.25920467758757626
CASP,764,Leverage,3,11,28.007853783616106,0.25060741531291386
CASP,764,Coreset,3,11,27.269162250379313,0.2703722270566331
CASP,765,SRS,3,11,27.057774636779012,0.274820356576867
CASP,765,PCA-QS,3,11,26.983146180828268,0.27682048547889493
CASP,765,Leverage,3,11,28.05937084619348,0.24797642015757804
CASP,765,Coreset,3,11,27.16357872580081,0.2719846846644679
CASP,766,SRS,3,11,27.248839530422618,0.2705422204311123
CASP,766,PCA-QS,3,11,26.836971616224975,0.28156802040438633
CASP,766,Leverage,3,11,27.87647983723091,0.2537401432615085
CASP,766,Coreset,3,11,26.911741096244302,0.2795664240129685
CASP,767,SRS,3,11,27.054132678666484,0.2706674163760585
CASP,767,PCA-QS,3,11,27.1322536574356,0.26856141002362266
CASP,767,Leverage,3,11,28.259164562603168,0.23818184281509935
CASP,767,Coreset,3,11,27.11855525280073,0.2689306952992787
CASP,768,SRS,3,11,27.73343496664855,0.2586477525115157
CASP,768,PCA-QS,3,11,27.516488669188092,0.26444702062958436
CASP,768,Leverage,3,11,28.119114605515673,0.24833801383585097
CASP,768,Coreset,3,11,27.312882511273326,0.2698896887647839
CASP,769,SRS,3,11,27.455570324833943,0.2680108558212111
CASP,769,PCA-QS,3,11,27.24835082635264,0.2735355060672592
CASP,769,Leverage,3,11,28.04068081778394,0.2524113062974812
CASP,769,Coreset,3,11,27.279775535663838,0.27269769626026485
CASP,770,SRS,3,11,27.129881990451818,0.268126318241961
CASP,770,PCA-QS,3,11,26.903322052950422,0.27423814930913537
CASP,770,Leverage,3,11,27.836389428049806,0.24906710524109876
CASP,770,Coreset,3,11,27.029860962296347,0.27082455180431597
CASP,771,SRS,3,11,27.181935090773433,0.27454817203306126
CASP,771,PCA-QS,3,11,27.10425231319117,0.2766214281426945
CASP,771,Leverage,3,11,28.044883016337607,0.25151717192397394
CASP,771,Coreset,3,11,27.413895928353003,0.2683574275891176
CASP,772,SRS,3,11,27.210508763535987,0.27538197737450054
CASP,772,PCA-QS,3,11,27.10146555093241,0.278285806839219
CASP,772,Leverage,3,11,28.292371304219476,0.2465718914699988
CASP,772,Coreset,3,11,27.113996386088665,0.277952109697733
CASP,773,SRS,3,11,27.94230370991059,0.25415938742546307
CASP,773,PCA-QS,3,11,27.324497487096995,0.2706499737586229
CASP,773,Leverage,3,11,28.181168796073127,0.2477835608638561
CASP,773,Coreset,3,11,27.203170922027038,0.27388844258899514
CASP,774,SRS,3,11,27.36214233863682,0.27155598069455356
CASP,774,PCA-QS,3,11,27.395444459867306,0.2706694005890813
CASP,774,Leverage,3,11,27.91152790284162,0.2569300561750164
CASP,774,Coreset,3,11,27.41451187650806,0.27016178150561687
CASP,775,SRS,3,11,26.835145028393264,0.2826526998750172
CASP,775,PCA-QS,3,11,26.945203750114995,0.2797106503053667
CASP,775,Leverage,3,11,27.936680527925336,0.2532068550418667
CASP,775,Coreset,3,11,26.747699311178476,0.28499026686357454
CASP,776,SRS,3,11,27.482490539239258,0.26664349373937923
CASP,776,PCA-QS,3,11,27.29800132147667,0.27156649618662654
CASP,776,Leverage,3,11,27.956963926154067,0.2539824088626401
CASP,776,Coreset,3,11,27.023076396666838,0.2789027302173318
CASP,777,SRS,3,11,26.869023577684636,0.2801614013865975
CASP,777,PCA-QS,3,11,27.05044305379529,0.2753010557522615
CASP,777,Leverage,3,11,27.904948725653913,0.2524082936256624
CASP,777,Coreset,3,11,26.946114065818435,0.2780960971233364
CASP,778,SRS,3,11,26.948858061868467,0.277743257576311
CASP,778,PCA-QS,3,11,27.042594002447057,0.27523103925021775
CASP,778,Leverage,3,11,27.857861337701024,0.2533810473725231
CASP,778,Coreset,3,11,26.94835338442406,0.27775678344394283
CASP,779,SRS,3,11,27.297504814615973,0.278591108469612
CASP,779,PCA-QS,3,11,28.488204356015675,0.2471237182396091
CASP,779,Leverage,3,11,28.03974680062737,0.2589753973629656
CASP,779,Coreset,3,11,27.122101991258404,0.28322659281988605
CASP,780,SRS,3,11,30.142416782238232,0.19177476850599828
CASP,780,PCA-QS,3,11,27.1594950691683,0.27175749217051426
CASP,780,Leverage,3,11,28.143134394451554,0.24538262889637474
CASP,780,Coreset,3,11,27.1996708156965,0.2706802377395645
CASP,781,SRS,3,11,27.426378743961457,0.2699208726853136
CASP,781,PCA-QS,3,11,27.323305315826204,0.2726646457209313
CASP,781,Leverage,3,11,28.094760875364063,0.25212881024197764
CASP,781,Coreset,3,11,27.170786853141834,0.27672462561020117
CASP,782,SRS,3,11,26.89278151817809,0.2724281115424143
CASP,782,PCA-QS,3,11,26.869414285771388,0.2730603013141819
CASP,782,Leverage,3,11,27.861764839018132,0.2462127115418251
CASP,782,Coreset,3,11,26.704446899810193,0.27752341839474737
CASP,783,SRS,3,11,26.84216906717368,0.2820104798855603
CASP,783,PCA-QS,3,11,26.81020906666095,0.2828653640558211
CASP,783,Leverage,3,11,27.923144601975523,0.2530959348819307
CASP,783,Coreset,3,11,26.901321244584167,0.28042824398776833
CASP,784,SRS,3,11,26.92932627339036,0.27898228550009385
CASP,784,PCA-QS,3,11,26.858700644200358,0.28087324739148034
CASP,784,Leverage,3,11,27.65506629535647,0.2595510005638578
CASP,784,Coreset,3,11,26.75642581855976,0.2836115988929483
CASP,785,SRS,3,11,27.16684453657694,0.2836123294109284
CASP,785,PCA-QS,3,11,27.196763507441396,0.28282336837369215
CASP,785,Leverage,3,11,28.29927582699637,0.2537502004782328
CASP,785,Coreset,3,11,27.193418830932057,0.28291156724456856
CASP,786,SRS,3,11,27.07237043845203,0.2768999939511597
CASP,786,PCA-QS,3,11,26.95686544041465,0.2799851196134797
CASP,786,Leverage,3,11,27.540879270209633,0.264386175117007
CASP,786,Coreset,3,11,26.960268481524192,0.2798942247635998
CASP,787,SRS,3,11,27.381455019125625,0.2729229207758189
CASP,787,PCA-QS,3,11,27.276397673379797,0.2757125748698972
CASP,787,Leverage,3,11,28.36209935245135,0.24688325206083694
CASP,787,Coreset,3,11,27.13659841499352,0.2794247529259648
CASP,788,SRS,3,11,27.409540818327113,0.26466277274349426
CASP,788,PCA-QS,3,11,27.184345382452083,0.2707042671451969
CASP,788,Leverage,3,11,28.09390106763306,0.246302904130419
CASP,788,Coreset,3,11,27.14641858294318,0.2717217591117512
CASP,789,SRS,3,11,27.591112710318775,0.25287506854133357
CASP,789,PCA-QS,3,11,27.265261104824162,0.2616986292645592
CASP,789,Leverage,3,11,27.479336782551595,0.2559017888932298
CASP,789,Coreset,3,11,26.885904807822303,0.2719710148102834
CASP,790,SRS,3,11,27.05129135143777,0.2739108196558676
CASP,790,PCA-QS,3,11,27.17279221633513,0.27064959037633685
CASP,790,Leverage,3,11,27.76252693499556,0.2548204015612945
CASP,790,Coreset,3,11,27.03277475354937,0.2744078274034417
CASP,791,SRS,3,11,27.40134512300698,0.2708936135372705
CASP,791,PCA-QS,3,11,27.33688167763594,0.2726088837001923
CASP,791,Leverage,3,11,28.140518880709806,0.25122537079125007
CASP,791,Coreset,3,11,27.28174020396653,0.2740761109633376
CASP,792,SRS,3,11,28.19197365523785,0.24386998997151843
CASP,792,PCA-QS,3,11,26.83994342838977,0.28013246103819067
CASP,792,Leverage,3,11,27.38115774497384,0.2656166846108017
CASP,792,Coreset,3,11,26.924212687083745,0.2778722959216725
CASP,793,SRS,3,11,27.183818771869806,0.2716438205935835
CASP,793,PCA-QS,3,11,27.217867909561935,0.2707315168422362
CASP,793,Leverage,3,11,27.71605618829688,0.2573831895020049
CASP,793,Coreset,3,11,27.26686273950972,0.269418762094608
CASP,794,SRS,3,11,27.9330378162084,0.2530767856103515
CASP,794,PCA-QS,3,11,27.218335020870306,0.27218777929244364
CASP,794,Leverage,3,11,27.814953414628143,0.25623433622757885
CASP,794,Coreset,3,11,27.07361901114179,0.27605745318438757
CASP,795,SRS,3,11,28.091039688268335,0.24924173649100312
CASP,795,PCA-QS,3,11,27.493758288688333,0.2652046182978369
CASP,795,Leverage,3,11,27.783990814385973,0.2574478933982032
CASP,795,Coreset,3,11,27.1236988089274,0.2750947902353459
CASP,796,SRS,3,11,26.750511281671795,0.28199150469992396
CASP,796,PCA-QS,3,11,26.58305697664097,0.2864861333191937
CASP,796,Leverage,3,11,27.646102567840373,0.2579530052105201
CASP,796,Coreset,3,11,26.712720314684837,0.2830058492504459
CASP,797,SRS,3,11,28.679194026314875,0.2424297538271979
CASP,797,PCA-QS,3,11,27.397981832301053,0.2762733910064037
CASP,797,Leverage,3,11,28.459875261284132,0.24822313040054933
CASP,797,Coreset,3,11,27.429954110109946,0.2754288328801131
CASP,798,SRS,3,11,27.47478096636167,0.2660506313001153
CASP,798,PCA-QS,3,11,27.033530164713245,0.2778380136164543
CASP,798,Leverage,3,11,28.0470277125918,0.25076388020097495
CASP,798,Coreset,3,11,27.23593360697307,0.2724310959470774
CASP,799,SRS,3,11,26.959423336873353,0.28023250962703294
CASP,799,PCA-QS,3,11,27.076208427826867,0.27711456044918015
CASP,799,Leverage,3,11,28.239643902823417,0.24605295272911432
CASP,799,Coreset,3,11,27.077977982192987,0.2770673165712505
CASP,800,SRS,3,11,28.464317607196552,0.23765482606863952
CASP,800,PCA-QS,3,11,27.09552622770905,0.2743144613590821
CASP,800,Leverage,3,11,27.568795067453664,0.2616391455152137
CASP,800,Coreset,3,11,27.40067020966789,0.26614194708311345
CASP,801,SRS,3,11,26.410526148985767,0.28504496509561406
CASP,801,PCA-QS,3,11,26.59185498829677,0.28013624173632
CASP,801,Leverage,3,11,27.22527224424529,0.2629891067727439
CASP,801,Coreset,3,11,26.456810796923335,0.283792000959456
CASP,802,SRS,3,11,28.08051924854294,0.25118818781928764
CASP,802,PCA-QS,3,11,27.479316281598614,0.26722022338035956
CASP,802,Leverage,3,11,28.489914524066723,0.2402710101328711
CASP,802,Coreset,3,11,27.47003182373232,0.2674678082507973
CASP,803,SRS,3,11,26.7347980985886,0.28363937578340637
CASP,803,PCA-QS,3,11,26.76890351943234,0.28272551885152697
CASP,803,Leverage,3,11,27.89777136331983,0.25247743280564894
CASP,803,Coreset,3,11,26.80113628580776,0.28186183981584556
CASP,804,SRS,3,11,27.404638034315674,0.27138779654128586
CASP,804,PCA-QS,3,11,27.35191274042399,0.2727896137268412
CASP,804,Leverage,3,11,28.094681790735756,0.25304147497270324
CASP,804,Coreset,3,11,27.11247566626693,0.2791555717071228
CASP,805,SRS,3,11,26.96012167338901,0.2740227074908844
CASP,805,PCA-QS,3,11,27.101560946607677,0.27021405625890227
CASP,805,Leverage,3,11,27.73555482137434,0.2531419835788754
CASP,805,Coreset,3,11,26.941171453552762,0.27453299559180033
CASP,806,SRS,3,11,27.635609465181556,0.26272764967307216
CASP,806,PCA-QS,3,11,27.103716710247554,0.276917668606656
CASP,806,Leverage,3,11,27.93625954420273,0.254706802849875
CASP,806,Coreset,3,11,27.04902649735137,0.2783767130273209
CASP,807,SRS,3,11,27.127416071282195,0.2734940184891165
CASP,807,PCA-QS,3,11,27.341415466131345,0.2677628482225092
CASP,807,Leverage,3,11,27.925588829768422,0.2521179581302695
CASP,807,Coreset,3,11,27.17037613563167,0.2723434944718649
CASP,808,SRS,3,11,26.74331150645843,0.2852575437331364
CASP,808,PCA-QS,3,11,26.830327746470147,0.2829319453828325
CASP,808,Leverage,3,11,27.87887558410879,0.25490842792104906
CASP,808,Coreset,3,11,26.622506953433128,0.28848616943779803
CASP,809,SRS,3,11,26.956700135676318,0.2754233553851152
CASP,809,PCA-QS,3,11,27.119047601388303,0.2710595726752414
CASP,809,Leverage,3,11,27.80049029478377,0.25274288488360974
CASP,809,Coreset,3,11,26.99532647159132,0.27438510735289345
CASP,810,SRS,3,11,27.197817958189752,0.27736220892995056
CASP,810,PCA-QS,3,11,27.20702031827392,0.2771177050078317
CASP,810,Leverage,3,11,27.97082548858424,0.25682363281684073
CASP,810,Coreset,3,11,27.294076453212565,0.2748046498521619
CASP,811,SRS,3,11,26.68740362723793,0.2824735978655625
CASP,811,PCA-QS,3,11,26.539773983791026,0.28644281751654177
CASP,811,Leverage,3,11,27.717467993803798,0.2547789450161355
CASP,811,Coreset,3,11,26.618196560103396,0.28433432207001974
CASP,812,SRS,3,11,27.079912558198153,0.271936370982808
CASP,812,PCA-QS,3,11,27.13541314189209,0.27044419643128614
CASP,812,Leverage,3,11,27.78146210201702,0.253074688704093
CASP,812,Coreset,3,11,26.763414613821077,0.28044565407094324
CASP,813,SRS,3,11,27.2013562897398,0.27849036204552524
CASP,813,PCA-QS,3,11,26.881757294741206,0.28696765092464727
CASP,813,Leverage,3,11,28.23143002797457,0.25116789613523094
CASP,813,Coreset,3,11,26.99081146903801,0.2840750143599039
CASP,814,SRS,3,11,28.78529193446421,0.23361769745935268
CASP,814,PCA-QS,3,11,27.14317980462003,0.27733744426494766
CASP,814,Leverage,3,11,28.0739156561715,0.2525574459730031
CASP,814,Coreset,3,11,27.073536459763325,0.27919163518680556
CASP,815,SRS,3,11,27.305871358705115,0.2683128828050322
CASP,815,PCA-QS,3,11,27.239811954853742,0.2700830081430108
CASP,815,Leverage,3,11,28.109059562591337,0.24679068145330119
CASP,815,Coreset,3,11,27.16726886315706,0.27202687014025984
CASP,816,SRS,3,11,26.870144045902997,0.2834168426127619
CASP,816,PCA-QS,3,11,26.862751576205344,0.2836139877887529
CASP,816,Leverage,3,11,27.672841263274222,0.26201020982853884
CASP,816,Coreset,3,11,27.107823932910556,0.27707830555139146
CASP,817,SRS,3,11,27.150809949689464,0.2744767407159282
CASP,817,PCA-QS,3,11,26.874267959998235,0.28186648879568943
CASP,817,Leverage,3,11,27.64883330103096,0.2611685732714062
CASP,817,Coreset,3,11,26.899233156265815,0.281199369450142
CASP,818,SRS,3,11,27.074193262821463,0.2802790024755296
CASP,818,PCA-QS,3,11,27.051235261890053,0.28088930155890857
CASP,818,Leverage,3,11,28.008440161239346,0.25544365084986176
CASP,818,Coreset,3,11,27.388251661851506,0.27193029852573436
CASP,819,SRS,3,11,27.428037196304803,0.26333754232653406
CASP,819,PCA-QS,3,11,27.2943719112135,0.266927525697063
CASP,819,Leverage,3,11,28.12670468921569,0.2445727248246229
CASP,819,Coreset,3,11,27.340682909982238,0.2656837044959277
CASP,820,SRS,3,11,28.19840507870353,0.24612989015460163
CASP,820,PCA-QS,3,11,27.505996823646004,0.2646410749482516
CASP,820,Leverage,3,11,28.11992083726924,0.24822812668769856
CASP,820,Coreset,3,11,27.44061291285752,0.2663890807617245
CASP,821,SRS,3,11,27.2778745778329,0.2665797280724709
CASP,821,PCA-QS,3,11,27.184290129490062,0.26909593333457626
CASP,821,Leverage,3,11,28.098625486212228,0.24451219664912793
CASP,821,Coreset,3,11,27.126356791038944,0.27065358712901877
CASP,822,SRS,3,11,27.322567658492776,0.27556382982951144
CASP,822,PCA-QS,3,11,27.40678768472482,0.2733308027576128
CASP,822,Leverage,3,11,28.472566713845612,0.24507251869900248
CASP,822,Coreset,3,11,27.78677783934344,0.2632556657589552
CASP,823,SRS,3,11,27.108586683372877,0.28196694749439655
CASP,823,PCA-QS,3,11,27.266401117768325,0.2777868704810894
CASP,823,Leverage,3,11,28.078100155593965,0.2562871610106844
CASP,823,Coreset,3,11,27.219138395998396,0.27903873199561824
CASP,824,SRS,3,11,27.960123170197996,0.2500150728701275
CASP,824,PCA-QS,3,11,26.878374722541473,0.2790312193924457
CASP,824,Leverage,3,11,27.600442598630735,0.25966292047132933
CASP,824,Coreset,3,11,26.79666617415168,0.28122291859695137
CASP,825,SRS,3,11,27.02557346242748,0.28072941251826056
CASP,825,PCA-QS,3,11,26.988107394899995,0.2817265510410968
CASP,825,Leverage,3,11,28.268075556068474,0.24766091123065925
CASP,825,Coreset,3,11,26.909845831441086,0.28380943896962074
CASP,826,SRS,3,11,27.27268670444904,0.278662103182847
CASP,826,PCA-QS,3,11,27.253794937098096,0.2791617733428047
CASP,826,Leverage,3,11,27.996801997611403,0.2595099085977177
CASP,826,Coreset,3,11,27.245219005673828,0.27938859897255897
CASP,827,SRS,3,11,27.315873509251283,0.27476043917760595
CASP,827,PCA-QS,3,11,27.126942773699252,0.2797765717801822
CASP,827,Leverage,3,11,28.543659201505495,0.24216258884955788
CASP,827,Coreset,3,11,27.146472917689376,0.2792580442271315
CASP,828,SRS,3,11,29.120710379989735,0.23064108076831236
CASP,828,PCA-QS,3,11,27.72075736736936,0.267627346649548
CASP,828,Leverage,3,11,28.409373808399202,0.24943434263547215
CASP,828,Coreset,3,11,27.333162671617654,0.27786746209770596
CASP,829,SRS,3,11,27.993384837437798,0.26066634727130356
CASP,829,PCA-QS,3,11,28.298179406434077,0.2526164139268188
CASP,829,Leverage,3,11,28.916389293595305,0.23628886451890863
CASP,829,Coreset,3,11,27.882724507770828,0.2635889986841269
CASP,830,SRS,3,11,26.82172260851522,0.27953276870701105
CASP,830,PCA-QS,3,11,26.81616039132997,0.27968217727684086
CASP,830,Leverage,3,11,27.912533582636446,0.25023213153840407
CASP,830,Coreset,3,11,26.769278892843122,0.28094147683439274
CASP,831,SRS,3,11,27.197669714184265,0.2753631549403174
CASP,831,PCA-QS,3,11,27.06045209676919,0.27901909099716315
CASP,831,Leverage,3,11,27.825092969902336,0.2586465018844307
CASP,831,Coreset,3,11,27.065251212606174,0.27889122650745735
CASP,832,SRS,3,11,27.262047257898995,0.266878501571423
CASP,832,PCA-QS,3,11,27.05396624620811,0.27247414380776147
CASP,832,Leverage,3,11,28.275332418974184,0.23962958924303412
CASP,832,Coreset,3,11,27.027020281823432,0.2731987653154354
CASP,833,SRS,3,11,27.84047339559052,0.25814743967370546
CASP,833,PCA-QS,3,11,27.1906766333794,0.2754622814469925
CASP,833,Leverage,3,11,27.95955762326382,0.2549742558726029
CASP,833,Coreset,3,11,27.255627642488736,0.2737315611492849
CASP,834,SRS,3,11,27.21240112925653,0.2740537340400483
CASP,834,PCA-QS,3,11,27.294160082471347,0.2718726473173747
CASP,834,Leverage,3,11,28.128052657864192,0.24962686318231253
CASP,834,Coreset,3,11,27.14158469002541,0.27594290689856316
CASP,835,SRS,3,11,26.750511030589117,0.28613376987289973
CASP,835,PCA-QS,3,11,26.81413867862753,0.2844357974795837
CASP,835,Leverage,3,11,28.05339033863716,0.2513650307305588
CASP,835,Coreset,3,11,26.652453247090484,0.28875054755466967
CASP,836,SRS,3,11,27.072162352379507,0.2748888219711705
CASP,836,PCA-QS,3,11,27.02308809352319,0.276203245739284
CASP,836,Leverage,3,11,27.747928819884823,0.2567888337638342
CASP,836,Coreset,3,11,27.015833278051492,0.2763975614989411
CASP,837,SRS,3,11,28.01388660032657,0.2503807339157804
CASP,837,PCA-QS,3,11,27.216730634440786,0.2717117073229117
CASP,837,Leverage,3,11,28.00920020643277,0.25050613640638697
CASP,837,Coreset,3,11,27.21467969380433,0.27176658812672927
CASP,838,SRS,3,11,27.733534965938283,0.26229927083555493
CASP,838,PCA-QS,3,11,27.216665272392206,0.27604779406853786
CASP,838,Leverage,3,11,28.086253408372766,0.2529171039933822
CASP,838,Coreset,3,11,27.137370887791764,0.2781569923878373
CASP,839,SRS,3,11,27.333736147254893,0.2724379633952875
CASP,839,PCA-QS,3,11,27.137749123713483,0.27765469327179226
CASP,839,Leverage,3,11,27.90013010073611,0.25736184148881414
CASP,839,Coreset,3,11,27.506056888787803,0.2678511762475849
CASP,840,SRS,3,11,27.448990681164613,0.27175264927188525
CASP,840,PCA-QS,3,11,27.33957909573646,0.2746554407862446
CASP,840,Leverage,3,11,27.934441937514254,0.25887317419570877
CASP,840,Coreset,3,11,27.231767589758476,0.27751578069886484
CASP,841,SRS,3,11,27.671997849234398,0.2715165898363303
CASP,841,PCA-QS,3,11,27.83771492313094,0.26715397967091226
CASP,841,Leverage,3,11,28.38436261837357,0.2527631221926012
CASP,841,Coreset,3,11,27.605044023413818,0.27327919301456927
CASP,842,SRS,3,11,27.67530821906855,0.2583376492816416
CASP,842,PCA-QS,3,11,27.373701389901985,0.26642032095928747
CASP,842,Leverage,3,11,27.99927907061534,0.24965565082220376
CASP,842,Coreset,3,11,27.13998911044041,0.27268350680007925
CASP,843,SRS,3,11,26.77675824101999,0.2877838314150716
CASP,843,PCA-QS,3,11,26.72175752967391,0.2892467566710626
CASP,843,Leverage,3,11,27.884242922125996,0.25832662493607805
CASP,843,Coreset,3,11,26.87356404079084,0.28520896200074597
CASP,844,SRS,3,11,27.39381652025637,0.2667588139850875
CASP,844,PCA-QS,3,11,27.046222296615547,0.27606275309141337
CASP,844,Leverage,3,11,27.934886624129195,0.25227617026921245
CASP,844,Coreset,3,11,27.09875839619658,0.27465653676748825
CASP,845,SRS,3,11,27.15469322035202,0.2757287566851625
CASP,845,PCA-QS,3,11,27.025662223176486,0.27917027745625467
CASP,845,Leverage,3,11,27.838539495029593,0.2574891769713422
CASP,845,Coreset,3,11,27.177847191596953,0.27511119288485875
CASP,846,SRS,3,11,27.20944781525147,0.2743683062902499
CASP,846,PCA-QS,3,11,27.162027424383652,0.27563293094472396
CASP,846,Leverage,3,11,27.943458987511242,0.25479342282531636
CASP,846,Coreset,3,11,27.157433069764025,0.2757554549057679
CASP,847,SRS,3,11,27.19431686353932,0.27855427398614774
CASP,847,PCA-QS,3,11,27.038186587588957,0.2826962982499297
CASP,847,Leverage,3,11,28.67132189463485,0.23937038963516777
CASP,847,Coreset,3,11,26.900381816428137,0.2863521600124138
CASP,848,SRS,3,11,27.220601754451323,0.27166140369146996
CASP,848,PCA-QS,3,11,27.152416658758266,0.2734858246698977
CASP,848,Leverage,3,11,28.0679978886465,0.2489877201166365
CASP,848,Coreset,3,11,26.979692834720282,0.2781073767091833
CASP,849,SRS,3,11,26.74956795153749,0.29394062251945574
CASP,849,PCA-QS,3,11,27.12715641678546,0.28397411101542624
CASP,849,Leverage,3,11,27.98621354075079,0.26129915270334914
CASP,849,Coreset,3,11,26.647311615540044,0.29663969583041916
CASP,850,SRS,3,11,26.748722511537114,0.2871691452246411
CASP,850,PCA-QS,3,11,26.99276645431013,0.2806655803439406
CASP,850,Leverage,3,11,27.943764724768155,0.2553222799404131
CASP,850,Coreset,3,11,26.782705394092698,0.28626353011687744
CASP,851,SRS,3,11,26.816506728385942,0.279392606318857
CASP,851,PCA-QS,3,11,26.931756714697116,0.27629563350660125
CASP,851,Leverage,3,11,27.830850987156783,0.25213536584336416
CASP,851,Coreset,3,11,26.922007749597782,0.2765576055972421
CASP,852,SRS,3,11,27.36046458299949,0.27654145239226047
CASP,852,PCA-QS,3,11,27.230617064115684,0.27997484794507277
CASP,852,Leverage,3,11,28.270510954372924,0.25247823431011573
CASP,852,Coreset,3,11,27.35128221773017,0.2767842501934893
CASP,853,SRS,3,11,27.5111138971411,0.2695062198971845
CASP,853,PCA-QS,3,11,27.393448207976565,0.27263055918739176
CASP,853,Leverage,3,11,27.983454677627964,0.2569643067080416
CASP,853,Coreset,3,11,27.311469138158426,0.2748073231244923
CASP,854,SRS,3,11,27.25518435335977,0.2733104281415367
CASP,854,PCA-QS,3,11,26.959057327908678,0.28120589560749976
CASP,854,Leverage,3,11,27.784830658251558,0.2591887681465719
CASP,854,Coreset,3,11,27.170415732503905,0.2755705659559847
CASP,855,SRS,3,11,26.900449454417345,0.27823180678769366
CASP,855,PCA-QS,3,11,27.046144081137722,0.27432266215920353
CASP,855,Leverage,3,11,27.64517050071803,0.2582501345503415
CASP,855,Coreset,3,11,26.90113558952912,0.27821339703953074
CASP,856,SRS,3,11,27.053406954616,0.28073206889052693
CASP,856,PCA-QS,3,11,28.080200073697657,0.25343275817235167
CASP,856,Leverage,3,11,28.595442683564553,0.23973402194145443
CASP,856,Coreset,3,11,27.122939933966105,0.278883398137711
CASP,857,SRS,3,11,27.236245248259696,0.2673286536852997
CASP,857,PCA-QS,3,11,26.729673511014497,0.280955737497674
CASP,857,Leverage,3,11,27.861856130842412,0.2504993454075628
CASP,857,Coreset,3,11,26.837147811251864,0.27806461430755025
CASP,858,SRS,3,11,26.85160697769117,0.2816560790376128
CASP,858,PCA-QS,3,11,26.80630310706152,0.2828680646029428
CASP,858,Leverage,3,11,27.85607502997236,0.25478418568104
CASP,858,Coreset,3,11,26.76390117677085,0.2840024164086533
CASP,859,SRS,3,11,27.012659746250947,0.27922337881454407
CASP,859,PCA-QS,3,11,26.990824822950284,0.27980599831178476
CASP,859,Leverage,3,11,27.859529028904078,0.2566264340534421
CASP,859,Coreset,3,11,26.877321624140787,0.28283459501052355
CASP,860,SRS,3,11,26.959553806580356,0.2750259195301088
CASP,860,PCA-QS,3,11,26.91953353674281,0.2761021116115425
CASP,860,Leverage,3,11,27.68181746197654,0.255603401146297
CASP,860,Coreset,3,11,26.88062889775502,0.27714830306851335
CASP,861,SRS,3,11,26.968341201105368,0.28109148036084597
CASP,861,PCA-QS,3,11,26.987613461921637,0.28057773009381237
CASP,861,Leverage,3,11,27.932222915800608,0.2553968048355155
CASP,861,Coreset,3,11,27.032434141052974,0.2793829228995822
CASP,862,SRS,3,11,27.4363851226983,0.2669903962264808
CASP,862,PCA-QS,3,11,27.418702120678464,0.26746282764359786
CASP,862,Leverage,3,11,27.82025613778715,0.2567346304099546
CASP,862,Coreset,3,11,27.210459675161992,0.2730263780819745
CASP,863,SRS,3,11,26.535669399537767,0.292737294019353
CASP,863,PCA-QS,3,11,26.544170910960034,0.2925107008295259
CASP,863,Leverage,3,11,27.81813285129228,0.2585554327083669
CASP,863,Coreset,3,11,26.821099446457335,0.28512964620338965
CASP,864,SRS,3,11,28.35368534334415,0.2475513066436862
CASP,864,PCA-QS,3,11,27.501918327815375,0.27015545739578883
CASP,864,Leverage,3,11,27.814460063789006,0.2618612403300036
CASP,864,Coreset,3,11,27.19148319545787,0.2783937695194414
CASP,865,SRS,3,11,27.558152672420007,0.27669160715429275
CASP,865,PCA-QS,3,11,27.34772198581708,0.28221470166434337
CASP,865,Leverage,3,11,28.409743319885848,0.2543402300535553
CASP,865,Coreset,3,11,27.406249136175777,0.28067856172176464
CASP,866,SRS,3,11,27.008522154872853,0.27410774830792817
CASP,866,PCA-QS,3,11,26.890936829420806,0.27726802032018016
CASP,866,Leverage,3,11,27.84009973176703,0.25175792419363674
CASP,866,Coreset,3,11,26.847094075718285,0.2784463563662256
CASP,867,SRS,3,11,27.330644636108286,0.26892464107758396
CASP,867,PCA-QS,3,11,27.179735654606457,0.27296134929595894
CASP,867,Leverage,3,11,28.247265921486594,0.24440567183532402
CASP,867,Coreset,3,11,26.97237438159402,0.2785081162717329
CASP,868,SRS,3,11,26.983404935120024,0.27998642086435144
CASP,868,PCA-QS,3,11,27.277589031099954,0.27213653889502276
CASP,868,Leverage,3,11,28.04623758914017,0.25162625115695936
CASP,868,Coreset,3,11,27.048643761128545,0.27824561607244525
CASP,869,SRS,3,11,27.565871147293763,0.2626022484791092
CASP,869,PCA-QS,3,11,27.217550993195626,0.2719199477844906
CASP,869,Leverage,3,11,27.895444352096117,0.2537860373430917
CASP,869,Coreset,3,11,27.171194992477485,0.273159988794492
CASP,870,SRS,3,11,26.955120304016134,0.27903743649126467
CASP,870,PCA-QS,3,11,27.02346305462853,0.27720948825274727
CASP,870,Leverage,3,11,28.135933221945997,0.24745449793513052
CASP,870,Coreset,3,11,26.993965642988023,0.2779984489130357
CASP,871,SRS,3,11,27.10766760002163,0.277723215400034
CASP,871,PCA-QS,3,11,27.018116848584146,0.2801092719859841
CASP,871,Leverage,3,11,27.831857598647353,0.25842736039086234
CASP,871,Coreset,3,11,27.003117743640107,0.28050891925371324
CASP,872,SRS,3,11,27.029680824177138,0.261863357300429
CASP,872,PCA-QS,3,11,26.940460404072116,0.26429982193295476
CASP,872,Leverage,3,11,28.440247082761445,0.2233430858555141
CASP,872,Coreset,3,11,26.77960044889863,0.26869264580789864
CASP,873,SRS,3,11,27.740908454834106,0.2599290356326208
CASP,873,PCA-QS,3,11,26.98253405312006,0.2801609208191437
CASP,873,Leverage,3,11,27.88034195993545,0.2562092335665319
CASP,873,Coreset,3,11,27.17106695889793,0.27513124669649613
CASP,874,SRS,3,11,27.084396662262225,0.2693534873082376
CASP,874,PCA-QS,3,11,26.80413505244008,0.27691400897727836
CASP,874,Leverage,3,11,27.769114854211043,0.25088207864580714
CASP,874,Coreset,3,11,26.77920563704294,0.2775865212968438
CASP,875,SRS,3,11,28.67637682240117,0.23833815846796935
CASP,875,PCA-QS,3,11,27.167026569301004,0.27842741034288065
CASP,875,Leverage,3,11,27.975782546145076,0.2569463644461797
CASP,875,Coreset,3,11,27.236893115643586,0.2765717127881183
CASP,876,SRS,3,11,27.276532990200902,0.27647964339786146
CASP,876,PCA-QS,3,11,27.124864648216086,0.2805027035469476
CASP,876,Leverage,3,11,27.775519458382085,0.2632438385568361
CASP,876,Coreset,3,11,27.17576255645469,0.27915261727563423
CASP,877,SRS,3,11,26.963783393545512,0.28598634006939583
CASP,877,PCA-QS,3,11,26.968331258638777,0.2858659104637755
CASP,877,Leverage,3,11,27.859372288828638,0.2622707251061268
CASP,877,Coreset,3,11,27.239605321026826,0.2786824457658542
CASP,878,SRS,3,11,27.031657581787673,0.28059034557535123
CASP,878,PCA-QS,3,11,27.2714894884691,0.2742075557451805
CASP,878,Leverage,3,11,28.09276822182916,0.2523503741067544
CASP,878,Coreset,3,11,27.161285624665297,0.27714047701852373
CASP,879,SRS,3,11,26.64506365123266,0.28023182033307703
CASP,879,PCA-QS,3,11,26.5702471557466,0.28225285257641974
CASP,879,Leverage,3,11,27.514547512244814,0.2567442871793879
CASP,879,Coreset,3,11,26.80686228593928,0.2758611229949234
CASP,880,SRS,3,11,29.39529021432917,0.21960199590291984
CASP,880,PCA-QS,3,11,27.287786485752395,0.2755528537245834
CASP,880,Leverage,3,11,27.576647161674565,0.2678840641563175
CASP,880,Coreset,3,11,26.94391312994982,0.2846821420756702
CASP,881,SRS,3,11,27.319310349324855,0.2694421414101932
CASP,881,PCA-QS,3,11,27.184012199913216,0.27306020954739907
CASP,881,Leverage,3,11,27.900121708031183,0.253910405907521
CASP,881,Coreset,3,11,27.21573422844794,0.2722119166388256
CASP,882,SRS,3,11,26.74126647454132,0.28478869410212737
CASP,882,PCA-QS,3,11,26.816936531314326,0.28276485277907293
CASP,882,Leverage,3,11,28.22865282134582,0.24500764885935677
CASP,882,Coreset,3,11,26.981485450807394,0.27836389264852845
CASP,883,SRS,3,11,27.51997083902392,0.2652225549739581
CASP,883,PCA-QS,3,11,27.40824586502066,0.26820558832904096
CASP,883,Leverage,3,11,28.105540077664152,0.24958797921184306
CASP,883,Coreset,3,11,27.217052545401742,0.27331040983184673
CASP,884,SRS,3,11,27.70060516468212,0.25693828315716527
CASP,884,PCA-QS,3,11,26.935383640756537,0.27746515670208693
CASP,884,Leverage,3,11,27.569122246678496,0.26046527912734163
CASP,884,Coreset,3,11,26.96549799469467,0.2766573467858108
CASP,885,SRS,3,11,27.408684535734526,0.273844874499222
CASP,885,PCA-QS,3,11,27.37236625724339,0.2748070769734532
CASP,885,Leverage,3,11,28.548079865136515,0.24365817373515597
CASP,885,Coreset,3,11,27.430882667587056,0.27325676574849955
CASP,886,SRS,3,11,27.108170673193374,0.27271018397169056
CASP,886,PCA-QS,3,11,28.41603074189718,0.23762137918933834
CASP,886,Leverage,3,11,27.750358709906003,0.25548080967318165
CASP,886,Coreset,3,11,26.999690767214876,0.2756206101975328
CASP,887,SRS,3,11,26.956330480348875,0.2800223530387834
CASP,887,PCA-QS,3,11,27.079454170798254,0.27673383774922833
CASP,887,Leverage,3,11,28.376227398523145,0.24209827272600315
CASP,887,Coreset,3,11,26.73213085068558,0.2860105093990205
CASP,888,SRS,3,11,27.098748234861667,0.27722415726854455
CASP,888,PCA-QS,3,11,27.143863099413498,0.27602085688125155
CASP,888,Leverage,3,11,27.879137894033224,0.25640966101661034
CASP,888,Coreset,3,11,27.162787622499604,0.2755161033773884
CASP,889,SRS,3,11,27.046804530969602,0.2784454095611347
CASP,889,PCA-QS,3,11,29.33778659657917,0.21732659516807495
CASP,889,Leverage,3,11,28.542507350574862,0.2385430531040985
CASP,889,Coreset,3,11,27.2087781224074,0.27412427845309617
CASP,890,SRS,3,11,28.6852091983022,0.2364065897848081
CASP,890,PCA-QS,3,11,27.01581625436038,0.28084543080009905
CASP,890,Leverage,3,11,27.89868716309983,0.25734361830419983
CASP,890,Coreset,3,11,26.986295466843398,0.28163126710537045
CASP,891,SRS,3,11,26.718609082428223,0.2860413163122463
CASP,891,PCA-QS,3,11,26.63105861211855,0.2883807875903244
CASP,891,Leverage,3,11,27.844345109439978,0.255960071830333
CASP,891,Coreset,3,11,26.843282909202156,0.28270985691706496
CASP,892,SRS,3,11,27.594679898938374,0.25986394078225417
CASP,892,PCA-QS,3,11,27.057578451920076,0.2742699114205135
CASP,892,Leverage,3,11,28.030936817500038,0.2481627912239609
CASP,892,Coreset,3,11,26.91078799805205,0.27820708005064665
CASP,893,SRS,3,11,26.870091876949274,0.2822327231028826
CASP,893,PCA-QS,3,11,26.82677838872735,0.2833897345725991
CASP,893,Leverage,3,11,28.119625532858187,0.24885455775457466
CASP,893,Coreset,3,11,26.907972925119726,0.2812208256774541
CASP,894,SRS,3,11,26.81415903710836,0.29023706169783914
CASP,894,PCA-QS,3,11,26.803358324239646,0.29052295340493484
CASP,894,Leverage,3,11,27.855816003232473,0.2626647068104082
CASP,894,Coreset,3,11,26.98645427933022,0.28567645708571476
CASP,895,SRS,3,11,26.963880487808485,0.2750399476882158
CASP,895,PCA-QS,3,11,26.754353447784695,0.2806733628772893
CASP,895,Leverage,3,11,27.673898157163446,0.25595017138726406
CASP,895,Coreset,3,11,26.663216856895456,0.283123692225413
CASP,896,SRS,3,11,27.397314755958096,0.26477608437600797
CASP,896,PCA-QS,3,11,26.951951230108325,0.2767276905194592
CASP,896,Leverage,3,11,27.674424365558078,0.2573396763177026
CASP,896,Coreset,3,11,27.19692885849634,0.27015356408451197
CASP,897,SRS,3,11,27.25001130194119,0.273906580054746
CASP,897,PCA-QS,3,11,27.405842698008584,0.2697543560409028
CASP,897,Leverage,3,11,28.026184645954874,0.2532249608223497
CASP,897,Coreset,3,11,27.449662345944052,0.26858675439561486
CASP,898,SRS,3,11,27.231851152144024,0.27823295105663925
CASP,898,PCA-QS,3,11,27.23623947770732,0.2781166406092177
CASP,898,Leverage,3,11,28.100416299041182,0.25521205176527173
CASP,898,Coreset,3,11,27.1784495696632,0.27964833418211044
CASP,899,SRS,3,11,26.788443332484235,0.2774109646567975
CASP,899,PCA-QS,3,11,26.719016135167184,0.2792836875661977
CASP,899,Leverage,3,11,27.708755185569583,0.25258655638931693
CASP,899,Coreset,3,11,26.695757127943732,0.2799110739127665
CASP,900,SRS,3,11,27.47052497331544,0.27285075938260117
CASP,900,PCA-QS,3,11,27.660436657503787,0.267823766375512
CASP,900,Leverage,3,11,28.584954958305623,0.2433516173715169
CASP,900,Coreset,3,11,27.443631727460623,0.2735626279515514
CASP,901,SRS,3,11,27.294204671680607,0.2721546887253772
CASP,901,PCA-QS,3,11,27.238945863337833,0.2736282566509758
CASP,901,Leverage,3,11,28.029055837579662,0.2525586615826899
CASP,901,Coreset,3,11,27.22879943955443,0.2738988278973553
CASP,902,SRS,3,11,27.052905069925657,0.27593565019236466
CASP,902,PCA-QS,3,11,27.118631694202517,0.27417649326082383
CASP,902,Leverage,3,11,27.619651192138896,0.26076682963776476
CASP,902,Coreset,3,11,26.882174561569293,0.28050521025276665
CASP,903,SRS,3,11,27.051657098773376,0.2709936028060316
CASP,903,PCA-QS,3,11,26.925870026548257,0.274383398115117
CASP,903,Leverage,3,11,27.906580567547145,0.2479545455101443
CASP,903,Coreset,3,11,26.974419575473615,0.27307505195287496
CASP,904,SRS,3,11,27.10434778354015,0.28025297528232684
CASP,904,PCA-QS,3,11,27.130012150252703,0.2795714664804865
CASP,904,Leverage,3,11,28.026593234073317,0.2557630512162049
CASP,904,Coreset,3,11,27.149674941667325,0.27904932753320977
CASP,905,SRS,3,11,26.968455588291256,0.27482356735516333
CASP,905,PCA-QS,3,11,26.895843177573525,0.2767761007064943
CASP,905,Leverage,3,11,27.901079542879238,0.24974549381947064
CASP,905,Coreset,3,11,27.05218478096165,0.2725721059375762
CASP,906,SRS,3,11,27.227027098677848,0.27619315979655923
CASP,906,PCA-QS,3,11,27.553852794457672,0.26750478286497814
CASP,906,Leverage,3,11,28.17304767447501,0.2510440253995675
CASP,906,Coreset,3,11,27.294181605826672,0.27440791561809474
CASP,907,SRS,3,11,26.907076091688854,0.2791450445968163
CASP,907,PCA-QS,3,11,27.112827036333847,0.2736328667770923
CASP,907,Leverage,3,11,27.91822411635243,0.25205584836675754
CASP,907,Coreset,3,11,27.014865030266552,0.2762573212988031
CASP,908,SRS,3,11,28.051068274553877,0.2615594198308082
CASP,908,PCA-QS,3,11,28.66383437313711,0.24542843512402313
CASP,908,Leverage,3,11,28.209612708662565,0.257385759036149
CASP,908,Coreset,3,11,27.61028989748782,0.2731628510192723
CASP,909,SRS,3,11,27.361335916951052,0.26631986688405973
CASP,909,PCA-QS,3,11,28.19850480346085,0.24387161428559978
CASP,909,Leverage,3,11,27.847000065849727,0.25329703282014004
CASP,909,Coreset,3,11,26.940396583432435,0.2776071383530798
CASP,910,SRS,3,11,28.226376743023977,0.24401555761362148
CASP,910,PCA-QS,3,11,26.74552370360789,0.2836771078526483
CASP,910,Leverage,3,11,27.634330923471314,0.2598722661397104
CASP,910,Coreset,3,11,26.78930081146119,0.28250462961461364
CASP,911,SRS,3,11,28.111855167431465,0.2493558606519235
CASP,911,PCA-QS,3,11,27.887398317772007,0.25534931849132647
CASP,911,Leverage,3,11,27.930899550847773,0.2541877464261513
CASP,911,Coreset,3,11,27.22002695844908,0.2731695013522887
CASP,912,SRS,3,11,27.729723851252803,0.2639460899121153
CASP,912,PCA-QS,3,11,27.48937361835561,0.27032591286540175
CASP,912,Leverage,3,11,28.414498266636656,0.24576953364076037
CASP,912,Coreset,3,11,27.5595020604761,0.2684644333098155
CASP,913,SRS,3,11,26.80605694480539,0.2882300908651767
CASP,913,PCA-QS,3,11,27.005828934149925,0.2829256296012087
CASP,913,Leverage,3,11,27.750837947397176,0.26314371990984764
CASP,913,Coreset,3,11,26.897195803369865,0.2858101192441116
CASP,914,SRS,3,11,28.088467250320875,0.24770908113447332
CASP,914,PCA-QS,3,11,27.212565279780673,0.2711682856678316
CASP,914,Leverage,3,11,27.901459889087416,0.25271768264922223
CASP,914,Coreset,3,11,27.30601839876878,0.2686653390980571
CASP,915,SRS,3,11,27.08771309680297,0.28032123648331453
CASP,915,PCA-QS,3,11,27.114267035225872,0.2796157392897197
CASP,915,Leverage,3,11,27.49139787760875,0.26959595440200435
CASP,915,Coreset,3,11,27.20414795816046,0.27722774177770626
CASP,916,SRS,3,11,28.908626818444265,0.22922700631891701
CASP,916,PCA-QS,3,11,27.03890505675755,0.27907825136963205
CASP,916,Leverage,3,11,27.734646726425254,0.2605281177736528
CASP,916,Coreset,3,11,27.618036461004873,0.26363722578962623
CASP,917,SRS,3,11,26.85093665620292,0.27358463619826523
CASP,917,PCA-QS,3,11,26.75200888161458,0.27626099182368746
CASP,917,Leverage,3,11,27.745864600016006,0.2493735847848635
CASP,917,Coreset,3,11,26.721659025277813,0.27708206567353055
CASP,918,SRS,3,11,26.951042807493245,0.2802967043886845
CASP,918,PCA-QS,3,11,27.09246265440641,0.2765202148993814
CASP,918,Leverage,3,11,28.24067351994894,0.24585827911120772
CASP,918,Coreset,3,11,26.922845024676832,0.2810497007520111
CASP,919,SRS,3,11,27.412465681325482,0.266979149716273
CASP,919,PCA-QS,3,11,27.275852161428062,0.27063225263957846
CASP,919,Leverage,3,11,28.280062581966178,0.2437792440527553
CASP,919,Coreset,3,11,27.250375979420607,0.2713134964508497
CASP,920,SRS,3,11,27.145423630299753,0.27106935526047804
CASP,920,PCA-QS,3,11,27.191229471287357,0.269839340151535
CASP,920,Leverage,3,11,27.907381462179274,0.2506086536254404
CASP,920,Coreset,3,11,27.023158912960298,0.2743525053211633
CASP,921,SRS,3,11,27.219309558783277,0.2773985468617638
CASP,921,PCA-QS,3,11,27.21204529151844,0.277591394151671
CASP,921,Leverage,3,11,28.31297786778921,0.24836451469308551
CASP,921,Coreset,3,11,27.422590647874237,0.272001965803915
CASP,922,SRS,3,11,27.09477534918431,0.2767809667771557
CASP,922,PCA-QS,3,11,26.67909196144207,0.287876468914943
CASP,922,Leverage,3,11,27.962067190135258,0.25363104364064637
CASP,922,Coreset,3,11,26.689425460069167,0.2876006451522217
CASP,923,SRS,3,11,27.33478785696494,0.271814598261665
CASP,923,PCA-QS,3,11,26.807952820309016,0.285849226400159
CASP,923,Leverage,3,11,27.8487670896802,0.25812244246304006
CASP,923,Coreset,3,11,26.757144336900875,0.287202739589867
CASP,924,SRS,3,11,27.32169004913623,0.2718134155733468
CASP,924,PCA-QS,3,11,27.93993292068148,0.2553358051412318
CASP,924,Leverage,3,11,27.991638141452423,0.2539577407520045
CASP,924,Coreset,3,11,27.163351838093995,0.276033497159651
CASP,925,SRS,3,11,30.51439834913176,0.17626469775524667
CASP,925,PCA-QS,3,11,27.24808564005556,0.26443871501268734
CASP,925,Leverage,3,11,27.34490422715985,0.26182510004971915
CASP,925,Coreset,3,11,26.67404798674801,0.27993484488675435
CASP,926,SRS,3,11,28.2669510673939,0.25128328943922895
CASP,926,PCA-QS,3,11,27.70256821924182,0.2662322971534983
CASP,926,Leverage,3,11,28.158148647804516,0.25416517753185675
CASP,926,Coreset,3,11,27.140714870716785,0.28111430511828595
CASP,927,SRS,3,11,27.469078220000654,0.26317702220929884
CASP,927,PCA-QS,3,11,27.294994704087333,0.26784659042532055
CASP,927,Leverage,3,11,28.12639286822821,0.24554539538245368
CASP,927,Coreset,3,11,27.428268429446206,0.2642716927751809
CASP,928,SRS,3,11,27.47770483985534,0.26797901068907404
CASP,928,PCA-QS,3,11,29.362035656456253,0.2177794137214064
CASP,928,Leverage,3,11,27.82944967739787,0.25860833706609276
CASP,928,Coreset,3,11,27.39873043517704,0.2700829317472476
CASP,929,SRS,3,11,26.71521113468734,0.28651072967166824
CASP,929,PCA-QS,3,11,26.7110812563317,0.2866210272800104
CASP,929,Leverage,3,11,27.520790823164834,0.26499592818927087
CASP,929,Coreset,3,11,26.804448459306855,0.28412744797840994
CASP,930,SRS,3,11,27.610632265518436,0.2649547064077922
CASP,930,PCA-QS,3,11,27.253297582844496,0.2744676061563708
CASP,930,Leverage,3,11,28.076418077065416,0.25255464018304263
CASP,930,Coreset,3,11,27.14990642809394,0.2772200669101714
CASP,931,SRS,3,11,26.561579861121995,0.28140764377790906
CASP,931,PCA-QS,3,11,27.308924748737155,0.2611891053283959
CASP,931,Leverage,3,11,27.510276504293262,0.2557417699962721
CASP,931,Coreset,3,11,26.621454879666643,0.27978779545262866
CASP,932,SRS,3,11,26.891443838897807,0.28002974568120864
CASP,932,PCA-QS,3,11,26.938787295507364,0.2787622094083436
CASP,932,Leverage,3,11,27.674216506223686,0.25907240922338637
CASP,932,Coreset,3,11,26.898482465620933,0.2798412990547552
CASP,933,SRS,3,11,27.00165931905774,0.2784908617201022
CASP,933,PCA-QS,3,11,26.941082787078283,0.2801095222947001
CASP,933,Leverage,3,11,27.67982566405174,0.26036963407978087
CASP,933,Coreset,3,11,26.750393651021486,0.2852049111598789
CASP,934,SRS,3,11,26.651175599435525,0.2820351599811771
CASP,934,PCA-QS,3,11,26.615035840629094,0.2830087409045765
CASP,934,Leverage,3,11,27.604643673847843,0.2563493679621942
CASP,934,Coreset,3,11,26.466266994259268,0.28701647409387565
CASP,935,SRS,3,11,26.776188665648235,0.2813779034591629
CASP,935,PCA-QS,3,11,26.710068864656602,0.28315243345687047
CASP,935,Leverage,3,11,27.32840277447811,0.2665575245926268
CASP,935,Coreset,3,11,26.691883060406035,0.28364050593578105
CASP,936,SRS,3,11,27.248273517277774,0.27164340167848333
CASP,936,PCA-QS,3,11,27.522132434756355,0.2643230498246959
CASP,936,Leverage,3,11,28.04970838562723,0.25022074625346613
CASP,936,Coreset,3,11,27.18705497434348,0.27327979635345423
CASP,937,SRS,3,11,26.77275337672513,0.27982465398453205
CASP,937,PCA-QS,3,11,26.719168033635146,0.2812660762565773
CASP,937,Leverage,3,11,28.16495785439942,0.24237496297497751
CASP,937,Coreset,3,11,26.547101531737447,0.28589458983522087
CASP,938,SRS,3,11,27.092861857089417,0.27651741673065644
CASP,938,PCA-QS,3,11,27.257172302990636,0.2721297021183796
CASP,938,Leverage,3,11,28.14445418078501,0.24843589714418213
CASP,938,Coreset,3,11,27.23531571564436,0.27271335623207726
CASP,939,SRS,3,11,27.468740086121127,0.2646400833986461
CASP,939,PCA-QS,3,11,27.249427580273267,0.27051125278989907
CASP,939,Leverage,3,11,28.095972352379018,0.2478485791083519
CASP,939,Coreset,3,11,27.128268479174302,0.2737547778369268
CASP,940,SRS,3,11,26.993162252021357,0.27785763399740293
CASP,940,PCA-QS,3,11,27.409803406149194,0.2667113212383856
CASP,940,Leverage,3,11,27.77985099245808,0.2568115163538861
CASP,940,Coreset,3,11,26.85851934454428,0.2814597072507389
CASP,941,SRS,3,11,26.63536707953547,0.284543407309376
CASP,941,PCA-QS,3,11,26.76026638701354,0.28118846826570354
CASP,941,Leverage,3,11,27.396500735546553,0.2640984819405703
CASP,941,Coreset,3,11,26.88363843789517,0.27787455309068654
CASP,942,SRS,3,11,27.31238104719821,0.26979094592676556
CASP,942,PCA-QS,3,11,26.963145959700604,0.2791279064228175
CASP,942,Leverage,3,11,27.830061094349183,0.25595053205404394
CASP,942,Coreset,3,11,26.78226633872614,0.283963806182148
CASP,943,SRS,3,11,27.741518789490897,0.2636984326353975
CASP,943,PCA-QS,3,11,27.27516346455217,0.27607620327250093
CASP,943,Leverage,3,11,28.10425437745782,0.2540708854204935
CASP,943,Coreset,3,11,27.13380826044415,0.27982798265883013
CASP,944,SRS,3,11,28.46961266697208,0.23948754687120244
CASP,944,PCA-QS,3,11,27.351449381826562,0.26935718763281
CASP,944,Leverage,3,11,27.888981031301768,0.25499803501072293
CASP,944,Coreset,3,11,27.233497932911675,0.27250803997539996
CASP,945,SRS,3,11,27.911887126164896,0.26393960940687833
CASP,945,PCA-QS,3,11,27.75724988042927,0.26801752613755003
CASP,945,Leverage,3,11,28.61126177468885,0.24549650039613335
CASP,945,Coreset,3,11,27.77383003889994,0.26758029314556875
CASP,946,SRS,3,11,27.099575643097296,0.2774418109699097
CASP,946,PCA-QS,3,11,26.933434168580177,0.2818716546150981
CASP,946,Leverage,3,11,27.934891860436785,0.2551697067415166
CASP,946,Coreset,3,11,26.893633978317045,0.282932850324519
CASP,947,SRS,3,11,26.76995598746861,0.2781532806998669
CASP,947,PCA-QS,3,11,26.85388944194338,0.2758900312279402
CASP,947,Leverage,3,11,28.016649341505413,0.24453643396294988
CASP,947,Coreset,3,11,26.712172530499817,0.2797114005138206
CASP,948,SRS,3,11,26.87218083820813,0.27839065737537605
CASP,948,PCA-QS,3,11,26.730775843677748,0.28218786184349365
CASP,948,Leverage,3,11,27.870962138203247,0.2515699865241857
CASP,948,Coreset,3,11,26.690273702146058,0.28327548193289165
CASP,949,SRS,3,11,28.270179319050005,0.25857387960470335
CASP,949,PCA-QS,3,11,27.15134128529149,0.28791701653207646
CASP,949,Leverage,3,11,28.240738347645305,0.2593460114317748
CASP,949,Coreset,3,11,27.16041411958909,0.2876790684009968
CASP,950,SRS,3,11,27.402192057910252,0.26255095659012284
CASP,950,PCA-QS,3,11,26.800745297448355,0.27873711926014766
CASP,950,Leverage,3,11,28.06617422150131,0.2446818382967162
CASP,950,Coreset,3,11,27.06546383337898,0.2716130019383528
CASP,951,SRS,3,11,27.51996201492751,0.263520962887299
CASP,951,PCA-QS,3,11,27.047570663934497,0.2761629253700594
CASP,951,Leverage,3,11,27.912734026354855,0.2530097436994265
CASP,951,Coreset,3,11,27.246026588437264,0.27085192137565606
CASP,952,SRS,3,11,27.962294063456227,0.25164121171449283
CASP,952,PCA-QS,3,11,27.401530110399744,0.26664901584784484
CASP,952,Leverage,3,11,28.06046708995948,0.24901379327058515
CASP,952,Coreset,3,11,26.81341519669278,0.28238881756781775
CASP,953,SRS,3,11,27.175849159445306,0.27264385316317896
CASP,953,PCA-QS,3,11,27.135082582063074,0.27373496242237794
CASP,953,Leverage,3,11,27.837873489718916,0.2549249048736577
CASP,953,Coreset,3,11,27.21344063494769,0.2716377248683498
CASP,954,SRS,3,11,26.85299862926379,0.28471447133500005
CASP,954,PCA-QS,3,11,26.927110847952697,0.28274033808242316
CASP,954,Leverage,3,11,28.100948542428213,0.25147272706244517
CASP,954,Coreset,3,11,26.908434457909213,0.28323782261702735
CASP,955,SRS,3,11,27.438195508201463,0.26688442983878136
CASP,955,PCA-QS,3,11,27.215624225123737,0.27283126672338154
CASP,955,Leverage,3,11,28.10277661531631,0.24912762228504703
CASP,955,Coreset,3,11,27.178370061511185,0.27382665315065347
CASP,956,SRS,3,11,27.309004937589858,0.265730407137702
CASP,956,PCA-QS,3,11,27.471120905552308,0.26137152163219557
CASP,956,Leverage,3,11,28.344104935165593,0.23789920437038592
CASP,956,Coreset,3,11,27.322286899269127,0.26537328901432344
CASP,957,SRS,3,11,31.83825475784643,0.14793318193978666
CASP,957,PCA-QS,3,11,27.962790491284405,0.25164974967350506
CASP,957,Leverage,3,11,28.167042512824295,0.24618348365485754
CASP,957,Coreset,3,11,27.286082940487198,0.2697600403898326
CASP,958,SRS,3,11,26.58257550982805,0.2867973938926416
CASP,958,PCA-QS,3,11,26.558646191023538,0.2874394104093422
CASP,958,Leverage,3,11,27.548685434002294,0.2608769515542946
CASP,958,Coreset,3,11,26.64285216945424,0.28518018901657705
CASP,959,SRS,3,11,27.18196333411132,0.2772023177127281
CASP,959,PCA-QS,3,11,27.099652663742777,0.27939104709325946
CASP,959,Leverage,3,11,27.751865468817435,0.2620480061189362
CASP,959,Coreset,3,11,26.863845330018098,0.2856614180810919
CASP,960,SRS,3,11,27.394043971678503,0.27599485857835837
CASP,960,PCA-QS,3,11,27.310754070669724,0.27819615155361965
CASP,960,Leverage,3,11,28.449906113466263,0.2480891714853123
CASP,960,Coreset,3,11,27.381280440735715,0.27633218964327255
CASP,961,SRS,3,11,26.69471469083342,0.2848164221904895
CASP,961,PCA-QS,3,11,26.782178297413896,0.28247316676308365
CASP,961,Leverage,3,11,27.597802084532752,0.2606216225539031
CASP,961,Coreset,3,11,26.634789353594737,0.28642189419437347
CASP,962,SRS,3,11,27.153502399495046,0.2698194783964881
CASP,962,PCA-QS,3,11,27.160800388645615,0.2696232293290117
CASP,962,Leverage,3,11,28.179186015310165,0.24223798314120248
CASP,962,Coreset,3,11,27.115764347852757,0.27083428635116946
CASP,963,SRS,3,11,27.104558993903485,0.2820447196019231
CASP,963,PCA-QS,3,11,28.23800226861003,0.25202166760206257
CASP,963,Leverage,3,11,28.087552532011166,0.25600683418787384
CASP,963,Coreset,3,11,27.109239471413655,0.28192074143485657
CASP,964,SRS,3,11,26.994851463483872,0.28207229013508917
CASP,964,PCA-QS,3,11,26.943100734873916,0.28344860006311545
CASP,964,Leverage,3,11,28.403974584455568,0.24459667977563349
CASP,964,Coreset,3,11,26.906975991482863,0.2844093371254133
CASP,965,SRS,3,11,27.223842348354257,0.27850868992692357
CASP,965,PCA-QS,3,11,27.22707719261033,0.27842295948555773
CASP,965,Leverage,3,11,27.867688744431273,0.2614453535379102
CASP,965,Coreset,3,11,27.100725647433688,0.28177155152825173
CASP,966,SRS,3,11,28.09341032431878,0.2495588991368839
CASP,966,PCA-QS,3,11,27.18029024804176,0.2739504851832517
CASP,966,Leverage,3,11,28.29086920611767,0.24428430773193477
CASP,966,Coreset,3,11,27.218070311649758,0.27294129077796725
CASP,967,SRS,3,11,27.252244237906567,0.273203955721369
CASP,967,PCA-QS,3,11,27.049492563036704,0.2786111843510506
CASP,967,Leverage,3,11,27.664499658624138,0.2622094260087229
CASP,967,Coreset,3,11,27.172046531506645,0.27534276584147677
CASP,968,SRS,3,11,27.832907005755008,0.24881586265015465
CASP,968,PCA-QS,3,11,27.136860243445017,0.26760151398700116
CASP,968,Leverage,3,11,27.784936763512132,0.250110534637893
CASP,968,Coreset,3,11,26.95210583746569,0.27258786266586776
CASP,969,SRS,3,11,27.123920142265792,0.2761292471039054
CASP,969,PCA-QS,3,11,26.96577306426361,0.28034980386049924
CASP,969,Leverage,3,11,28.113113825615937,0.24973009931954981
CASP,969,Coreset,3,11,27.200524640173153,0.27408486136303223
CASP,970,SRS,3,11,27.063004476255934,0.27741709163856276
CASP,970,PCA-QS,3,11,27.0513817460162,0.27772741883180163
CASP,970,Leverage,3,11,28.716504025210668,0.23326861159429058
CASP,970,Coreset,3,11,27.104005286013074,0.2763223689744372
CASP,971,SRS,3,11,26.827987279290927,0.2763553732297551
CASP,971,PCA-QS,3,11,26.6971802234564,0.2798836969207149
CASP,971,Leverage,3,11,27.725228074717915,0.2521536515809978
CASP,971,Coreset,3,11,26.766096926992283,0.27802477244422397
CASP,972,SRS,3,11,29.75306797586754,0.20752019471719807
CASP,972,PCA-QS,3,11,27.243885484650114,0.27435284719094766
CASP,972,Leverage,3,11,27.98237897932915,0.25468290319254905
CASP,972,Coreset,3,11,27.30625567354668,0.2726916028717974
CASP,973,SRS,3,11,27.774354278019104,0.2600690585325197
CASP,973,PCA-QS,3,11,26.975541505254487,0.28135006766387316
CASP,973,Leverage,3,11,27.716040170806654,0.2616225928404151
CASP,973,Coreset,3,11,26.97710739885382,0.28130835100995577
CASP,974,SRS,3,11,26.29246157125295,0.2886300358936664
CASP,974,PCA-QS,3,11,26.292380956587873,0.28863221700749053
CASP,974,Leverage,3,11,27.284663437332362,0.26178497979474014
CASP,974,Coreset,3,11,26.392184881345305,0.2859319177532742
CASP,975,SRS,3,11,26.659225128897216,0.28510999625208877
CASP,975,PCA-QS,3,11,27.07609643962134,0.27393123424962784
CASP,975,Leverage,3,11,27.47482700604039,0.263238931876115
CASP,975,Coreset,3,11,26.853593709477583,0.27989783593506
CASP,976,SRS,3,11,27.2754111952775,0.2720698193807153
CASP,976,PCA-QS,3,11,27.24995446359279,0.2727492123754004
CASP,976,Leverage,3,11,28.116059139528147,0.24963448355701368
CASP,976,Coreset,3,11,27.20786139394141,0.273872598401546
CASP,977,SRS,3,11,27.413295901527757,0.26716623882820756
CASP,977,PCA-QS,3,11,27.15105817944832,0.27417658362158526
CASP,977,Leverage,3,11,28.061975817607465,0.2498252177264435
CASP,977,Coreset,3,11,27.14158482284856,0.2744298328322188
CASP,978,SRS,3,11,29.446634832574258,0.21363667719171364
CASP,978,PCA-QS,3,11,27.241610613468342,0.2725211705019902
CASP,978,Leverage,3,11,28.045733328832412,0.25104732080763337
CASP,978,Coreset,3,11,27.194478284015126,0.27377982485795516
CASP,979,SRS,3,11,27.120169392852226,0.2639758502765973
CASP,979,PCA-QS,3,11,26.790533023613172,0.27292197169909205
CASP,979,Leverage,3,11,27.844900716308214,0.24430710306496684
CASP,979,Coreset,3,11,26.975481032085426,0.26790260037043423
CASP,980,SRS,3,11,28.428467836235455,0.23475041926897955
CASP,980,PCA-QS,3,11,29.114210225184788,0.21629131416856007
CASP,980,Leverage,3,11,28.15862395049392,0.24201419168246618
CASP,980,Coreset,3,11,26.958254737517297,0.2743262403740929
CASP,981,SRS,3,11,27.798237120913615,0.2556928223203736
CASP,981,PCA-QS,3,11,27.014269431718752,0.27668382169916683
CASP,981,Leverage,3,11,27.736851523413197,0.2573364424041572
CASP,981,Coreset,3,11,27.074528409621532,0.27507036723521694
CASP,982,SRS,3,11,27.173050034114556,0.27456720277935986
CASP,982,PCA-QS,3,11,27.003093521018922,0.27910449353420863
CASP,982,Leverage,3,11,28.042709596957362,0.2513500972828957
CASP,982,Coreset,3,11,27.416961421312084,0.268055555405711
CASP,983,SRS,3,11,27.15197655103468,0.27482293120643875
CASP,983,PCA-QS,3,11,26.445192340391117,0.29369977802385916
CASP,983,Leverage,3,11,28.08332476315766,0.24994841184229588
CASP,983,Coreset,3,11,26.702421179709276,0.2868296904869425
CASP,984,SRS,3,11,27.187215059302268,0.27468651599351745
CASP,984,PCA-QS,3,11,28.646153617028318,0.23576425764717723
CASP,984,Leverage,3,11,28.122790677169743,0.2497267836536361
CASP,984,Coreset,3,11,26.992578182214796,0.2798791313875003
CASP,985,SRS,3,11,28.663153789952958,0.23559420063280812
CASP,985,PCA-QS,3,11,27.15467492860023,0.2758231997963624
CASP,985,Leverage,3,11,28.06689585372176,0.2514955570471745
CASP,985,Coreset,3,11,27.19588617604792,0.2747241540744916
CASP,986,SRS,3,11,26.78148022280228,0.2817881549095945
CASP,986,PCA-QS,3,11,26.766088372718812,0.2822009255613971
CASP,986,Leverage,3,11,27.669874163905508,0.25796366700606055
CASP,986,Coreset,3,11,26.732264384599958,0.28310799973030254
CASP,987,SRS,3,11,27.34886741062886,0.25825118771499533
CASP,987,PCA-QS,3,11,26.438486568082546,0.282942298266188
CASP,987,Leverage,3,11,27.80333898954894,0.24592512869325123
CASP,987,Coreset,3,11,26.607708961693234,0.2783526928690748
CASP,988,SRS,3,11,26.991183582735584,0.28323277968607274
CASP,988,PCA-QS,3,11,26.82539829403948,0.2876353083926557
CASP,988,Leverage,3,11,27.69232093194006,0.2646136529142843
CASP,988,Coreset,3,11,27.033888462652893,0.282098725746632
CASP,989,SRS,3,11,26.645572620102254,0.2859430475177239
CASP,989,PCA-QS,3,11,26.758053080678504,0.2829287585760675
CASP,989,Leverage,3,11,27.55122664291414,0.26167302860116715
CASP,989,Coreset,3,11,26.732150146123264,0.28362291406570816
CASP,990,SRS,3,11,27.39260530133639,0.26782171358323703
CASP,990,PCA-QS,3,11,27.004700192031365,0.27819004821584703
CASP,990,Leverage,3,11,27.899965746308048,0.25426045144301734
CASP,990,Coreset,3,11,26.90475712948698,0.2808614312211509
CASP,991,SRS,3,11,27.431639134543705,0.2686752051753535
CASP,991,PCA-QS,3,11,27.3546756209762,0.27072704485918275
CASP,991,Leverage,3,11,28.22544106169161,0.24751252405901392
CASP,991,Coreset,3,11,27.341429446860985,0.27108018655514576
CASP,992,SRS,3,11,27.057557849657822,0.27408392214494226
CASP,992,PCA-QS,3,11,26.922683490802395,0.2777024107804489
CASP,992,Leverage,3,11,27.45258516848224,0.263485896871562
CASP,992,Coreset,3,11,27.17656821357646,0.27089104209715875
CASP,993,SRS,3,11,27.063267404394104,0.27325513336064977
CASP,993,PCA-QS,3,11,26.7566052585224,0.2814901013330936
CASP,993,Leverage,3,11,27.894591010995136,0.2509311414129769
CASP,993,Coreset,3,11,26.925430449611685,0.2769565452347037
CASP,994,SRS,3,11,27.00710781556894,0.28016037334599875
CASP,994,PCA-QS,3,11,26.73909871154443,0.28730381035148445
CASP,994,Leverage,3,11,27.621585309598654,0.2637822682593576
CASP,994,Coreset,3,11,26.763768266419376,0.2866462751836252
CASP,995,SRS,3,11,27.43671878210494,0.2666517291830398
CASP,995,PCA-QS,3,11,27.060515941877355,0.27670714814725184
CASP,995,Leverage,3,11,27.822779594343647,0.2563328192822647
CASP,995,Coreset,3,11,26.903914883289865,0.28089289340474033
CASP,996,SRS,3,11,27.417824279490326,0.27510365416425253
CASP,996,PCA-QS,3,11,27.331624604871575,0.2773826763253985
CASP,996,Leverage,3,11,28.17890353813541,0.2549815770855145
CASP,996,Coreset,3,11,27.13969111985636,0.2824571811625721
CASP,997,SRS,3,11,27.091996686386164,0.27593555215924026
CASP,997,PCA-QS,3,11,27.284803207448,0.27078257842944176
CASP,997,Leverage,3,11,27.928727107215504,0.2535729792871638
CASP,997,Coreset,3,11,27.04514843542859,0.277187624989256
CASP,998,SRS,3,11,28.36490625812936,0.23971386419043783
CASP,998,PCA-QS,3,11,28.0326148311839,0.2486205238019994
CASP,998,Leverage,3,11,27.88619454823417,0.25254513790489597
CASP,998,Coreset,3,11,27.408989303547546,0.26533603268766537
CASP,999,SRS,3,11,27.8530822744878,0.2530216654246181
CASP,999,PCA-QS,3,11,26.805006991164237,0.2811294892529256
CASP,999,Leverage,3,11,27.363806859490065,0.26614330600435554
CASP,999,Coreset,3,11,26.853241396546196,0.2798359140770661
BikeSharing,0,SRS,6,2,20025.136822676446,0.39032738306335224
BikeSharing,0,PCA-QS,6,2,20029.85574471499,0.39018371375543015
BikeSharing,0,Leverage,6,2,20329.68921232832,0.38105517413726353
BikeSharing,0,Coreset,6,2,20295.133564918255,0.38210723346514675
BikeSharing,1,SRS,6,2,20192.933349254094,0.38062542137218747
BikeSharing,1,PCA-QS,6,2,20294.181397287164,0.3775198563706723
BikeSharing,1,Leverage,6,2,20316.76765276062,0.3768270718096234
BikeSharing,1,Coreset,6,2,20493.755736078518,0.37139834495596813
BikeSharing,2,SRS,6,2,20501.783073095816,0.38046854385382656
BikeSharing,2,PCA-QS,6,2,20388.995015551875,0.3838768205523442
BikeSharing,2,Leverage,6,2,20498.754483480872,0.3805600630415735
BikeSharing,2,Coreset,6,2,20691.229935276384,0.3747437593328611
BikeSharing,3,SRS,6,2,20266.443774331026,0.3757808717721043
BikeSharing,3,PCA-QS,6,2,20144.10901647731,0.3795488587336914
BikeSharing,3,Leverage,6,2,20431.195355068252,0.3707064201688972
BikeSharing,3,Coreset,6,2,20246.173847235,0.37640519818881635
BikeSharing,4,SRS,6,2,20689.980656431457,0.37452689406792306
BikeSharing,4,PCA-QS,6,2,20757.264742635176,0.3724928473920718
BikeSharing,4,Leverage,6,2,21040.32075462331,0.36393585906468384
BikeSharing,4,Coreset,6,2,20802.75300436335,0.37111770428203084
BikeSharing,5,SRS,6,2,20224.898797258,0.382044386983069
BikeSharing,5,PCA-QS,6,2,20518.157346131105,0.3730841064813982
BikeSharing,5,Leverage,6,2,20395.353045235952,0.37683629371365623
BikeSharing,5,Coreset,6,2,20290.46534759802,0.38004105345764916
BikeSharing,6,SRS,6,2,20007.03682351994,0.3719722294775393
BikeSharing,6,PCA-QS,6,2,20012.824373806237,0.37179055628249535
BikeSharing,6,Leverage,6,2,20059.139211247322,0.3703367175977961
BikeSharing,6,Coreset,6,2,20225.57370591669,0.3651122815382615
BikeSharing,7,SRS,6,2,20827.397087240224,0.3637129971734504
BikeSharing,7,PCA-QS,6,2,20698.924985465907,0.36763788170138256
BikeSharing,7,Leverage,6,2,20803.287889347157,0.3644495447700452
BikeSharing,7,Coreset,6,2,20641.782335457232,0.36938361715527956
BikeSharing,8,SRS,6,2,20700.81041184874,0.38172776748915427
BikeSharing,8,PCA-QS,6,2,20444.356901659514,0.3893872784515453
BikeSharing,8,Leverage,6,2,20554.63935496219,0.38609346640971387
BikeSharing,8,Coreset,6,2,20780.21861812588,0.379356078265502
BikeSharing,9,SRS,6,2,20689.912989115146,0.3762113995082289
BikeSharing,9,PCA-QS,6,2,20432.550909686703,0.3839707135000653
BikeSharing,9,Leverage,6,2,20363.720940104544,0.3860458962434694
BikeSharing,9,Coreset,6,2,20598.91249790472,0.3789550103240925
BikeSharing,10,SRS,6,2,21736.230752795516,0.3560820507730853
BikeSharing,10,PCA-QS,6,2,21404.62963805081,0.3659054609216139
BikeSharing,10,Leverage,6,2,21409.735276728545,0.3657542105772349
BikeSharing,10,Coreset,6,2,21440.04122168164,0.3648564218968736
BikeSharing,11,SRS,6,2,20556.55615788479,0.3832306974531342
BikeSharing,11,PCA-QS,6,2,20598.015240315828,0.38198677852241303
BikeSharing,11,Leverage,6,2,21104.537705235296,0.3667893152404679
BikeSharing,11,Coreset,6,2,20915.127178914514,0.372472300139137
BikeSharing,12,SRS,6,2,21255.570115685023,0.3693970591747655
BikeSharing,12,PCA-QS,6,2,21323.984233210605,0.36736737267514263
BikeSharing,12,Leverage,6,2,21248.397803729706,0.3696098448580911
BikeSharing,12,Coreset,6,2,21198.50654192256,0.37109000164738604
BikeSharing,13,SRS,6,2,20243.310798315557,0.37261330325592723
BikeSharing,13,PCA-QS,6,2,20319.58798507867,0.3702492980436858
BikeSharing,13,Leverage,6,2,20188.210781059166,0.37432097934515185
BikeSharing,13,Coreset,6,2,20387.71349854776,0.36813793190969735
BikeSharing,14,SRS,6,2,19729.117115852394,0.3797313837163089
BikeSharing,14,PCA-QS,6,2,19808.66026472458,0.3772306068900536
BikeSharing,14,Leverage,6,2,19836.240734739873,0.3763634976386673
BikeSharing,14,Coreset,6,2,20044.351175258646,0.36982066177750006
BikeSharing,15,SRS,6,2,20424.170861366612,0.3561921534857101
BikeSharing,15,PCA-QS,6,2,20263.34805513118,0.3612615874057262
BikeSharing,15,Leverage,6,2,20334.70849739432,0.3590121735630991
BikeSharing,15,Coreset,6,2,20162.210987519284,0.36444961585221514
BikeSharing,16,SRS,6,2,20592.93459821225,0.3855066133574505
BikeSharing,16,PCA-QS,6,2,20722.123663544236,0.38165161027887384
BikeSharing,16,Leverage,6,2,20900.054388511257,0.3763421555602521
BikeSharing,16,Coreset,6,2,20786.70120475826,0.3797246157646922
BikeSharing,17,SRS,6,2,20661.938361170265,0.3732350230760004
BikeSharing,17,PCA-QS,6,2,20275.78740027466,0.38494863357392695
BikeSharing,17,Leverage,6,2,20823.512891995677,0.3683337763820016
BikeSharing,17,Coreset,6,2,20669.820530913214,0.3729959231498128
BikeSharing,18,SRS,6,2,20579.033648937562,0.38106255782975174
BikeSharing,18,PCA-QS,6,2,20714.711691885394,0.3769818890144242
BikeSharing,18,Leverage,6,2,20554.019788145935,0.38181487765590505
BikeSharing,18,Coreset,6,2,20697.252278929926,0.37750700037683294
BikeSharing,19,SRS,6,2,21658.45514737208,0.38697443238350404
BikeSharing,19,PCA-QS,6,2,21968.673276825557,0.3781939517998637
BikeSharing,19,Leverage,6,2,21581.808842722898,0.3891438458570672
BikeSharing,19,Coreset,6,2,21983.828545030232,0.37776499383262485
BikeSharing,20,SRS,6,2,21036.89629939256,0.36966265616067284
BikeSharing,20,PCA-QS,6,2,20646.49006184362,0.38136056193976875
BikeSharing,20,Leverage,6,2,20966.421399696268,0.3717743251278858
BikeSharing,20,Coreset,6,2,20849.2208403751,0.3752860546248422
BikeSharing,21,SRS,6,2,20355.05963015829,0.383500385414539
BikeSharing,21,PCA-QS,6,2,20461.678583650082,0.3802711861427369
BikeSharing,21,Leverage,6,2,20565.957170242447,0.37711287024429263
BikeSharing,21,Coreset,6,2,20496.723807146598,0.37920976126011696
BikeSharing,22,SRS,6,2,20725.925387740543,0.3711356957780899
BikeSharing,22,PCA-QS,6,2,21611.09674105991,0.3442779002004017
BikeSharing,22,Leverage,6,2,20760.407056185493,0.37008945586216935
BikeSharing,22,Coreset,6,2,20706.469739114378,0.3717260174504682
BikeSharing,23,SRS,6,2,20634.486672574665,0.393689211941869
BikeSharing,23,PCA-QS,6,2,20772.288513387437,0.3896401292569045
BikeSharing,23,Leverage,6,2,20863.93536251819,0.3869472358401099
BikeSharing,23,Coreset,6,2,20866.035061470062,0.3868855396057236
BikeSharing,24,SRS,6,2,20143.47907807074,0.3824630308321897
BikeSharing,24,PCA-QS,6,2,20345.643596008755,0.37626528995550945
BikeSharing,24,Leverage,6,2,20471.728235824066,0.3723999235990627
BikeSharing,24,Coreset,6,2,20176.753819763682,0.3814429298329898
BikeSharing,25,SRS,6,2,20740.81885475462,0.3795395439952176
BikeSharing,25,PCA-QS,6,2,20910.94715953597,0.3744501651089178
BikeSharing,25,Leverage,6,2,21078.363690289978,0.3694419087935912
BikeSharing,25,Coreset,6,2,21222.67452276579,0.36512485817223417
BikeSharing,26,SRS,6,2,21074.43904032937,0.3852532172102211
BikeSharing,26,PCA-QS,6,2,21247.63525249038,0.38020103935563576
BikeSharing,26,Leverage,6,2,21521.988462024477,0.37219808598703696
BikeSharing,26,Coreset,6,2,21084.780140344934,0.3849515646749905
BikeSharing,27,SRS,6,2,20905.34722902641,0.37068609971817923
BikeSharing,27,PCA-QS,6,2,21172.961144672063,0.3626301150373402
BikeSharing,27,Leverage,6,2,20949.06005620724,0.3693702119950939
BikeSharing,27,Coreset,6,2,21203.65372952794,0.36170617581385955
BikeSharing,28,SRS,6,2,20689.75881564052,0.3660102743668796
BikeSharing,28,PCA-QS,6,2,20849.316064669973,0.36112101212673753
BikeSharing,28,Leverage,6,2,20885.72945981044,0.36000520799387226
BikeSharing,28,Coreset,6,2,20847.86838684646,0.3611653728597123
BikeSharing,29,SRS,6,2,20305.74995924175,0.368221168920441
BikeSharing,29,PCA-QS,6,2,20536.96354264403,0.36102735200923053
BikeSharing,29,Leverage,6,2,20251.319711090597,0.36991467340174955
BikeSharing,29,Coreset,6,2,20267.53783590363,0.36941007406622905
BikeSharing,30,SRS,6,2,20328.39532883232,0.3786472069871919
BikeSharing,30,PCA-QS,6,2,20379.372374671217,0.37708905498851364
BikeSharing,30,Leverage,6,2,20798.642972666294,0.3642737317483711
BikeSharing,30,Coreset,6,2,20296.564035767122,0.37962015455788467
BikeSharing,31,SRS,6,2,19509.562989392172,0.39291412202422826
BikeSharing,31,PCA-QS,6,2,19676.4400121686,0.3877213514869643
BikeSharing,31,Leverage,6,2,19796.09871169774,0.3839978899875661
BikeSharing,31,Coreset,6,2,19659.715467690923,0.3882417749722826
BikeSharing,32,SRS,6,2,20490.89093228762,0.38644094137628415
BikeSharing,32,PCA-QS,6,2,20552.468250904785,0.38459713078902513
BikeSharing,32,Leverage,6,2,20558.000925483095,0.3844314658300365
BikeSharing,32,Coreset,6,2,20614.205120146198,0.38274854277499937
BikeSharing,33,SRS,6,2,20513.149969366757,0.3743238628734009
BikeSharing,33,PCA-QS,6,2,20584.605482346826,0.37214438242283465
BikeSharing,33,Leverage,6,2,20497.35369978568,0.3748056683955786
BikeSharing,33,Coreset,6,2,20760.940014939246,0.36676596373242354
BikeSharing,34,SRS,6,2,20485.27604296257,0.3682144023157644
BikeSharing,34,PCA-QS,6,2,20469.903066093262,0.3686885196944706
BikeSharing,34,Leverage,6,2,20531.226367795563,0.36679725014375986
BikeSharing,34,Coreset,6,2,20385.63944697009,0.37128729067803556
BikeSharing,35,SRS,6,2,20280.105516647734,0.37229909968630537
BikeSharing,35,PCA-QS,6,2,20452.82666470362,0.36695311072934955
BikeSharing,35,Leverage,6,2,20482.81399961146,0.3660249559372454
BikeSharing,35,Coreset,6,2,20543.873137616214,0.3641350803709421
BikeSharing,36,SRS,6,2,21051.74594870666,0.36177073762296674
BikeSharing,36,PCA-QS,6,2,20896.395720332344,0.36648051618038535
BikeSharing,36,Leverage,6,2,20735.551904102955,0.37135684474905195
BikeSharing,36,Coreset,6,2,20833.261710670777,0.36839456038913576
BikeSharing,37,SRS,6,2,19921.70312370109,0.36743541853454154
BikeSharing,37,PCA-QS,6,2,19796.825508082078,0.3714005994313728
BikeSharing,37,Leverage,6,2,19907.684468589687,0.3678805463756799
BikeSharing,37,Coreset,6,2,19989.54191572835,0.36528136489668794
BikeSharing,38,SRS,6,2,19979.181536457032,0.3829676634404776
BikeSharing,38,PCA-QS,6,2,20012.571157728722,0.381936466241908
BikeSharing,38,Leverage,6,2,19886.611034744717,0.3858265890107674
BikeSharing,38,Coreset,6,2,20206.457105031695,0.37594853831442465
BikeSharing,39,SRS,6,2,20689.89746745366,0.3612828885968712
BikeSharing,39,PCA-QS,6,2,20635.48902208056,0.3629625298381729
BikeSharing,39,Leverage,6,2,20722.980991643413,0.36026156826221234
BikeSharing,39,Coreset,6,2,20819.55061604522,0.35728037071668395
BikeSharing,40,SRS,6,2,20041.27397083375,0.3694879449137328
BikeSharing,40,PCA-QS,6,2,19641.70393719982,0.3820586888406936
BikeSharing,40,Leverage,6,2,19640.343404355826,0.3821014921255911
BikeSharing,40,Coreset,6,2,19704.8210650234,0.3800729812438063
BikeSharing,41,SRS,6,2,20926.548770800262,0.3653587768217428
BikeSharing,41,PCA-QS,6,2,20551.89303085866,0.3767209932899961
BikeSharing,41,Leverage,6,2,20577.838446098496,0.3759341444768439
BikeSharing,41,Coreset,6,2,21042.421324090403,0.36184470004977864
BikeSharing,42,SRS,6,2,20604.8040572963,0.3704587841898235
BikeSharing,42,PCA-QS,6,2,20662.516349092468,0.3686954931513102
BikeSharing,42,Leverage,6,2,20650.205365556823,0.36907163220710026
BikeSharing,42,Coreset,6,2,21404.045136992234,0.34603946917774775
BikeSharing,43,SRS,6,2,20485.893246384694,0.3940690570897145
BikeSharing,43,PCA-QS,6,2,20596.77867300834,0.3907892923120213
BikeSharing,43,Leverage,6,2,20926.702707162476,0.3810308122350513
BikeSharing,43,Coreset,6,2,21215.6794491558,0.3724834695515167
BikeSharing,44,SRS,6,2,20908.576733285514,0.37260857013127724
BikeSharing,44,PCA-QS,6,2,20724.451598267216,0.37813350533884693
BikeSharing,44,Leverage,6,2,21061.276851624818,0.36802658701458313
BikeSharing,44,Coreset,6,2,20689.189997956182,0.3791915795502484
BikeSharing,45,SRS,6,2,19816.768935593784,0.38511196345282717
BikeSharing,45,PCA-QS,6,2,19838.09345042072,0.384450292062558
BikeSharing,45,Leverage,6,2,20098.255816190096,0.3763777991757853
BikeSharing,45,Coreset,6,2,19774.211686320283,0.38643245840998586
BikeSharing,46,SRS,6,2,19763.550647439886,0.37407008967402
BikeSharing,46,PCA-QS,6,2,19946.08507411432,0.3682890557212706
BikeSharing,46,Leverage,6,2,19960.026603173148,0.3678475146141451
BikeSharing,46,Coreset,6,2,20090.623164810317,0.36371140083718956
BikeSharing,47,SRS,6,2,19890.814431885385,0.3709165900455723
BikeSharing,47,PCA-QS,6,2,19904.990409737406,0.37046824880157114
BikeSharing,47,Leverage,6,2,19967.723475926352,0.36848420077125144
BikeSharing,47,Coreset,6,2,19971.813206363455,0.36835485556128134
BikeSharing,48,SRS,6,2,19723.240509161158,0.3731301973668649
BikeSharing,48,PCA-QS,6,2,19748.230788746394,0.37233592364576573
BikeSharing,48,Leverage,6,2,19728.542352294036,0.37296168726038637
BikeSharing,48,Coreset,6,2,19664.90055705718,0.3749844339586694
BikeSharing,49,SRS,6,2,20382.153559553237,0.36617311211902237
BikeSharing,49,PCA-QS,6,2,20783.767227229364,0.35368407162730675
BikeSharing,49,Leverage,6,2,20510.739305736464,0.3621744618737951
BikeSharing,49,Coreset,6,2,20276.748126414193,0.3694509206909705
BikeSharing,50,SRS,6,2,20250.441357837848,0.3861750242007791
BikeSharing,50,PCA-QS,6,2,20204.27480742397,0.3875744100803151
BikeSharing,50,Leverage,6,2,20387.116866854944,0.3820321593845367
BikeSharing,50,Coreset,6,2,20192.04123769756,0.3879452301779397
BikeSharing,51,SRS,6,2,20849.669907969346,0.37616865461684146
BikeSharing,51,PCA-QS,6,2,20697.763758224995,0.3807137538047559
BikeSharing,51,Leverage,6,2,20622.957268711816,0.38295199705764116
BikeSharing,51,Coreset,6,2,20765.936315141764,0.37867400074932056
BikeSharing,52,SRS,6,2,19733.344864473507,0.3886683410402453
BikeSharing,52,PCA-QS,6,2,19902.78366806729,0.3834191901433982
BikeSharing,52,Leverage,6,2,20098.079638470354,0.37736899386929357
BikeSharing,52,Coreset,6,2,19901.957983701413,0.38344476953688855
BikeSharing,53,SRS,6,2,20840.64210341617,0.36557055067897803
BikeSharing,53,PCA-QS,6,2,20834.20964101186,0.3657663672742967
BikeSharing,53,Leverage,6,2,20755.16573036529,0.3681726167773033
BikeSharing,53,Coreset,6,2,20915.090398627166,0.3633042005972855
BikeSharing,54,SRS,6,2,21137.09145893646,0.36326932364471476
BikeSharing,54,PCA-QS,6,2,21230.69381153232,0.3604496599557633
BikeSharing,54,Leverage,6,2,20955.00868975597,0.36875435856535044
BikeSharing,54,Coreset,6,2,20915.09032438504,0.3699568536120793
BikeSharing,55,SRS,6,2,19689.959490892787,0.3959613069028096
BikeSharing,55,PCA-QS,6,2,19566.82583132276,0.3997387394992228
BikeSharing,55,Leverage,6,2,20186.88633675121,0.38071683457791394
BikeSharing,55,Coreset,6,2,19786.709926592714,0.3929932456041666
BikeSharing,56,SRS,6,2,19765.541640525098,0.37537502934804867
BikeSharing,56,PCA-QS,6,2,19812.79729575413,0.37388166970238856
BikeSharing,56,Leverage,6,2,20201.925921055274,0.3615845386356529
BikeSharing,56,Coreset,6,2,19940.436825156932,0.3698480419497451
BikeSharing,57,SRS,6,2,21467.07350241464,0.37475858508242976
BikeSharing,57,PCA-QS,6,2,21267.087870272906,0.3805832867861537
BikeSharing,57,Leverage,6,2,21420.186553017043,0.37612419565711874
BikeSharing,57,Coreset,6,2,21391.995882971874,0.3769452658614263
BikeSharing,58,SRS,6,2,21246.7193391289,0.3844548237374572
BikeSharing,58,PCA-QS,6,2,21103.84181401839,0.388594172028096
BikeSharing,58,Leverage,6,2,22025.629019468422,0.361888794186052
BikeSharing,58,Coreset,6,2,21614.621531981087,0.37379621727064527
BikeSharing,59,SRS,6,2,20620.273708427143,0.37247473253459495
BikeSharing,59,PCA-QS,6,2,20501.438561398434,0.3760911761608018
BikeSharing,59,Leverage,6,2,20402.642063921514,0.37909779476249916
BikeSharing,59,Coreset,6,2,20488.81303807638,0.3764754016571066
BikeSharing,60,SRS,6,2,20727.4197327131,0.3812829765530503
BikeSharing,60,PCA-QS,6,2,20720.903463784412,0.38147748829486516
BikeSharing,60,Leverage,6,2,20852.505598378615,0.37754914207303025
BikeSharing,60,Coreset,6,2,20743.284646557102,0.3808094061618785
BikeSharing,61,SRS,6,2,20821.11772940743,0.3683039603039333
BikeSharing,61,PCA-QS,6,2,21065.189691166648,0.36089901242131384
BikeSharing,61,Leverage,6,2,21032.21179648342,0.3618995353394223
BikeSharing,61,Coreset,6,2,20838.310508469738,0.3677823451540565
BikeSharing,62,SRS,6,2,20910.167858054516,0.3766440693266049
BikeSharing,62,PCA-QS,6,2,20647.40004664294,0.38447747720479075
BikeSharing,62,Leverage,6,2,21100.91555318422,0.37095766318063117
BikeSharing,62,Coreset,6,2,20901.45108956927,0.3769039261277779
BikeSharing,63,SRS,6,2,19894.108082588427,0.3724224931581801
BikeSharing,63,PCA-QS,6,2,20065.840381147464,0.36700504356323094
BikeSharing,63,Leverage,6,2,19962.27972410444,0.370271957499968
BikeSharing,63,Coreset,6,2,19858.596783035202,0.3735427289961383
BikeSharing,64,SRS,6,2,20932.68730944187,0.3705835939096852
BikeSharing,64,PCA-QS,6,2,21005.736426964402,0.36838710989693435
BikeSharing,64,Leverage,6,2,20660.354955540388,0.37877224398221887
BikeSharing,64,Coreset,6,2,21001.923444243665,0.36850176091355225
BikeSharing,65,SRS,6,2,20174.127994923543,0.3742461996520742
BikeSharing,65,PCA-QS,6,2,20278.80597554179,0.37099933593627454
BikeSharing,65,Leverage,6,2,20230.31231997976,0.3725034945927648
BikeSharing,65,Coreset,6,2,20119.754030825017,0.3759327515904378
BikeSharing,66,SRS,6,2,21254.706156003085,0.37871172591229463
BikeSharing,66,PCA-QS,6,2,21415.322717448395,0.3740168039727564
BikeSharing,66,Leverage,6,2,21466.361205977017,0.372524917224605
BikeSharing,66,Coreset,6,2,21092.40301949255,0.38345594748946155
BikeSharing,67,SRS,6,2,20015.894606239937,0.3766137976434455
BikeSharing,67,PCA-QS,6,2,19949.904829202544,0.3786690201209295
BikeSharing,67,Leverage,6,2,20066.046032119903,0.3750518536216014
BikeSharing,67,Coreset,6,2,20113.43489008233,0.37357594855813225
BikeSharing,68,SRS,6,2,19832.661048800892,0.3729922979392891
BikeSharing,68,PCA-QS,6,2,19809.530677387043,0.37372356244243976
BikeSharing,68,Leverage,6,2,19904.962338398673,0.3707064995113736
BikeSharing,68,Coreset,6,2,20154.689222198587,0.3628114077146207
BikeSharing,69,SRS,6,2,20618.224310159814,0.3686161257311886
BikeSharing,69,PCA-QS,6,2,20564.76278686839,0.37025325719276747
BikeSharing,69,Leverage,6,2,20803.361799024722,0.36294673232303154
BikeSharing,69,Coreset,6,2,20620.252443030808,0.3685540190060722
BikeSharing,70,SRS,6,2,21773.069995143567,0.36707635993862964
BikeSharing,70,PCA-QS,6,2,21581.217794482218,0.3726533315472935
BikeSharing,70,Leverage,6,2,21917.412604645648,0.36288044958504195
BikeSharing,70,Coreset,6,2,21538.414167579136,0.37389759463712746
BikeSharing,71,SRS,6,2,19858.720745690454,0.3792348053859359
BikeSharing,71,PCA-QS,6,2,19866.094766868773,0.37900430032216725
BikeSharing,71,Leverage,6,2,20055.319910264967,0.3730892978166961
BikeSharing,71,Coreset,6,2,19910.494326406755,0.37761641126474377
BikeSharing,72,SRS,6,2,20124.685219289095,0.3706852034532597
BikeSharing,72,PCA-QS,6,2,20196.984004252212,0.36842436336289996
BikeSharing,72,Leverage,6,2,20183.231643158848,0.3688544105526673
BikeSharing,72,Coreset,6,2,20473.437320670928,0.3597794498807272
BikeSharing,73,SRS,6,2,20344.619493500326,0.3809433571657628
BikeSharing,73,PCA-QS,6,2,20685.886151601677,0.3705591181416328
BikeSharing,73,Leverage,6,2,20783.088799091845,0.36760138552593613
BikeSharing,73,Coreset,6,2,20439.6834654256,0.3780507012803406
BikeSharing,74,SRS,6,2,20373.47305542314,0.3797563596593928
BikeSharing,74,PCA-QS,6,2,20242.483800766084,0.38374415555128516
BikeSharing,74,Leverage,6,2,20131.405710142648,0.38712578219407423
BikeSharing,74,Coreset,6,2,20065.295542649215,0.3891384194522435
BikeSharing,75,SRS,6,2,20634.239486426886,0.38060735141355295
BikeSharing,75,PCA-QS,6,2,20710.79614424262,0.3783092957433837
BikeSharing,75,Leverage,6,2,21166.695822363006,0.3646242307180192
BikeSharing,75,Coreset,6,2,21039.151290150297,0.3684528256934684
BikeSharing,76,SRS,6,2,19869.97528864444,0.36749582423609395
BikeSharing,76,PCA-QS,6,2,19839.556042266653,0.3684641344668841
BikeSharing,76,Leverage,6,2,19742.782141455777,0.3715446564845849
BikeSharing,76,Coreset,6,2,20342.067745849537,0.3524681029535457
BikeSharing,77,SRS,6,2,20769.98538113915,0.38045056311165937
BikeSharing,77,PCA-QS,6,2,20862.804252015027,0.37768186211700294
BikeSharing,77,Leverage,6,2,21058.47955201844,0.37184504905693405
BikeSharing,77,Coreset,6,2,20933.592598664265,0.37557031126609974
BikeSharing,78,SRS,6,2,20627.09160953668,0.36618441260348156
BikeSharing,78,PCA-QS,6,2,20611.86820022508,0.366652187425917
BikeSharing,78,Leverage,6,2,20755.923066386615,0.36222576506149173
BikeSharing,78,Coreset,6,2,20428.29578886043,0.3722928787042302
BikeSharing,79,SRS,6,2,20346.053300495543,0.38748883523617106
BikeSharing,79,PCA-QS,6,2,20534.285227683293,0.381822175699567
BikeSharing,79,Leverage,6,2,20394.290078801405,0.3860366830753459
BikeSharing,79,Coreset,6,2,20587.200755549962,0.38022917133999823
BikeSharing,80,SRS,6,2,20774.525732954517,0.37362254320704047
BikeSharing,80,PCA-QS,6,2,20630.70243367672,0.37795899225946306
BikeSharing,80,Leverage,6,2,20857.916900069635,0.37110819713493237
BikeSharing,80,Coreset,6,2,20830.179266178897,0.3719445208516453
BikeSharing,81,SRS,6,2,20403.4355427665,0.36576807786793397
BikeSharing,81,PCA-QS,6,2,20181.628202086737,0.37266286260785986
BikeSharing,81,Leverage,6,2,20382.73226356091,0.3664116302999485
BikeSharing,81,Coreset,6,2,20579.4973761967,0.3602952723300392
BikeSharing,82,SRS,6,2,19870.89468331018,0.3868831368958342
BikeSharing,82,PCA-QS,6,2,19859.136446518045,0.3872459375332753
BikeSharing,82,Leverage,6,2,20118.201414788844,0.37925248262257216
BikeSharing,82,Coreset,6,2,19860.438185932366,0.3872057723369413
BikeSharing,83,SRS,6,2,20261.42991236977,0.3750601255827909
BikeSharing,83,PCA-QS,6,2,20518.40888212241,0.3671339127844022
BikeSharing,83,Leverage,6,2,20493.744949834945,0.36789464264468485
BikeSharing,83,Coreset,6,2,20545.000334801374,0.3663137308342814
BikeSharing,84,SRS,6,2,20066.570235802144,0.388389730912979
BikeSharing,84,PCA-QS,6,2,19811.49542081491,0.3961641724043966
BikeSharing,84,Leverage,6,2,19960.108048781483,0.3916345986749409
BikeSharing,84,Coreset,6,2,19925.24518393779,0.39269718614742055
BikeSharing,85,SRS,6,2,21056.209472731323,0.37253757097558016
BikeSharing,85,PCA-QS,6,2,21178.181093240943,0.368902889748832
BikeSharing,85,Leverage,6,2,20941.422784749164,0.3759581455169869
BikeSharing,85,Coreset,6,2,20983.90055187282,0.37469233350208186
BikeSharing,86,SRS,6,2,20619.35752796421,0.37583315996746336
BikeSharing,86,PCA-QS,6,2,20874.636413657416,0.3681056342579905
BikeSharing,86,Leverage,6,2,20758.734153427915,0.37161410184346033
BikeSharing,86,Coreset,6,2,21099.425546844777,0.36130106128597017
BikeSharing,87,SRS,6,2,19774.89443967537,0.3879331574929791
BikeSharing,87,PCA-QS,6,2,19829.07455865004,0.38625619004070544
BikeSharing,87,Leverage,6,2,19941.960732343487,0.3827621696753365
BikeSharing,87,Coreset,6,2,19720.997738364447,0.3896013526832772
BikeSharing,88,SRS,6,2,21230.423482536662,0.370093078112009
BikeSharing,88,PCA-QS,6,2,21370.75577416581,0.3659294173195471
BikeSharing,88,Leverage,6,2,21307.84247354579,0.36779605571100293
BikeSharing,88,Coreset,6,2,21483.360921401792,0.3625884212370851
BikeSharing,89,SRS,6,2,20208.57955565145,0.3882363581636795
BikeSharing,89,PCA-QS,6,2,20339.075627039052,0.38428591960576086
BikeSharing,89,Leverage,6,2,20293.59504731144,0.3856627291440251
BikeSharing,89,Coreset,6,2,20235.486501047686,0.3874218184350974
BikeSharing,90,SRS,6,2,20594.06769808236,0.3684088633938676
BikeSharing,90,PCA-QS,6,2,20242.529377106657,0.3791900500424056
BikeSharing,90,Leverage,6,2,19980.9795639983,0.3872114155230877
BikeSharing,90,Coreset,6,2,20061.121125475573,0.384753586373214
BikeSharing,91,SRS,6,2,20550.52443593128,0.38197038389685734
BikeSharing,91,PCA-QS,6,2,20536.83619377138,0.3823820395250911
BikeSharing,91,Leverage,6,2,20504.74965676554,0.38334699933473604
BikeSharing,91,Coreset,6,2,20902.781633677492,0.3713767184470347
BikeSharing,92,SRS,6,2,20069.87770330371,0.38510752721105035
BikeSharing,92,PCA-QS,6,2,20147.234942261846,0.38273748865604396
BikeSharing,92,Leverage,6,2,20291.441023331816,0.37831936338935535
BikeSharing,92,Coreset,6,2,20453.054440608623,0.37336791947652825
BikeSharing,93,SRS,6,2,20741.158044108186,0.36791469308283764
BikeSharing,93,PCA-QS,6,2,20657.179756638267,0.3704739253830265
BikeSharing,93,Leverage,6,2,20766.073736834325,0.3671553891302636
BikeSharing,93,Coreset,6,2,20573.226563607142,0.3730323929319891
BikeSharing,94,SRS,6,2,20391.982546445728,0.3688651605083991
BikeSharing,94,PCA-QS,6,2,20550.852249442225,0.36394811998659615
BikeSharing,94,Leverage,6,2,20451.926308336155,0.36700989231890024
BikeSharing,94,Coreset,6,2,20541.685285910542,0.36423183884737975
BikeSharing,95,SRS,6,2,20146.69712037631,0.3698429196927663
BikeSharing,95,PCA-QS,6,2,19907.844252665334,0.37731386268855527
BikeSharing,95,Leverage,6,2,19911.707220315624,0.377193035120578
BikeSharing,95,Coreset,6,2,20062.166007795808,0.37248692028405805
BikeSharing,96,SRS,6,2,21239.396807497982,0.359580805542838
BikeSharing,96,PCA-QS,6,2,21539.783881380255,0.35052340859203956
BikeSharing,96,Leverage,6,2,21278.372686950366,0.35840558848990633
BikeSharing,96,Coreset,6,2,21507.352512018435,0.35150129283376663
BikeSharing,97,SRS,6,2,21282.82710327003,0.3671406679075624
BikeSharing,97,PCA-QS,6,2,20839.49895740926,0.38032333170151467
BikeSharing,97,Leverage,6,2,20855.51968852587,0.3798469443707859
BikeSharing,97,Coreset,6,2,21282.19717847068,0.3671593991496972
BikeSharing,98,SRS,6,2,19690.70054682822,0.37474358099541394
BikeSharing,98,PCA-QS,6,2,19766.987145932042,0.3723211844097638
BikeSharing,98,Leverage,6,2,19669.512971392665,0.3754163690210466
BikeSharing,98,Coreset,6,2,19625.77167092501,0.376805325641862
BikeSharing,99,SRS,6,2,20128.93762085914,0.3782851545790492
BikeSharing,99,PCA-QS,6,2,20156.526388847305,0.37743303078850476
BikeSharing,99,Leverage,6,2,20176.683966523065,0.37681043134859404
BikeSharing,99,Coreset,6,2,20184.524929749074,0.3765682504977299
BikeSharing,100,SRS,6,2,19516.107649315036,0.3822659759124565
BikeSharing,100,PCA-QS,6,2,19392.064433062224,0.3861922565270902
BikeSharing,100,Leverage,6,2,19632.0680135761,0.3785955379472222
BikeSharing,100,Coreset,6,2,19746.214596136084,0.37498251074693956
BikeSharing,101,SRS,6,2,21245.52043030044,0.38144678812864685
BikeSharing,101,PCA-QS,6,2,21330.485937920766,0.3789730578282171
BikeSharing,101,Leverage,6,2,21735.2676815906,0.3671880300867092
BikeSharing,101,Coreset,6,2,21270.302453416298,0.38072527132489165
BikeSharing,102,SRS,6,2,20215.58387900816,0.3668967223298433
BikeSharing,102,PCA-QS,6,2,20384.94165459289,0.3615928457036055
BikeSharing,102,Leverage,6,2,19879.62694921636,0.3774180822213107
BikeSharing,102,Coreset,6,2,19870.504992924023,0.3777037598679227
BikeSharing,103,SRS,6,2,20032.255374912427,0.38618786752778433
BikeSharing,103,PCA-QS,6,2,20124.233012886074,0.3833695632955477
BikeSharing,103,Leverage,6,2,20328.894317083767,0.3770984974962639
BikeSharing,103,Coreset,6,2,20250.08617144212,0.37951327281872016
BikeSharing,104,SRS,6,2,20781.58943622621,0.3670106109722656
BikeSharing,104,PCA-QS,6,2,20770.31412081937,0.3673540474082695
BikeSharing,104,Leverage,6,2,20471.476146490484,0.37645639578105483
BikeSharing,104,Coreset,6,2,20569.03694075508,0.37348477766954724
BikeSharing,105,SRS,6,2,20476.34606628238,0.3835048567750834
BikeSharing,105,PCA-QS,6,2,20417.700172981105,0.38527054818669015
BikeSharing,105,Leverage,6,2,20627.84831627036,0.37894347648765825
BikeSharing,105,Coreset,6,2,20431.54083630877,0.3848538380132591
BikeSharing,106,SRS,6,2,21066.742700253286,0.37295639689383464
BikeSharing,106,PCA-QS,6,2,21067.02664547697,0.3729479453719893
BikeSharing,106,Leverage,6,2,21257.32354154144,0.3672838304650963
BikeSharing,106,Coreset,6,2,21169.981456586855,0.3698835344835095
BikeSharing,107,SRS,6,2,20662.363623283356,0.3797478844886907
BikeSharing,107,PCA-QS,6,2,20547.466178812254,0.3831969276039584
BikeSharing,107,Leverage,6,2,20464.278905097446,0.3856940805650595
BikeSharing,107,Coreset,6,2,20471.02946460049,0.3854914392366525
BikeSharing,108,SRS,6,2,21806.83775752665,0.37319305666563485
BikeSharing,108,PCA-QS,6,2,21346.44490122982,0.3864264031139887
BikeSharing,108,Leverage,6,2,21498.625180200113,0.3820521945947265
BikeSharing,108,Coreset,6,2,21360.164051765736,0.3860320653879883
BikeSharing,109,SRS,6,2,19939.234481429907,0.38163768479277815
BikeSharing,109,PCA-QS,6,2,20045.466994068018,0.3783431660124126
BikeSharing,109,Leverage,6,2,19964.423576613597,0.38085651201353876
BikeSharing,109,Coreset,6,2,20035.510874359024,0.37865192857997587
BikeSharing,110,SRS,6,2,20852.965124445083,0.3701459966939644
BikeSharing,110,PCA-QS,6,2,20723.153731792878,0.37406688875170235
BikeSharing,110,Leverage,6,2,20855.57830969408,0.3700670666626409
BikeSharing,110,Coreset,6,2,20798.45122269034,0.37179256345562883
BikeSharing,111,SRS,6,2,21275.982303393677,0.3681166633639651
BikeSharing,111,PCA-QS,6,2,21020.822177049213,0.3756947591581742
BikeSharing,111,Leverage,6,2,21127.920294263684,0.37251401221601654
BikeSharing,111,Coreset,6,2,21001.755974078147,0.37626101343393625
BikeSharing,112,SRS,6,2,20623.12628668498,0.36907290586456454
BikeSharing,112,PCA-QS,6,2,20549.008683394994,0.37134039932884244
BikeSharing,112,Leverage,6,2,20812.566391015243,0.36327732992344386
BikeSharing,112,Coreset,6,2,20723.09518521171,0.3660145389722418
BikeSharing,113,SRS,6,2,19930.603744759126,0.37284012966686864
BikeSharing,113,PCA-QS,6,2,20082.368213004156,0.36806453001897754
BikeSharing,113,Leverage,6,2,20548.430559436983,0.3533988628621144
BikeSharing,113,Coreset,6,2,19926.57710545816,0.3729668366454537
BikeSharing,114,SRS,6,2,21153.5426738061,0.3718694904290226
BikeSharing,114,PCA-QS,6,2,21123.541238356673,0.3727603491011279
BikeSharing,114,Leverage,6,2,21338.83615777656,0.366367410124967
BikeSharing,114,Coreset,6,2,21219.80818522852,0.3699018110620914
BikeSharing,115,SRS,6,2,20465.708659773216,0.3730146304387022
BikeSharing,115,PCA-QS,6,2,20510.605123167406,0.3716391869511999
BikeSharing,115,Leverage,6,2,20476.732122224705,0.3726769167638966
BikeSharing,115,Coreset,6,2,20478.56143607793,0.37262087409069256
BikeSharing,116,SRS,6,2,20752.853677080977,0.3779586778371794
BikeSharing,116,PCA-QS,6,2,20471.989317406948,0.38637724235647686
BikeSharing,116,Leverage,6,2,20673.16646251757,0.38034720430576996
BikeSharing,116,Coreset,6,2,20744.66180919862,0.37820421902432466
BikeSharing,117,SRS,6,2,21302.459185514585,0.3611731403812941
BikeSharing,117,PCA-QS,6,2,21132.6911702123,0.36626421306613255
BikeSharing,117,Leverage,6,2,21261.478535391816,0.36240208487991166
BikeSharing,117,Coreset,6,2,21294.04031607178,0.36142560888180153
BikeSharing,118,SRS,6,2,20620.43756031895,0.36926996011172364
BikeSharing,118,PCA-QS,6,2,20598.96078603033,0.36992688345120706
BikeSharing,118,Leverage,6,2,20698.84461118838,0.3668716752946467
BikeSharing,118,Coreset,6,2,20768.43937646602,0.36474293729133433
BikeSharing,119,SRS,6,2,20718.783709009585,0.36712151915343993
BikeSharing,119,PCA-QS,6,2,20826.278090531494,0.363837982733899
BikeSharing,119,Leverage,6,2,20708.455329804405,0.3674370110777144
BikeSharing,119,Coreset,6,2,20633.039969894508,0.3697406578111623
BikeSharing,120,SRS,6,2,20592.699864973594,0.3597112303546688
BikeSharing,120,PCA-QS,6,2,20647.549525820406,0.3580057899758282
BikeSharing,120,Leverage,6,2,20586.27179323288,0.3599110983745515
BikeSharing,120,Coreset,6,2,20501.034860684726,0.362561370122669
BikeSharing,121,SRS,6,2,19846.835753481308,0.3759944769040666
BikeSharing,121,PCA-QS,6,2,19666.281257061848,0.38167130138052185
BikeSharing,121,Leverage,6,2,19735.05636511796,0.3795089391877977
BikeSharing,121,Coreset,6,2,19955.75046070094,0.37257008322763363
BikeSharing,122,SRS,6,2,20338.300145267294,0.38822766428495337
BikeSharing,122,PCA-QS,6,2,20449.89511933378,0.3848709079458744
BikeSharing,122,Leverage,6,2,20466.742589997677,0.384364139120293
BikeSharing,122,Coreset,6,2,20754.19524418396,0.37571761603807985
BikeSharing,123,SRS,6,2,20513.436898888438,0.37255158761508533
BikeSharing,123,PCA-QS,6,2,20549.800375482155,0.37143933101128046
BikeSharing,123,Leverage,6,2,20491.180478786588,0.3732323489875998
BikeSharing,123,Coreset,6,2,20602.49846074028,0.3698274446124329
BikeSharing,124,SRS,6,2,19825.447337025933,0.37483047027447436
BikeSharing,124,PCA-QS,6,2,19899.707524077283,0.3724887724844065
BikeSharing,124,Leverage,6,2,19819.828268433503,0.3750076602470237
BikeSharing,124,Coreset,6,2,20081.624521912465,0.3667522580919518
BikeSharing,125,SRS,6,2,21285.95736391156,0.36508308861668914
BikeSharing,125,PCA-QS,6,2,21163.130024365622,0.368746778894964
BikeSharing,125,Leverage,6,2,21554.26747805276,0.3570799424085578
BikeSharing,125,Coreset,6,2,21565.806637117315,0.3567357527107221
BikeSharing,126,SRS,6,2,20131.037291383695,0.3749046780143791
BikeSharing,126,PCA-QS,6,2,20018.4007291314,0.3784021921826425
BikeSharing,126,Leverage,6,2,20150.62036104126,0.3742965978118602
BikeSharing,126,Coreset,6,2,20292.689441358674,0.36988516504663316
BikeSharing,127,SRS,6,2,22314.88240930893,0.3647951200030741
BikeSharing,127,PCA-QS,6,2,22230.482128858333,0.36719761843582255
BikeSharing,127,Leverage,6,2,22321.72836981478,0.3646002461318245
BikeSharing,127,Coreset,6,2,22417.986258894038,0.3618602146246076
BikeSharing,128,SRS,6,2,21080.278206939794,0.36364334158419487
BikeSharing,128,PCA-QS,6,2,21102.60161699571,0.36296945813312387
BikeSharing,128,Leverage,6,2,21230.931167055813,0.35909553565209296
BikeSharing,128,Coreset,6,2,20881.71086410509,0.36963755330741577
BikeSharing,129,SRS,6,2,20386.725889361915,0.3816545715985913
BikeSharing,129,PCA-QS,6,2,20507.538145079492,0.3779902408755884
BikeSharing,129,Leverage,6,2,20451.40243601424,0.37969288107681276
BikeSharing,129,Coreset,6,2,20600.273501499607,0.3751775045880281
BikeSharing,130,SRS,6,2,20427.472350776283,0.3807791478328405
BikeSharing,130,PCA-QS,6,2,20552.761832100423,0.3769812301041613
BikeSharing,130,Leverage,6,2,20532.165258349436,0.3776055769509373
BikeSharing,130,Coreset,6,2,20604.228719737755,0.3754211070760193
BikeSharing,131,SRS,6,2,20650.03395571427,0.3865613929774875
BikeSharing,131,PCA-QS,6,2,20418.965445998056,0.3934256114592133
BikeSharing,131,Leverage,6,2,20517.285423885005,0.39050487678115897
BikeSharing,131,Coreset,6,2,20543.692033751242,0.38972043090531827
BikeSharing,132,SRS,6,2,21219.675573173285,0.36977391694365125
BikeSharing,132,PCA-QS,6,2,21191.56989584493,0.3706086578365181
BikeSharing,132,Leverage,6,2,20939.825642533986,0.37808548254804564
BikeSharing,132,Coreset,6,2,21126.038657118315,0.37255494093392383
BikeSharing,133,SRS,6,2,20806.67239364662,0.37053920241014193
BikeSharing,133,PCA-QS,6,2,20737.33952728127,0.3726367180789545
BikeSharing,133,Leverage,6,2,20889.3835035715,0.36803695696513006
BikeSharing,133,Coreset,6,2,20977.602397925664,0.3653680854343021
BikeSharing,134,SRS,6,2,20529.221519242972,0.37647422828941535
BikeSharing,134,PCA-QS,6,2,20202.305119843433,0.38640352833761116
BikeSharing,134,Leverage,6,2,20339.070280277898,0.3822496152375412
BikeSharing,134,Coreset,6,2,20331.032762791787,0.3824937355169423
BikeSharing,135,SRS,6,2,20513.465980451598,0.3651728820928023
BikeSharing,135,PCA-QS,6,2,20288.12582403299,0.37214644970854815
BikeSharing,135,Leverage,6,2,20279.077186814142,0.37242647651104477
BikeSharing,135,Coreset,6,2,20223.212175485907,0.3741553225367312
BikeSharing,136,SRS,6,2,20492.86377972915,0.37163177438812145
BikeSharing,136,PCA-QS,6,2,20615.113183047684,0.3678832675190442
BikeSharing,136,Leverage,6,2,20935.34633021686,0.35806402816666794
BikeSharing,136,Coreset,6,2,20613.08701636451,0.36794539542743143
BikeSharing,137,SRS,6,2,20475.46920368461,0.36519062764287935
BikeSharing,137,PCA-QS,6,2,20448.28196564633,0.3660335247381068
BikeSharing,137,Leverage,6,2,20592.669583197297,0.3615570161921059
BikeSharing,137,Coreset,6,2,20545.650339097538,0.3630147731078939
BikeSharing,138,SRS,6,2,20625.65282841268,0.38653985033098825
BikeSharing,138,PCA-QS,6,2,20766.877422380214,0.38233946640748284
BikeSharing,138,Leverage,6,2,21067.433681407114,0.37340014753207684
BikeSharing,138,Coreset,6,2,20794.441039090278,0.38151965330517545
BikeSharing,139,SRS,6,2,20754.170908989912,0.3764469505905633
BikeSharing,139,PCA-QS,6,2,20730.5639043635,0.37715621620212514
BikeSharing,139,Leverage,6,2,21083.337519491553,0.3665572351862655
BikeSharing,139,Coreset,6,2,21175.075160532262,0.3638010043511526
BikeSharing,140,SRS,6,2,20564.233281987286,0.3776402213310813
BikeSharing,140,PCA-QS,6,2,20334.710818754917,0.38458653182357927
BikeSharing,140,Leverage,6,2,20729.45919924973,0.3726397934577069
BikeSharing,140,Coreset,6,2,20583.851307498313,0.37704649776028043
BikeSharing,141,SRS,6,2,20189.109925532593,0.37419288949927654
BikeSharing,141,PCA-QS,6,2,20224.778834984598,0.373087251002027
BikeSharing,141,Leverage,6,2,20348.272471848395,0.36925928650354156
BikeSharing,141,Coreset,6,2,20357.608838579414,0.3689698847068271
BikeSharing,142,SRS,6,2,19643.98500552716,0.3747031798650441
BikeSharing,142,PCA-QS,6,2,19560.50087781232,0.3773606019500815
BikeSharing,142,Leverage,6,2,19747.13465454192,0.3714197754280718
BikeSharing,142,Coreset,6,2,19685.15565087411,0.3733926579108119
BikeSharing,143,SRS,6,2,20734.182444740734,0.37419277436645826
BikeSharing,143,PCA-QS,6,2,20778.052805648273,0.3728686619294109
BikeSharing,143,Leverage,6,2,20651.584075694012,0.3766857907326808
BikeSharing,143,Coreset,6,2,20821.22700913647,0.3715655611885982
BikeSharing,144,SRS,6,2,19762.829068459174,0.3772528350433575
BikeSharing,144,PCA-QS,6,2,19821.02535709451,0.37541900985400267
BikeSharing,144,Leverage,6,2,19970.97219137115,0.37069403016528824
BikeSharing,144,Coreset,6,2,19593.71666612617,0.38258174158538516
BikeSharing,145,SRS,6,2,20116.02292342254,0.3883754791837891
BikeSharing,145,PCA-QS,6,2,20321.77997814311,0.38211946821794907
BikeSharing,145,Leverage,6,2,20131.031722974363,0.3879191389882717
BikeSharing,145,Coreset,6,2,19990.169644236776,0.3922020283912627
BikeSharing,146,SRS,6,2,21239.964156347552,0.36584985935581704
BikeSharing,146,PCA-QS,6,2,21375.799934310708,0.36179428388187707
BikeSharing,146,Leverage,6,2,21179.9420567853,0.3676419067716685
BikeSharing,146,Coreset,6,2,21160.751207478937,0.36821487759671934
BikeSharing,147,SRS,6,2,19982.00289005125,0.3988357772030695
BikeSharing,147,PCA-QS,6,2,20148.466032427965,0.3938276863644352
BikeSharing,147,Leverage,6,2,20598.955687376976,0.38027457736001613
BikeSharing,147,Coreset,6,2,20027.999796030756,0.39745194724436206
BikeSharing,148,SRS,6,2,20389.902787672352,0.37906800214333924
BikeSharing,148,PCA-QS,6,2,20394.438068373795,0.3789298896208758
BikeSharing,148,Leverage,6,2,20596.74204213085,0.3727691436915105
BikeSharing,148,Coreset,6,2,20542.946578299696,0.37440737243542077
BikeSharing,149,SRS,6,2,21859.229614549153,0.36062761613275895
BikeSharing,149,PCA-QS,6,2,21571.97008914677,0.3690298247550998
BikeSharing,149,Leverage,6,2,22474.61470209704,0.34262788616240514
BikeSharing,149,Coreset,6,2,21613.731935655753,0.3678083100069599
BikeSharing,150,SRS,6,2,19788.794491586603,0.37819111991094456
BikeSharing,150,PCA-QS,6,2,19561.968125328774,0.3853185196541383
BikeSharing,150,Leverage,6,2,19610.761564779255,0.3837853189352519
BikeSharing,150,Coreset,6,2,19966.23472688708,0.3726155446002889
BikeSharing,151,SRS,6,2,20626.501218870715,0.3703366250368888
BikeSharing,151,PCA-QS,6,2,20532.960922533115,0.37319212137444
BikeSharing,151,Leverage,6,2,20519.244433483254,0.3736108434202263
BikeSharing,151,Coreset,6,2,20357.832028485107,0.37853826560460846
BikeSharing,152,SRS,6,2,19989.87861826103,0.3867046246313288
BikeSharing,152,PCA-QS,6,2,20190.425860911695,0.38055177604183144
BikeSharing,152,Leverage,6,2,20042.59899407122,0.38508714794277354
BikeSharing,152,Coreset,6,2,19961.034414412345,0.38758957331783217
BikeSharing,153,SRS,6,2,19969.205144356045,0.37345222665913025
BikeSharing,153,PCA-QS,6,2,20255.643922732805,0.36446500971718987
BikeSharing,153,Leverage,6,2,20241.907889648573,0.36489598735907625
BikeSharing,153,Coreset,6,2,20013.119232014862,0.37207439145527355
BikeSharing,154,SRS,6,2,19942.084855338635,0.37255870147975767
BikeSharing,154,PCA-QS,6,2,19955.42056595332,0.37213911768771857
BikeSharing,154,Leverage,6,2,20129.62808614236,0.36665799605613847
BikeSharing,154,Coreset,6,2,20101.1845560506,0.3675529198108377
BikeSharing,155,SRS,6,2,20742.872652525028,0.3826561888025649
BikeSharing,155,PCA-QS,6,2,20535.894873524896,0.38881620593527233
BikeSharing,155,Leverage,6,2,20952.014725118777,0.3764317585445389
BikeSharing,155,Coreset,6,2,20751.507834812615,0.38239919082388063
BikeSharing,156,SRS,6,2,20495.880901392495,0.37987583574204775
BikeSharing,156,PCA-QS,6,2,20133.542601569912,0.39083875733771634
BikeSharing,156,Leverage,6,2,20609.731527686847,0.37643116679511646
BikeSharing,156,Coreset,6,2,20097.19495377657,0.3919384931733719
BikeSharing,157,SRS,6,2,20620.593234351214,0.3770331067649112
BikeSharing,157,PCA-QS,6,2,20912.8086395254,0.36820501336100575
BikeSharing,157,Leverage,6,2,21033.53865249881,0.3645576497644538
BikeSharing,157,Coreset,6,2,20756.10257238321,0.3729392463042187
BikeSharing,158,SRS,6,2,21567.46593060329,0.3719674552040111
BikeSharing,158,PCA-QS,6,2,21492.35151812298,0.3741547448824859
BikeSharing,158,Leverage,6,2,21608.019111820064,0.37078656924916176
BikeSharing,158,Coreset,6,2,21694.2585592501,0.36827532477539937
BikeSharing,159,SRS,6,2,20299.072298405,0.37802470283936107
BikeSharing,159,PCA-QS,6,2,20419.02910441622,0.3743491570327119
BikeSharing,159,Leverage,6,2,20641.7862197149,0.36752375038625007
BikeSharing,159,Coreset,6,2,20283.33974933682,0.37850675722775506
BikeSharing,160,SRS,6,2,19256.820818093838,0.3789568708420704
BikeSharing,160,PCA-QS,6,2,19347.972407042253,0.3760171816502257
BikeSharing,160,Leverage,6,2,19256.477117517734,0.37896795537587247
BikeSharing,160,Coreset,6,2,19113.7063885282,0.38357239040288926
BikeSharing,161,SRS,6,2,20522.944507332093,0.3751848199405593
BikeSharing,161,PCA-QS,6,2,20617.021590985085,0.37232067001601454
BikeSharing,161,Leverage,6,2,20695.74190423288,0.3699240525774845
BikeSharing,161,Coreset,6,2,20435.129612891335,0.37785831930427394
BikeSharing,162,SRS,6,2,20813.577494319503,0.37283058546813796
BikeSharing,162,PCA-QS,6,2,20890.180356160196,0.37052233394217116
BikeSharing,162,Leverage,6,2,20906.81426838382,0.37002110915303954
BikeSharing,162,Coreset,6,2,20865.33602538177,0.37127096086096933
BikeSharing,163,SRS,6,2,20485.61405583088,0.3779283522159327
BikeSharing,163,PCA-QS,6,2,20631.201847716526,0.3735073943013336
BikeSharing,163,Leverage,6,2,20466.77024189944,0.3785005685210393
BikeSharing,163,Coreset,6,2,20807.669537763322,0.3681487291215211
BikeSharing,164,SRS,6,2,21187.668497701452,0.3737634128838073
BikeSharing,164,PCA-QS,6,2,21344.040626247363,0.36914157598319175
BikeSharing,164,Leverage,6,2,21331.15328948755,0.3695224825369431
BikeSharing,164,Coreset,6,2,21025.3248877863,0.378561746793195
BikeSharing,165,SRS,6,2,20817.392096125004,0.3720026405097837
BikeSharing,165,PCA-QS,6,2,20703.80951848809,0.37542908117587237
BikeSharing,165,Leverage,6,2,20854.101570401133,0.3708952274002437
BikeSharing,165,Coreset,6,2,20906.049219885444,0.3693281249237552
BikeSharing,166,SRS,6,2,20214.796482275557,0.3613785445590172
BikeSharing,166,PCA-QS,6,2,20003.90750537207,0.36804090326664274
BikeSharing,166,Leverage,6,2,20114.19429653821,0.36455674693827234
BikeSharing,166,Coreset,6,2,20328.894195774545,0.35777399440086444
BikeSharing,167,SRS,6,2,20753.111860824094,0.36292698166446724
BikeSharing,167,PCA-QS,6,2,20584.839056751018,0.3680925714764214
BikeSharing,167,Leverage,6,2,20775.705618876724,0.36223340502233947
BikeSharing,167,Coreset,6,2,20581.332449846857,0.368200216279742
BikeSharing,168,SRS,6,2,20837.273739204837,0.3846901921127366
BikeSharing,168,PCA-QS,6,2,21018.55923273449,0.3793369609946654
BikeSharing,168,Leverage,6,2,20793.97062598817,0.38596890211135493
BikeSharing,168,Coreset,6,2,21061.968250637372,0.3780551237063189
BikeSharing,169,SRS,6,2,20597.26849610078,0.3644663120634376
BikeSharing,169,PCA-QS,6,2,20393.49249823675,0.37075386963253953
BikeSharing,169,Leverage,6,2,20411.8168980294,0.37018846585671106
BikeSharing,169,Coreset,6,2,20662.456891416306,0.3624549084011809
BikeSharing,170,SRS,6,2,20611.35623723777,0.3830636276234055
BikeSharing,170,PCA-QS,6,2,20713.46221813216,0.3800074049893446
BikeSharing,170,Leverage,6,2,20626.14629179932,0.3826209336782119
BikeSharing,170,Coreset,6,2,20990.495369839096,0.37171528555407174
BikeSharing,171,SRS,6,2,21396.178196650806,0.37175286684034503
BikeSharing,171,PCA-QS,6,2,21379.883573022606,0.37223131913618246
BikeSharing,171,Leverage,6,2,21428.7141289891,0.37079752771256524
BikeSharing,171,Coreset,6,2,21563.458832366126,0.3668410747036669
BikeSharing,172,SRS,6,2,20802.838806615044,0.38426665531786386
BikeSharing,172,PCA-QS,6,2,20726.165313181053,0.38653607763082054
BikeSharing,172,Leverage,6,2,21182.032613446525,0.3730430779429885
BikeSharing,172,Coreset,6,2,20937.503251095637,0.3802807863900408
BikeSharing,173,SRS,6,2,21385.232623509888,0.37054428075859547
BikeSharing,173,PCA-QS,6,2,21270.349576806086,0.3739257633014642
BikeSharing,173,Leverage,6,2,21704.726601718514,0.3611402534381014
BikeSharing,173,Coreset,6,2,21304.507379708084,0.372920358086945
BikeSharing,174,SRS,6,2,20090.329714138952,0.3793066940058756
BikeSharing,174,PCA-QS,6,2,19913.818291089043,0.3847600369961338
BikeSharing,174,Leverage,6,2,20449.57019603113,0.3682079133723426
BikeSharing,174,Coreset,6,2,20132.50882564701,0.3780035649612882
BikeSharing,175,SRS,6,2,21096.59580662126,0.3753289674816981
BikeSharing,175,PCA-QS,6,2,21611.879873687452,0.3600713859664165
BikeSharing,175,Leverage,6,2,21556.515694805916,0.3617107214830786
BikeSharing,175,Coreset,6,2,21217.8119789013,0.371739751847566
BikeSharing,176,SRS,6,2,20902.224838809114,0.37965229320542937
BikeSharing,176,PCA-QS,6,2,20901.378348596678,0.3796774158067868
BikeSharing,176,Leverage,6,2,20795.912318705716,0.3828074945563996
BikeSharing,176,Coreset,6,2,21119.576654928223,0.373201606652351
BikeSharing,177,SRS,6,2,20906.710858336806,0.3502569552905286
BikeSharing,177,PCA-QS,6,2,20490.033884415538,0.36320652768048556
BikeSharing,177,Leverage,6,2,20810.93525727921,0.3532334890485983
BikeSharing,177,Coreset,6,2,20523.162458800718,0.3621769510563211
BikeSharing,178,SRS,6,2,21172.449646921024,0.3615794868813236
BikeSharing,178,PCA-QS,6,2,20971.072222600476,0.3676516930128394
BikeSharing,178,Leverage,6,2,21128.04699227681,0.3629183761470687
BikeSharing,178,Coreset,6,2,21119.12643896866,0.3631873608094609
BikeSharing,179,SRS,6,2,20279.480634933916,0.37381621466197135
BikeSharing,179,PCA-QS,6,2,20316.023749585594,0.3726878472115146
BikeSharing,179,Leverage,6,2,20401.4448570893,0.37005023960176664
BikeSharing,179,Coreset,6,2,20376.07867345752,0.37083348909281943
BikeSharing,180,SRS,6,2,20757.84730176106,0.38049759976919273
BikeSharing,180,PCA-QS,6,2,20971.635883525243,0.37411723972416944
BikeSharing,180,Leverage,6,2,21212.975420925653,0.36691464205030255
BikeSharing,180,Coreset,6,2,20968.610043568686,0.37420754365060993
BikeSharing,181,SRS,6,2,21225.90998716859,0.36304814224063386
BikeSharing,181,PCA-QS,6,2,21359.512391916793,0.3590389713755482
BikeSharing,181,Leverage,6,2,21428.641603625543,0.3569645265178274
BikeSharing,181,Coreset,6,2,21111.277665562353,0.3664880546048388
BikeSharing,182,SRS,6,2,20440.535536113934,0.35844175053203897
BikeSharing,182,PCA-QS,6,2,20430.401955273504,0.3587598088516628
BikeSharing,182,Leverage,6,2,20743.04897216647,0.3489468921350313
BikeSharing,182,Coreset,6,2,20690.729682212004,0.3505890150636253
BikeSharing,183,SRS,6,2,20850.566014327444,0.3695944416134769
BikeSharing,183,PCA-QS,6,2,20740.5255917115,0.3729214541279873
BikeSharing,183,Leverage,6,2,20828.55749238795,0.37025985734142375
BikeSharing,183,Coreset,6,2,20705.47826470709,0.373981091057507
BikeSharing,184,SRS,6,2,20764.85200718917,0.3782902723070781
BikeSharing,184,PCA-QS,6,2,20776.114071759224,0.37795308063845046
BikeSharing,184,Leverage,6,2,21089.819095905055,0.36856060025524906
BikeSharing,184,Coreset,6,2,21200.42029249007,0.36524914685372345
BikeSharing,185,SRS,6,2,20329.21869327779,0.38872605024537155
BikeSharing,185,PCA-QS,6,2,20309.67758121879,0.389313626823258
BikeSharing,185,Leverage,6,2,20949.695890595274,0.3700690839910631
BikeSharing,185,Coreset,6,2,20543.83148891854,0.3822729143310739
BikeSharing,186,SRS,6,2,20230.827915272155,0.3790292363365143
BikeSharing,186,PCA-QS,6,2,20396.878668781832,0.3739324274641517
BikeSharing,186,Leverage,6,2,20300.48110657361,0.37689128154913687
BikeSharing,186,Coreset,6,2,20751.059089782662,0.36306111327846213
BikeSharing,187,SRS,6,2,19495.197806169148,0.3845066857272855
BikeSharing,187,PCA-QS,6,2,19787.043170525376,0.375292679675708
BikeSharing,187,Leverage,6,2,19568.880047484203,0.38218042428788157
BikeSharing,187,Coreset,6,2,19634.33640273739,0.38011386669582425
BikeSharing,188,SRS,6,2,19800.452419025438,0.38212311547419753
BikeSharing,188,PCA-QS,6,2,19707.577122683884,0.3850213067649071
BikeSharing,188,Leverage,6,2,19747.731019244256,0.3837682967839606
BikeSharing,188,Coreset,6,2,19853.18539581103,0.3804775729018094
BikeSharing,189,SRS,6,2,20514.198592457764,0.3754606437383321
BikeSharing,189,PCA-QS,6,2,20924.994439437967,0.36295427295949456
BikeSharing,189,Leverage,6,2,21192.120807674182,0.3548218114691344
BikeSharing,189,Coreset,6,2,20887.077683709038,0.36410862008681466
BikeSharing,190,SRS,6,2,20388.78507445031,0.36689923981530526
BikeSharing,190,PCA-QS,6,2,20426.200711307367,0.3657374311027949
BikeSharing,190,Leverage,6,2,20586.368790655437,0.36076398455253156
BikeSharing,190,Coreset,6,2,20768.734526930897,0.3551012691996528
BikeSharing,191,SRS,6,2,20987.554305433412,0.3747604022241744
BikeSharing,191,PCA-QS,6,2,20337.072952684364,0.39413887259926705
BikeSharing,191,Leverage,6,2,21692.45976479099,0.35376058492937823
BikeSharing,191,Coreset,6,2,20468.440887804798,0.3902252944033514
BikeSharing,192,SRS,6,2,20624.627397062093,0.3903111654809557
BikeSharing,192,PCA-QS,6,2,20559.042939574203,0.3922499210608045
BikeSharing,192,Leverage,6,2,20987.11791857358,0.3795955089345485
BikeSharing,192,Coreset,6,2,20675.030548296912,0.38882118760446716
BikeSharing,193,SRS,6,2,20023.709678268642,0.4025176685447456
BikeSharing,193,PCA-QS,6,2,20355.8820700481,0.3926060618407764
BikeSharing,193,Leverage,6,2,20501.173160150014,0.3882707583106828
BikeSharing,193,Coreset,6,2,20245.252142481506,0.3959071198421792
BikeSharing,194,SRS,6,2,20379.008762997088,0.37605311578075484
BikeSharing,194,PCA-QS,6,2,20520.68913112758,0.37171526867159765
BikeSharing,194,Leverage,6,2,20995.12945437268,0.35718926473885204
BikeSharing,194,Coreset,6,2,20765.76265031121,0.3642118193881899
BikeSharing,195,SRS,6,2,20246.928884694393,0.3741893496591283
BikeSharing,195,PCA-QS,6,2,20289.09719628675,0.3728859728037208
BikeSharing,195,Leverage,6,2,20328.478292549993,0.37166874575639985
BikeSharing,195,Coreset,6,2,20425.92585695709,0.3686567470477048
BikeSharing,196,SRS,6,2,19919.190652779802,0.3762632947926954
BikeSharing,196,PCA-QS,6,2,20618.345318365726,0.35437041595316177
BikeSharing,196,Leverage,6,2,20260.15300218318,0.36558661941347126
BikeSharing,196,Coreset,6,2,19971.418700548405,0.3746278593474278
BikeSharing,197,SRS,6,2,20557.449814037027,0.38310190172786207
BikeSharing,197,PCA-QS,6,2,20524.093930942916,0.38410286152750095
BikeSharing,197,Leverage,6,2,20605.015324473043,0.381674532419083
BikeSharing,197,Coreset,6,2,20474.565607606924,0.3855891318943495
BikeSharing,198,SRS,6,2,21724.743230491855,0.3794516303322334
BikeSharing,198,PCA-QS,6,2,21947.42837217282,0.3730908232030882
BikeSharing,198,Leverage,6,2,22175.64761862643,0.36657193919092557
BikeSharing,198,Coreset,6,2,21559.758714342235,0.3841642693462297
BikeSharing,199,SRS,6,2,20275.314387888753,0.3763478812083457
BikeSharing,199,PCA-QS,6,2,20074.72637737621,0.38251780466142304
BikeSharing,199,Leverage,6,2,20138.04176019864,0.3805702751734018
BikeSharing,199,Coreset,6,2,20346.097144771622,0.37417066139022614
BikeSharing,200,SRS,6,2,20489.05453473965,0.3835779007483082
BikeSharing,200,PCA-QS,6,2,20401.985405570096,0.3861974132930044
BikeSharing,200,Leverage,6,2,20645.74726803079,0.3788637318524697
BikeSharing,200,Coreset,6,2,20570.168844625012,0.38113754152655355
BikeSharing,201,SRS,6,2,20331.58736836679,0.360391603908763
BikeSharing,201,PCA-QS,6,2,20020.794339653996,0.3701687957733102
BikeSharing,201,Leverage,6,2,20114.699669222322,0.36721464191697806
BikeSharing,201,Coreset,6,2,20076.293995038337,0.36842284033358763
BikeSharing,202,SRS,6,2,21053.470146683514,0.37467218414840364
BikeSharing,202,PCA-QS,6,2,20700.474825563047,0.3851568117002596
BikeSharing,202,Leverage,6,2,20701.33014882586,0.3851314069843599
BikeSharing,202,Coreset,6,2,20887.45283499425,0.3796032117742014
BikeSharing,203,SRS,6,2,21297.58446638128,0.3786772384375693
BikeSharing,203,PCA-QS,6,2,21282.61219023594,0.3791140305055234
BikeSharing,203,Leverage,6,2,21430.438953434666,0.3748014225246299
BikeSharing,203,Coreset,6,2,21319.3235225562,0.378043036449185
BikeSharing,204,SRS,6,2,21046.233180600968,0.37842939835975453
BikeSharing,204,PCA-QS,6,2,20894.85031727457,0.3829002761946796
BikeSharing,204,Leverage,6,2,21099.463526624335,0.3768573157015732
BikeSharing,204,Coreset,6,2,20855.992906709365,0.3840478746202951
BikeSharing,205,SRS,6,2,20885.436052263685,0.3717110000082834
BikeSharing,205,PCA-QS,6,2,20721.73454244624,0.37663557317223173
BikeSharing,205,Leverage,6,2,21246.99071089294,0.36083448230742843
BikeSharing,205,Coreset,6,2,20935.109796800334,0.37021668276239605
BikeSharing,206,SRS,6,2,20233.370181364022,0.3759006689302886
BikeSharing,206,PCA-QS,6,2,20276.39027451839,0.3745737119715845
BikeSharing,206,Leverage,6,2,20429.840509850128,0.3698405316677301
BikeSharing,206,Coreset,6,2,20863.08890901478,0.35647696278711294
BikeSharing,207,SRS,6,2,20427.24667393841,0.3695405512951607
BikeSharing,207,PCA-QS,6,2,20379.505195021236,0.3710140277239189
BikeSharing,207,Leverage,6,2,20368.22611855842,0.37136214122360645
BikeSharing,207,Coreset,6,2,20171.627021934226,0.37742990747972627
BikeSharing,208,SRS,6,2,20625.756321640845,0.36552027824615274
BikeSharing,208,PCA-QS,6,2,20472.14681730716,0.3702455408764558
BikeSharing,208,Leverage,6,2,20763.502612064924,0.3612829922694346
BikeSharing,208,Coreset,6,2,20427.210342079103,0.371627855389179
BikeSharing,209,SRS,6,2,20446.82136811178,0.37133951398072107
BikeSharing,209,PCA-QS,6,2,20263.74236363131,0.3769684835826229
BikeSharing,209,Leverage,6,2,20257.37760942887,0.37716417509859335
BikeSharing,209,Coreset,6,2,20540.912790804785,0.3684465675194839
BikeSharing,210,SRS,6,2,20483.559053560988,0.3781006175424879
BikeSharing,210,PCA-QS,6,2,20568.590398662243,0.37551898898517877
BikeSharing,210,Leverage,6,2,20520.08118354439,0.376991772637981
BikeSharing,210,Coreset,6,2,20820.35583201546,0.36787516267955
BikeSharing,211,SRS,6,2,20467.50184057537,0.36962129846228475
BikeSharing,211,PCA-QS,6,2,20415.961161005725,0.3712087001352664
BikeSharing,211,Leverage,6,2,20410.352211779868,0.3713814501932622
BikeSharing,211,Coreset,6,2,20407.673281119885,0.371463958593364
BikeSharing,212,SRS,6,2,21451.303297845097,0.36577735177478166
BikeSharing,212,PCA-QS,6,2,21098.85060716639,0.37619785983215503
BikeSharing,212,Leverage,6,2,21267.262387995183,0.3712186488188879
BikeSharing,212,Coreset,6,2,21526.632915200396,0.3635501794325926
BikeSharing,213,SRS,6,2,20567.900821436084,0.3657705655146185
BikeSharing,213,PCA-QS,6,2,21033.102946867963,0.3514256460454154
BikeSharing,213,Leverage,6,2,20760.516496485132,0.359831090615359
BikeSharing,213,Coreset,6,2,21235.141695988346,0.34519560231313484
BikeSharing,214,SRS,6,2,20945.026937406525,0.37336034540092544
BikeSharing,214,PCA-QS,6,2,20919.549295222743,0.3741225932101909
BikeSharing,214,Leverage,6,2,21039.128458800322,0.370544987605508
BikeSharing,214,Coreset,6,2,21034.961881663196,0.37066964452124607
BikeSharing,215,SRS,6,2,20288.155661126893,0.3721653171358861
BikeSharing,215,PCA-QS,6,2,20410.803019458694,0.3683698875951955
BikeSharing,215,Leverage,6,2,20397.903520970704,0.36876907383358937
BikeSharing,215,Coreset,6,2,20272.94161960754,0.3726361289283392
BikeSharing,216,SRS,6,2,19995.691580955914,0.3879291923415382
BikeSharing,216,PCA-QS,6,2,20067.577420145757,0.38572875713908505
BikeSharing,216,Leverage,6,2,20120.240025110947,0.3841167477207591
BikeSharing,216,Coreset,6,2,20323.836372486574,0.37788463615462553
BikeSharing,217,SRS,6,2,20191.004675647022,0.38131754738668844
BikeSharing,217,PCA-QS,6,2,20206.595557468732,0.38083981954902946
BikeSharing,217,Leverage,6,2,20519.604966642655,0.37124874510426253
BikeSharing,217,Coreset,6,2,20285.00749060538,0.37843716114314807
BikeSharing,218,SRS,6,2,20854.061707365196,0.372643678744085
BikeSharing,218,PCA-QS,6,2,20966.085452172843,0.36927364918236094
BikeSharing,218,Leverage,6,2,21199.934800536255,0.362238719058147
BikeSharing,218,Coreset,6,2,21109.382268579062,0.3649628264347454
BikeSharing,219,SRS,6,2,19880.075066838486,0.3745983305320073
BikeSharing,219,PCA-QS,6,2,19990.112318251136,0.37113669970285956
BikeSharing,219,Leverage,6,2,19989.971648090614,0.3711411250057288
BikeSharing,219,Coreset,6,2,19922.22359035644,0.37327239202900286
BikeSharing,220,SRS,6,2,21154.88388680762,0.37063536826521837
BikeSharing,220,PCA-QS,6,2,21028.381628175925,0.37439885133812734
BikeSharing,220,Leverage,6,2,21163.281617470344,0.3703855330643149
BikeSharing,220,Coreset,6,2,21486.016317748898,0.3607840714408118
BikeSharing,221,SRS,6,2,20676.694845827835,0.37602600785547524
BikeSharing,221,PCA-QS,6,2,20732.09176585831,0.3743542591740895
BikeSharing,221,Leverage,6,2,20843.821115958333,0.3709825303198673
BikeSharing,221,Coreset,6,2,20600.736002208905,0.3783182670025481
BikeSharing,222,SRS,6,2,20492.630912719764,0.3795309542029651
BikeSharing,222,PCA-QS,6,2,20368.915240748483,0.3832767760676684
BikeSharing,222,Leverage,6,2,20429.991668324317,0.3814275243585993
BikeSharing,222,Coreset,6,2,20453.746876321457,0.38070827209170044
BikeSharing,223,SRS,6,2,19476.46075232705,0.39343444611980494
BikeSharing,223,PCA-QS,6,2,19591.1274618993,0.389863321104445
BikeSharing,223,Leverage,6,2,19608.557097764773,0.3893205008833016
BikeSharing,223,Coreset,6,2,19800.32316040105,0.3833482305885305
BikeSharing,224,SRS,6,2,20463.54115633176,0.3787551737493906
BikeSharing,224,PCA-QS,6,2,20337.89147445689,0.3825697244270305
BikeSharing,224,Leverage,6,2,20588.64706182805,0.37495713137103515
BikeSharing,224,Coreset,6,2,20640.00079631558,0.3733981029694843
BikeSharing,225,SRS,6,2,21131.44295160607,0.36808141033840636
BikeSharing,225,PCA-QS,6,2,21392.314538490813,0.3602802580155613
BikeSharing,225,Leverage,6,2,20855.20048449525,0.3763422163146515
BikeSharing,225,Coreset,6,2,20933.504148331493,0.37400060902687393
BikeSharing,226,SRS,6,2,20788.265595051034,0.37197015990362003
BikeSharing,226,PCA-QS,6,2,20844.15922109774,0.37028156953671243
BikeSharing,226,Leverage,6,2,21320.074288401906,0.3559038013553376
BikeSharing,226,Coreset,6,2,21044.848883229195,0.3642185771316404
BikeSharing,227,SRS,6,2,20582.929821507583,0.37223287324563437
BikeSharing,227,PCA-QS,6,2,20589.172435586217,0.37204247722633277
BikeSharing,227,Leverage,6,2,20526.354852154884,0.37395837618738026
BikeSharing,227,Coreset,6,2,20624.385160010122,0.3709685100589526
BikeSharing,228,SRS,6,2,21145.352218875018,0.361478156594751
BikeSharing,228,PCA-QS,6,2,20977.503708794244,0.36654664346412236
BikeSharing,228,Leverage,6,2,21012.375197933332,0.365493636292764
BikeSharing,228,Coreset,6,2,21108.190464588286,0.3626003224308044
BikeSharing,229,SRS,6,2,20354.825347371505,0.38197912172883286
BikeSharing,229,PCA-QS,6,2,20242.41229934757,0.3853922490577717
BikeSharing,229,Leverage,6,2,20618.78502728395,0.3739646784494789
BikeSharing,229,Coreset,6,2,20611.206618918557,0.37419477694032555
BikeSharing,230,SRS,6,2,21096.511024966996,0.3792893680188647
BikeSharing,230,PCA-QS,6,2,21428.393493544503,0.3695245791127557
BikeSharing,230,Leverage,6,2,20856.640927264994,0.3863469293265984
BikeSharing,230,Coreset,6,2,21054.503005117356,0.38052534606842403
BikeSharing,231,SRS,6,2,21332.739388998278,0.3627907340075909
BikeSharing,231,PCA-QS,6,2,21323.491601934584,0.36306696555476614
BikeSharing,231,Leverage,6,2,21045.245474618594,0.3713781818181444
BikeSharing,231,Coreset,6,2,20934.098034952665,0.37469815761473557
BikeSharing,232,SRS,6,2,20984.18911234133,0.37213692445471946
BikeSharing,232,PCA-QS,6,2,21533.13078801031,0.3557121673704535
BikeSharing,232,Leverage,6,2,21508.723296340686,0.35644245829110777
BikeSharing,232,Coreset,6,2,20951.85624998106,0.37310434856122265
BikeSharing,233,SRS,6,2,21094.04038848336,0.3861650948384012
BikeSharing,233,PCA-QS,6,2,20904.14977904502,0.3916908965382644
BikeSharing,233,Leverage,6,2,21404.852677969993,0.37712048182323654
BikeSharing,233,Coreset,6,2,21499.1041746959,0.3743777707309759
BikeSharing,234,SRS,6,2,20263.400171890687,0.365497069247225
BikeSharing,234,PCA-QS,6,2,19566.290293363036,0.3873255016539485
BikeSharing,234,Leverage,6,2,19766.03533646276,0.38107093360638444
BikeSharing,234,Coreset,6,2,19521.44190450797,0.38872982836746595
BikeSharing,235,SRS,6,2,20606.573622657914,0.36706996122829816
BikeSharing,235,PCA-QS,6,2,20751.365089270417,0.3626226974446627
BikeSharing,235,Leverage,6,2,20573.45272091771,0.3680872683268218
BikeSharing,235,Coreset,6,2,20986.94474042555,0.3553868784060481
BikeSharing,236,SRS,6,2,20957.396980106172,0.3667028179879064
BikeSharing,236,PCA-QS,6,2,20629.22773394107,0.37661953899179224
BikeSharing,236,Leverage,6,2,20960.417935384878,0.3666115298156776
BikeSharing,236,Coreset,6,2,20549.71343295217,0.3790223270285763
BikeSharing,237,SRS,6,2,20409.640820536617,0.3733943236458318
BikeSharing,237,PCA-QS,6,2,20204.80562709251,0.37968306219139347
BikeSharing,237,Leverage,6,2,20307.397560345125,0.3765333405334038
BikeSharing,237,Coreset,6,2,20198.866989413553,0.37986538701093187
BikeSharing,238,SRS,6,2,21606.994178238936,0.3737154381139359
BikeSharing,238,PCA-QS,6,2,21568.902533092638,0.3748195347363156
BikeSharing,238,Leverage,6,2,21535.465178792994,0.37578872548147124
BikeSharing,238,Coreset,6,2,21440.73856645647,0.378534401923865
BikeSharing,239,SRS,6,2,20928.497062498387,0.3685922825967035
BikeSharing,239,PCA-QS,6,2,20538.205235033754,0.3803672930604117
BikeSharing,239,Leverage,6,2,20731.437525564106,0.3745375213798162
BikeSharing,239,Coreset,6,2,20729.499052270534,0.37459600465235543
BikeSharing,240,SRS,6,2,20575.2123648139,0.3814224725982326
BikeSharing,240,PCA-QS,6,2,20694.813950543703,0.37782674528022
BikeSharing,240,Leverage,6,2,20769.941984025914,0.37556808022413246
BikeSharing,240,Coreset,6,2,20561.097792778804,0.3818468160710967
BikeSharing,241,SRS,6,2,20714.85129965001,0.3652999143125616
BikeSharing,241,PCA-QS,6,2,20507.149751339926,0.3716638600924693
BikeSharing,241,Leverage,6,2,20704.5206864351,0.3656164428262285
BikeSharing,241,Coreset,6,2,20459.022780471325,0.3731384636072286
BikeSharing,242,SRS,6,2,20615.457209581586,0.3742547810105712
BikeSharing,242,PCA-QS,6,2,20616.539213168486,0.3742219387328305
BikeSharing,242,Leverage,6,2,20768.41680785009,0.36961196681819064
BikeSharing,242,Coreset,6,2,20751.376991667406,0.3701291798685914
BikeSharing,243,SRS,6,2,20616.92750902775,0.3719942699433525
BikeSharing,243,PCA-QS,6,2,20635.335994671907,0.37143353486480446
BikeSharing,243,Leverage,6,2,20758.928751778527,0.36766881484905667
BikeSharing,243,Coreset,6,2,21131.92080931913,0.35630722135756543
BikeSharing,244,SRS,6,2,21053.5320570349,0.358785837043905
BikeSharing,244,PCA-QS,6,2,20561.57299625104,0.3737691242431558
BikeSharing,244,Leverage,6,2,21193.496455321736,0.3545230295374012
BikeSharing,244,Coreset,6,2,20642.200032519686,0.3713135173914136
BikeSharing,245,SRS,6,2,20287.50594960009,0.3848730780873736
BikeSharing,245,PCA-QS,6,2,20250.682908820065,0.3859895703652688
BikeSharing,245,Leverage,6,2,20552.459510603243,0.37683955889410525
BikeSharing,245,Coreset,6,2,20160.72407830289,0.3887171653023871
BikeSharing,246,SRS,6,2,20234.82178898536,0.382118968490482
BikeSharing,246,PCA-QS,6,2,20180.20154069766,0.3837868267847261
BikeSharing,246,Leverage,6,2,20493.455746072163,0.3742214432315656
BikeSharing,246,Coreset,6,2,20412.717899454743,0.3766868162637602
BikeSharing,247,SRS,6,2,20683.789541500006,0.3715367452746485
BikeSharing,247,PCA-QS,6,2,21048.42936204061,0.36045740568073004
BikeSharing,247,Leverage,6,2,21075.96749259712,0.3596206778111164
BikeSharing,247,Coreset,6,2,20879.236527177247,0.36559821798019265
BikeSharing,248,SRS,6,2,20881.11240977318,0.37565487800354
BikeSharing,248,PCA-QS,6,2,20859.16694571296,0.37631104723279685
BikeSharing,248,Leverage,6,2,20823.421803119298,0.37737982675830617
BikeSharing,248,Coreset,6,2,20760.635055448172,0.3792571500955504
BikeSharing,249,SRS,6,2,19856.73230906227,0.38477825410206656
BikeSharing,249,PCA-QS,6,2,19939.47194704157,0.382214729361928
BikeSharing,249,Leverage,6,2,19770.081976904126,0.3874629439998418
BikeSharing,249,Coreset,6,2,20039.28316730019,0.37912227526465014
BikeSharing,250,SRS,6,2,20015.208430488474,0.37506237710482326
BikeSharing,250,PCA-QS,6,2,20073.88809093992,0.3732302139453849
BikeSharing,250,Leverage,6,2,20144.749947350127,0.3710176843955313
BikeSharing,250,Coreset,6,2,20185.16322308818,0.36975585509403497
BikeSharing,251,SRS,6,2,20184.197270925488,0.3797484089810933
BikeSharing,251,PCA-QS,6,2,20311.36095233499,0.3758407244368246
BikeSharing,251,Leverage,6,2,20514.73171496985,0.36959122947807777
BikeSharing,251,Coreset,6,2,20365.535734684552,0.37417595697075245
BikeSharing,252,SRS,6,2,21557.20694933839,0.36921854263224774
BikeSharing,252,PCA-QS,6,2,21451.139562540237,0.3723221608783852
BikeSharing,252,Leverage,6,2,21551.386453261282,0.3693888550946529
BikeSharing,252,Coreset,6,2,21601.558684535546,0.367920774687161
BikeSharing,253,SRS,6,2,20891.08086725429,0.3640018047453899
BikeSharing,253,PCA-QS,6,2,20747.283163009935,0.3683795141115205
BikeSharing,253,Leverage,6,2,20910.94187211009,0.36339716569753533
BikeSharing,253,Coreset,6,2,20712.72911250392,0.3694314612989448
BikeSharing,254,SRS,6,2,20144.56934462834,0.3691918767614184
BikeSharing,254,PCA-QS,6,2,19821.97308492311,0.3792936733134855
BikeSharing,254,Leverage,6,2,20243.378536043332,0.36609776045002485
BikeSharing,254,Coreset,6,2,20229.34967217095,0.3665370610445977
BikeSharing,255,SRS,6,2,20857.41808840049,0.37810420996565286
BikeSharing,255,PCA-QS,6,2,20922.649646599242,0.3761592313854064
BikeSharing,255,Leverage,6,2,21201.20943542106,0.36785354564775086
BikeSharing,255,Coreset,6,2,20958.9409062708,0.3750771520259608
BikeSharing,256,SRS,6,2,20151.204546134522,0.3742361159283675
BikeSharing,256,PCA-QS,6,2,19820.596224205776,0.38450263608416746
BikeSharing,256,Leverage,6,2,19865.326398619814,0.3831136110453689
BikeSharing,256,Coreset,6,2,19934.50546345411,0.3809653642639895
BikeSharing,257,SRS,6,2,20913.87702835411,0.3754650314359209
BikeSharing,257,PCA-QS,6,2,20712.82848752937,0.38146878884319657
BikeSharing,257,Leverage,6,2,20893.81860158307,0.3760640207536793
BikeSharing,257,Coreset,6,2,20874.75461373888,0.3766333139092636
BikeSharing,258,SRS,6,2,20728.12630874485,0.3671844167663568
BikeSharing,258,PCA-QS,6,2,20555.64755347655,0.37245007573064415
BikeSharing,258,Leverage,6,2,20416.81088730029,0.3766886646205372
BikeSharing,258,Coreset,6,2,20600.311769441323,0.3710865076273613
BikeSharing,259,SRS,6,2,20769.790533151914,0.38174872245544955
BikeSharing,259,PCA-QS,6,2,20805.32717994726,0.3806909083554083
BikeSharing,259,Leverage,6,2,20966.09700795834,0.3759052967046882
BikeSharing,259,Coreset,6,2,20848.218008931548,0.37941418340374566
BikeSharing,260,SRS,6,2,20751.854087130825,0.37150063785653153
BikeSharing,260,PCA-QS,6,2,20764.866438833968,0.3711065403117496
BikeSharing,260,Leverage,6,2,21007.849981815674,0.3637474387522379
BikeSharing,260,Coreset,6,2,20651.21202970534,0.37454872544577256
BikeSharing,261,SRS,6,2,20926.107328474063,0.3669162234740627
BikeSharing,261,PCA-QS,6,2,20855.660764783133,0.36904746441078695
BikeSharing,261,Leverage,6,2,20818.84020341755,0.3701614078536466
BikeSharing,261,Coreset,6,2,20902.02851726113,0.36764468694305186
BikeSharing,262,SRS,6,2,20557.475903479044,0.3784227308434083
BikeSharing,262,PCA-QS,6,2,20547.69524094963,0.37871845963492534
BikeSharing,262,Leverage,6,2,20611.59945169382,0.37678624748064726
BikeSharing,262,Coreset,6,2,20522.686063599333,0.37947463885820343
BikeSharing,263,SRS,6,2,20517.77366504285,0.3805452925730428
BikeSharing,263,PCA-QS,6,2,20307.510675124006,0.38689336917381
BikeSharing,263,Leverage,6,2,20503.70472209707,0.38097004981418203
BikeSharing,263,Coreset,6,2,20494.333233020367,0.38125298562968224
BikeSharing,264,SRS,6,2,21117.54420936436,0.36601552238206236
BikeSharing,264,PCA-QS,6,2,20904.582206687934,0.372409002735683
BikeSharing,264,Leverage,6,2,21535.141359694717,0.35347854797906675
BikeSharing,264,Coreset,6,2,20843.000784537948,0.37425778142726096
BikeSharing,265,SRS,6,2,19725.59436389442,0.369588352054415
BikeSharing,265,PCA-QS,6,2,19637.092415608568,0.3724167920008128
BikeSharing,265,Leverage,6,2,19787.824614119796,0.36759953114119315
BikeSharing,265,Coreset,6,2,20078.06681525035,0.35832366036424057
BikeSharing,266,SRS,6,2,20673.581897569264,0.37554156322842347
BikeSharing,266,PCA-QS,6,2,20721.3263289887,0.37409941289586623
BikeSharing,266,Leverage,6,2,20694.92320630899,0.3748969356858767
BikeSharing,266,Coreset,6,2,20511.808468418756,0.38042803056528984
BikeSharing,267,SRS,6,2,20130.97207191008,0.37667022405126993
BikeSharing,267,PCA-QS,6,2,20283.57001742241,0.37194522404398445
BikeSharing,267,Leverage,6,2,20181.337991611854,0.37511070783262856
BikeSharing,267,Coreset,6,2,20097.127449844313,0.37771817944130104
BikeSharing,268,SRS,6,2,20079.747987876155,0.38731422967485185
BikeSharing,268,PCA-QS,6,2,20218.292455522726,0.3830868746335645
BikeSharing,268,Leverage,6,2,20156.10945201713,0.3849842411456822
BikeSharing,268,Coreset,6,2,20318.98090421475,0.3800146060081333
BikeSharing,269,SRS,6,2,20869.719042106888,0.3625140286119122
BikeSharing,269,PCA-QS,6,2,20608.656113010074,0.370488451008923
BikeSharing,269,Leverage,6,2,20738.30049552023,0.36652833659853035
BikeSharing,269,Coreset,6,2,20647.642069087968,0.36929758686596725
BikeSharing,270,SRS,6,2,20615.102752972933,0.3815202879943723
BikeSharing,270,PCA-QS,6,2,20625.82187921126,0.38119870036086534
BikeSharing,270,Leverage,6,2,20886.799912236318,0.37336902225354385
BikeSharing,270,Coreset,6,2,20523.83324256578,0.3842584912033459
BikeSharing,271,SRS,6,2,20855.954329704397,0.3764588020557704
BikeSharing,271,PCA-QS,6,2,20738.561805972702,0.37996854674163705
BikeSharing,271,Leverage,6,2,21200.900796630423,0.36614576004323873
BikeSharing,271,Coreset,6,2,21265.89254220878,0.36420266838443616
BikeSharing,272,SRS,6,2,20384.19975140622,0.3758402772496119
BikeSharing,272,PCA-QS,6,2,20327.320169207527,0.37758191757340465
BikeSharing,272,Leverage,6,2,20297.39855504301,0.37849811083234675
BikeSharing,272,Coreset,6,2,20465.427724855203,0.37335309452937804
BikeSharing,273,SRS,6,2,20978.431773462024,0.368596318098797
BikeSharing,273,PCA-QS,6,2,20880.627852974467,0.371539996452216
BikeSharing,273,Leverage,6,2,21112.965250570844,0.36454716258027375
BikeSharing,273,Coreset,6,2,20800.80831250401,0.3739423853573992
BikeSharing,274,SRS,6,2,20480.70384449611,0.36987566107798076
BikeSharing,274,PCA-QS,6,2,20209.148196287017,0.37823054109614385
BikeSharing,274,Leverage,6,2,20612.24782595814,0.3658284825734096
BikeSharing,274,Coreset,6,2,20368.13338442584,0.37333908632315316
BikeSharing,275,SRS,6,2,20711.30069918554,0.36849560685697547
BikeSharing,275,PCA-QS,6,2,20613.03049030684,0.3714919454029375
BikeSharing,275,Leverage,6,2,20519.966722319616,0.3743295353341526
BikeSharing,275,Coreset,6,2,20578.68404719,0.372539196371486
BikeSharing,276,SRS,6,2,20351.16972415423,0.38138961918443437
BikeSharing,276,PCA-QS,6,2,20154.328062293964,0.3873729752791567
BikeSharing,276,Leverage,6,2,20184.956545968842,0.3864419674694468
BikeSharing,276,Coreset,6,2,20098.089245746294,0.3890824551858513
BikeSharing,277,SRS,6,2,20211.12537530983,0.3739223266933823
BikeSharing,277,PCA-QS,6,2,19685.68500658899,0.39019883170739733
BikeSharing,277,Leverage,6,2,19803.530440045233,0.38654834746082356
BikeSharing,277,Coreset,6,2,19943.109009585038,0.38222463839276244
BikeSharing,278,SRS,6,2,20163.806462052446,0.3663481580752387
BikeSharing,278,PCA-QS,6,2,20077.346724067324,0.36906517345275225
BikeSharing,278,Leverage,6,2,20007.221870611746,0.37126886166214146
BikeSharing,278,Coreset,6,2,20435.681256674823,0.3578044357026996
BikeSharing,279,SRS,6,2,21063.810367703307,0.374444266066016
BikeSharing,279,PCA-QS,6,2,21156.337376581323,0.37169638712402975
BikeSharing,279,Leverage,6,2,21088.20934145027,0.373719662223545
BikeSharing,279,Coreset,6,2,21168.960800287485,0.37132149507252443
BikeSharing,280,SRS,6,2,21066.36216038942,0.38050565400836933
BikeSharing,280,PCA-QS,6,2,21366.319814591578,0.3716848585905186
BikeSharing,280,Leverage,6,2,21047.784067826175,0.38105197630239507
BikeSharing,280,Coreset,6,2,20953.832226748484,0.38381479951316144
BikeSharing,281,SRS,6,2,21490.74500845069,0.3673802434618988
BikeSharing,281,PCA-QS,6,2,21365.72203030947,0.37106052564673075
BikeSharing,281,Leverage,6,2,21656.396033704194,0.36250399970092406
BikeSharing,281,Coreset,6,2,21413.311810742343,0.36965963259722
BikeSharing,282,SRS,6,2,20470.20628309173,0.38041472119131803
BikeSharing,282,PCA-QS,6,2,20600.532757293597,0.3764700435589674
BikeSharing,282,Leverage,6,2,20443.71391005512,0.3812165833761535
BikeSharing,282,Coreset,6,2,20527.25917709566,0.37868786349631456
BikeSharing,283,SRS,6,2,20371.83762098803,0.3768625624023265
BikeSharing,283,PCA-QS,6,2,20481.71159660738,0.373501717450589
BikeSharing,283,Leverage,6,2,20526.144869872143,0.3721425844866705
BikeSharing,283,Coreset,6,2,20599.568549524152,0.369896687751748
BikeSharing,284,SRS,6,2,21190.47235634529,0.3551397114961633
BikeSharing,284,PCA-QS,6,2,21093.297013418123,0.3580969140833301
BikeSharing,284,Leverage,6,2,20793.98062181523,0.36720559516401274
BikeSharing,284,Coreset,6,2,21014.773040610395,0.36048652536276427
BikeSharing,285,SRS,6,2,20423.518343781318,0.37242890708765786
BikeSharing,285,PCA-QS,6,2,20654.67012968165,0.36532610646024877
BikeSharing,285,Leverage,6,2,20566.96639683634,0.3680210548304439
BikeSharing,285,Coreset,6,2,20450.830650077743,0.3715896582558019
BikeSharing,286,SRS,6,2,20063.538389488825,0.36360371373559575
BikeSharing,286,PCA-QS,6,2,19675.34580374979,0.37591681200988225
BikeSharing,286,Leverage,6,2,20409.53650399875,0.3526289838123855
BikeSharing,286,Coreset,6,2,20027.872689820884,0.36473499568472534
BikeSharing,287,SRS,6,2,21388.24765679866,0.35725876709375814
BikeSharing,287,PCA-QS,6,2,21312.989170069137,0.35952037044356866
BikeSharing,287,Leverage,6,2,21691.021276428874,0.3481600745456218
BikeSharing,287,Coreset,6,2,21362.312047320946,0.3580381617351225
BikeSharing,288,SRS,6,2,20685.411688800326,0.3670131940869751
BikeSharing,288,PCA-QS,6,2,20419.728004785873,0.3751432844645608
BikeSharing,288,Leverage,6,2,20858.37135577224,0.3617205178378672
BikeSharing,288,Coreset,6,2,20455.631687512458,0.37404460884758384
BikeSharing,289,SRS,6,2,20807.916184418988,0.3791675511779532
BikeSharing,289,PCA-QS,6,2,20785.397807430207,0.3798394175486911
BikeSharing,289,Leverage,6,2,21072.961202818526,0.3712595729660704
BikeSharing,289,Coreset,6,2,20945.929658974193,0.37504973166065303
BikeSharing,290,SRS,6,2,19955.70013046467,0.3848476864049556
BikeSharing,290,PCA-QS,6,2,20251.525760665198,0.37572859663868097
BikeSharing,290,Leverage,6,2,20046.748352795024,0.38204104347841994
BikeSharing,290,Coreset,6,2,20524.304280882046,0.3673199546610305
BikeSharing,291,SRS,6,2,20729.269727481653,0.3685885404688245
BikeSharing,291,PCA-QS,6,2,20591.619142790136,0.3727813633578124
BikeSharing,291,Leverage,6,2,20963.3618403615,0.3614581183844302
BikeSharing,291,Coreset,6,2,21272.47760790083,0.3520424833663114
BikeSharing,292,SRS,6,2,21043.176496119297,0.3722225338041153
BikeSharing,292,PCA-QS,6,2,21257.496075157094,0.3658287746532889
BikeSharing,292,Leverage,6,2,21391.642621975076,0.3618268037875382
BikeSharing,292,Coreset,6,2,21145.769963686795,0.36916188052633414
BikeSharing,293,SRS,6,2,21719.8520084891,0.36703279993635685
BikeSharing,293,PCA-QS,6,2,21238.62925107161,0.38105675466912414
BikeSharing,293,Leverage,6,2,21861.44364535372,0.36290648904328093
BikeSharing,293,Coreset,6,2,21410.84853809995,0.3760378825393933
BikeSharing,294,SRS,6,2,20212.470309417276,0.37831344312919146
BikeSharing,294,PCA-QS,6,2,20086.892678078595,0.38217590645266575
BikeSharing,294,Leverage,6,2,20363.21305770007,0.3736769618521102
BikeSharing,294,Coreset,6,2,20489.709415838675,0.36978624072084665
BikeSharing,295,SRS,6,2,19792.47704142727,0.39602694217844037
BikeSharing,295,PCA-QS,6,2,19807.893764653956,0.39555649649095415
BikeSharing,295,Leverage,6,2,20014.531903928673,0.38925087498743616
BikeSharing,295,Coreset,6,2,19799.273129588262,0.395819557618174
BikeSharing,296,SRS,6,2,21397.94384544137,0.3708227542858836
BikeSharing,296,PCA-QS,6,2,21277.070588988976,0.374376866920468
BikeSharing,296,Leverage,6,2,21470.191527807216,0.3686984100905485
BikeSharing,296,Coreset,6,2,21229.971458840726,0.3757617523653619
BikeSharing,297,SRS,6,2,20440.17120907695,0.3696088759614782
BikeSharing,297,PCA-QS,6,2,20524.869820792734,0.36699670346556956
BikeSharing,297,Leverage,6,2,20144.558207372727,0.378725815859808
BikeSharing,297,Coreset,6,2,20057.09862203017,0.381423138976532
BikeSharing,298,SRS,6,2,20879.31511577278,0.37520885528997094
BikeSharing,298,PCA-QS,6,2,20920.266930519065,0.37398341608991037
BikeSharing,298,Leverage,6,2,20987.535161468448,0.3719704863178158
BikeSharing,298,Coreset,6,2,20623.593100922844,0.38286106272588194
BikeSharing,299,SRS,6,2,20292.373498595076,0.37785104333185227
BikeSharing,299,PCA-QS,6,2,20266.97532255196,0.37862973236631114
BikeSharing,299,Leverage,6,2,20705.22917746976,0.36519319776813897
BikeSharing,299,Coreset,6,2,20325.12980250462,0.37684675961397973
BikeSharing,300,SRS,6,2,20683.490826935355,0.37464017911262393
BikeSharing,300,PCA-QS,6,2,20719.22060068979,0.3735598989460708
BikeSharing,300,Leverage,6,2,20945.462337580924,0.3667195404571042
BikeSharing,300,Coreset,6,2,20992.074615542148,0.3653102306824204
BikeSharing,301,SRS,6,2,20167.649841099243,0.38976949179177744
BikeSharing,301,PCA-QS,6,2,20427.553902473846,0.3819053435787916
BikeSharing,301,Leverage,6,2,20407.014745952212,0.3825268150948641
BikeSharing,301,Coreset,6,2,20418.38063050305,0.3821829074229073
BikeSharing,302,SRS,6,2,20464.717887933977,0.37792898138369735
BikeSharing,302,PCA-QS,6,2,20542.116572118848,0.3755762747119463
BikeSharing,302,Leverage,6,2,20388.421100866504,0.3802481934201455
BikeSharing,302,Coreset,6,2,20541.138330605863,0.3756060105576964
BikeSharing,303,SRS,6,2,19661.558948356807,0.3886341091347355
BikeSharing,303,PCA-QS,6,2,20011.39033162027,0.3777562852631259
BikeSharing,303,Leverage,6,2,19714.100842279116,0.38700034642701053
BikeSharing,303,Coreset,6,2,20125.53129390237,0.3742071317461996
BikeSharing,304,SRS,6,2,20472.417432691916,0.38595807504865964
BikeSharing,304,PCA-QS,6,2,20499.94696788752,0.385132364609719
BikeSharing,304,Leverage,6,2,20786.99803068936,0.3765226638871897
BikeSharing,304,Coreset,6,2,20816.11742903522,0.3756492676958263
BikeSharing,305,SRS,6,2,20093.538613365672,0.37349800491613316
BikeSharing,305,PCA-QS,6,2,20030.34594482032,0.3754683065976897
BikeSharing,305,Leverage,6,2,20057.529592740786,0.37462074012453006
BikeSharing,305,Coreset,6,2,20008.27018436398,0.3761566128355811
BikeSharing,306,SRS,6,2,19378.598740128185,0.38422191789493076
BikeSharing,306,PCA-QS,6,2,19544.61967785928,0.3789464046343335
BikeSharing,306,Leverage,6,2,19592.998483640516,0.3774091103935061
BikeSharing,306,Coreset,6,2,19721.31935462848,0.3733315617074191
BikeSharing,307,SRS,6,2,20379.10285486334,0.3701655907545668
BikeSharing,307,PCA-QS,6,2,20346.76244239326,0.3711651001406232
BikeSharing,307,Leverage,6,2,20391.41988438118,0.3697849219358619
BikeSharing,307,Coreset,6,2,20525.139189620168,0.36565220715348334
BikeSharing,308,SRS,6,2,19833.725284243574,0.39199179339821155
BikeSharing,308,PCA-QS,6,2,20094.06460935793,0.3840110210570493
BikeSharing,308,Leverage,6,2,19740.940351509045,0.3948361405767219
BikeSharing,308,Coreset,6,2,19670.29441823202,0.3970018107460872
BikeSharing,309,SRS,6,2,21137.908180338993,0.3610736290538378
BikeSharing,309,PCA-QS,6,2,20882.897152978356,0.36878173663348623
BikeSharing,309,Leverage,6,2,21002.49436946938,0.3651667235084436
BikeSharing,309,Coreset,6,2,21022.01725039579,0.36457661386493934
BikeSharing,310,SRS,6,2,20510.553477281137,0.37278389711753546
BikeSharing,310,PCA-QS,6,2,20490.274583606424,0.37340402902550696
BikeSharing,310,Leverage,6,2,20339.179269035107,0.37802454862651125
BikeSharing,310,Coreset,6,2,20722.594262234346,0.36629965499614137
BikeSharing,311,SRS,6,2,20993.571132580575,0.3695511044910825
BikeSharing,311,PCA-QS,6,2,21214.352667238316,0.36292090928538356
BikeSharing,311,Leverage,6,2,20971.094166075414,0.3702261005943219
BikeSharing,311,Coreset,6,2,20969.949021072473,0.3702604899508417
BikeSharing,312,SRS,6,2,20111.181196181766,0.3856512976431622
BikeSharing,312,PCA-QS,6,2,19887.891838441774,0.392472255887211
BikeSharing,312,Leverage,6,2,20225.724125080927,0.3821522838832587
BikeSharing,312,Coreset,6,2,20022.354083792434,0.38836475443608554
BikeSharing,313,SRS,6,2,20819.805132026206,0.3815821814730228
BikeSharing,313,PCA-QS,6,2,20729.97593940072,0.384250408816709
BikeSharing,313,Leverage,6,2,20878.77831845624,0.3798304806731173
BikeSharing,313,Coreset,6,2,20729.47771750974,0.38426520767255845
BikeSharing,314,SRS,6,2,21216.803363471055,0.3772238919684686
BikeSharing,314,PCA-QS,6,2,21099.191108687013,0.3806761604858516
BikeSharing,314,Leverage,6,2,21046.407223954495,0.3822255240604371
BikeSharing,314,Coreset,6,2,21054.99789716777,0.3819733623215794
BikeSharing,315,SRS,6,2,20270.2187668749,0.3804826659872672
BikeSharing,315,PCA-QS,6,2,20215.746487454744,0.38214749860264674
BikeSharing,315,Leverage,6,2,20205.36576479394,0.382464763931744
BikeSharing,315,Coreset,6,2,20410.824612066823,0.3761853389893831
BikeSharing,316,SRS,6,2,20527.8072898951,0.3849298242494503
BikeSharing,316,PCA-QS,6,2,20859.81531017813,0.37498194094646353
BikeSharing,316,Leverage,6,2,20678.537524433763,0.38041352737763323
BikeSharing,316,Coreset,6,2,20869.166045838367,0.37470176691010804
BikeSharing,317,SRS,6,2,19730.559831675946,0.38507340369598586
BikeSharing,317,PCA-QS,6,2,19750.549824237783,0.38445039156703154
BikeSharing,317,Leverage,6,2,19772.174992471508,0.3837764172241892
BikeSharing,317,Coreset,6,2,19834.13118272335,0.38184547813697867
BikeSharing,318,SRS,6,2,20504.507625336275,0.3754543300956461
BikeSharing,318,PCA-QS,6,2,20603.682699556895,0.3724335619651109
BikeSharing,318,Leverage,6,2,20942.213007366023,0.3621222859405001
BikeSharing,318,Coreset,6,2,20614.424293142634,0.372106384356927
BikeSharing,319,SRS,6,2,21250.293246829002,0.376989167851834
BikeSharing,319,PCA-QS,6,2,21323.808477120147,0.37483386654529405
BikeSharing,319,Leverage,6,2,21349.71580922035,0.374074321801934
BikeSharing,319,Coreset,6,2,21262.92120557333,0.3766189444862431
BikeSharing,320,SRS,6,2,20820.28481429908,0.37435624260564704
BikeSharing,320,PCA-QS,6,2,21364.42884118996,0.35800486621554617
BikeSharing,320,Leverage,6,2,21071.859800711594,0.36679648436173184
BikeSharing,320,Coreset,6,2,20770.38543856724,0.37585570494263965
BikeSharing,321,SRS,6,2,20367.412967172186,0.37929918849096256
BikeSharing,321,PCA-QS,6,2,20445.692354337192,0.37691360917285954
BikeSharing,321,Leverage,6,2,20425.406922977392,0.3775318115791805
BikeSharing,321,Coreset,6,2,20645.912056671557,0.3708118753925632
BikeSharing,322,SRS,6,2,20361.654024819756,0.3770971763378419
BikeSharing,322,PCA-QS,6,2,20278.960357758224,0.379626937360636
BikeSharing,322,Leverage,6,2,20220.43872212424,0.38141722866198613
BikeSharing,322,Coreset,6,2,20291.668233679084,0.37923817857983144
BikeSharing,323,SRS,6,2,19948.428090835583,0.3848914966355912
BikeSharing,323,PCA-QS,6,2,20167.527826269856,0.3781355703171446
BikeSharing,323,Leverage,6,2,20029.72886232454,0.38238459255045587
BikeSharing,323,Coreset,6,2,20436.937170929195,0.3698283504183536
BikeSharing,324,SRS,6,2,20370.65416949007,0.37629516458108236
BikeSharing,324,PCA-QS,6,2,20424.03145499851,0.3746608689518821
BikeSharing,324,Leverage,6,2,20618.83778179364,0.3686963256936543
BikeSharing,324,Coreset,6,2,20498.340240062,0.3723856966293545
BikeSharing,325,SRS,6,2,20122.804562997724,0.39425552803660713
BikeSharing,325,PCA-QS,6,2,20232.525797665672,0.3909526568513787
BikeSharing,325,Leverage,6,2,20207.662411003083,0.3917011041653702
BikeSharing,325,Coreset,6,2,20120.382773125588,0.39432842969515625
BikeSharing,326,SRS,6,2,20171.09426988172,0.37516364615830466
BikeSharing,326,PCA-QS,6,2,20138.04170389254,0.37618750954129554
BikeSharing,326,Leverage,6,2,20153.584461320846,0.3757060443441076
BikeSharing,326,Coreset,6,2,20324.333334468916,0.37041678725706284
BikeSharing,327,SRS,6,2,21098.820180967068,0.3598427473828597
BikeSharing,327,PCA-QS,6,2,21052.880812902546,0.3612365892846776
BikeSharing,327,Leverage,6,2,21100.139097140513,0.3598027302754203
BikeSharing,327,Coreset,6,2,21054.728032731786,0.361180542967361
BikeSharing,328,SRS,6,2,20969.137989853152,0.3593541166485663
BikeSharing,328,PCA-QS,6,2,21068.357034419398,0.3563227916373911
BikeSharing,328,Leverage,6,2,20905.836440853815,0.3612880958515178
BikeSharing,328,Coreset,6,2,20927.053055937686,0.3606398890859983
BikeSharing,329,SRS,6,2,20036.44053599109,0.38587927652948784
BikeSharing,329,PCA-QS,6,2,20071.891232823116,0.3847927059109735
BikeSharing,329,Leverage,6,2,20032.63522592369,0.3859959100087441
BikeSharing,329,Coreset,6,2,20232.935336349103,0.37985667342604257
BikeSharing,330,SRS,6,2,21260.372600826744,0.37933859013281135
BikeSharing,330,PCA-QS,6,2,21323.43942688798,0.3774974584690374
BikeSharing,330,Leverage,6,2,21594.248172996024,0.3695916450893957
BikeSharing,330,Coreset,6,2,21604.372380609297,0.3692960855952597
BikeSharing,331,SRS,6,2,20091.687337267682,0.38457278049229415
BikeSharing,331,PCA-QS,6,2,20258.596440861875,0.37946019816851073
BikeSharing,331,Leverage,6,2,20158.726226610983,0.38251931646138104
BikeSharing,331,Coreset,6,2,20205.218007193915,0.3810952296351321
BikeSharing,332,SRS,6,2,20228.128255440628,0.3764772399580678
BikeSharing,332,PCA-QS,6,2,20172.139478582318,0.37820306828173755
BikeSharing,332,Leverage,6,2,20064.861389138852,0.3815098661019375
BikeSharing,332,Coreset,6,2,20335.836670175657,0.37315717755846023
BikeSharing,333,SRS,6,2,21167.371328332214,0.3792999128897939
BikeSharing,333,PCA-QS,6,2,21052.62364231088,0.38266470947243836
BikeSharing,333,Leverage,6,2,21280.87200953799,0.37597168277473947
BikeSharing,333,Coreset,6,2,21001.917661686002,0.38415158311880093
BikeSharing,334,SRS,6,2,20201.614368573355,0.39190032231016636
BikeSharing,334,PCA-QS,6,2,20373.420836257214,0.38672868326600607
BikeSharing,334,Leverage,6,2,20220.29117310545,0.39133812175485283
BikeSharing,334,Coreset,6,2,20388.420496662322,0.3862771704071134
BikeSharing,335,SRS,6,2,20880.216462050168,0.37795319994119625
BikeSharing,335,PCA-QS,6,2,21003.77566645239,0.3742722224065089
BikeSharing,335,Leverage,6,2,20997.285756934154,0.3744655646285988
BikeSharing,335,Coreset,6,2,21231.425181957853,0.36749026912012983
BikeSharing,336,SRS,6,2,20396.70750607321,0.38508422354938077
BikeSharing,336,PCA-QS,6,2,20502.276975808083,0.38190153671464666
BikeSharing,336,Leverage,6,2,20687.300563947207,0.3763234833289043
BikeSharing,336,Coreset,6,2,20678.399305068062,0.37659183666551155
BikeSharing,337,SRS,6,2,20491.36854459855,0.360106725793888
BikeSharing,337,PCA-QS,6,2,20064.227671065688,0.3734452478900244
BikeSharing,337,Leverage,6,2,20205.36856952257,0.3690377769374914
BikeSharing,337,Coreset,6,2,20259.521652913914,0.36734671400217667
BikeSharing,338,SRS,6,2,22208.298467837685,0.3643834425958179
BikeSharing,338,PCA-QS,6,2,21878.115957936046,0.3738334898636304
BikeSharing,338,Leverage,6,2,22239.062566717374,0.3635029532305535
BikeSharing,338,Coreset,6,2,21987.53879844257,0.37070173398936257
BikeSharing,339,SRS,6,2,20515.85183281323,0.3614205109515951
BikeSharing,339,PCA-QS,6,2,20098.180912197287,0.3744209988304712
BikeSharing,339,Leverage,6,2,20297.161375614025,0.36822750300613283
BikeSharing,339,Coreset,6,2,20313.33031457023,0.3677242261809125
BikeSharing,340,SRS,6,2,20033.999795372703,0.38991665339816706
BikeSharing,340,PCA-QS,6,2,20103.209816893017,0.38780904223820034
BikeSharing,340,Leverage,6,2,20151.344699325942,0.3863432196135168
BikeSharing,340,Coreset,6,2,20071.64693308409,0.3887702077557823
BikeSharing,341,SRS,6,2,21000.21226019092,0.38698289847838385
BikeSharing,341,PCA-QS,6,2,20833.092054997283,0.39186130363563587
BikeSharing,341,Leverage,6,2,20727.360372985484,0.3949477166891241
BikeSharing,341,Coreset,6,2,20977.90938242213,0.387633941682901
BikeSharing,342,SRS,6,2,20128.13329960473,0.3717294988676527
BikeSharing,342,PCA-QS,6,2,20148.872691409484,0.3710821488184255
BikeSharing,342,Leverage,6,2,20221.749320418512,0.36880741049337484
BikeSharing,342,Coreset,6,2,20095.779861265008,0.3727393645425513
BikeSharing,343,SRS,6,2,20248.641223086895,0.38833344969962436
BikeSharing,343,PCA-QS,6,2,20511.561092484793,0.3803912234658623
BikeSharing,343,Leverage,6,2,20418.998517254702,0.3831873336074828
BikeSharing,343,Coreset,6,2,20427.345474719084,0.38293519053173297
BikeSharing,344,SRS,6,2,20497.020083926833,0.38139654918051746
BikeSharing,344,PCA-QS,6,2,20539.171358170264,0.3801244167633826
BikeSharing,344,Leverage,6,2,20639.162092543465,0.377106679888463
BikeSharing,344,Coreset,6,2,20449.975821586315,0.3828163527864046
BikeSharing,345,SRS,6,2,20516.811050283002,0.3608548500698915
BikeSharing,345,PCA-QS,6,2,20603.431765963258,0.35815641851662416
BikeSharing,345,Leverage,6,2,20617.83403288082,0.3577077552703819
BikeSharing,345,Coreset,6,2,20450.1725137752,0.3629307914675589
BikeSharing,346,SRS,6,2,21256.531616508182,0.3599729070790485
BikeSharing,346,PCA-QS,6,2,20626.668649226158,0.3789378714091184
BikeSharing,346,Leverage,6,2,21033.187219999487,0.366697732530188
BikeSharing,346,Coreset,6,2,20791.500696225645,0.37397483332912607
BikeSharing,347,SRS,6,2,21024.29223062259,0.3566156969887484
BikeSharing,347,PCA-QS,6,2,20744.92563071424,0.3651648592242722
BikeSharing,347,Leverage,6,2,20815.285717524246,0.36301170348825507
BikeSharing,347,Coreset,6,2,20781.741714219308,0.3640382153417727
BikeSharing,348,SRS,6,2,20027.90543479225,0.37447944371140307
BikeSharing,348,PCA-QS,6,2,19452.074502896823,0.392464054534544
BikeSharing,348,Leverage,6,2,19630.83891864054,0.3868808038474122
BikeSharing,348,Coreset,6,2,19575.21936854674,0.38861793866804883
BikeSharing,349,SRS,6,2,20543.828110729923,0.3848712279866763
BikeSharing,349,PCA-QS,6,2,20565.301943689446,0.3842282527618246
BikeSharing,349,Leverage,6,2,21230.021505053806,0.3643250426438557
BikeSharing,349,Coreset,6,2,20788.28827802698,0.37755153655891016
BikeSharing,350,SRS,6,2,20638.81200058934,0.38730877973849387
BikeSharing,350,PCA-QS,6,2,20832.137241980898,0.3815696568639717
BikeSharing,350,Leverage,6,2,20842.791096659963,0.3812533826896821
BikeSharing,350,Coreset,6,2,20790.34741655163,0.3828102447009094
BikeSharing,351,SRS,6,2,20197.513924082356,0.38518656417495223
BikeSharing,351,PCA-QS,6,2,20472.0231272318,0.3768304889179537
BikeSharing,351,Leverage,6,2,20449.080743124225,0.37752885635328337
BikeSharing,351,Coreset,6,2,20551.281688080417,0.37441785396213445
BikeSharing,352,SRS,6,2,21159.90775156114,0.3552701844189753
BikeSharing,352,PCA-QS,6,2,21230.08880870534,0.3531318093106752
BikeSharing,352,Leverage,6,2,21042.430226414133,0.35884965480288356
BikeSharing,352,Coreset,6,2,21020.54432512675,0.35951650521010214
BikeSharing,353,SRS,6,2,20778.49958565243,0.37298139581043066
BikeSharing,353,PCA-QS,6,2,20610.311442725593,0.37805669463961267
BikeSharing,353,Leverage,6,2,20723.14769980053,0.3746517119014964
BikeSharing,353,Coreset,6,2,20963.180807022378,0.36740839660680347
BikeSharing,354,SRS,6,2,21294.3045920115,0.36754853515574515
BikeSharing,354,PCA-QS,6,2,21068.553274800328,0.3742534618484106
BikeSharing,354,Leverage,6,2,21196.721610993274,0.3704467983519989
BikeSharing,354,Coreset,6,2,21103.564203543578,0.3732136198064435
BikeSharing,355,SRS,6,2,20614.463651880164,0.3813501446851163
BikeSharing,355,PCA-QS,6,2,20891.666232409454,0.3730311634477985
BikeSharing,355,Leverage,6,2,20666.184647219066,0.3797979730243106
BikeSharing,355,Coreset,6,2,20710.614794612222,0.3784646031767819
BikeSharing,356,SRS,6,2,20737.446568501025,0.3697831489306971
BikeSharing,356,PCA-QS,6,2,20459.779224492926,0.3782215378426358
BikeSharing,356,Leverage,6,2,20705.269324387064,0.37076102445623993
BikeSharing,356,Coreset,6,2,20657.497035927197,0.3722128377786805
BikeSharing,357,SRS,6,2,20449.295734522308,0.37254561538950237
BikeSharing,357,PCA-QS,6,2,20332.803042438245,0.3761200099003036
BikeSharing,357,Leverage,6,2,20391.37714335775,0.37432275600346077
BikeSharing,357,Coreset,6,2,20229.02582658911,0.37930425007916135
BikeSharing,358,SRS,6,2,21090.44463051086,0.3762402794301922
BikeSharing,358,PCA-QS,6,2,21264.788865629038,0.371083967494362
BikeSharing,358,Leverage,6,2,21488.4126385069,0.36447019028260663
BikeSharing,358,Coreset,6,2,21535.910053107975,0.36306543212893094
BikeSharing,359,SRS,6,2,20284.026163429273,0.37737311505965754
BikeSharing,359,PCA-QS,6,2,20267.683472654935,0.3778747609639955
BikeSharing,359,Leverage,6,2,20305.191895889267,0.3767234238216919
BikeSharing,359,Coreset,6,2,20395.62031861755,0.37394768459222416
BikeSharing,360,SRS,6,2,20961.641474226148,0.37314354364196656
BikeSharing,360,PCA-QS,6,2,20853.234066137647,0.37638545977534155
BikeSharing,360,Leverage,6,2,21172.03542066457,0.3668517270461271
BikeSharing,360,Coreset,6,2,20736.41683366126,0.3798788711325456
BikeSharing,361,SRS,6,2,20792.07795740844,0.3815831110760398
BikeSharing,361,PCA-QS,6,2,20328.37096807664,0.3953751060032563
BikeSharing,361,Leverage,6,2,20873.972954887875,0.37914731559357706
BikeSharing,361,Coreset,6,2,20897.366057321466,0.3784515366695612
BikeSharing,362,SRS,6,2,21431.493316851185,0.3628412737722865
BikeSharing,362,PCA-QS,6,2,20757.454132810624,0.38288047223510047
BikeSharing,362,Leverage,6,2,20954.64447322903,0.3770179994588049
BikeSharing,362,Coreset,6,2,20877.117322777354,0.37932288319693497
BikeSharing,363,SRS,6,2,20341.02642025754,0.3838500441633028
BikeSharing,363,PCA-QS,6,2,20207.53513490562,0.3878936281926838
BikeSharing,363,Leverage,6,2,20271.493488253156,0.3859562659487006
BikeSharing,363,Coreset,6,2,20538.84998093849,0.3778577714205844
BikeSharing,364,SRS,6,2,20057.806278341086,0.3793842187614457
BikeSharing,364,PCA-QS,6,2,20061.48661931779,0.3792703440106985
BikeSharing,364,Leverage,6,2,20261.29011476579,0.3730881523641696
BikeSharing,364,Coreset,6,2,20327.772886191975,0.37103108507799687
BikeSharing,365,SRS,6,2,20370.228665790768,0.3879560053295843
BikeSharing,365,PCA-QS,6,2,20177.39852615714,0.3937497806911944
BikeSharing,365,Leverage,6,2,20308.269328147246,0.38981763590529606
BikeSharing,365,Coreset,6,2,20257.03776353737,0.39135693975757446
BikeSharing,366,SRS,6,2,21407.432033861678,0.36425344872080023
BikeSharing,366,PCA-QS,6,2,21320.095264539003,0.3668471297288226
BikeSharing,366,Leverage,6,2,21327.200524872198,0.36663612147964886
BikeSharing,366,Coreset,6,2,21074.78238323518,0.37413230144052445
BikeSharing,367,SRS,6,2,20470.2128423773,0.38175481337706674
BikeSharing,367,PCA-QS,6,2,20056.633448460274,0.3942458153780961
BikeSharing,367,Leverage,6,2,20090.730414224192,0.39321601245790616
BikeSharing,367,Coreset,6,2,20212.063176778887,0.3895514977307407
BikeSharing,368,SRS,6,2,20516.961727460322,0.38155766451794404
BikeSharing,368,PCA-QS,6,2,20673.81547129307,0.3768296254957142
BikeSharing,368,Leverage,6,2,20735.451008273027,0.3749717468319569
BikeSharing,368,Coreset,6,2,20568.46718819968,0.38000513652413803
BikeSharing,369,SRS,6,2,20821.630429015477,0.3726152021608262
BikeSharing,369,PCA-QS,6,2,20996.29189019987,0.3673524084574684
BikeSharing,369,Leverage,6,2,20993.260528050407,0.3674437476316894
BikeSharing,369,Coreset,6,2,20789.20680630604,0.37359217118580834
BikeSharing,370,SRS,6,2,20355.14294472614,0.3812938757017821
BikeSharing,370,PCA-QS,6,2,20147.20811033242,0.3876141730263294
BikeSharing,370,Leverage,6,2,20100.57334523862,0.3890316631833425
BikeSharing,370,Coreset,6,2,20198.660300900505,0.38605025448743846
BikeSharing,371,SRS,6,2,20595.54858590865,0.3763000229850142
BikeSharing,371,PCA-QS,6,2,20666.717692885108,0.37414479171257486
BikeSharing,371,Leverage,6,2,20812.398089729002,0.3697331170352013
BikeSharing,371,Coreset,6,2,20499.626428084248,0.379204856880589
BikeSharing,372,SRS,6,2,20236.04929718323,0.3754825576101425
BikeSharing,372,PCA-QS,6,2,20187.736019114192,0.3769735840654568
BikeSharing,372,Leverage,6,2,20240.940610589856,0.37533160371129726
BikeSharing,372,Coreset,6,2,20338.5796977209,0.372318302444985
BikeSharing,373,SRS,6,2,20159.421569767717,0.3832261316246003
BikeSharing,373,PCA-QS,6,2,20321.214826506264,0.3782760961044671
BikeSharing,373,Leverage,6,2,20140.422715328197,0.38380739815086495
BikeSharing,373,Coreset,6,2,20271.222937273702,0.37980558894247607
BikeSharing,374,SRS,6,2,20908.1840990702,0.38433091264745056
BikeSharing,374,PCA-QS,6,2,20922.207485840343,0.3839179755079334
BikeSharing,374,Leverage,6,2,21308.652602063794,0.3725385888098929
BikeSharing,374,Coreset,6,2,21375.5090861255,0.37056991136134765
BikeSharing,375,SRS,6,2,20469.776838411923,0.367873738275478
BikeSharing,375,PCA-QS,6,2,20567.026021807596,0.3648705905987376
BikeSharing,375,Leverage,6,2,20497.603418771298,0.367014426893727
BikeSharing,375,Coreset,6,2,20654.294134158255,0.3621756679298954
BikeSharing,376,SRS,6,2,20601.975383827477,0.37227461822092245
BikeSharing,376,PCA-QS,6,2,20518.660464491324,0.37481315584043806
BikeSharing,376,Leverage,6,2,20525.02418804889,0.3746192583754967
BikeSharing,376,Coreset,6,2,20535.8149056619,0.3742904740134586
BikeSharing,377,SRS,6,2,20735.38607823071,0.3753966463116175
BikeSharing,377,PCA-QS,6,2,20539.488356594364,0.3812975913652731
BikeSharing,377,Leverage,6,2,21332.143442914068,0.35742077405569705
BikeSharing,377,Coreset,6,2,20582.78196916254,0.37999347599933064
BikeSharing,378,SRS,6,2,20035.412371253144,0.37180702628423257
BikeSharing,378,PCA-QS,6,2,20145.36970320808,0.36835940953132107
BikeSharing,378,Leverage,6,2,20185.953393579803,0.3670869431270083
BikeSharing,378,Coreset,6,2,20481.779870724495,0.3578115605724659
BikeSharing,379,SRS,6,2,20422.0032245277,0.3832562511476303
BikeSharing,379,PCA-QS,6,2,20869.020829657034,0.36975633585727563
BikeSharing,379,Leverage,6,2,20636.403405856614,0.37678137352991414
BikeSharing,379,Coreset,6,2,20377.79898686901,0.38459121750470326
BikeSharing,380,SRS,6,2,20524.220231971278,0.3686718380473527
BikeSharing,380,PCA-QS,6,2,20449.194953997518,0.3709796271037854
BikeSharing,380,Leverage,6,2,20413.17656789555,0.3720875581841018
BikeSharing,380,Coreset,6,2,20637.968411296413,0.36517292660676437
BikeSharing,381,SRS,6,2,20090.76366929539,0.37650776403679354
BikeSharing,381,PCA-QS,6,2,20129.31619251693,0.37531133371184
BikeSharing,381,Leverage,6,2,20007.193753351603,0.37910125399111927
BikeSharing,381,Coreset,6,2,20031.1653914255,0.3783573235727232
BikeSharing,382,SRS,6,2,20435.69492392512,0.36976995763868914
BikeSharing,382,PCA-QS,6,2,20703.073830536112,0.3615240809867196
BikeSharing,382,Leverage,6,2,20412.79772660599,0.37047609959716477
BikeSharing,382,Coreset,6,2,20434.95702564101,0.3697927141766285
BikeSharing,383,SRS,6,2,20849.824347748472,0.3511747461839001
BikeSharing,383,PCA-QS,6,2,20395.705272829186,0.3653064683093701
BikeSharing,383,Leverage,6,2,20178.786438264702,0.372056761047879
BikeSharing,383,Coreset,6,2,20273.399921795994,0.36911248600542546
BikeSharing,384,SRS,6,2,20659.553112592614,0.37513710836146763
BikeSharing,384,PCA-QS,6,2,20792.251885718964,0.37112353949864096
BikeSharing,384,Leverage,6,2,20733.30640281668,0.3729063875929155
BikeSharing,384,Coreset,6,2,20695.889430704934,0.37403809055196235
BikeSharing,385,SRS,6,2,20876.933596806488,0.37368985450093173
BikeSharing,385,PCA-QS,6,2,20677.084959456097,0.3796853340839994
BikeSharing,385,Leverage,6,2,20749.156214627274,0.3775231890494689
BikeSharing,385,Coreset,6,2,20850.221806908143,0.3744912109329094
BikeSharing,386,SRS,6,2,21661.57346756103,0.3598782357984941
BikeSharing,386,PCA-QS,6,2,21390.663707161486,0.36788389771525454
BikeSharing,386,Leverage,6,2,21330.96525909505,0.3696480482260014
BikeSharing,386,Coreset,6,2,21537.04152642476,0.36355828267869705
BikeSharing,387,SRS,6,2,20863.343680985858,0.36528886127516635
BikeSharing,387,PCA-QS,6,2,20360.097484697533,0.38059877377956564
BikeSharing,387,Leverage,6,2,20582.855923070096,0.3738219471959692
BikeSharing,387,Coreset,6,2,20336.05294185307,0.38133026434993067
BikeSharing,388,SRS,6,2,20948.93354508434,0.36725200961598525
BikeSharing,388,PCA-QS,6,2,21423.703953446056,0.3529118991211879
BikeSharing,388,Leverage,6,2,20930.02124920375,0.36782324237999375
BikeSharing,388,Coreset,6,2,21208.08447395555,0.35942453576885536
BikeSharing,389,SRS,6,2,20682.20012538231,0.389411798518581
BikeSharing,389,PCA-QS,6,2,20681.20481498126,0.389441182471159
BikeSharing,389,Leverage,6,2,21018.924073579106,0.3794708991617046
BikeSharing,389,Coreset,6,2,20823.280545282567,0.38524676581756667
BikeSharing,390,SRS,6,2,20291.467828020202,0.36348538887687554
BikeSharing,390,PCA-QS,6,2,20130.715452663746,0.3685279632512063
BikeSharing,390,Leverage,6,2,20431.299519391232,0.3590990667334959
BikeSharing,390,Coreset,6,2,20303.624941618444,0.36310403743892383
BikeSharing,391,SRS,6,2,20477.000467234127,0.3742840658877532
BikeSharing,391,PCA-QS,6,2,20412.942561186344,0.37624148404497304
BikeSharing,391,Leverage,6,2,20459.857321406096,0.37480790918807316
BikeSharing,391,Coreset,6,2,20427.136957951145,0.3758077457030191
BikeSharing,392,SRS,6,2,20583.14982900497,0.3864978649900398
BikeSharing,392,PCA-QS,6,2,20597.927821805206,0.38605739158293617
BikeSharing,392,Leverage,6,2,20473.733333043197,0.3897591371682787
BikeSharing,392,Coreset,6,2,20692.147427620133,0.3832490784818092
BikeSharing,393,SRS,6,2,20607.04549336002,0.36873364442433976
BikeSharing,393,PCA-QS,6,2,20388.36190936455,0.375432692530849
BikeSharing,393,Leverage,6,2,20501.977831224773,0.371952236831793
BikeSharing,393,Coreset,6,2,20558.59006775394,0.3702180047097613
BikeSharing,394,SRS,6,2,20299.30864139727,0.3901872523060359
BikeSharing,394,PCA-QS,6,2,20383.05724116936,0.38767135560015553
BikeSharing,394,Leverage,6,2,21310.335812785524,0.3598149244465444
BikeSharing,394,Coreset,6,2,20702.843113008013,0.3780646490553844
BikeSharing,395,SRS,6,2,19940.518325512305,0.39688289298800505
BikeSharing,395,PCA-QS,6,2,19708.37376162965,0.4039042931086999
BikeSharing,395,Leverage,6,2,19679.050203820658,0.4047912078350052
BikeSharing,395,Coreset,6,2,19876.616410538096,0.3988156580978499
BikeSharing,396,SRS,6,2,20425.456905827526,0.3795838312874329
BikeSharing,396,PCA-QS,6,2,20485.333310399717,0.37776510626736426
BikeSharing,396,Leverage,6,2,20376.943637056014,0.38105740499898866
BikeSharing,396,Coreset,6,2,20438.673908568413,0.37918236941364614
BikeSharing,397,SRS,6,2,20051.93938165241,0.3917163358813154
BikeSharing,397,PCA-QS,6,2,20217.95756667324,0.38668010731645097
BikeSharing,397,Leverage,6,2,20556.28048056674,0.3764169453448588
BikeSharing,397,Coreset,6,2,20096.172870758346,0.39037449515868017
BikeSharing,398,SRS,6,2,19866.972750999546,0.37336619014946126
BikeSharing,398,PCA-QS,6,2,19967.673724139233,0.37018993198244865
BikeSharing,398,Leverage,6,2,19899.080348411087,0.3723534688686043
BikeSharing,398,Coreset,6,2,20199.125510551843,0.3628895990865296
BikeSharing,399,SRS,6,2,20414.703567802386,0.3789011529280307
BikeSharing,399,PCA-QS,6,2,20308.347819508665,0.3821369301424935
BikeSharing,399,Leverage,6,2,20899.084675533737,0.36416429688913743
BikeSharing,399,Coreset,6,2,20652.127066182427,0.37167775824968663
BikeSharing,400,SRS,6,2,20794.345055494214,0.37694868337087906
BikeSharing,400,PCA-QS,6,2,20602.683077683072,0.38269136232057843
BikeSharing,400,Leverage,6,2,21076.729543677797,0.36848772791934215
BikeSharing,400,Coreset,6,2,20800.13418603454,0.37677522633745664
BikeSharing,401,SRS,6,2,20796.097652603105,0.3776606341334102
BikeSharing,401,PCA-QS,6,2,20539.569660584748,0.3853374334323283
BikeSharing,401,Leverage,6,2,20494.31555231447,0.3866916977522141
BikeSharing,401,Coreset,6,2,20312.90168508099,0.3921206485572878
BikeSharing,402,SRS,6,2,21255.510781297435,0.3682335531858155
BikeSharing,402,PCA-QS,6,2,21084.032252736903,0.3733303199400134
BikeSharing,402,Leverage,6,2,21106.434320290027,0.37266447498502975
BikeSharing,402,Coreset,6,2,21357.467241866754,0.36520315455242647
BikeSharing,403,SRS,6,2,19879.10115134534,0.3848694731497574
BikeSharing,403,PCA-QS,6,2,20167.916757215746,0.3759324847794552
BikeSharing,403,Leverage,6,2,19877.949984669518,0.3849050943661493
BikeSharing,403,Coreset,6,2,19901.656586023764,0.3841715272863381
BikeSharing,404,SRS,6,2,19847.58354224799,0.3816123404929742
BikeSharing,404,PCA-QS,6,2,19930.742460289486,0.37902137275197156
BikeSharing,404,Leverage,6,2,19675.353871146774,0.3869784699758524
BikeSharing,404,Coreset,6,2,19738.22578505299,0.3850195808442646
BikeSharing,405,SRS,6,2,21101.049606135977,0.37159339467406227
BikeSharing,405,PCA-QS,6,2,21165.69052850764,0.36966833486182893
BikeSharing,405,Leverage,6,2,21159.423504716997,0.3698549719826967
BikeSharing,405,Coreset,6,2,21370.209008244776,0.36357760639206305
BikeSharing,406,SRS,6,2,20764.194643024162,0.38670560449658686
BikeSharing,406,PCA-QS,6,2,21017.26055835972,0.3792310113213403
BikeSharing,406,Leverage,6,2,21231.78234784001,0.37289486328076005
BikeSharing,406,Coreset,6,2,20758.716229398102,0.3868674157505688
BikeSharing,407,SRS,6,2,20812.99620158683,0.3774622005842764
BikeSharing,407,PCA-QS,6,2,20507.42483123855,0.3866021498072798
BikeSharing,407,Leverage,6,2,21180.791566597818,0.36646106864961603
BikeSharing,407,Coreset,6,2,20845.18760160169,0.3764993232007773
BikeSharing,408,SRS,6,2,21177.583858806975,0.3740122761262933
BikeSharing,408,PCA-QS,6,2,21252.348993430285,0.37180229519740216
BikeSharing,408,Leverage,6,2,21278.876586841998,0.37101816666176
BikeSharing,408,Coreset,6,2,21455.470382013595,0.3657982346512575
BikeSharing,409,SRS,6,2,20702.160598370425,0.36184014859282243
BikeSharing,409,PCA-QS,6,2,20675.5668291628,0.36265992176216155
BikeSharing,409,Leverage,6,2,20903.73547006055,0.3556264498074253
BikeSharing,409,Coreset,6,2,20486.52622430772,0.36848724223583895
BikeSharing,410,SRS,6,2,20546.197000882592,0.37282677120220487
BikeSharing,410,PCA-QS,6,2,20517.20633981884,0.3737117119288783
BikeSharing,410,Leverage,6,2,20339.410644601532,0.3791389304175844
BikeSharing,410,Coreset,6,2,20340.08679617416,0.37911829087222493
BikeSharing,411,SRS,6,2,20645.01367522925,0.3674136165541798
BikeSharing,411,PCA-QS,6,2,20511.435345205697,0.3715066064657204
BikeSharing,411,Leverage,6,2,20693.595061103784,0.36592502838094787
BikeSharing,411,Coreset,6,2,20853.034611254145,0.3610396216675166
BikeSharing,412,SRS,6,2,20712.55813909976,0.37885436977600995
BikeSharing,412,PCA-QS,6,2,21131.220398755755,0.36629917348501595
BikeSharing,412,Leverage,6,2,21104.97749624665,0.3670861677378965
BikeSharing,412,Coreset,6,2,20798.24596431672,0.376284691137598
BikeSharing,413,SRS,6,2,20442.47259815871,0.3711219383104922
BikeSharing,413,PCA-QS,6,2,20205.451246336404,0.3784134989373835
BikeSharing,413,Leverage,6,2,20590.97988156762,0.36655336314970766
BikeSharing,413,Coreset,6,2,20380.32678859068,0.37303374893298946
BikeSharing,414,SRS,6,2,20602.483255839477,0.3821257986280995
BikeSharing,414,PCA-QS,6,2,20604.815089737796,0.38205586628112154
BikeSharing,414,Leverage,6,2,20859.820724844132,0.37440817637985657
BikeSharing,414,Coreset,6,2,20625.244636857737,0.38144317848255016
BikeSharing,415,SRS,6,2,19853.13037907873,0.3837520692605062
BikeSharing,415,PCA-QS,6,2,19839.52519322016,0.38417437886471384
BikeSharing,415,Leverage,6,2,19943.406547626044,0.38094986623256477
BikeSharing,415,Coreset,6,2,19980.80213573591,0.379789094437313
BikeSharing,416,SRS,6,2,21270.372145657795,0.35359430861305874
BikeSharing,416,PCA-QS,6,2,20599.190999498394,0.3739914746738141
BikeSharing,416,Leverage,6,2,20467.296119977254,0.3779997543693183
BikeSharing,416,Coreset,6,2,20552.23151257976,0.37541857145430046
BikeSharing,417,SRS,6,2,20583.981156649515,0.3836516862670334
BikeSharing,417,PCA-QS,6,2,20345.106768599184,0.39080432720409797
BikeSharing,417,Leverage,6,2,20489.835355736228,0.38647070389031757
BikeSharing,417,Coreset,6,2,20521.032047514374,0.3855365780657175
BikeSharing,418,SRS,6,2,20096.578996583237,0.38171760041161884
BikeSharing,418,PCA-QS,6,2,20108.284029894156,0.38135748856950036
BikeSharing,418,Leverage,6,2,19766.18380930778,0.3918823916049783
BikeSharing,418,Coreset,6,2,20082.076804295193,0.3821637684011392
BikeSharing,419,SRS,6,2,21047.023629837964,0.37694193736247505
BikeSharing,419,PCA-QS,6,2,21203.955723163403,0.3722962540700222
BikeSharing,419,Leverage,6,2,21206.339189548646,0.37222569597238
BikeSharing,419,Coreset,6,2,21160.707899806963,0.3735765255947594
BikeSharing,420,SRS,6,2,20120.286692820613,0.3792777906591144
BikeSharing,420,PCA-QS,6,2,20512.86548281339,0.36716651324120164
BikeSharing,420,Leverage,6,2,20458.567649019744,0.3688416320836604
BikeSharing,420,Coreset,6,2,20246.3632709537,0.37538825700983325
BikeSharing,421,SRS,6,2,20788.20481918267,0.36644653843339103
BikeSharing,421,PCA-QS,6,2,20377.931441193952,0.37895026932666775
BikeSharing,421,Leverage,6,2,20634.201037812603,0.3711400475473343
BikeSharing,421,Coreset,6,2,20586.193505691346,0.37260315311230485
BikeSharing,422,SRS,6,2,20884.065143457672,0.3715582901667702
BikeSharing,422,PCA-QS,6,2,20510.10340967231,0.38281151839498684
BikeSharing,422,Leverage,6,2,20797.01457529925,0.37417780928431954
BikeSharing,422,Coreset,6,2,20658.578686656296,0.3783436115820735
BikeSharing,423,SRS,6,2,20503.962388087406,0.3774620883313333
BikeSharing,423,PCA-QS,6,2,20597.574438462518,0.37461985475498794
BikeSharing,423,Leverage,6,2,20605.361235468015,0.37438343331338375
BikeSharing,423,Coreset,6,2,20343.059402286817,0.38234739814929064
BikeSharing,424,SRS,6,2,20491.916926489168,0.3810276512773918
BikeSharing,424,PCA-QS,6,2,20303.874544878545,0.386707599865045
BikeSharing,424,Leverage,6,2,20864.051121709887,0.3697870837071606
BikeSharing,424,Coreset,6,2,20641.493515588656,0.376509588228388
BikeSharing,425,SRS,6,2,20614.362312786863,0.3904407261763849
BikeSharing,425,PCA-QS,6,2,20841.789257212695,0.38371579328791316
BikeSharing,425,Leverage,6,2,21409.13409284405,0.36693961070376835
BikeSharing,425,Coreset,6,2,20922.425253463658,0.3813314159022352
BikeSharing,426,SRS,6,2,21087.76895610583,0.36977953299354116
BikeSharing,426,PCA-QS,6,2,20901.410089330424,0.3753489781204513
BikeSharing,426,Leverage,6,2,21427.143989040855,0.35963710909882596
BikeSharing,426,Coreset,6,2,20901.67623781968,0.37534102411519166
BikeSharing,427,SRS,6,2,20938.77245279773,0.36685712173118135
BikeSharing,427,PCA-QS,6,2,20986.87717436395,0.36540253971404457
BikeSharing,427,Leverage,6,2,20946.5187376843,0.3666228909461614
BikeSharing,427,Coreset,6,2,20938.549173895783,0.3668638731989168
BikeSharing,428,SRS,6,2,20907.54059817335,0.3612052074481069
BikeSharing,428,PCA-QS,6,2,20859.469965568238,0.36267392490144057
BikeSharing,428,Leverage,6,2,20801.00097352905,0.3644603467651224
BikeSharing,428,Coreset,6,2,20898.4604420759,0.361482636369188
BikeSharing,429,SRS,6,2,20673.556260678917,0.36409129182355215
BikeSharing,429,PCA-QS,6,2,20622.78489034646,0.3656529949051778
BikeSharing,429,Leverage,6,2,20743.031527834824,0.36195426581650003
BikeSharing,429,Coreset,6,2,21065.068150661817,0.35204857323873484
BikeSharing,430,SRS,6,2,20203.713375223128,0.377429488660436
BikeSharing,430,PCA-QS,6,2,20051.428337280668,0.38212209997304103
BikeSharing,430,Leverage,6,2,20033.8788064457,0.38266288275800653
BikeSharing,430,Coreset,6,2,20238.794721420727,0.3763484689867208
BikeSharing,431,SRS,6,2,21292.983956825796,0.36565193605691393
BikeSharing,431,PCA-QS,6,2,21229.995699845003,0.36752844519006
BikeSharing,431,Leverage,6,2,21217.312514116322,0.3679062952052543
BikeSharing,431,Coreset,6,2,20965.00560213319,0.37542287444377154
BikeSharing,432,SRS,6,2,20672.078010251862,0.37535080597351533
BikeSharing,432,PCA-QS,6,2,20400.099212459212,0.3835692026315203
BikeSharing,432,Leverage,6,2,20902.669456099455,0.3683830129569319
BikeSharing,432,Coreset,6,2,20575.315990547435,0.3782746686636024
BikeSharing,433,SRS,6,2,20506.98764294474,0.3852806634005642
BikeSharing,433,PCA-QS,6,2,20416.470051164513,0.3879940270080593
BikeSharing,433,Leverage,6,2,20412.183304403257,0.38812252692092464
BikeSharing,433,Coreset,6,2,20565.90966223918,0.38351441156277954
BikeSharing,434,SRS,6,2,20087.843532320032,0.38146932292572566
BikeSharing,434,PCA-QS,6,2,19985.817066363776,0.384610849738491
BikeSharing,434,Leverage,6,2,20213.48818607961,0.37760056157084765
BikeSharing,434,Coreset,6,2,20145.53459286004,0.37969294057390524
BikeSharing,435,SRS,6,2,21174.551409345844,0.37469969263788705
BikeSharing,435,PCA-QS,6,2,21025.5599929021,0.37909952036956074
BikeSharing,435,Leverage,6,2,21411.588165511937,0.3676998203090047
BikeSharing,435,Coreset,6,2,21138.00662069166,0.3757788875231143
BikeSharing,436,SRS,6,2,20267.583051559617,0.36228539439757146
BikeSharing,436,PCA-QS,6,2,19825.980587633247,0.376180309267265
BikeSharing,436,Leverage,6,2,19934.579285628082,0.3727632774640879
BikeSharing,436,Coreset,6,2,20066.687320700144,0.36860653004785315
BikeSharing,437,SRS,6,2,20245.292952441618,0.3744150693300269
BikeSharing,437,PCA-QS,6,2,20014.04513039458,0.38156068846543345
BikeSharing,437,Leverage,6,2,20225.399459707147,0.3750297835405011
BikeSharing,437,Coreset,6,2,20393.419023373943,0.36983793438649737
BikeSharing,438,SRS,6,2,20653.173475179006,0.3783472071369678
BikeSharing,438,PCA-QS,6,2,20539.108838687906,0.38178051001058266
BikeSharing,438,Leverage,6,2,20712.917796085232,0.37654892543494767
BikeSharing,438,Coreset,6,2,20687.331303687137,0.3773190692812656
BikeSharing,439,SRS,6,2,19596.837940280402,0.38139054594289623
BikeSharing,439,PCA-QS,6,2,20241.76741108614,0.36103218664757175
BikeSharing,439,Leverage,6,2,19580.92560438493,0.38189284745965457
BikeSharing,439,Coreset,6,2,19637.06389067398,0.38012074143220265
BikeSharing,440,SRS,6,2,20598.115179058615,0.37827645781379726
BikeSharing,440,PCA-QS,6,2,20604.698761510048,0.3780777421465433
BikeSharing,440,Leverage,6,2,20755.46906960101,0.3735269641171963
BikeSharing,440,Coreset,6,2,20701.204109465678,0.3751648714178717
BikeSharing,441,SRS,6,2,19804.6010047504,0.4013303346757119
BikeSharing,441,PCA-QS,6,2,19995.526835310426,0.39555887262728606
BikeSharing,441,Leverage,6,2,20469.95670790337,0.38121741869055015
BikeSharing,441,Coreset,6,2,20004.199859012864,0.3952966973784112
BikeSharing,442,SRS,6,2,21017.7104878697,0.3660415678102402
BikeSharing,442,PCA-QS,6,2,20833.103228780292,0.37160988737628975
BikeSharing,442,Leverage,6,2,20857.401403212123,0.3708769801180626
BikeSharing,442,Coreset,6,2,20931.290078001817,0.36864827169364645
BikeSharing,443,SRS,6,2,20562.013778912606,0.36513951090169394
BikeSharing,443,PCA-QS,6,2,20495.982848700565,0.36717824256974785
BikeSharing,443,Leverage,6,2,20499.803808747787,0.3670602688833917
BikeSharing,443,Coreset,6,2,20626.561944365792,0.36314656019508385
BikeSharing,444,SRS,6,2,20624.813652986315,0.37258924502715807
BikeSharing,444,PCA-QS,6,2,20365.56429693702,0.3804756597575797
BikeSharing,444,Leverage,6,2,20409.712070663303,0.3791326760821869
BikeSharing,444,Coreset,6,2,20466.093357597758,0.3774175466077072
BikeSharing,445,SRS,6,2,21072.263337237306,0.3646223017800905
BikeSharing,445,PCA-QS,6,2,20801.847237710615,0.3727759754566743
BikeSharing,445,Leverage,6,2,20674.335733821656,0.37662074355495256
BikeSharing,445,Coreset,6,2,20710.315536910246,0.37553586889754276
BikeSharing,446,SRS,6,2,20432.891586071535,0.38374918097851574
BikeSharing,446,PCA-QS,6,2,20444.06184541893,0.3834122887945328
BikeSharing,446,Leverage,6,2,20531.78912474982,0.38076645633805195
BikeSharing,446,Coreset,6,2,20901.027263140684,0.3696303278934392
BikeSharing,447,SRS,6,2,19790.48615662845,0.37567058980562185
BikeSharing,447,PCA-QS,6,2,20094.68802042881,0.3660739498492608
BikeSharing,447,Leverage,6,2,19872.671583050054,0.37307789054607443
BikeSharing,447,Coreset,6,2,19997.62577963245,0.3691359671776345
BikeSharing,448,SRS,6,2,19936.90479299312,0.3769711214589794
BikeSharing,448,PCA-QS,6,2,20346.610852291404,0.36416779469855953
BikeSharing,448,Leverage,6,2,20108.681869476855,0.37160308261684516
BikeSharing,448,Coreset,6,2,20008.923853604483,0.3747205236338824
BikeSharing,449,SRS,6,2,21139.956145118573,0.3752875358879222
BikeSharing,449,PCA-QS,6,2,20768.86992142253,0.3862536035378179
BikeSharing,449,Leverage,6,2,20916.260423917938,0.381898027614739
BikeSharing,449,Coreset,6,2,21036.713583279652,0.3783384842799097
BikeSharing,450,SRS,6,2,20720.409895871417,0.37404929302317746
BikeSharing,450,PCA-QS,6,2,20573.092271353264,0.37849966691446124
BikeSharing,450,Leverage,6,2,20630.275626558905,0.37677219328830436
BikeSharing,450,Coreset,6,2,20518.50957476205,0.380148576259965
BikeSharing,451,SRS,6,2,20919.68277657422,0.3630820850835088
BikeSharing,451,PCA-QS,6,2,20531.601609505095,0.37489755333835306
BikeSharing,451,Leverage,6,2,20798.07765271089,0.36678445871705756
BikeSharing,451,Coreset,6,2,20902.80576976672,0.3635959202167022
BikeSharing,452,SRS,6,2,20211.89675424765,0.38488498730661025
BikeSharing,452,PCA-QS,6,2,20186.82518926615,0.3856479981313413
BikeSharing,452,Leverage,6,2,20336.12008821596,0.38110445950262395
BikeSharing,452,Coreset,6,2,20266.67550130856,0.38321788846361726
BikeSharing,453,SRS,6,2,21118.783804581682,0.3771540292661374
BikeSharing,453,PCA-QS,6,2,21223.16504852564,0.37407556424597954
BikeSharing,453,Leverage,6,2,21722.877930142906,0.3593377764207357
BikeSharing,453,Coreset,6,2,21429.71492860676,0.367983889566485
BikeSharing,454,SRS,6,2,20683.18510925948,0.3758442005185192
BikeSharing,454,PCA-QS,6,2,20455.89460529773,0.38270313861076144
BikeSharing,454,Leverage,6,2,20862.834725038727,0.37042291994829224
BikeSharing,454,Coreset,6,2,20597.717093103776,0.3784233660422024
BikeSharing,455,SRS,6,2,19777.98901996887,0.3857612819682408
BikeSharing,455,PCA-QS,6,2,19751.952003672697,0.3865699053067908
BikeSharing,455,Leverage,6,2,19610.509867726312,0.3909626287617215
BikeSharing,455,Coreset,6,2,19987.92637111982,0.37924132438773317
BikeSharing,456,SRS,6,2,20144.780460359114,0.38518830156875383
BikeSharing,456,PCA-QS,6,2,20160.64075285709,0.38470425095388194
BikeSharing,456,Leverage,6,2,20352.47727523698,0.3788494669626832
BikeSharing,456,Coreset,6,2,20127.467359261154,0.3857166913971808
BikeSharing,457,SRS,6,2,21166.79566713507,0.37110278349716785
BikeSharing,457,PCA-QS,6,2,20857.999524554994,0.3802775796065738
BikeSharing,457,Leverage,6,2,21120.278737820816,0.37248487117005147
BikeSharing,457,Coreset,6,2,20956.548173845946,0.3773495515666271
BikeSharing,458,SRS,6,2,21304.325251472652,0.36213463806806645
BikeSharing,458,PCA-QS,6,2,21261.320150946816,0.3634222387636076
BikeSharing,458,Leverage,6,2,21476.52976411619,0.35697872289651744
BikeSharing,458,Coreset,6,2,21518.04872488525,0.3557356181924074
BikeSharing,459,SRS,6,2,20697.545907083448,0.37374580570902804
BikeSharing,459,PCA-QS,6,2,20742.140969501917,0.37239647448833124
BikeSharing,459,Leverage,6,2,20881.713826384403,0.3681733609161122
BikeSharing,459,Coreset,6,2,20751.928011443855,0.3721003439183904
BikeSharing,460,SRS,6,2,20777.499420172826,0.3691167450830165
BikeSharing,460,PCA-QS,6,2,20833.869823478344,0.3674051270100621
BikeSharing,460,Leverage,6,2,20828.369897700246,0.3675721255023503
BikeSharing,460,Coreset,6,2,21040.388034945918,0.3611344551252732
BikeSharing,461,SRS,6,2,20496.991761864014,0.3784188583817002
BikeSharing,461,PCA-QS,6,2,20420.797829711737,0.3807294760509582
BikeSharing,461,Leverage,6,2,20523.10136060632,0.3776270722317133
BikeSharing,461,Coreset,6,2,20379.69059584708,0.38197607270529765
BikeSharing,462,SRS,6,2,21094.094748970903,0.3592930339027218
BikeSharing,462,PCA-QS,6,2,21295.290697806926,0.35318195648964246
BikeSharing,462,Leverage,6,2,21090.26743297129,0.3594092838793901
BikeSharing,462,Coreset,6,2,20941.852754875,0.3639171956556003
BikeSharing,463,SRS,6,2,20135.25128454573,0.38381116169150953
BikeSharing,463,PCA-QS,6,2,20076.87132244479,0.38559773393335095
BikeSharing,463,Leverage,6,2,20743.866169026045,0.36518603040581166
BikeSharing,463,Coreset,6,2,20254.14343288874,0.3801727658385752
BikeSharing,464,SRS,6,2,20917.831579084326,0.3883229959748635
BikeSharing,464,PCA-QS,6,2,21099.770502392872,0.38300275734954603
BikeSharing,464,Leverage,6,2,21212.51532051588,0.3797058853813351
BikeSharing,464,Coreset,6,2,21307.09702181257,0.3769401373416288
BikeSharing,465,SRS,6,2,20475.191405128662,0.3818501399112809
BikeSharing,465,PCA-QS,6,2,20469.88888530728,0.3820102239769608
BikeSharing,465,Leverage,6,2,20427.415947146463,0.38329248992809073
BikeSharing,465,Coreset,6,2,20426.610377585144,0.38331681022389485
BikeSharing,466,SRS,6,2,20608.808588424108,0.3811888275098494
BikeSharing,466,PCA-QS,6,2,20647.032408178195,0.3800410985366973
BikeSharing,466,Leverage,6,2,20602.014014754943,0.3813928450337516
BikeSharing,466,Coreset,6,2,20760.009999925027,0.3766487725944184
BikeSharing,467,SRS,6,2,21292.906574865276,0.37537126118808206
BikeSharing,467,PCA-QS,6,2,21426.894346936464,0.3714407215602119
BikeSharing,467,Leverage,6,2,21226.570119305165,0.37731724523812604
BikeSharing,467,Coreset,6,2,21145.21846951837,0.3797037009447686
BikeSharing,468,SRS,6,2,19740.09841417711,0.38966226079285693
BikeSharing,468,PCA-QS,6,2,19921.352269381918,0.38405813127500055
BikeSharing,468,Leverage,6,2,20266.811747099113,0.3733769810500268
BikeSharing,468,Coreset,6,2,19835.126685484163,0.38672411230679593
BikeSharing,469,SRS,6,2,20705.972879067223,0.37817893475652276
BikeSharing,469,PCA-QS,6,2,21021.809098645503,0.36869405734227756
BikeSharing,469,Leverage,6,2,20747.313689517934,0.37693742889043147
BikeSharing,469,Coreset,6,2,20601.937601647423,0.38130321814112433
BikeSharing,470,SRS,6,2,21095.852823340338,0.37200668496335776
BikeSharing,470,PCA-QS,6,2,20996.201968126465,0.37497314815572313
BikeSharing,470,Leverage,6,2,21326.745412635846,0.3651333433742159
BikeSharing,470,Coreset,6,2,20974.310823431006,0.37562481617039745
BikeSharing,471,SRS,6,2,20590.48093915395,0.3611495016606737
BikeSharing,471,PCA-QS,6,2,20223.39248291457,0.37253897060489827
BikeSharing,471,Leverage,6,2,20199.775318553966,0.3732717284878112
BikeSharing,471,Coreset,6,2,20349.9907800747,0.3686110688978591
BikeSharing,472,SRS,6,2,19624.28712890988,0.37400589604187384
BikeSharing,472,PCA-QS,6,2,19678.164487966536,0.37228726499633547
BikeSharing,472,Leverage,6,2,19370.079065225626,0.382114865707861
BikeSharing,472,Coreset,6,2,19384.261800739336,0.3816624513729474
BikeSharing,473,SRS,6,2,21747.299182321236,0.37346559351876296
BikeSharing,473,PCA-QS,6,2,21703.181772695258,0.3747366053728681
BikeSharing,473,Leverage,6,2,21877.01796732721,0.36972842683466944
BikeSharing,473,Coreset,6,2,22082.059202198037,0.36382123866767146
BikeSharing,474,SRS,6,2,20290.74939788943,0.37319502836743823
BikeSharing,474,PCA-QS,6,2,19993.152353630823,0.38238814899726836
BikeSharing,474,Leverage,6,2,20560.6904652109,0.36485623319891203
BikeSharing,474,Coreset,6,2,20106.136954046648,0.3788979225955801
BikeSharing,475,SRS,6,2,20920.469386872224,0.3591197205479526
BikeSharing,475,PCA-QS,6,2,20429.623509573288,0.37415635463077224
BikeSharing,475,Leverage,6,2,20676.57977898486,0.366591065342749
BikeSharing,475,Coreset,6,2,20304.51180568653,0.3779890422376756
BikeSharing,476,SRS,6,2,20950.815956696788,0.3694378221197322
BikeSharing,476,PCA-QS,6,2,20988.791457822572,0.36829486354735674
BikeSharing,476,Leverage,6,2,21501.110033662237,0.35287547760946847
BikeSharing,476,Coreset,6,2,21419.978447643156,0.3553173161364648
BikeSharing,477,SRS,6,2,20455.32604009237,0.3759358153210389
BikeSharing,477,PCA-QS,6,2,20071.425303656382,0.387648104805548
BikeSharing,477,Leverage,6,2,20477.192215599367,0.37526870803743584
BikeSharing,477,Coreset,6,2,20729.844709614546,0.3675606239728918
BikeSharing,478,SRS,6,2,20427.08519165004,0.3832945927631022
BikeSharing,478,PCA-QS,6,2,20491.87166431736,0.3813386520287837
BikeSharing,478,Leverage,6,2,20877.426002574757,0.3696985456231876
BikeSharing,478,Coreset,6,2,20707.862689640293,0.3748177592052816
BikeSharing,479,SRS,6,2,20707.28136205815,0.3858969681277621
BikeSharing,479,PCA-QS,6,2,20703.80129727131,0.38600017425604827
BikeSharing,479,Leverage,6,2,20665.54656854314,0.38713467107794697
BikeSharing,479,Coreset,6,2,20781.455088490366,0.38369724381384285
BikeSharing,480,SRS,6,2,19779.557969535443,0.3830173015257664
BikeSharing,480,PCA-QS,6,2,19780.606652167226,0.382984590024276
BikeSharing,480,Leverage,6,2,19814.574639877657,0.3819250283924335
BikeSharing,480,Coreset,6,2,19744.42962154482,0.38411305821403907
BikeSharing,481,SRS,6,2,19972.28061434815,0.3881335839262735
BikeSharing,481,PCA-QS,6,2,19955.052159729352,0.38866139108989406
BikeSharing,481,Leverage,6,2,20203.157301208226,0.38106049629688354
BikeSharing,481,Coreset,6,2,20038.236651090723,0.38611296922536087
BikeSharing,482,SRS,6,2,21039.011491736564,0.3836648530863732
BikeSharing,482,PCA-QS,6,2,21149.655013661217,0.3804235652831295
BikeSharing,482,Leverage,6,2,21883.247164186316,0.3589330771940785
BikeSharing,482,Coreset,6,2,21073.163389517067,0.38266437761516625
BikeSharing,483,SRS,6,2,20579.74601793249,0.37218444153914587
BikeSharing,483,PCA-QS,6,2,20387.259809580082,0.37805651771965265
BikeSharing,483,Leverage,6,2,20496.242815455797,0.3747318301050929
BikeSharing,483,Coreset,6,2,20466.504029617892,0.3756390557055693
BikeSharing,484,SRS,6,2,21130.139944481263,0.3687891457656385
BikeSharing,484,PCA-QS,6,2,20911.595940612202,0.3753176092652859
BikeSharing,484,Leverage,6,2,21164.56097032211,0.3677609024515047
BikeSharing,484,Coreset,6,2,21143.136022741965,0.36840091995728186
BikeSharing,485,SRS,6,2,20965.451918406856,0.36525257065340955
BikeSharing,485,PCA-QS,6,2,21129.023889292588,0.36030028589289287
BikeSharing,485,Leverage,6,2,21081.01856934299,0.3617536890225538
BikeSharing,485,Coreset,6,2,21254.820398507763,0.35649168633797446
BikeSharing,486,SRS,6,2,20301.748403271824,0.3812855203392461
BikeSharing,486,PCA-QS,6,2,20285.730563311576,0.3817736787638031
BikeSharing,486,Leverage,6,2,20477.338127663174,0.3759342617775421
BikeSharing,486,Coreset,6,2,20341.428574875168,0.3800762305658364
BikeSharing,487,SRS,6,2,20000.129950584058,0.3938574598697736
BikeSharing,487,PCA-QS,6,2,19974.489791647735,0.3946345343740596
BikeSharing,487,Leverage,6,2,19923.690410528106,0.39617410766608196
BikeSharing,487,Coreset,6,2,20028.63060452191,0.39299369254346395
BikeSharing,488,SRS,6,2,19928.938513625948,0.38467721276360045
BikeSharing,488,PCA-QS,6,2,19925.88459567882,0.38477150505628477
BikeSharing,488,Leverage,6,2,20053.422162316354,0.38083367510477506
BikeSharing,488,Coreset,6,2,19994.947447012913,0.3826391312648594
BikeSharing,489,SRS,6,2,21202.28130234959,0.3757143750406081
BikeSharing,489,PCA-QS,6,2,21060.197793906773,0.3798979197544884
BikeSharing,489,Leverage,6,2,21284.001469608553,0.37330818464243654
BikeSharing,489,Coreset,6,2,21345.71304756785,0.3714911324835597
BikeSharing,490,SRS,6,2,19831.775373414617,0.37980847792997585
BikeSharing,490,PCA-QS,6,2,19848.058649920185,0.37929925725506763
BikeSharing,490,Leverage,6,2,19829.849817164275,0.3798686951137249
BikeSharing,490,Coreset,6,2,19722.150737888333,0.38323672720586066
BikeSharing,491,SRS,6,2,20158.913883854442,0.37428191826402346
BikeSharing,491,PCA-QS,6,2,20208.341543155053,0.37274771952988195
BikeSharing,491,Leverage,6,2,20234.799829720097,0.3719264734840442
BikeSharing,491,Coreset,6,2,20349.744469717516,0.36835867513640497
BikeSharing,492,SRS,6,2,20709.75839408277,0.3851317231500986
BikeSharing,492,PCA-QS,6,2,20733.086359622757,0.38443912086565646
BikeSharing,492,Leverage,6,2,21169.37257931462,0.37148587674708
BikeSharing,492,Coreset,6,2,21134.439242596407,0.37252304000817726
BikeSharing,493,SRS,6,2,20286.18685057897,0.37593421649694936
BikeSharing,493,PCA-QS,6,2,19989.84058174677,0.38505074331439293
BikeSharing,493,Leverage,6,2,20135.311904928443,0.3805755959667282
BikeSharing,493,Coreset,6,2,20685.593857612683,0.36364722295710683
BikeSharing,494,SRS,6,2,19843.0806671812,0.3877627409423048
BikeSharing,494,PCA-QS,6,2,19821.91641939184,0.3884157414150592
BikeSharing,494,Leverage,6,2,19947.65524019547,0.3845362031368481
BikeSharing,494,Coreset,6,2,19861.992649820902,0.3871792317277386
BikeSharing,495,SRS,6,2,20696.47582996293,0.36343820953907047
BikeSharing,495,PCA-QS,6,2,20466.929096454685,0.37049838156434445
BikeSharing,495,Leverage,6,2,20377.848520247695,0.37323823406635936
BikeSharing,495,Coreset,6,2,20677.201371059255,0.36403103433546036
BikeSharing,496,SRS,6,2,20929.411247055166,0.37180070095239337
BikeSharing,496,PCA-QS,6,2,21019.637577041038,0.3690925446366853
BikeSharing,496,Leverage,6,2,21257.589505498618,0.361950383163552
BikeSharing,496,Coreset,6,2,21014.801282335793,0.36923770672022205
BikeSharing,497,SRS,6,2,20257.508961094587,0.39322129322750077
BikeSharing,497,PCA-QS,6,2,20643.976834317164,0.3816453153136574
BikeSharing,497,Leverage,6,2,20686.047121811727,0.38038517248521164
BikeSharing,497,Coreset,6,2,20451.004083969256,0.387425480886992
BikeSharing,498,SRS,6,2,20908.916516861125,0.3780506711014988
BikeSharing,498,PCA-QS,6,2,21189.402749168185,0.369707425586698
BikeSharing,498,Leverage,6,2,21011.028113890745,0.3750132951956687
BikeSharing,498,Coreset,6,2,21389.420639798132,0.3637577632622695
BikeSharing,499,SRS,6,2,20320.765043669242,0.3777218214814474
BikeSharing,499,PCA-QS,6,2,20394.47985174036,0.3754644696348135
BikeSharing,499,Leverage,6,2,20682.313873622832,0.3666501936728711
BikeSharing,499,Coreset,6,2,20508.950488338887,0.3719590612959388
BikeSharing,500,SRS,6,2,20936.889584076984,0.3742742450990597
BikeSharing,500,PCA-QS,6,2,20889.040889945645,0.3757042645934131
BikeSharing,500,Leverage,6,2,21181.666128970915,0.36695878461861264
BikeSharing,500,Coreset,6,2,20992.25219880883,0.372619662465987
BikeSharing,501,SRS,6,2,20506.703323678514,0.3583184885602313
BikeSharing,501,PCA-QS,6,2,20774.5112000793,0.3499384305766595
BikeSharing,501,Leverage,6,2,20356.230769953505,0.36302697115640636
BikeSharing,501,Coreset,6,2,20347.457607315682,0.3633014948656875
BikeSharing,502,SRS,6,2,20143.82760547675,0.38365661367163295
BikeSharing,502,PCA-QS,6,2,20366.881033114358,0.3768318181255801
BikeSharing,502,Leverage,6,2,20320.52695383033,0.3782501200866376
BikeSharing,502,Coreset,6,2,20045.85493224203,0.38665429665283113
BikeSharing,503,SRS,6,2,20661.06184165841,0.3648060704877071
BikeSharing,503,PCA-QS,6,2,20416.183726184237,0.372334487643208
BikeSharing,503,Leverage,6,2,20468.742365052127,0.37071864966701074
BikeSharing,503,Coreset,6,2,20592.613912053657,0.3669104013157074
BikeSharing,504,SRS,6,2,19892.977622575258,0.38074423576311645
BikeSharing,504,PCA-QS,6,2,20138.617082020606,0.37309763533599183
BikeSharing,504,Leverage,6,2,19993.778652326073,0.377606363700999
BikeSharing,504,Coreset,6,2,19888.58723260337,0.3808809058156808
BikeSharing,505,SRS,6,2,20413.679923416847,0.4018181929117841
BikeSharing,505,PCA-QS,6,2,20866.963079663376,0.3885356422622481
BikeSharing,505,Leverage,6,2,20991.32065822314,0.38489159369545045
BikeSharing,505,Coreset,6,2,20637.64811545296,0.39525525578604026
BikeSharing,506,SRS,6,2,20561.62081445394,0.38169692297519764
BikeSharing,506,PCA-QS,6,2,20671.02919998973,0.37840693226680266
BikeSharing,506,Leverage,6,2,20875.824755925692,0.37224857911269726
BikeSharing,506,Coreset,6,2,20599.194491627142,0.3805670548378086
BikeSharing,507,SRS,6,2,20308.696157014743,0.362407642547239
BikeSharing,507,PCA-QS,6,2,19453.230353293664,0.38926502690602494
BikeSharing,507,Leverage,6,2,19893.327651064992,0.3754481540046255
BikeSharing,507,Coreset,6,2,19536.91238208527,0.3866378261442842
BikeSharing,508,SRS,6,2,20481.47383402269,0.3716252527662155
BikeSharing,508,PCA-QS,6,2,20269.76080084122,0.3781206409784893
BikeSharing,508,Leverage,6,2,20545.32339883282,0.36966633836026563
BikeSharing,508,Coreset,6,2,20307.742161143793,0.3769553670400445
BikeSharing,509,SRS,6,2,20644.696378684806,0.37348487398205155
BikeSharing,509,PCA-QS,6,2,20594.92955245353,0.3749951732296585
BikeSharing,509,Leverage,6,2,20578.74089762019,0.3754864585911347
BikeSharing,509,Coreset,6,2,20490.651994961383,0.3781597374293282
BikeSharing,510,SRS,6,2,20377.977285082878,0.37654571249811597
BikeSharing,510,PCA-QS,6,2,20601.314632905134,0.3697128151447062
BikeSharing,510,Leverage,6,2,19981.143731828502,0.38868664173460865
BikeSharing,510,Coreset,6,2,20201.465877758976,0.3819459930141629
BikeSharing,511,SRS,6,2,20466.36594942075,0.3785592618012582
BikeSharing,511,PCA-QS,6,2,20812.066254996098,0.36806241768036263
BikeSharing,511,Leverage,6,2,21054.65605341379,0.3606964210114503
BikeSharing,511,Coreset,6,2,20591.981494634943,0.3747450713709657
BikeSharing,512,SRS,6,2,20042.115294077146,0.3788814270112576
BikeSharing,512,PCA-QS,6,2,20121.17642276868,0.37643126969446594
BikeSharing,512,Leverage,6,2,20279.522776516205,0.3715240101644952
BikeSharing,512,Coreset,6,2,19953.26405717152,0.3816349863369749
BikeSharing,513,SRS,6,2,21751.566595041528,0.3735979626298568
BikeSharing,513,PCA-QS,6,2,21766.718378293077,0.37316162128142605
BikeSharing,513,Leverage,6,2,22134.54354589177,0.3625689849592054
BikeSharing,513,Coreset,6,2,21811.1570480197,0.3718818756073319
BikeSharing,514,SRS,6,2,19855.23759944895,0.389674946286371
BikeSharing,514,PCA-QS,6,2,20110.098966899986,0.3818408281097444
BikeSharing,514,Leverage,6,2,20417.698580155924,0.3723856025279597
BikeSharing,514,Coreset,6,2,19941.380202461103,0.3870270309165804
BikeSharing,515,SRS,6,2,20713.703355171452,0.3990736671119193
BikeSharing,515,PCA-QS,6,2,20947.307649352628,0.39229656069873153
BikeSharing,515,Leverage,6,2,20917.835349958776,0.39315158312001686
BikeSharing,515,Coreset,6,2,20779.92052834631,0.39715263723291183
BikeSharing,516,SRS,6,2,19946.68246694824,0.3726801282164297
BikeSharing,516,PCA-QS,6,2,19989.762761619568,0.3713252600585596
BikeSharing,516,Leverage,6,2,20118.482322819647,0.3672770511014124
BikeSharing,516,Coreset,6,2,20327.541815205077,0.36070216456698856
BikeSharing,517,SRS,6,2,19640.46504190477,0.3891538048430896
BikeSharing,517,PCA-QS,6,2,19611.66563122424,0.39004950718004683
BikeSharing,517,Leverage,6,2,19837.220913889694,0.3830344194048966
BikeSharing,517,Coreset,6,2,19521.45077757878,0.39285531651187233
BikeSharing,518,SRS,6,2,20732.66846954934,0.37508021641773803
BikeSharing,518,PCA-QS,6,2,20949.21092655013,0.3685532386886503
BikeSharing,518,Leverage,6,2,20899.69366133138,0.37004577780437176
BikeSharing,518,Coreset,6,2,21095.740095294233,0.36413658694145523
BikeSharing,519,SRS,6,2,20624.903393404045,0.37838424211849664
BikeSharing,519,PCA-QS,6,2,20687.068294876448,0.3765106487442482
BikeSharing,519,Leverage,6,2,20708.65340322216,0.37586009328576464
BikeSharing,519,Coreset,6,2,20514.20839132261,0.38172048841745154
BikeSharing,520,SRS,6,2,20682.6369523748,0.3699294587588604
BikeSharing,520,PCA-QS,6,2,20889.103226854237,0.36363972318941395
BikeSharing,520,Leverage,6,2,20711.011887086046,0.36906505203391693
BikeSharing,520,Coreset,6,2,20760.9801738749,0.36754283097601015
BikeSharing,521,SRS,6,2,20310.266421957156,0.37477421422923807
BikeSharing,521,PCA-QS,6,2,20193.00694612429,0.3783838984349269
BikeSharing,521,Leverage,6,2,19991.511666078033,0.3845866750100202
BikeSharing,521,Coreset,6,2,20174.606528201042,0.3789503319575387
BikeSharing,522,SRS,6,2,20849.095002018523,0.3662909087530202
BikeSharing,522,PCA-QS,6,2,20676.221812157655,0.37154539639562956
BikeSharing,522,Leverage,6,2,20858.17621029586,0.3660148850577807
BikeSharing,522,Coreset,6,2,20761.083535272723,0.36896602086725794
BikeSharing,523,SRS,6,2,20939.440019866503,0.3623372069477949
BikeSharing,523,PCA-QS,6,2,20863.43215727478,0.3646518527027999
BikeSharing,523,Leverage,6,2,21297.499020348194,0.3514333383578032
BikeSharing,523,Coreset,6,2,20845.3252106162,0.365203258383611
BikeSharing,524,SRS,6,2,20632.32159836909,0.37964857244461336
BikeSharing,524,PCA-QS,6,2,20893.74550853808,0.3717883471618093
BikeSharing,524,Leverage,6,2,20683.93525547859,0.3780967060820919
BikeSharing,524,Coreset,6,2,20928.712204551768,0.37073700450579417
BikeSharing,525,SRS,6,2,20275.832798062904,0.3695700546547086
BikeSharing,525,PCA-QS,6,2,20414.39878859948,0.3652616668952161
BikeSharing,525,Leverage,6,2,20548.576233762968,0.36108973076497386
BikeSharing,525,Coreset,6,2,20248.07471503314,0.3704331277990588
BikeSharing,526,SRS,6,2,19533.289939633265,0.3907099846426261
BikeSharing,526,PCA-QS,6,2,19764.235214192257,0.3835062493621061
BikeSharing,526,Leverage,6,2,19835.582054837585,0.38128077081922696
BikeSharing,526,Coreset,6,2,19549.23488607732,0.39021262364026565
BikeSharing,527,SRS,6,2,20633.589906065674,0.3656477826808916
BikeSharing,527,PCA-QS,6,2,20567.014764887328,0.36769454665250667
BikeSharing,527,Leverage,6,2,20454.213382864247,0.3711624747798349
BikeSharing,527,Coreset,6,2,20355.052533559818,0.3742110429114046
BikeSharing,528,SRS,6,2,21490.470880328707,0.3716298694271243
BikeSharing,528,PCA-QS,6,2,21364.298688453044,0.3753190783386027
BikeSharing,528,Leverage,6,2,21466.72656486341,0.3723241407947633
BikeSharing,528,Coreset,6,2,21580.23839968477,0.369005114103098
BikeSharing,529,SRS,6,2,21345.398739356213,0.36400864301774793
BikeSharing,529,PCA-QS,6,2,21045.15038754917,0.37295461582571265
BikeSharing,529,Leverage,6,2,21263.51322096244,0.36644844199252324
BikeSharing,529,Coreset,6,2,21087.66291371352,0.3716879447490016
BikeSharing,530,SRS,6,2,20016.242655507693,0.3784973958050356
BikeSharing,530,PCA-QS,6,2,19766.825588886713,0.3862417741633263
BikeSharing,530,Leverage,6,2,19723.140933204748,0.38759817894603066
BikeSharing,530,Coreset,6,2,19719.140627594414,0.38772238808943416
BikeSharing,531,SRS,6,2,20762.82706315922,0.3855542452543932
BikeSharing,531,PCA-QS,6,2,20435.366086110032,0.395244977955709
BikeSharing,531,Leverage,6,2,21144.849832308548,0.37424883544647436
BikeSharing,531,Coreset,6,2,20481.26563182507,0.39388664746807533
BikeSharing,532,SRS,6,2,20163.271579788634,0.37929160066955914
BikeSharing,532,PCA-QS,6,2,20014.863121088027,0.3838602232010083
BikeSharing,532,Leverage,6,2,20120.068881090683,0.38062155736083536
BikeSharing,532,Coreset,6,2,20151.35227271732,0.37965852594674376
BikeSharing,533,SRS,6,2,19306.819943410763,0.3930991463195346
BikeSharing,533,PCA-QS,6,2,19298.920825962196,0.3933474513815235
BikeSharing,533,Leverage,6,2,19456.299346755204,0.3884003311980755
BikeSharing,533,Coreset,6,2,19609.985299432243,0.38356928516606315
BikeSharing,534,SRS,6,2,20304.256566447195,0.369395768888903
BikeSharing,534,PCA-QS,6,2,20053.968970662678,0.3771691348518389
BikeSharing,534,Leverage,6,2,20155.45977136495,0.37401706040221516
BikeSharing,534,Coreset,6,2,20376.985502448704,0.3671369728272659
BikeSharing,535,SRS,6,2,20568.07093653202,0.3750246189738672
BikeSharing,535,PCA-QS,6,2,20494.643626880286,0.3772557597049997
BikeSharing,535,Leverage,6,2,20736.687276054967,0.3699010922529723
BikeSharing,535,Coreset,6,2,20438.786955896136,0.3789530041543645
BikeSharing,536,SRS,6,2,20642.82639358853,0.37234835608132344
BikeSharing,536,PCA-QS,6,2,20418.041209231782,0.37918302047272157
BikeSharing,536,Leverage,6,2,20552.77455727862,0.37508641055216685
BikeSharing,536,Coreset,6,2,20676.14941166803,0.37133515921190496
BikeSharing,537,SRS,6,2,21014.245118275237,0.34977087418952546
BikeSharing,537,PCA-QS,6,2,21028.344808280035,0.34933459731855454
BikeSharing,537,Leverage,6,2,21040.004957420573,0.34897380545856627
BikeSharing,537,Coreset,6,2,21061.475144588854,0.34830946843599686
BikeSharing,538,SRS,6,2,20212.941812921916,0.37923862608311143
BikeSharing,538,PCA-QS,6,2,20121.448518275876,0.3820484844310117
BikeSharing,538,Leverage,6,2,20158.852709974355,0.38089976112077306
BikeSharing,538,Coreset,6,2,20070.253391943257,0.38362074230689236
BikeSharing,539,SRS,6,2,20325.789925724206,0.3792142173561659
BikeSharing,539,PCA-QS,6,2,20389.144019773394,0.3772792706209228
BikeSharing,539,Leverage,6,2,20415.927993687634,0.3764612404105633
BikeSharing,539,Coreset,6,2,20296.725940547476,0.3801018831664795
BikeSharing,540,SRS,6,2,20184.572895977595,0.38729516648436757
BikeSharing,540,PCA-QS,6,2,20227.396381993603,0.385995255061658
BikeSharing,540,Leverage,6,2,20428.33003478825,0.37989589289443737
BikeSharing,540,Coreset,6,2,20328.17864958811,0.3829359987273252
BikeSharing,541,SRS,6,2,20207.400836178404,0.3842333526120222
BikeSharing,541,PCA-QS,6,2,20083.859000345117,0.3879979605732311
BikeSharing,541,Leverage,6,2,20504.938317062224,0.3751666914139091
BikeSharing,541,Coreset,6,2,19920.95859798847,0.3929619158800274
BikeSharing,542,SRS,6,2,20667.450434740127,0.3711845361386229
BikeSharing,542,PCA-QS,6,2,20508.125276533185,0.3760320679413015
BikeSharing,542,Leverage,6,2,20649.493906385043,0.3717308707115591
BikeSharing,542,Coreset,6,2,20595.675516923,0.3733683167836185
BikeSharing,543,SRS,6,2,20916.583543604323,0.3601737735772479
BikeSharing,543,PCA-QS,6,2,20904.114203708705,0.36055520349264325
BikeSharing,543,Leverage,6,2,21019.62283268175,0.3570218611549225
BikeSharing,543,Coreset,6,2,21111.756647645114,0.35420354089573436
BikeSharing,544,SRS,6,2,20395.9877200023,0.3742236794538383
BikeSharing,544,PCA-QS,6,2,20408.15668424973,0.3738503192726029
BikeSharing,544,Leverage,6,2,20213.168504766785,0.37983281873190433
BikeSharing,544,Coreset,6,2,20259.394771316816,0.37841453473451314
BikeSharing,545,SRS,6,2,21141.646744859456,0.3668701958453333
BikeSharing,545,PCA-QS,6,2,20859.761128691174,0.375311836513747
BikeSharing,545,Leverage,6,2,20847.9531998987,0.37566544906503363
BikeSharing,545,Coreset,6,2,21042.072786569588,0.3698521414558992
BikeSharing,546,SRS,6,2,20505.48063097779,0.3905846891334206
BikeSharing,546,PCA-QS,6,2,20644.071589035782,0.3864658170470665
BikeSharing,546,Leverage,6,2,20714.916072181553,0.38436034517364737
BikeSharing,546,Coreset,6,2,20522.07694335243,0.3900914528593217
BikeSharing,547,SRS,6,2,20060.20780924047,0.3717101948602526
BikeSharing,547,PCA-QS,6,2,19651.487616527196,0.38451139476199114
BikeSharing,547,Leverage,6,2,19712.746972138833,0.3825927392342805
BikeSharing,547,Coreset,6,2,20346.158697680767,0.3627541546394263
BikeSharing,548,SRS,6,2,20584.110062801814,0.3817053121161059
BikeSharing,548,PCA-QS,6,2,20518.257900798984,0.3836833447746856
BikeSharing,548,Leverage,6,2,20735.315456879638,0.3771634838975202
BikeSharing,548,Coreset,6,2,20569.28728870631,0.38215055081989213
BikeSharing,549,SRS,6,2,21142.612510247076,0.36893655391316316
BikeSharing,549,PCA-QS,6,2,20859.35416529556,0.377391232218
BikeSharing,549,Leverage,6,2,20790.674645698848,0.3794411744515477
BikeSharing,549,Coreset,6,2,20866.075902375538,0.37719060220771505
BikeSharing,550,SRS,6,2,21218.254983085208,0.36794775568520777
BikeSharing,550,PCA-QS,6,2,20949.050240621935,0.37596686290159953
BikeSharing,550,Leverage,6,2,21042.586476922967,0.37318059286544636
BikeSharing,550,Coreset,6,2,21342.950140504425,0.3642333194997235
BikeSharing,551,SRS,6,2,21032.197152490295,0.38275390213278393
BikeSharing,551,PCA-QS,6,2,21314.958156506273,0.37445552393232984
BikeSharing,551,Leverage,6,2,21584.03644340743,0.36655870167422977
BikeSharing,551,Coreset,6,2,21562.790352715372,0.36718222505029563
BikeSharing,552,SRS,6,2,20092.95912520167,0.36946512742914583
BikeSharing,552,PCA-QS,6,2,19772.737337632847,0.379513971044513
BikeSharing,552,Leverage,6,2,19953.05502372838,0.3738554421779554
BikeSharing,552,Coreset,6,2,20228.306813666746,0.3652177969604321
BikeSharing,553,SRS,6,2,20418.58252174236,0.3743857636050586
BikeSharing,553,PCA-QS,6,2,20361.028010388105,0.3761492024546279
BikeSharing,553,Leverage,6,2,20312.043638235267,0.3776500569114468
BikeSharing,553,Coreset,6,2,20618.864777475585,0.36824922448190567
BikeSharing,554,SRS,6,2,19982.35967004613,0.375957810249372
BikeSharing,554,PCA-QS,6,2,20093.95503425263,0.37247272557492117
BikeSharing,554,Leverage,6,2,19909.83683884892,0.3782226732152342
BikeSharing,554,Coreset,6,2,19815.003137191812,0.3811842969584487
BikeSharing,555,SRS,6,2,19637.36351536997,0.384173845524431
BikeSharing,555,PCA-QS,6,2,19431.607508757166,0.3906263374902408
BikeSharing,555,Leverage,6,2,19504.902586975582,0.3883278096799314
BikeSharing,555,Coreset,6,2,19492.182869280292,0.38872669901292023
BikeSharing,556,SRS,6,2,19788.110047349623,0.3662018199004713
BikeSharing,556,PCA-QS,6,2,19458.236232853713,0.3767674283789828
BikeSharing,556,Leverage,6,2,19642.609374867083,0.37086209625844735
BikeSharing,556,Coreset,6,2,19674.542702146628,0.3698392959674712
BikeSharing,557,SRS,6,2,20537.267413493217,0.3740836004707456
BikeSharing,557,PCA-QS,6,2,20368.450999242734,0.37922863559453623
BikeSharing,557,Leverage,6,2,20387.04600991283,0.3786619135524312
BikeSharing,557,Coreset,6,2,20285.697338114704,0.3817507273888462
BikeSharing,558,SRS,6,2,20429.406039305773,0.36968293629312554
BikeSharing,558,PCA-QS,6,2,20449.982598145514,0.3690480790621271
BikeSharing,558,Leverage,6,2,20429.78198099721,0.36967133720587775
BikeSharing,558,Coreset,6,2,20348.92663285714,0.37216600129579747
BikeSharing,559,SRS,6,2,21137.865348412768,0.36721689493938936
BikeSharing,559,PCA-QS,6,2,21220.228031859697,0.36475128577244553
BikeSharing,559,Leverage,6,2,20772.77861229658,0.3781461309189057
BikeSharing,559,Coreset,6,2,20771.977232874167,0.3781701210120816
BikeSharing,560,SRS,6,2,19925.07667274962,0.38387986280344066
BikeSharing,560,PCA-QS,6,2,19707.07433061305,0.39062089748814277
BikeSharing,560,Leverage,6,2,19859.011939962456,0.3859227062462641
BikeSharing,560,Coreset,6,2,19631.585309281803,0.39295515732278885
BikeSharing,561,SRS,6,2,19995.577487255134,0.3695585462919385
BikeSharing,561,PCA-QS,6,2,19666.96906035632,0.3799192560282215
BikeSharing,561,Leverage,6,2,19894.98818880255,0.3727300307656598
BikeSharing,561,Coreset,6,2,20105.700867190055,0.3660864613382697
BikeSharing,562,SRS,6,2,20573.865997403296,0.36374888330206223
BikeSharing,562,PCA-QS,6,2,20451.540750888726,0.3675318171806571
BikeSharing,562,Leverage,6,2,20558.15599824356,0.36423471831770626
BikeSharing,562,Coreset,6,2,21114.04676192496,0.3470436799781448
BikeSharing,563,SRS,6,2,21316.300295941805,0.35089651420445
BikeSharing,563,PCA-QS,6,2,20779.03913935592,0.3672566744893395
BikeSharing,563,Leverage,6,2,20783.233517938435,0.36712895130469403
BikeSharing,563,Coreset,6,2,21096.3733464517,0.3575935182601484
BikeSharing,564,SRS,6,2,20404.878448044725,0.38673741162409914
BikeSharing,564,PCA-QS,6,2,20485.169718345594,0.3843242812359875
BikeSharing,564,Leverage,6,2,20603.62425871776,0.38076416505012156
BikeSharing,564,Coreset,6,2,20419.712332217474,0.3862915836214178
BikeSharing,565,SRS,6,2,21742.643152644916,0.357017498036842
BikeSharing,565,PCA-QS,6,2,21342.969035661154,0.36883682754080227
BikeSharing,565,Leverage,6,2,21423.043265109518,0.3664688390661711
BikeSharing,565,Coreset,6,2,21603.58522915026,0.36112977688622927
BikeSharing,566,SRS,6,2,21150.705278890266,0.35887731427173275
BikeSharing,566,PCA-QS,6,2,20998.24226389007,0.3634987912561769
BikeSharing,566,Leverage,6,2,21558.682463157045,0.34651066149850196
BikeSharing,566,Coreset,6,2,21150.60770668034,0.3588802718921267
BikeSharing,567,SRS,6,2,20213.679272071655,0.3745672125532371
BikeSharing,567,PCA-QS,6,2,20258.346979090154,0.37318514607570885
BikeSharing,567,Leverage,6,2,20124.311918555246,0.37733233374983843
BikeSharing,567,Coreset,6,2,20373.96562229427,0.36960778198841626
BikeSharing,568,SRS,6,2,21809.94513892905,0.37255598121243305
BikeSharing,568,PCA-QS,6,2,22429.886977012055,0.35472105334702286
BikeSharing,568,Leverage,6,2,22351.652050278586,0.35697177138076897
BikeSharing,568,Coreset,6,2,22286.360715580908,0.3588501189499057
BikeSharing,569,SRS,6,2,21025.304235557833,0.37868330676243855
BikeSharing,569,PCA-QS,6,2,20925.544289265734,0.3816313031031022
BikeSharing,569,Leverage,6,2,21459.44044675722,0.36585419037320166
BikeSharing,569,Coreset,6,2,21543.972917681625,0.36335617965632805
BikeSharing,570,SRS,6,2,20559.17560294992,0.3665959003039605
BikeSharing,570,PCA-QS,6,2,20091.616744950486,0.38100084061993045
BikeSharing,570,Leverage,6,2,20225.038222188126,0.376890281310456
BikeSharing,570,Coreset,6,2,20306.070786978435,0.37439376298023175
BikeSharing,571,SRS,6,2,20566.956392026896,0.3752198841996385
BikeSharing,571,PCA-QS,6,2,20824.496136712176,0.36739637796757185
BikeSharing,571,Leverage,6,2,20786.88512850484,0.368538919898193
BikeSharing,571,Coreset,6,2,20608.731969320637,0.3739508315735859
BikeSharing,572,SRS,6,2,20502.70897275043,0.3813062112554869
BikeSharing,572,PCA-QS,6,2,21103.02798690847,0.36319086631163366
BikeSharing,572,Leverage,6,2,21061.614327919324,0.3644405730513538
BikeSharing,572,Coreset,6,2,20710.9193779618,0.37502321301230535
BikeSharing,573,SRS,6,2,20710.725005438555,0.38582435921712943
BikeSharing,573,PCA-QS,6,2,20831.790308631604,0.3822341729660137
BikeSharing,573,Leverage,6,2,20610.871296897993,0.38878551656006843
BikeSharing,573,Coreset,6,2,20877.71467409812,0.3808722879243004
BikeSharing,574,SRS,6,2,20929.484440732187,0.3658605519841781
BikeSharing,574,PCA-QS,6,2,20787.827057363993,0.37015260873076705
BikeSharing,574,Leverage,6,2,21170.8793341658,0.3585465627213602
BikeSharing,574,Coreset,6,2,20835.061509934363,0.36872145882522944
BikeSharing,575,SRS,6,2,20620.596600906447,0.37465476780019813
BikeSharing,575,PCA-QS,6,2,20565.3830037838,0.3763291887872091
BikeSharing,575,Leverage,6,2,20796.915094817246,0.36930769023257226
BikeSharing,575,Coreset,6,2,20480.34914821053,0.3789079461911523
BikeSharing,576,SRS,6,2,20827.63379185349,0.3786750603507447
BikeSharing,576,PCA-QS,6,2,20630.447663522707,0.3845574692940359
BikeSharing,576,Leverage,6,2,21149.60471851669,0.3690701014496489
BikeSharing,576,Coreset,6,2,20951.028151042206,0.3749939896375667
BikeSharing,577,SRS,6,2,20384.188020318674,0.3740231599196008
BikeSharing,577,PCA-QS,6,2,20593.57618088103,0.3675930711189862
BikeSharing,577,Leverage,6,2,20602.426787860204,0.36732127834587736
BikeSharing,577,Coreset,6,2,20210.76361404461,0.37934883988899903
BikeSharing,578,SRS,6,2,21221.37631437079,0.37098166156806667
BikeSharing,578,PCA-QS,6,2,21431.532096815645,0.3647524783554865
BikeSharing,578,Leverage,6,2,21305.543993956457,0.36848686513364337
BikeSharing,578,Coreset,6,2,21289.603352587234,0.3689593583216002
BikeSharing,579,SRS,6,2,21035.697042082622,0.3721296472204737
BikeSharing,579,PCA-QS,6,2,21026.720930680523,0.3723975648569251
BikeSharing,579,Leverage,6,2,21140.920623889982,0.3689889494200659
BikeSharing,579,Coreset,6,2,21303.950686538137,0.364122852387779
BikeSharing,580,SRS,6,2,20660.43545824193,0.37170742644774013
BikeSharing,580,PCA-QS,6,2,20698.39417321903,0.3705530858836267
BikeSharing,580,Leverage,6,2,20598.540448947482,0.37358967983771585
BikeSharing,580,Coreset,6,2,20825.72313709,0.3666809582820605
BikeSharing,581,SRS,6,2,20401.451033196936,0.3778823766041518
BikeSharing,581,PCA-QS,6,2,20596.620291398434,0.3719309256571247
BikeSharing,581,Leverage,6,2,20549.51946609841,0.3733672084709283
BikeSharing,581,Coreset,6,2,20707.36961433376,0.3685537587357567
BikeSharing,582,SRS,6,2,20068.234845232953,0.3710952579301021
BikeSharing,582,PCA-QS,6,2,20214.62222729584,0.36650772347734395
BikeSharing,582,Leverage,6,2,20440.84374537198,0.35941832141614927
BikeSharing,582,Coreset,6,2,20469.161480822982,0.35853089119385206
BikeSharing,583,SRS,6,2,20562.687278884154,0.3798109123832496
BikeSharing,583,PCA-QS,6,2,20230.899363962722,0.38981793342318416
BikeSharing,583,Leverage,6,2,20442.494277877748,0.38343604107489837
BikeSharing,583,Coreset,6,2,20363.71006998251,0.38581224343359166
BikeSharing,584,SRS,6,2,19782.073845315404,0.3767213550369408
BikeSharing,584,PCA-QS,6,2,19876.253563460796,0.3737540115942025
BikeSharing,584,Leverage,6,2,20027.326801291412,0.36899411009441374
BikeSharing,584,Coreset,6,2,19754.267764640354,0.37759744803004136
BikeSharing,585,SRS,6,2,20506.071767404195,0.34738322940832256
BikeSharing,585,PCA-QS,6,2,19836.148083450604,0.36870391121046264
BikeSharing,585,Leverage,6,2,20062.999825988365,0.3614842324100881
BikeSharing,585,Coreset,6,2,20241.912393393868,0.3557902436596905
BikeSharing,586,SRS,6,2,21540.690294737113,0.3718094453936762
BikeSharing,586,PCA-QS,6,2,21616.022783793454,0.3696125261012736
BikeSharing,586,Leverage,6,2,21456.33741679909,0.37426942603726177
BikeSharing,586,Coreset,6,2,21412.11190821414,0.3755591733195257
BikeSharing,587,SRS,6,2,20598.925037498982,0.35764289433108554
BikeSharing,587,PCA-QS,6,2,20509.813117976104,0.36042176141279547
BikeSharing,587,Leverage,6,2,20766.610421863857,0.3524137914547212
BikeSharing,587,Coreset,6,2,20465.596024277715,0.36180062775060107
BikeSharing,588,SRS,6,2,20298.22378538075,0.3797212523097723
BikeSharing,588,PCA-QS,6,2,20261.789871366003,0.380834609951183
BikeSharing,588,Leverage,6,2,20229.048602652798,0.3818351267141248
BikeSharing,588,Coreset,6,2,20332.51998042876,0.3786732196769741
BikeSharing,589,SRS,6,2,20456.34536632275,0.3645911932031596
BikeSharing,589,PCA-QS,6,2,20427.269268350974,0.36549434615583554
BikeSharing,589,Leverage,6,2,20418.537337559508,0.3657655747465677
BikeSharing,589,Coreset,6,2,20413.280701125943,0.3659288547960684
BikeSharing,590,SRS,6,2,20500.69909386916,0.3687454158963174
BikeSharing,590,PCA-QS,6,2,20471.315372167584,0.3696501952376079
BikeSharing,590,Leverage,6,2,20683.112589951845,0.36312856570612007
BikeSharing,590,Coreset,6,2,21074.91458942898,0.3510642547722117
BikeSharing,591,SRS,6,2,20237.500602956014,0.3593111709828122
BikeSharing,591,PCA-QS,6,2,19966.27064823719,0.36789790338087347
BikeSharing,591,Leverage,6,2,19896.373960017787,0.3701107273953631
BikeSharing,591,Coreset,6,2,20227.499023738426,0.3596278059370467
BikeSharing,592,SRS,6,2,20214.88291158729,0.36650345556914266
BikeSharing,592,PCA-QS,6,2,20009.08916600655,0.3729526458642868
BikeSharing,592,Leverage,6,2,20034.525165891802,0.372155529299134
BikeSharing,592,Coreset,6,2,20160.556551354603,0.36820594188229305
BikeSharing,593,SRS,6,2,21582.65553387808,0.3575763113493562
BikeSharing,593,PCA-QS,6,2,21680.21492202832,0.3546723840777747
BikeSharing,593,Leverage,6,2,21647.580140428752,0.3556437824648079
BikeSharing,593,Coreset,6,2,21464.342407216573,0.3610979889819519
BikeSharing,594,SRS,6,2,20678.0920399449,0.3668763141466207
BikeSharing,594,PCA-QS,6,2,20506.78363714925,0.37212145026392396
BikeSharing,594,Leverage,6,2,20721.690284855846,0.3655414191543054
BikeSharing,594,Coreset,6,2,20543.07021439567,0.3710104245711823
BikeSharing,595,SRS,6,2,20448.089015278245,0.37659555894798025
BikeSharing,595,PCA-QS,6,2,20469.42146984491,0.3759451927007743
BikeSharing,595,Leverage,6,2,20508.71237627257,0.3747473240128171
BikeSharing,595,Coreset,6,2,20427.257620369513,0.37723064930237504
BikeSharing,596,SRS,6,2,19824.14117668171,0.3793854723440927
BikeSharing,596,PCA-QS,6,2,19772.256133138762,0.38100978542297104
BikeSharing,596,Leverage,6,2,20074.99591164762,0.37153221446706364
BikeSharing,596,Coreset,6,2,19727.048547523114,0.3824250540161105
BikeSharing,597,SRS,6,2,20686.0683922024,0.3786073730583378
BikeSharing,597,PCA-QS,6,2,20863.487846316217,0.3732778373257818
BikeSharing,597,Leverage,6,2,20741.077709511854,0.3769549380213313
BikeSharing,597,Coreset,6,2,20581.435556332686,0.3817504581295419
BikeSharing,598,SRS,6,2,20216.79137499126,0.38935842328047465
BikeSharing,598,PCA-QS,6,2,20226.94226926201,0.389051818836296
BikeSharing,598,Leverage,6,2,20590.155355745992,0.3780810862555509
BikeSharing,598,Coreset,6,2,20653.95973880946,0.376153895716122
BikeSharing,599,SRS,6,2,19920.669114794124,0.38007001450599176
BikeSharing,599,PCA-QS,6,2,19878.61961780161,0.38137859224052373
BikeSharing,599,Leverage,6,2,19869.28285932854,0.3816691515842594
BikeSharing,599,Coreset,6,2,20336.532021593517,0.3671283866774273
BikeSharing,600,SRS,6,2,20183.216821372156,0.37976671865413403
BikeSharing,600,PCA-QS,6,2,20186.46853942418,0.37966679287048577
BikeSharing,600,Leverage,6,2,20249.05125192641,0.3777436167249626
BikeSharing,600,Coreset,6,2,20335.899601084693,0.37507475392402023
BikeSharing,601,SRS,6,2,21493.76428364126,0.376364573450099
BikeSharing,601,PCA-QS,6,2,21227.402039437515,0.38409299782419626
BikeSharing,601,Leverage,6,2,21384.72079899471,0.37952843898629074
BikeSharing,601,Coreset,6,2,21335.312773089714,0.38096199873430103
BikeSharing,602,SRS,6,2,21246.817871546606,0.3645440222067682
BikeSharing,602,PCA-QS,6,2,21119.358011207838,0.36835612859703515
BikeSharing,602,Leverage,6,2,21183.21352158243,0.36644631951278095
BikeSharing,602,Coreset,6,2,21123.58387721187,0.36822974017360854
BikeSharing,603,SRS,6,2,21085.038299126914,0.38466995966208406
BikeSharing,603,PCA-QS,6,2,21410.862652170323,0.37516134462155193
BikeSharing,603,Leverage,6,2,21642.118436051358,0.36841254820936875
BikeSharing,603,Coreset,6,2,21317.2220139714,0.37789408320436957
BikeSharing,604,SRS,6,2,20668.392465790577,0.3690403933375188
BikeSharing,604,PCA-QS,6,2,20807.324930234434,0.3647990972007613
BikeSharing,604,Leverage,6,2,20775.92488236574,0.3657576701466353
BikeSharing,604,Coreset,6,2,20870.726925895517,0.3628635766560385
BikeSharing,605,SRS,6,2,20645.56716383869,0.38569332477805285
BikeSharing,605,PCA-QS,6,2,20721.751385078405,0.3834264713037576
BikeSharing,605,Leverage,6,2,20694.6851055539,0.3842318255986228
BikeSharing,605,Coreset,6,2,20669.52615063436,0.38498042765087126
BikeSharing,606,SRS,6,2,21020.716591004144,0.3703780936801382
BikeSharing,606,PCA-QS,6,2,21130.64419545906,0.36708549289869297
BikeSharing,606,Leverage,6,2,21250.864462513833,0.3634846016829433
BikeSharing,606,Coreset,6,2,21200.854660438185,0.3649825176450958
BikeSharing,607,SRS,6,2,20622.962905092503,0.3698720196373001
BikeSharing,607,PCA-QS,6,2,21102.569592751453,0.3552177919759415
BikeSharing,607,Leverage,6,2,20455.34113938756,0.37499364862798235
BikeSharing,607,Coreset,6,2,20701.187767435742,0.36748188419704664
BikeSharing,608,SRS,6,2,19757.684595777486,0.37965810133741673
BikeSharing,608,PCA-QS,6,2,19815.058015962906,0.37785671938711485
BikeSharing,608,Leverage,6,2,19639.555072560328,0.3833670730220997
BikeSharing,608,Coreset,6,2,19704.651789230196,0.3813231988717696
BikeSharing,609,SRS,6,2,20667.343013266895,0.3796622879949296
BikeSharing,609,PCA-QS,6,2,20768.52683962139,0.37662521916163194
BikeSharing,609,Leverage,6,2,20919.780910108453,0.3720852739951359
BikeSharing,609,Coreset,6,2,20684.908241921148,0.37913506135785147
BikeSharing,610,SRS,6,2,20360.63225885539,0.37162439836451544
BikeSharing,610,PCA-QS,6,2,20312.05441890242,0.3731236214249055
BikeSharing,610,Leverage,6,2,20449.963498842248,0.36886743232544894
BikeSharing,610,Coreset,6,2,20522.436930294192,0.36663073674978
BikeSharing,611,SRS,6,2,20167.855043956166,0.3849543167404842
BikeSharing,611,PCA-QS,6,2,19973.766438013758,0.39087330807568366
BikeSharing,611,Leverage,6,2,19975.25902842632,0.39082778953699326
BikeSharing,611,Coreset,6,2,19978.927798124292,0.3907159055036792
BikeSharing,612,SRS,6,2,20586.407594381715,0.379196755438427
BikeSharing,612,PCA-QS,6,2,20558.10487339553,0.38005025165614226
BikeSharing,612,Leverage,6,2,20595.524281638725,0.3789218328224797
BikeSharing,612,Coreset,6,2,20693.187301370453,0.3759767089952568
BikeSharing,613,SRS,6,2,20739.704994717613,0.3586141572137401
BikeSharing,613,PCA-QS,6,2,20534.899483477246,0.364947870999333
BikeSharing,613,Leverage,6,2,20636.058823563246,0.36181946735939285
BikeSharing,613,Coreset,6,2,20543.27570745158,0.3646888320460542
BikeSharing,614,SRS,6,2,20363.383451286776,0.378175026351822
BikeSharing,614,PCA-QS,6,2,20255.64305800507,0.3814650330137064
BikeSharing,614,Leverage,6,2,20310.868228443145,0.37977865362422414
BikeSharing,614,Coreset,6,2,20110.649995230877,0.38589260310069173
BikeSharing,615,SRS,6,2,20294.70374062914,0.368066799894717
BikeSharing,615,PCA-QS,6,2,20029.633880406756,0.37632050229720393
BikeSharing,615,Leverage,6,2,19978.396359726674,0.3779159279226594
BikeSharing,615,Coreset,6,2,20169.144011593326,0.37197645841390536
BikeSharing,616,SRS,6,2,21276.711954041715,0.3746552885612616
BikeSharing,616,PCA-QS,6,2,21218.56096890355,0.3763644065443247
BikeSharing,616,Leverage,6,2,21109.949423154914,0.3795566129285537
BikeSharing,616,Coreset,6,2,21231.542192345532,0.3759828748750994
BikeSharing,617,SRS,6,2,20316.618882457464,0.36847051134282927
BikeSharing,617,PCA-QS,6,2,19895.848217937415,0.38154990630237784
BikeSharing,617,Leverage,6,2,19821.031981216176,0.38387552258691704
BikeSharing,617,Coreset,6,2,19935.31466069933,0.3803231164235723
BikeSharing,618,SRS,6,2,20490.18877965599,0.3739742458250175
BikeSharing,618,PCA-QS,6,2,20530.46843481218,0.372743603112633
BikeSharing,618,Leverage,6,2,20586.460934058923,0.37103289429750064
BikeSharing,618,Coreset,6,2,20608.53858665105,0.37035836761241114
BikeSharing,619,SRS,6,2,20783.42804706055,0.36436604686818497
BikeSharing,619,PCA-QS,6,2,21134.93726767838,0.353615597281251
BikeSharing,619,Leverage,6,2,20703.305246476244,0.3668164978888768
BikeSharing,619,Coreset,6,2,20948.437728893794,0.3593194416531459
BikeSharing,620,SRS,6,2,20345.825516475434,0.3755103295914254
BikeSharing,620,PCA-QS,6,2,20461.610299701053,0.3719564604669534
BikeSharing,620,Leverage,6,2,20531.20485432786,0.3698203426453427
BikeSharing,620,Coreset,6,2,20434.7283518496,0.3727815682385748
BikeSharing,621,SRS,6,2,20170.912450707532,0.36909973206066216
BikeSharing,621,PCA-QS,6,2,20531.177044007913,0.35783147491078326
BikeSharing,621,Leverage,6,2,20362.376383091043,0.3631111756908565
BikeSharing,621,Coreset,6,2,20376.430183682365,0.3626716047700914
BikeSharing,622,SRS,6,2,20397.828165986582,0.37870221518042957
BikeSharing,622,PCA-QS,6,2,20281.68294277896,0.3822398844513474
BikeSharing,622,Leverage,6,2,20205.132182769044,0.38457154531413085
BikeSharing,622,Coreset,6,2,20179.87877118769,0.38534073939435143
BikeSharing,623,SRS,6,2,20885.27309075001,0.36843629991445426
BikeSharing,623,PCA-QS,6,2,20498.112244023094,0.3801439149322058
BikeSharing,623,Leverage,6,2,20522.325483282006,0.37941171464394674
BikeSharing,623,Coreset,6,2,20825.010665761176,0.37025861556896855
BikeSharing,624,SRS,6,2,20790.533981584646,0.3734889041388184
BikeSharing,624,PCA-QS,6,2,20776.74686730943,0.37390437110474517
BikeSharing,624,Leverage,6,2,20975.252698257624,0.36792250908079016
BikeSharing,624,Coreset,6,2,20915.412144265272,0.36972577065607715
BikeSharing,625,SRS,6,2,20733.174199018224,0.35952042049275346
BikeSharing,625,PCA-QS,6,2,20114.496014366403,0.3786323393794846
BikeSharing,625,Leverage,6,2,20516.61556214675,0.36621024923536205
BikeSharing,625,Coreset,6,2,20268.50153167963,0.3738748725283527
BikeSharing,626,SRS,6,2,20880.324060429124,0.3808226559375244
BikeSharing,626,PCA-QS,6,2,21210.128222469888,0.3710427662901147
BikeSharing,626,Leverage,6,2,21158.643917433303,0.3725694626747684
BikeSharing,626,Coreset,6,2,20890.2796484997,0.38052743664100963
BikeSharing,627,SRS,6,2,20388.679360918082,0.3813003816791266
BikeSharing,627,PCA-QS,6,2,20149.161051238745,0.3885686252056555
BikeSharing,627,Leverage,6,2,20277.179915574354,0.3846838604741968
BikeSharing,627,Coreset,6,2,20293.220522572152,0.384197104208551
BikeSharing,628,SRS,6,2,21265.14830545596,0.3621825222088645
BikeSharing,628,PCA-QS,6,2,21056.394906407204,0.3684437795746287
BikeSharing,628,Leverage,6,2,21207.480436786627,0.36391218682328097
BikeSharing,628,Coreset,6,2,21364.559926265614,0.3592008139067563
BikeSharing,629,SRS,6,2,19805.078032902737,0.36203826743192846
BikeSharing,629,PCA-QS,6,2,19698.51507032502,0.36547087659008104
BikeSharing,629,Leverage,6,2,19640.182080440445,0.36734990050661454
BikeSharing,629,Coreset,6,2,19547.614571821054,0.3703316877068582
BikeSharing,630,SRS,6,2,20548.676086219115,0.3649805293925763
BikeSharing,630,PCA-QS,6,2,20408.97635170114,0.369297695670607
BikeSharing,630,Leverage,6,2,20728.5251580614,0.35942262084842846
BikeSharing,630,Coreset,6,2,20585.26308962493,0.36384987457878737
BikeSharing,631,SRS,6,2,19947.98449040384,0.3837048976581414
BikeSharing,631,PCA-QS,6,2,20148.439376393933,0.3775118226366714
BikeSharing,631,Leverage,6,2,20066.515028725036,0.3800428840707317
BikeSharing,631,Coreset,6,2,20433.375168154038,0.36870870104671194
BikeSharing,632,SRS,6,2,19585.941511203582,0.3809997445135007
BikeSharing,632,PCA-QS,6,2,19599.275587019743,0.38057833018771203
BikeSharing,632,Leverage,6,2,19772.47079931359,0.3751046142268223
BikeSharing,632,Coreset,6,2,19468.95949204504,0.38469688103895405
BikeSharing,633,SRS,6,2,19976.150493182675,0.38469504381642616
BikeSharing,633,PCA-QS,6,2,20084.814471694426,0.38134797829648404
BikeSharing,633,Leverage,6,2,20195.1873779009,0.3779482744225867
BikeSharing,633,Coreset,6,2,20087.96599510305,0.3812509051404964
BikeSharing,634,SRS,6,2,20867.67743042311,0.3766754690818166
BikeSharing,634,PCA-QS,6,2,21018.806268162287,0.37216119995885977
BikeSharing,634,Leverage,6,2,20842.112989164965,0.37743908752515065
BikeSharing,634,Coreset,6,2,20839.194405964736,0.3775262665852207
BikeSharing,635,SRS,6,2,19986.14830555378,0.39107385827952623
BikeSharing,635,PCA-QS,6,2,20027.199011189346,0.38982314966797127
BikeSharing,635,Leverage,6,2,19912.442935955947,0.39331946987247224
BikeSharing,635,Coreset,6,2,20014.824227169538,0.3902001772659158
BikeSharing,636,SRS,6,2,21164.71795596936,0.3701059130032731
BikeSharing,636,PCA-QS,6,2,21460.65791906916,0.36129829112754586
BikeSharing,636,Leverage,6,2,21799.305742600904,0.3512196185905092
BikeSharing,636,Coreset,6,2,21085.14782832592,0.37247404061113676
BikeSharing,637,SRS,6,2,20243.99321793508,0.3873111339325972
BikeSharing,637,PCA-QS,6,2,20251.662050417177,0.38707903504642716
BikeSharing,637,Leverage,6,2,20970.267171117634,0.3653302944786756
BikeSharing,637,Coreset,6,2,20742.418026538944,0.37222619848948435
BikeSharing,638,SRS,6,2,20380.09917053645,0.364077316481244
BikeSharing,638,PCA-QS,6,2,20283.019190557534,0.3671065147627416
BikeSharing,638,Leverage,6,2,20559.214274191243,0.35848836637743065
BikeSharing,638,Coreset,6,2,20620.46422181249,0.3565771769013265
BikeSharing,639,SRS,6,2,20661.955331541805,0.3687182453611978
BikeSharing,639,PCA-QS,6,2,20464.920667626273,0.374738217157932
BikeSharing,639,Leverage,6,2,20435.94094049434,0.3756236306001377
BikeSharing,639,Coreset,6,2,20297.714956119136,0.37984682925451896
BikeSharing,640,SRS,6,2,20360.487241409315,0.3866060265875595
BikeSharing,640,PCA-QS,6,2,20339.677060331902,0.3872329683452471
BikeSharing,640,Leverage,6,2,20241.277982340154,0.3901974063134468
BikeSharing,640,Coreset,6,2,20293.140855835765,0.3886349498914139
BikeSharing,641,SRS,6,2,20043.715947407563,0.3691732218680164
BikeSharing,641,PCA-QS,6,2,19872.3040046003,0.3745679921739903
BikeSharing,641,Leverage,6,2,20404.929940623475,0.35780489774316493
BikeSharing,641,Coreset,6,2,20094.00212241175,0.3675905878970648
BikeSharing,642,SRS,6,2,20702.55952031881,0.3845802418857277
BikeSharing,642,PCA-QS,6,2,20795.19595365114,0.38182646202879755
BikeSharing,642,Leverage,6,2,21272.750658362456,0.36763031393554735
BikeSharing,642,Coreset,6,2,20907.662759728097,0.37848318968975003
BikeSharing,643,SRS,6,2,20675.37382898555,0.381366437822635
BikeSharing,643,PCA-QS,6,2,20650.784566913993,0.38210217991428785
BikeSharing,643,Leverage,6,2,20788.8635055751,0.3779706819112947
BikeSharing,643,Coreset,6,2,21128.590595903454,0.36780561395187816
BikeSharing,644,SRS,6,2,20864.62857434786,0.3798358025849705
BikeSharing,644,PCA-QS,6,2,21063.248284716425,0.37393218283767393
BikeSharing,644,Leverage,6,2,21298.768003184043,0.36693177558583057
BikeSharing,644,Coreset,6,2,20743.370880963823,0.38343997314712286
BikeSharing,645,SRS,6,2,20140.864492501845,0.38464006839547993
BikeSharing,645,PCA-QS,6,2,20412.23822580193,0.3763488392863732
BikeSharing,645,Leverage,6,2,20344.20651604757,0.3784273989369268
BikeSharing,645,Coreset,6,2,20172.024991459082,0.38368802770654986
BikeSharing,646,SRS,6,2,20464.458136636673,0.36437822973357437
BikeSharing,646,PCA-QS,6,2,20148.933342485045,0.37417836355009426
BikeSharing,646,Leverage,6,2,20026.987282165148,0.3779659825635088
BikeSharing,646,Coreset,6,2,20191.160173224653,0.37286680705892095
BikeSharing,647,SRS,6,2,19555.24962049306,0.38207205608739114
BikeSharing,647,PCA-QS,6,2,19647.834953214202,0.3791464445306415
BikeSharing,647,Leverage,6,2,19778.520248440185,0.37501690911965
BikeSharing,647,Coreset,6,2,19719.647167807518,0.3768772444451076
BikeSharing,648,SRS,6,2,21041.38946329562,0.3676713757175467
BikeSharing,648,PCA-QS,6,2,20942.589299189967,0.37064048438581165
BikeSharing,648,Leverage,6,2,21636.976396695853,0.34977300133050715
BikeSharing,648,Coreset,6,2,21251.37317073258,0.36136101731289105
BikeSharing,649,SRS,6,2,20562.001503971274,0.36572626217221216
BikeSharing,649,PCA-QS,6,2,20501.828050120657,0.3675824259062954
BikeSharing,649,Leverage,6,2,20643.772207250917,0.36320389052449253
BikeSharing,649,Coreset,6,2,20532.847671283238,0.36662556715609096
BikeSharing,650,SRS,6,2,20175.18488803492,0.38426292501277537
BikeSharing,650,PCA-QS,6,2,20157.424310662038,0.38480496941149356
BikeSharing,650,Leverage,6,2,20401.171966723334,0.37736590654237545
BikeSharing,650,Coreset,6,2,20372.41708139384,0.3782434920060347
BikeSharing,651,SRS,6,2,20509.741861047383,0.3824774718510021
BikeSharing,651,PCA-QS,6,2,20450.1255900553,0.3842724427790256
BikeSharing,651,Leverage,6,2,20675.53116827564,0.37748576435739856
BikeSharing,651,Coreset,6,2,20502.621695872487,0.3826918510679337
BikeSharing,652,SRS,6,2,20624.176470952276,0.3714778020062992
BikeSharing,652,PCA-QS,6,2,20505.723840810922,0.37508764832231756
BikeSharing,652,Leverage,6,2,20623.337301400938,0.3715033757154672
BikeSharing,652,Coreset,6,2,20709.517295399262,0.368877038643187
BikeSharing,653,SRS,6,2,20729.55169100998,0.37817037188218594
BikeSharing,653,PCA-QS,6,2,20520.512267025097,0.3844409805869007
BikeSharing,653,Leverage,6,2,20508.112844622177,0.38481292921061483
BikeSharing,653,Coreset,6,2,20469.497548024916,0.38597128207230014
BikeSharing,654,SRS,6,2,20400.891454083383,0.37761679709266904
BikeSharing,654,PCA-QS,6,2,20339.450426275333,0.37949121830426935
BikeSharing,654,Leverage,6,2,20420.54461947909,0.37701722525269443
BikeSharing,654,Coreset,6,2,20493.45439610057,0.374792919496298
BikeSharing,655,SRS,6,2,19876.038490639472,0.3688696277867056
BikeSharing,655,PCA-QS,6,2,19504.941024615513,0.3806532073953591
BikeSharing,655,Leverage,6,2,19485.127104663912,0.38128236529721915
BikeSharing,655,Coreset,6,2,19580.025229674615,0.3782690339943765
BikeSharing,656,SRS,6,2,20322.090261625275,0.37953206216208535
BikeSharing,656,PCA-QS,6,2,20284.66637740676,0.38067467692109935
BikeSharing,656,Leverage,6,2,20470.507620300537,0.37500062807774404
BikeSharing,656,Coreset,6,2,20404.456390142903,0.37701728433898274
BikeSharing,657,SRS,6,2,20917.029737011155,0.39637789392843525
BikeSharing,657,PCA-QS,6,2,20905.930459934425,0.3966981960501592
BikeSharing,657,Leverage,6,2,21811.624901852818,0.3705617324431515
BikeSharing,657,Coreset,6,2,21128.261351414825,0.3902821875323388
BikeSharing,658,SRS,6,2,20800.940783251724,0.36898737328117415
BikeSharing,658,PCA-QS,6,2,20602.939621053432,0.37499389167637687
BikeSharing,658,Leverage,6,2,20642.116495980023,0.37380543087493234
BikeSharing,658,Coreset,6,2,20427.010431394323,0.38033083971349135
BikeSharing,659,SRS,6,2,20462.963238353474,0.37867665456845034
BikeSharing,659,PCA-QS,6,2,19961.51794119359,0.39390219477752153
BikeSharing,659,Leverage,6,2,20380.963086057876,0.381166450809432
BikeSharing,659,Coreset,6,2,20506.984484932338,0.3773400237063481
BikeSharing,660,SRS,6,2,21124.78246083648,0.37672563644182255
BikeSharing,660,PCA-QS,6,2,20992.74196466863,0.3806214141316281
BikeSharing,660,Leverage,6,2,21069.645652503696,0.37835241575592704
BikeSharing,660,Coreset,6,2,20830.322985518993,0.3854134912120398
BikeSharing,661,SRS,6,2,20595.4558018887,0.38249088112370233
BikeSharing,661,PCA-QS,6,2,20857.58455243238,0.37463153120994475
BikeSharing,661,Leverage,6,2,20955.712680198674,0.37168937667368096
BikeSharing,661,Coreset,6,2,20799.28567286017,0.3763794939694196
BikeSharing,662,SRS,6,2,20498.44409764015,0.3780607004631681
BikeSharing,662,PCA-QS,6,2,20170.92900192069,0.3879977721867214
BikeSharing,662,Leverage,6,2,20615.354339962607,0.3745135495734534
BikeSharing,662,Coreset,6,2,20338.356516526048,0.38291788657877734
BikeSharing,663,SRS,6,2,20787.25078405791,0.37265388092384366
BikeSharing,663,PCA-QS,6,2,20534.150266228924,0.38029229493277805
BikeSharing,663,Leverage,6,2,20880.918779897995,0.3698270398815936
BikeSharing,663,Coreset,6,2,20624.90291147372,0.377553437332913
BikeSharing,664,SRS,6,2,21238.966831357196,0.3601425332164043
BikeSharing,664,PCA-QS,6,2,21250.587641050974,0.35979243794521365
BikeSharing,664,Leverage,6,2,21407.411203893793,0.35506788008656887
BikeSharing,664,Coreset,6,2,21086.325981501515,0.36474108023104324
BikeSharing,665,SRS,6,2,20162.507469949313,0.3759687558996232
BikeSharing,665,PCA-QS,6,2,20878.2822433342,0.3538154685172499
BikeSharing,665,Leverage,6,2,20318.05472056574,0.371154555857132
BikeSharing,665,Coreset,6,2,20305.717905486425,0.3715363812860205
BikeSharing,666,SRS,6,2,20796.556584545408,0.37810880082451515
BikeSharing,666,PCA-QS,6,2,20885.037852493544,0.37546289540237787
BikeSharing,666,Leverage,6,2,21044.282772409762,0.37070090445417936
BikeSharing,666,Coreset,6,2,20738.58082524206,0.37984248276025734
BikeSharing,667,SRS,6,2,20741.204046468283,0.37076469040115045
BikeSharing,667,PCA-QS,6,2,20592.98989031426,0.37526113044511167
BikeSharing,667,Leverage,6,2,20756.06089408915,0.3703139714799425
BikeSharing,667,Coreset,6,2,20726.016686595653,0.3712254362223686
BikeSharing,668,SRS,6,2,20751.771044633,0.3770227988318571
BikeSharing,668,PCA-QS,6,2,20547.05565626853,0.3831684439146332
BikeSharing,668,Leverage,6,2,20658.5239556728,0.37982211703812285
BikeSharing,668,Coreset,6,2,20725.630202299646,0.37780755829927715
BikeSharing,669,SRS,6,2,19489.86398430532,0.3864498054437423
BikeSharing,669,PCA-QS,6,2,19651.662587776773,0.38135630839734014
BikeSharing,669,Leverage,6,2,19789.862558795423,0.377005707532478
BikeSharing,669,Coreset,6,2,19879.243484768183,0.37419195344140965
BikeSharing,670,SRS,6,2,19590.21330510471,0.4016415339501218
BikeSharing,670,PCA-QS,6,2,19582.956865192522,0.4018631727953561
BikeSharing,670,Leverage,6,2,19704.523332154098,0.39815007771255395
BikeSharing,670,Coreset,6,2,19793.71087855586,0.39542595610016673
BikeSharing,671,SRS,6,2,20854.920230991225,0.3698572752988176
BikeSharing,671,PCA-QS,6,2,20704.73885018979,0.3743950871652457
BikeSharing,671,Leverage,6,2,20588.629262143157,0.37790340133596645
BikeSharing,671,Coreset,6,2,20618.199312497556,0.3770099262282467
BikeSharing,672,SRS,6,2,20508.197843510752,0.36940618086306765
BikeSharing,672,PCA-QS,6,2,20417.620561382046,0.3721912853710514
BikeSharing,672,Leverage,6,2,20476.328096886835,0.3703861238786291
BikeSharing,672,Coreset,6,2,20666.42070984204,0.3645410843628303
BikeSharing,673,SRS,6,2,20188.95838282477,0.3811529500775379
BikeSharing,673,PCA-QS,6,2,20253.2745344057,0.379181483302804
BikeSharing,673,Leverage,6,2,20578.93399932171,0.3691991258517109
BikeSharing,673,Coreset,6,2,20414.694796698986,0.374233508710767
BikeSharing,674,SRS,6,2,20556.024409186957,0.37727482851612837
BikeSharing,674,PCA-QS,6,2,20698.89433509583,0.37294672025256115
BikeSharing,674,Leverage,6,2,20642.922765031715,0.37464232563191757
BikeSharing,674,Coreset,6,2,20778.412220711332,0.3705378016810392
BikeSharing,675,SRS,6,2,20849.324051633797,0.3678089041876067
BikeSharing,675,PCA-QS,6,2,20586.509673052275,0.375777935201717
BikeSharing,675,Leverage,6,2,21069.558760634838,0.36113096960927293
BikeSharing,675,Coreset,6,2,20572.888415045047,0.37619095760976284
BikeSharing,676,SRS,6,2,20654.023735107272,0.37676655654267477
BikeSharing,676,PCA-QS,6,2,20396.80849200577,0.38452800504897133
BikeSharing,676,Leverage,6,2,20531.921338233213,0.3804509861838038
BikeSharing,676,Coreset,6,2,20530.203455338135,0.38050282315687445
BikeSharing,677,SRS,6,2,21124.283208900488,0.37557976272814253
BikeSharing,677,PCA-QS,6,2,21329.36157628043,0.3695177779709624
BikeSharing,677,Leverage,6,2,21371.96131212967,0.3682585571536855
BikeSharing,677,Coreset,6,2,21608.145812046787,0.3612770951073878
BikeSharing,678,SRS,6,2,20437.736903411726,0.37891846203526314
BikeSharing,678,PCA-QS,6,2,20336.26328084318,0.3820021397372305
BikeSharing,678,Leverage,6,2,20860.153046244606,0.366081675413943
BikeSharing,678,Coreset,6,2,20566.430512220733,0.3750075973018989
BikeSharing,679,SRS,6,2,21089.208346468466,0.36422935559923597
BikeSharing,679,PCA-QS,6,2,21088.959000403014,0.36423687256744575
BikeSharing,679,Leverage,6,2,20952.161995149894,0.3683608547839917
BikeSharing,679,Coreset,6,2,21555.949557030926,0.3501586349096478
BikeSharing,680,SRS,6,2,21225.477906846714,0.3630584720438047
BikeSharing,680,PCA-QS,6,2,21215.627795771685,0.36335405760499684
BikeSharing,680,Leverage,6,2,21330.153435189048,0.3599173323599495
BikeSharing,680,Coreset,6,2,21503.49026319982,0.3547157805000195
BikeSharing,681,SRS,6,2,20385.834801433874,0.37683567042130495
BikeSharing,681,PCA-QS,6,2,20419.124394901155,0.3758180575839083
BikeSharing,681,Leverage,6,2,20656.216081184644,0.36857052108757904
BikeSharing,681,Coreset,6,2,20311.83617084456,0.37909769733705756
BikeSharing,682,SRS,6,2,21132.544687681988,0.36948980323571745
BikeSharing,682,PCA-QS,6,2,20838.85342440087,0.37825237011708623
BikeSharing,682,Leverage,6,2,20830.325662611,0.3785068042537959
BikeSharing,682,Coreset,6,2,20988.87055264442,0.37377646196476677
BikeSharing,683,SRS,6,2,21056.297615202362,0.35719958262226637
BikeSharing,683,PCA-QS,6,2,20661.827657233618,0.36924184466942767
BikeSharing,683,Leverage,6,2,20828.637155332777,0.3641495337152315
BikeSharing,683,Coreset,6,2,21026.015674883496,0.35812402072775373
BikeSharing,684,SRS,6,2,20162.806737859388,0.37575241166703943
BikeSharing,684,PCA-QS,6,2,20226.608858017975,0.37377707558623763
BikeSharing,684,Leverage,6,2,19985.654668867046,0.3812371020315519
BikeSharing,684,Coreset,6,2,20061.25804140818,0.378896395026211
BikeSharing,685,SRS,6,2,20545.438401574294,0.38196444020277087
BikeSharing,685,PCA-QS,6,2,20534.89607064861,0.38228156828092985
BikeSharing,685,Leverage,6,2,20566.69578444748,0.3813249883562313
BikeSharing,685,Coreset,6,2,20624.044243130134,0.37959986640591425
BikeSharing,686,SRS,6,2,20542.43357337254,0.38418774336326367
BikeSharing,686,PCA-QS,6,2,20441.890398717143,0.38720178349890844
BikeSharing,686,Leverage,6,2,20892.705792227927,0.3736874331268909
BikeSharing,686,Coreset,6,2,20624.466195673922,0.3817286046211662
BikeSharing,687,SRS,6,2,20519.6767621622,0.38802309199185336
BikeSharing,687,PCA-QS,6,2,20744.406185992328,0.3813207828118367
BikeSharing,687,Leverage,6,2,20964.617405390363,0.37475322413545364
BikeSharing,687,Coreset,6,2,21214.686099313945,0.3672951989496387
BikeSharing,688,SRS,6,2,20149.972996173747,0.36591039058182506
BikeSharing,688,PCA-QS,6,2,20295.402084557278,0.36133395398468104
BikeSharing,688,Leverage,6,2,20104.986797797665,0.3673260391766353
BikeSharing,688,Coreset,6,2,20197.384402295917,0.36441842431488847
BikeSharing,689,SRS,6,2,20020.88785840701,0.37162879429706863
BikeSharing,689,PCA-QS,6,2,19922.864103783893,0.37470534641182374
BikeSharing,689,Leverage,6,2,20457.47381555487,0.3579262029721404
BikeSharing,689,Coreset,6,2,20052.635292170933,0.3706323762873732
BikeSharing,690,SRS,6,2,20977.530623473485,0.38227227598140223
BikeSharing,690,PCA-QS,6,2,20781.746504572853,0.3880375531409619
BikeSharing,690,Leverage,6,2,20854.952671078856,0.38588184285114935
BikeSharing,690,Coreset,6,2,20777.103284076846,0.38817428258164766
BikeSharing,691,SRS,6,2,20335.168396563076,0.3931830449543513
BikeSharing,691,PCA-QS,6,2,20187.34696571363,0.3975941493430276
BikeSharing,691,Leverage,6,2,20614.97212043697,0.3848334881461427
BikeSharing,691,Coreset,6,2,20359.4435157185,0.3924586568596967
BikeSharing,692,SRS,6,2,21095.00460240612,0.3587211273453653
BikeSharing,692,PCA-QS,6,2,21270.39247175746,0.3533894131668295
BikeSharing,692,Leverage,6,2,21017.383745403502,0.36108076729858185
BikeSharing,692,Coreset,6,2,21019.593468177794,0.36101359269699795
BikeSharing,693,SRS,6,2,19721.43227209378,0.36587074109135154
BikeSharing,693,PCA-QS,6,2,19590.061339735897,0.3700948841874958
BikeSharing,693,Leverage,6,2,19779.667729128476,0.36399821952688716
BikeSharing,693,Coreset,6,2,19723.84439014735,0.36579318107377234
BikeSharing,694,SRS,6,2,20902.68906645928,0.37200525103124793
BikeSharing,694,PCA-QS,6,2,21004.647255105876,0.3689420467286413
BikeSharing,694,Leverage,6,2,21424.20608199792,0.35633693456656645
BikeSharing,694,Coreset,6,2,20948.977994445948,0.3706145589715518
BikeSharing,695,SRS,6,2,19940.71360841139,0.37145986093876715
BikeSharing,695,PCA-QS,6,2,19802.515541349378,0.3758159253201597
BikeSharing,695,Leverage,6,2,19832.154619734916,0.37488168842092284
BikeSharing,695,Coreset,6,2,20212.09510594015,0.3629057957460642
BikeSharing,696,SRS,6,2,19895.89205145742,0.3870804008755234
BikeSharing,696,PCA-QS,6,2,19700.28245419935,0.39310641647845457
BikeSharing,696,Leverage,6,2,20167.598674654622,0.37871011447977987
BikeSharing,696,Coreset,6,2,20201.06296112303,0.37767920231991525
BikeSharing,697,SRS,6,2,20614.969351992273,0.3780213844360475
BikeSharing,697,PCA-QS,6,2,20817.949974196563,0.37189721300366396
BikeSharing,697,Leverage,6,2,20632.225428419577,0.3775007476917934
BikeSharing,697,Coreset,6,2,20620.211795007275,0.37786321357520514
BikeSharing,698,SRS,6,2,19822.44357143585,0.37612218332443026
BikeSharing,698,PCA-QS,6,2,20107.942220726574,0.36713659719618985
BikeSharing,698,Leverage,6,2,20118.49744197257,0.366804389496279
BikeSharing,698,Coreset,6,2,20145.984197708804,0.36593929044356055
BikeSharing,699,SRS,6,2,19812.296376686278,0.3774145272592365
BikeSharing,699,PCA-QS,6,2,19967.20583890755,0.3725466220484839
BikeSharing,699,Leverage,6,2,20006.52840878739,0.37131094192879655
BikeSharing,699,Coreset,6,2,20425.32369514243,0.358150637016148
BikeSharing,700,SRS,6,2,20383.39313027642,0.39452229392583227
BikeSharing,700,PCA-QS,6,2,20576.415517669273,0.38878866794940004
BikeSharing,700,Leverage,6,2,20935.682650753573,0.37811683140984864
BikeSharing,700,Coreset,6,2,20805.81296440452,0.38197454044173706
BikeSharing,701,SRS,6,2,20829.298363518632,0.36807751658905896
BikeSharing,701,PCA-QS,6,2,20541.191073901013,0.37681816021356207
BikeSharing,701,Leverage,6,2,21127.04118663575,0.3590445486552236
BikeSharing,701,Coreset,6,2,20563.2181791504,0.3761498984791233
BikeSharing,702,SRS,6,2,20434.042391532468,0.3680598956393001
BikeSharing,702,PCA-QS,6,2,20657.024230002116,0.36116399302869184
BikeSharing,702,Leverage,6,2,20507.70979018113,0.36578166881085306
BikeSharing,702,Coreset,6,2,20858.74418966667,0.3549256320661601
BikeSharing,703,SRS,6,2,20612.472202814788,0.37547233924055456
BikeSharing,703,PCA-QS,6,2,20763.270135268387,0.3709033831698826
BikeSharing,703,Leverage,6,2,20931.47068400356,0.3658071533626842
BikeSharing,703,Coreset,6,2,20495.133926493498,0.3790275168295132
BikeSharing,704,SRS,6,2,20379.94673892194,0.37961580380440574
BikeSharing,704,PCA-QS,6,2,20327.79543892964,0.3812033370173601
BikeSharing,704,Leverage,6,2,20564.341091149752,0.37400267127489895
BikeSharing,704,Coreset,6,2,20358.301792079554,0.380274695759352
BikeSharing,705,SRS,6,2,20066.618756393156,0.3787192906351853
BikeSharing,705,PCA-QS,6,2,20113.64963393562,0.3772631720276435
BikeSharing,705,Leverage,6,2,20124.735172212248,0.3769199537123008
BikeSharing,705,Coreset,6,2,19783.14764504873,0.3874958132411369
BikeSharing,706,SRS,6,2,21398.205555605433,0.3622910083368841
BikeSharing,706,PCA-QS,6,2,21429.85321120933,0.3613478453930935
BikeSharing,706,Leverage,6,2,21507.797112723336,0.3590249624433237
BikeSharing,706,Coreset,6,2,21160.695223643568,0.3693692875837762
BikeSharing,707,SRS,6,2,20533.433976254353,0.3644570967676347
BikeSharing,707,PCA-QS,6,2,20609.593095426586,0.36209984918000204
BikeSharing,707,Leverage,6,2,20524.48234066338,0.3647341643287033
BikeSharing,707,Coreset,6,2,20491.56256138727,0.3657530845988882
BikeSharing,708,SRS,6,2,20842.329993973093,0.3683628137446042
BikeSharing,708,PCA-QS,6,2,20796.983985031744,0.3697370471198511
BikeSharing,708,Leverage,6,2,21093.638391342698,0.3607467876552567
BikeSharing,708,Coreset,6,2,21070.853916943946,0.36143728249454277
BikeSharing,709,SRS,6,2,20682.812657319027,0.3709919099632688
BikeSharing,709,PCA-QS,6,2,20695.30675225448,0.3706119381034306
BikeSharing,709,Leverage,6,2,20908.621974917434,0.3641245708866946
BikeSharing,709,Coreset,6,2,20758.6112613817,0.3686867140521103
BikeSharing,710,SRS,6,2,20818.769859494765,0.3764661373878002
BikeSharing,710,PCA-QS,6,2,20757.10097529056,0.3783131551429485
BikeSharing,710,Leverage,6,2,20874.881424286483,0.37478556447364997
BikeSharing,710,Coreset,6,2,20771.234643452048,0.37788984383487934
BikeSharing,711,SRS,6,2,20883.95156875588,0.36166010113913516
BikeSharing,711,PCA-QS,6,2,20948.946529519922,0.35967346194664374
BikeSharing,711,Leverage,6,2,20887.67366663097,0.3615463313109821
BikeSharing,711,Coreset,6,2,20886.011147490495,0.36159714795344045
BikeSharing,712,SRS,6,2,20596.55785302299,0.3751682312586655
BikeSharing,712,PCA-QS,6,2,20588.808132573304,0.37540333226779454
BikeSharing,712,Leverage,6,2,20530.845890302026,0.3771617159072851
BikeSharing,712,Coreset,6,2,20938.577146847885,0.36479249168949734
BikeSharing,713,SRS,6,2,21009.981311370957,0.3796523594592196
BikeSharing,713,PCA-QS,6,2,21083.340325616246,0.37748633699946466
BikeSharing,713,Leverage,6,2,21319.262785404793,0.3705204126080329
BikeSharing,713,Coreset,6,2,21230.528061049925,0.37314042335777065
BikeSharing,714,SRS,6,2,19265.32664683982,0.39638719206973594
BikeSharing,714,PCA-QS,6,2,19511.890729809165,0.38866195381221125
BikeSharing,714,Leverage,6,2,19617.405888161127,0.3853559989130514
BikeSharing,714,Coreset,6,2,19553.81957123124,0.3873482576487365
BikeSharing,715,SRS,6,2,20454.709060381483,0.366608583137084
BikeSharing,715,PCA-QS,6,2,20259.379271280744,0.37265707844976903
BikeSharing,715,Leverage,6,2,20476.028855413926,0.3659484038530394
BikeSharing,715,Coreset,6,2,20480.145199162234,0.3658209389846151
BikeSharing,716,SRS,6,2,20829.18380960127,0.3699452690777315
BikeSharing,716,PCA-QS,6,2,21025.480911571532,0.36400754636649957
BikeSharing,716,Leverage,6,2,20968.508234636185,0.36573089304030804
BikeSharing,716,Coreset,6,2,20742.896382361214,0.3725553474297526
BikeSharing,717,SRS,6,2,19935.871143959313,0.39065034131176835
BikeSharing,717,PCA-QS,6,2,19860.272540987768,0.3929610496116651
BikeSharing,717,Leverage,6,2,20133.555811025937,0.38460801271046996
BikeSharing,717,Coreset,6,2,20022.331127621426,0.38800764959520084
BikeSharing,718,SRS,6,2,20803.567457656998,0.3747458535956062
BikeSharing,718,PCA-QS,6,2,20857.309308647396,0.37313063470415475
BikeSharing,718,Leverage,6,2,21023.67046414963,0.368130626773298
BikeSharing,718,Coreset,6,2,20999.672586682795,0.3688518863563759
BikeSharing,719,SRS,6,2,20538.046429144626,0.3685047112855647
BikeSharing,719,PCA-QS,6,2,20634.303717781775,0.36554503230691915
BikeSharing,719,Leverage,6,2,20684.099153867828,0.36401394299926226
BikeSharing,719,Coreset,6,2,20661.383550236544,0.3647123929089432
BikeSharing,720,SRS,6,2,20520.136645100967,0.37813890306100184
BikeSharing,720,PCA-QS,6,2,20519.720952614814,0.3781515005884891
BikeSharing,720,Leverage,6,2,21002.044247451944,0.3635347317826021
BikeSharing,720,Coreset,6,2,21095.941915320935,0.36068917048099336
BikeSharing,721,SRS,6,2,20732.96577414715,0.3524433227730591
BikeSharing,721,PCA-QS,6,2,20638.92464744319,0.3553805272325885
BikeSharing,721,Leverage,6,2,20526.225977738937,0.35890046629372274
BikeSharing,721,Coreset,6,2,20294.35753270159,0.3661424576932064
BikeSharing,722,SRS,6,2,20279.783575372287,0.38323269361783974
BikeSharing,722,PCA-QS,6,2,20431.275811584943,0.37862537332177115
BikeSharing,722,Leverage,6,2,20435.385499664677,0.37850038573314193
BikeSharing,722,Coreset,6,2,20481.956736789372,0.3770840187206672
BikeSharing,723,SRS,6,2,21619.232576998373,0.3518410261638679
BikeSharing,723,PCA-QS,6,2,21117.067399871252,0.36689627221590626
BikeSharing,723,Leverage,6,2,21492.287929271642,0.355646911146672
BikeSharing,723,Coreset,6,2,20984.946426508173,0.37085734688459526
BikeSharing,724,SRS,6,2,20500.426905006956,0.3698414964979897
BikeSharing,724,PCA-QS,6,2,20480.266241888832,0.37046121107071506
BikeSharing,724,Leverage,6,2,20299.655819581367,0.37601295855214634
BikeSharing,724,Coreset,6,2,20193.67762420028,0.37927060100586896
BikeSharing,725,SRS,6,2,19769.363102947056,0.3713185215301954
BikeSharing,725,PCA-QS,6,2,20068.323073783125,0.36181135655529073
BikeSharing,725,Leverage,6,2,19805.286491572824,0.3701761291852682
BikeSharing,725,Coreset,6,2,19777.056541463655,0.3710738640631872
BikeSharing,726,SRS,6,2,21121.55227538649,0.37003518810917224
BikeSharing,726,PCA-QS,6,2,21004.938146609322,0.37351328464019884
BikeSharing,726,Leverage,6,2,21379.04853517134,0.36235518520299437
BikeSharing,726,Coreset,6,2,21114.08175400806,0.37025800154321953
BikeSharing,727,SRS,6,2,21136.04706525622,0.37255762087903
BikeSharing,727,PCA-QS,6,2,21428.71089866802,0.3638696343623641
BikeSharing,727,Leverage,6,2,21367.495308517668,0.36568687366944197
BikeSharing,727,Coreset,6,2,21254.082200076806,0.36905364278970054
BikeSharing,728,SRS,6,2,20796.747765386714,0.3620446581684612
BikeSharing,728,PCA-QS,6,2,20534.70460011215,0.3700830225782844
BikeSharing,728,Leverage,6,2,20485.248603290576,0.3716001211993696
BikeSharing,728,Coreset,6,2,20585.95021633594,0.3685110260822828
BikeSharing,729,SRS,6,2,20786.192413603796,0.37355797805593616
BikeSharing,729,PCA-QS,6,2,20899.495146054385,0.3701433270512777
BikeSharing,729,Leverage,6,2,20926.650040147335,0.3693249488498842
BikeSharing,729,Coreset,6,2,20611.35258069366,0.3788271979431198
BikeSharing,730,SRS,6,2,19712.4478080625,0.3769979587117174
BikeSharing,730,PCA-QS,6,2,19506.010245953654,0.38352231448146534
BikeSharing,730,Leverage,6,2,19664.00600234547,0.3785289377225055
BikeSharing,730,Coreset,6,2,19713.448087845238,0.37696634537010854
BikeSharing,731,SRS,6,2,20983.961387572963,0.37921934891892295
BikeSharing,731,PCA-QS,6,2,20940.998778413825,0.3804903366029617
BikeSharing,731,Leverage,6,2,21201.981174307475,0.3727695436291668
BikeSharing,731,Coreset,6,2,20900.959050686233,0.3816748549972133
BikeSharing,732,SRS,6,2,21029.99681751027,0.3803568937517773
BikeSharing,732,PCA-QS,6,2,20625.93814026745,0.3922623721998205
BikeSharing,732,Leverage,6,2,21150.59279293336,0.37680356630904654
BikeSharing,732,Coreset,6,2,20760.72364651695,0.3882909541109629
BikeSharing,733,SRS,6,2,20696.42006305297,0.3835626176242305
BikeSharing,733,PCA-QS,6,2,20540.254529012214,0.38821396663667396
BikeSharing,733,Leverage,6,2,20920.531710309308,0.37688751165064993
BikeSharing,733,Coreset,6,2,20699.321846183302,0.38347618878331813
BikeSharing,734,SRS,6,2,21369.40199433521,0.36657451391418716
BikeSharing,734,PCA-QS,6,2,21069.722582625243,0.3754575222961072
BikeSharing,734,Leverage,6,2,21267.910895547437,0.36958288301127606
BikeSharing,734,Coreset,6,2,21148.811437746517,0.37311319387210895
BikeSharing,735,SRS,6,2,21010.0982916385,0.36788747913420716
BikeSharing,735,PCA-QS,6,2,20770.920919118278,0.3750834003421524
BikeSharing,735,Leverage,6,2,21258.309096002107,0.3604197769333637
BikeSharing,735,Coreset,6,2,20990.97255313042,0.36846289856413783
BikeSharing,736,SRS,6,2,20406.775564615524,0.3875732682490255
BikeSharing,736,PCA-QS,6,2,20562.09203356479,0.3829120733843828
BikeSharing,736,Leverage,6,2,20566.403732486706,0.3827826752013782
BikeSharing,736,Coreset,6,2,20504.911451094944,0.38462811701561417
BikeSharing,737,SRS,6,2,21121.98030141235,0.3664173342017335
BikeSharing,737,PCA-QS,6,2,20965.55195028785,0.37110961637876316
BikeSharing,737,Leverage,6,2,20909.779709418268,0.37278258096557937
BikeSharing,737,Coreset,6,2,21544.759726019194,0.35373548756308526
BikeSharing,738,SRS,6,2,19752.59477834992,0.3875997426930071
BikeSharing,738,PCA-QS,6,2,20005.731849989486,0.3797515987126566
BikeSharing,738,Leverage,6,2,19969.474728321442,0.38087569764182916
BikeSharing,738,Coreset,6,2,19915.370886742927,0.38255310797073916
BikeSharing,739,SRS,6,2,20398.919822391446,0.379284577827114
BikeSharing,739,PCA-QS,6,2,20616.943791368674,0.37265036184284606
BikeSharing,739,Leverage,6,2,20735.211015837325,0.3690516276547401
BikeSharing,739,Coreset,6,2,20588.36958691725,0.3735198416748051
BikeSharing,740,SRS,6,2,20870.829086418817,0.3766193585955476
BikeSharing,740,PCA-QS,6,2,21029.43824342664,0.37188193884002396
BikeSharing,740,Leverage,6,2,21056.670143206204,0.3710685624724176
BikeSharing,740,Coreset,6,2,20798.72858475324,0.37877289340663545
BikeSharing,741,SRS,6,2,21370.564432870062,0.35896121968196215
BikeSharing,741,PCA-QS,6,2,21058.33783352866,0.36832687584202173
BikeSharing,741,Leverage,6,2,21120.937986951532,0.3664491001696021
BikeSharing,741,Coreset,6,2,20932.215449298517,0.3721100861363339
BikeSharing,742,SRS,6,2,21156.328457522286,0.37125714592941883
BikeSharing,742,PCA-QS,6,2,21314.45278108017,0.3665578646391242
BikeSharing,742,Leverage,6,2,21028.08148727267,0.37506850508195555
BikeSharing,742,Coreset,6,2,21092.679347610476,0.3731487275951768
BikeSharing,743,SRS,6,2,20627.012724662116,0.3883123605048243
BikeSharing,743,PCA-QS,6,2,20738.208622286693,0.38501488078502943
BikeSharing,743,Leverage,6,2,21086.213971907477,0.3746948905041916
BikeSharing,743,Coreset,6,2,20925.29729238459,0.37946682452908664
BikeSharing,744,SRS,6,2,20587.195434401558,0.383716888079647
BikeSharing,744,PCA-QS,6,2,20670.43299595476,0.3812251497743434
BikeSharing,744,Leverage,6,2,21036.823708262367,0.3702571474022315
BikeSharing,744,Coreset,6,2,20509.37733980133,0.386046393215825
BikeSharing,745,SRS,6,2,20769.137070687524,0.37515337528603865
BikeSharing,745,PCA-QS,6,2,20730.839994996793,0.3763055559664551
BikeSharing,745,Leverage,6,2,20825.999996307626,0.3734426346315687
BikeSharing,745,Coreset,6,2,20634.467717577132,0.3792049490445941
BikeSharing,746,SRS,6,2,20151.28905795595,0.3672651386894674
BikeSharing,746,PCA-QS,6,2,19994.136975737558,0.37219959229494815
BikeSharing,746,Leverage,6,2,20108.65602463138,0.3686037828997849
BikeSharing,746,Coreset,6,2,20025.64236188157,0.3712103475833549
BikeSharing,747,SRS,6,2,21227.197120655404,0.3769212830961497
BikeSharing,747,PCA-QS,6,2,21372.59791534354,0.3726533554900633
BikeSharing,747,Leverage,6,2,21335.093174340127,0.3737542264985809
BikeSharing,747,Coreset,6,2,21576.92084528714,0.3666558953308314
BikeSharing,748,SRS,6,2,21016.400364812867,0.37445696533174067
BikeSharing,748,PCA-QS,6,2,21309.990379533614,0.3657183999461955
BikeSharing,748,Leverage,6,2,21306.20238988661,0.3658311476336179
BikeSharing,748,Coreset,6,2,21314.678644802498,0.36557885598849005
BikeSharing,749,SRS,6,2,20803.315096984643,0.3723108295828469
BikeSharing,749,PCA-QS,6,2,20985.44666526712,0.36681545480872846
BikeSharing,749,Leverage,6,2,20931.105052682968,0.3684550801070552
BikeSharing,749,Coreset,6,2,20703.29563214302,0.37532867239392387
BikeSharing,750,SRS,6,2,20720.62229763376,0.38144219175335903
BikeSharing,750,PCA-QS,6,2,20793.43935865843,0.379268436495269
BikeSharing,750,Leverage,6,2,21034.040971947034,0.37208592988718314
BikeSharing,750,Coreset,6,2,20830.26474379753,0.37816911480539483
BikeSharing,751,SRS,6,2,21220.473824232045,0.3755910321057442
BikeSharing,751,PCA-QS,6,2,21304.479687742736,0.3731191733260464
BikeSharing,751,Leverage,6,2,21748.807014670074,0.3600449144799929
BikeSharing,751,Coreset,6,2,21891.02026257406,0.35586031294469556
BikeSharing,752,SRS,6,2,20956.11322014433,0.3797267197796578
BikeSharing,752,PCA-QS,6,2,21008.239858076595,0.3781838401264773
BikeSharing,752,Leverage,6,2,21069.42564552656,0.37637282160955254
BikeSharing,752,Coreset,6,2,21119.126877076353,0.3749017307827123
BikeSharing,753,SRS,6,2,20937.82235683661,0.383160698557803
BikeSharing,753,PCA-QS,6,2,20932.823853554986,0.3833079571036032
BikeSharing,753,Leverage,6,2,20822.587760652226,0.38655557060327805
BikeSharing,753,Coreset,6,2,21251.698962309692,0.37391372803912115
BikeSharing,754,SRS,6,2,20501.3653118779,0.3801990974245206
BikeSharing,754,PCA-QS,6,2,20484.05249698056,0.3807225015069442
BikeSharing,754,Leverage,6,2,20467.822259228476,0.3812131769256164
BikeSharing,754,Coreset,6,2,20589.6247360934,0.377530822899513
BikeSharing,755,SRS,6,2,20774.519938749683,0.36392043490073056
BikeSharing,755,PCA-QS,6,2,20383.90341261038,0.3758804316082275
BikeSharing,755,Leverage,6,2,20797.49328482107,0.36321703111469616
BikeSharing,755,Coreset,6,2,20733.089722706467,0.36518895585237876
BikeSharing,756,SRS,6,2,20727.656320240836,0.37729578167434674
BikeSharing,756,PCA-QS,6,2,21278.5522232732,0.3607456615171737
BikeSharing,756,Leverage,6,2,20675.714802830058,0.37885621868170605
BikeSharing,756,Coreset,6,2,20764.231574842324,0.3761969808753176
BikeSharing,757,SRS,6,2,20803.279244775455,0.3759736737755839
BikeSharing,757,PCA-QS,6,2,20798.714294335,0.3761106064783196
BikeSharing,757,Leverage,6,2,20768.17784437854,0.37702659421554385
BikeSharing,757,Coreset,6,2,20871.796658631094,0.37391838866655625
BikeSharing,758,SRS,6,2,20914.9155599097,0.35783566903713904
BikeSharing,758,PCA-QS,6,2,20795.147407030203,0.36151298896435613
BikeSharing,758,Leverage,6,2,20870.379823088988,0.35920307889148384
BikeSharing,758,Coreset,6,2,20830.252119853532,0.36043514600777027
BikeSharing,759,SRS,6,2,19894.71417470067,0.356350200951291
BikeSharing,759,PCA-QS,6,2,19784.126679684992,0.35992801656196505
BikeSharing,759,Leverage,6,2,19843.3808311205,0.35801097858246156
BikeSharing,759,Coreset,6,2,19955.828884381128,0.3543729686945557
BikeSharing,760,SRS,6,2,21276.650661013005,0.36029157122743705
BikeSharing,760,PCA-QS,6,2,22094.34461197504,0.33570660619131676
BikeSharing,760,Leverage,6,2,21745.39582705597,0.34619817662122965
BikeSharing,760,Coreset,6,2,21569.278014914482,0.3514933732515122
BikeSharing,761,SRS,6,2,21220.074945705583,0.3710667500289868
BikeSharing,761,PCA-QS,6,2,21345.753564454808,0.36734181209431593
BikeSharing,761,Leverage,6,2,21574.24695016471,0.36056958871437483
BikeSharing,761,Coreset,6,2,20999.832161069804,0.3775944371685498
BikeSharing,762,SRS,6,2,19772.160504140527,0.3948468010587033
BikeSharing,762,PCA-QS,6,2,19797.29668687223,0.39407747484439937
BikeSharing,762,Leverage,6,2,20113.24099286565,0.3844075802762682
BikeSharing,762,Coreset,6,2,20007.650686686582,0.38763931165676513
BikeSharing,763,SRS,6,2,20830.053632239196,0.3848043099620341
BikeSharing,763,PCA-QS,6,2,20646.124519633868,0.3902364801976488
BikeSharing,763,Leverage,6,2,21254.3546812092,0.37227298473294623
BikeSharing,763,Coreset,6,2,20726.79985982467,0.3878538112687069
BikeSharing,764,SRS,6,2,19511.40663474652,0.3807907521617554
BikeSharing,764,PCA-QS,6,2,19524.908539355725,0.38036225900624077
BikeSharing,764,Leverage,6,2,19655.214799791487,0.3762268912686143
BikeSharing,764,Coreset,6,2,19614.728823468362,0.3775117443505236
BikeSharing,765,SRS,6,2,20759.443362707618,0.3669725560686642
BikeSharing,765,PCA-QS,6,2,20422.119297597103,0.37725873701208157
BikeSharing,765,Leverage,6,2,20535.740818949434,0.37379402266591266
BikeSharing,765,Coreset,6,2,20415.012748761546,0.3774754403391384
BikeSharing,766,SRS,6,2,20226.48275886765,0.37237777085246015
BikeSharing,766,PCA-QS,6,2,20115.8366710388,0.3758110887020083
BikeSharing,766,Leverage,6,2,20138.844567030952,0.3750971599807995
BikeSharing,766,Coreset,6,2,20051.062150600283,0.3778210243588521
BikeSharing,767,SRS,6,2,21106.68956864977,0.3713971806451368
BikeSharing,767,PCA-QS,6,2,21100.416383459982,0.37158400965419636
BikeSharing,767,Leverage,6,2,21248.816680986514,0.36716432815393696
BikeSharing,767,Coreset,6,2,21075.277596351152,0.3723326970502171
BikeSharing,768,SRS,6,2,20875.925912736686,0.3664356851924858
BikeSharing,768,PCA-QS,6,2,21155.705791737015,0.3579446343966204
BikeSharing,768,Leverage,6,2,21243.491675991994,0.3552804170660805
BikeSharing,768,Coreset,6,2,20791.258869896163,0.36900524867955053
BikeSharing,769,SRS,6,2,20542.670531435513,0.3784275889574523
BikeSharing,769,PCA-QS,6,2,20565.125967815457,0.3777481407956209
BikeSharing,769,Leverage,6,2,20923.46338123075,0.36690570189837735
BikeSharing,769,Coreset,6,2,20624.09799769093,0.37596378726000446
BikeSharing,770,SRS,6,2,19670.511454214877,0.3741627885952288
BikeSharing,770,PCA-QS,6,2,19391.361754332647,0.38304421855425197
BikeSharing,770,Leverage,6,2,19444.920347449057,0.3813401977594315
BikeSharing,770,Coreset,6,2,19378.56688785605,0.38345130016850726
BikeSharing,771,SRS,6,2,19607.016565101672,0.39509890351867405
BikeSharing,771,PCA-QS,6,2,19403.714419840813,0.40137103014114994
BikeSharing,771,Leverage,6,2,20031.85654728771,0.38199205627344623
BikeSharing,771,Coreset,6,2,19506.54194017347,0.3981986719401379
BikeSharing,772,SRS,6,2,21169.133582704282,0.3635288285943834
BikeSharing,772,PCA-QS,6,2,20945.657393162397,0.3702478637208467
BikeSharing,772,Leverage,6,2,21051.186406410256,0.3670750284030131
BikeSharing,772,Coreset,6,2,20989.906604061314,0.3689174669436439
BikeSharing,773,SRS,6,2,20471.607889919178,0.37987736116802207
BikeSharing,773,PCA-QS,6,2,20358.46025284361,0.3833048111103129
BikeSharing,773,Leverage,6,2,20321.530436130328,0.38442348315185293
BikeSharing,773,Coreset,6,2,20403.17906883799,0.3819501959609317
BikeSharing,774,SRS,6,2,21235.41390410983,0.37306881383326995
BikeSharing,774,PCA-QS,6,2,21137.348502684956,0.37596398972740763
BikeSharing,774,Leverage,6,2,21301.940361101093,0.37110475931653975
BikeSharing,774,Coreset,6,2,21343.866581228096,0.36986697534706303
BikeSharing,775,SRS,6,2,20425.853268208404,0.39590990729874265
BikeSharing,775,PCA-QS,6,2,20658.380079331684,0.3890329782890931
BikeSharing,775,Leverage,6,2,20636.771600192562,0.3896720442803583
BikeSharing,775,Coreset,6,2,20688.79623973328,0.38813342707253673
BikeSharing,776,SRS,6,2,20506.87499733878,0.38364247272214447
BikeSharing,776,PCA-QS,6,2,20304.02314591654,0.38973941657939093
BikeSharing,776,Leverage,6,2,20955.396486045607,0.37016164759660974
BikeSharing,776,Coreset,6,2,20506.49749615347,0.383653818951014
BikeSharing,777,SRS,6,2,21100.36327336392,0.3900458980025906
BikeSharing,777,PCA-QS,6,2,21500.69787583536,0.3784733136927646
BikeSharing,777,Leverage,6,2,20836.679082214585,0.39766829065714904
BikeSharing,777,Coreset,6,2,21469.6319332733,0.37937134558219976
BikeSharing,778,SRS,6,2,20635.765432097476,0.38711864172087307
BikeSharing,778,PCA-QS,6,2,20648.822052126743,0.38673086065966633
BikeSharing,778,Leverage,6,2,20615.76662433789,0.38771260546328856
BikeSharing,778,Coreset,6,2,20654.909586982998,0.38655006113257595
BikeSharing,779,SRS,6,2,20905.626039734438,0.3831366505595103
BikeSharing,779,PCA-QS,6,2,20948.037750727133,0.38188520608955134
BikeSharing,779,Leverage,6,2,21048.487656224665,0.3789212257218544
BikeSharing,779,Coreset,6,2,21188.60635970686,0.37478673615502645
BikeSharing,780,SRS,6,2,20105.373921836333,0.37998206234816545
BikeSharing,780,PCA-QS,6,2,20695.657322658717,0.36177865572509793
BikeSharing,780,Leverage,6,2,20192.657730594743,0.3772903677143238
BikeSharing,780,Coreset,6,2,20238.900139169113,0.37586432496039157
BikeSharing,781,SRS,6,2,21154.035481354545,0.3881871722514332
BikeSharing,781,PCA-QS,6,2,20979.635708343078,0.3932311279722649
BikeSharing,781,Leverage,6,2,21258.662531199516,0.38516116942180456
BikeSharing,781,Coreset,6,2,21599.326928678434,0.3753085411363626
BikeSharing,782,SRS,6,2,20478.08292404756,0.3683051096476391
BikeSharing,782,PCA-QS,6,2,20510.21925646356,0.3673137884845622
BikeSharing,782,Leverage,6,2,20342.05346296566,0.37250126003054007
BikeSharing,782,Coreset,6,2,20406.479601402396,0.37051388344814395
BikeSharing,783,SRS,6,2,21543.51277211989,0.37679878647802734
BikeSharing,783,PCA-QS,6,2,21428.108453936613,0.3801371515765256
BikeSharing,783,Leverage,6,2,21404.60264799827,0.38081711713927013
BikeSharing,783,Coreset,6,2,21378.724507736893,0.3815657085405504
BikeSharing,784,SRS,6,2,20958.96478910659,0.37065946522399174
BikeSharing,784,PCA-QS,6,2,21042.212910978687,0.36815975123213873
BikeSharing,784,Leverage,6,2,21074.29167603225,0.3671965134311832
BikeSharing,784,Coreset,6,2,20923.823298784908,0.3717146683093735
BikeSharing,785,SRS,6,2,20469.035247693973,0.3762220451845235
BikeSharing,785,PCA-QS,6,2,20341.837576538903,0.3800982954430373
BikeSharing,785,Leverage,6,2,20620.613381829335,0.3716028192482962
BikeSharing,785,Coreset,6,2,20549.5761505159,0.3737676237116351
BikeSharing,786,SRS,6,2,20381.480530961606,0.37611770425855795
BikeSharing,786,PCA-QS,6,2,20258.134585021693,0.37989335499239407
BikeSharing,786,Leverage,6,2,20473.879831177514,0.3732893382104667
BikeSharing,786,Coreset,6,2,20277.712028839993,0.3792940844646444
BikeSharing,787,SRS,6,2,20911.943024115837,0.38149786594231117
BikeSharing,787,PCA-QS,6,2,21186.073553685834,0.3733900436632488
BikeSharing,787,Leverage,6,2,21106.56447866886,0.37574164401517407
BikeSharing,787,Coreset,6,2,21101.56009098361,0.37588965629980065
BikeSharing,788,SRS,6,2,20641.965384082418,0.37515815850542233
BikeSharing,788,PCA-QS,6,2,20316.19849007363,0.38501927309228157
BikeSharing,788,Leverage,6,2,20410.327285959163,0.3821699508952713
BikeSharing,788,Coreset,6,2,20738.407057794524,0.3722388244266257
BikeSharing,789,SRS,6,2,20075.82228941873,0.37070047312885557
BikeSharing,789,PCA-QS,6,2,20635.67088740489,0.35315138085491893
BikeSharing,789,Leverage,6,2,20224.781664565984,0.3660311717696483
BikeSharing,789,Coreset,6,2,20489.72319470939,0.3577262775957425
BikeSharing,790,SRS,6,2,20228.24369465522,0.37307011089242537
BikeSharing,790,PCA-QS,6,2,19924.098513421002,0.3824964213335119
BikeSharing,790,Leverage,6,2,19953.55439526889,0.3815835011107176
BikeSharing,790,Coreset,6,2,19949.586070162168,0.3817064906127552
BikeSharing,791,SRS,6,2,21025.61150403561,0.36762896990082994
BikeSharing,791,PCA-QS,6,2,20969.73889070798,0.369309407211181
BikeSharing,791,Leverage,6,2,20978.2589509026,0.36905315596061705
BikeSharing,791,Coreset,6,2,21029.662702901012,0.3675071251307428
BikeSharing,792,SRS,6,2,21289.37281652666,0.3664281441831633
BikeSharing,792,PCA-QS,6,2,21113.61818195626,0.37165860310521925
BikeSharing,792,Leverage,6,2,20894.270410485853,0.3781863940287691
BikeSharing,792,Coreset,6,2,21053.16515223757,0.3734576856126611
BikeSharing,793,SRS,6,2,20301.5366494663,0.383692926432608
BikeSharing,793,PCA-QS,6,2,20471.44010409665,0.3785350557393582
BikeSharing,793,Leverage,6,2,20138.287679123503,0.3886487825784779
BikeSharing,793,Coreset,6,2,20581.315385539325,0.3751994997007906
BikeSharing,794,SRS,6,2,19670.37238208916,0.3861008721010638
BikeSharing,794,PCA-QS,6,2,19593.437637212155,0.38850195388374154
BikeSharing,794,Leverage,6,2,19637.773247902547,0.38711826921275483
BikeSharing,794,Coreset,6,2,19763.900376157428,0.38318192614125446
BikeSharing,795,SRS,6,2,20102.12599703453,0.3866781721492928
BikeSharing,795,PCA-QS,6,2,19902.007253514414,0.39278385438315455
BikeSharing,795,Leverage,6,2,20300.68887981423,0.38061995968819695
BikeSharing,795,Coreset,6,2,19912.627179250754,0.3924598372983341
BikeSharing,796,SRS,6,2,20219.869426130655,0.38236968593598564
BikeSharing,796,PCA-QS,6,2,20261.539490021387,0.3810968441532073
BikeSharing,796,Leverage,6,2,20666.662367654233,0.36872207729029527
BikeSharing,796,Coreset,6,2,20306.518339279028,0.37972293316457684
BikeSharing,797,SRS,6,2,20649.748736348356,0.3695505964870891
BikeSharing,797,PCA-QS,6,2,20827.20665658544,0.3641326981198717
BikeSharing,797,Leverage,6,2,21072.530957369785,0.3566427978275516
BikeSharing,797,Coreset,6,2,20768.58167087094,0.3659225546332152
BikeSharing,798,SRS,6,2,20824.562444484105,0.36797551529133243
BikeSharing,798,PCA-QS,6,2,20446.292878353634,0.37945597872252956
BikeSharing,798,Leverage,6,2,20525.43760140994,0.37705394012313886
BikeSharing,798,Coreset,6,2,20578.4691445879,0.3754444352973012
BikeSharing,799,SRS,6,2,20651.594999500205,0.37541676003321844
BikeSharing,799,PCA-QS,6,2,20545.23798243658,0.3786334031211934
BikeSharing,799,Leverage,6,2,20747.712951806418,0.37250978543528346
BikeSharing,799,Coreset,6,2,20675.061303809314,0.3747070492154446
BikeSharing,800,SRS,6,2,19126.032791323283,0.3741861563425313
BikeSharing,800,PCA-QS,6,2,19109.000743360877,0.3747434539021981
BikeSharing,800,Leverage,6,2,19065.544986368608,0.3761653491069744
BikeSharing,800,Coreset,6,2,19408.542846127926,0.36494227889036135
BikeSharing,801,SRS,6,2,20197.909671018333,0.3967307087994303
BikeSharing,801,PCA-QS,6,2,20542.309139542198,0.38644421744214064
BikeSharing,801,Leverage,6,2,20495.866080683496,0.3878313744130958
BikeSharing,801,Coreset,6,2,20301.511132876705,0.39363634995335994
BikeSharing,802,SRS,6,2,20521.697609037175,0.35569737099998977
BikeSharing,802,PCA-QS,6,2,20450.03738666868,0.3579472272519606
BikeSharing,802,Leverage,6,2,20617.03114475233,0.3527042634674973
BikeSharing,802,Coreset,6,2,20462.83261998223,0.3575455059801804
BikeSharing,803,SRS,6,2,20567.315562015385,0.37731329401370517
BikeSharing,803,PCA-QS,6,2,20694.37716024599,0.3734664347665173
BikeSharing,803,Leverage,6,2,20551.597318699525,0.3777891724104133
BikeSharing,803,Coreset,6,2,20765.547852187687,0.37131170321711726
BikeSharing,804,SRS,6,2,20159.071915620043,0.3745274810767152
BikeSharing,804,PCA-QS,6,2,19979.4006017573,0.38010211614574885
BikeSharing,804,Leverage,6,2,19760.300419084415,0.3869001048491264
BikeSharing,804,Coreset,6,2,20278.98776132628,0.3708068700095669
BikeSharing,805,SRS,6,2,20941.31655893921,0.3757404975551827
BikeSharing,805,PCA-QS,6,2,20866.241344661168,0.3779784855909035
BikeSharing,805,Leverage,6,2,21176.043875586445,0.36874328907079723
BikeSharing,805,Coreset,6,2,20996.38356430904,0.374098953133821
BikeSharing,806,SRS,6,2,20941.93945626524,0.3705814444923071
BikeSharing,806,PCA-QS,6,2,20596.958525743405,0.3809499874546348
BikeSharing,806,Leverage,6,2,20667.971499314357,0.37881566349000506
BikeSharing,806,Coreset,6,2,20651.836686494888,0.3793006018883528
BikeSharing,807,SRS,6,2,20856.91378545395,0.3793715009444677
BikeSharing,807,PCA-QS,6,2,20977.79736174776,0.37577443029022684
BikeSharing,807,Leverage,6,2,20976.323907512244,0.3758182751131005
BikeSharing,807,Coreset,6,2,20989.167848930585,0.3754360845279343
BikeSharing,808,SRS,6,2,21106.45056224579,0.37874113084478755
BikeSharing,808,PCA-QS,6,2,21122.210539851672,0.37827724299986243
BikeSharing,808,Leverage,6,2,21030.0381870656,0.38099029470367085
BikeSharing,808,Coreset,6,2,21135.98394528349,0.3778718290124299
BikeSharing,809,SRS,6,2,21328.838932121413,0.3718886146247312
BikeSharing,809,PCA-QS,6,2,20999.837517304175,0.3815773527275852
BikeSharing,809,Leverage,6,2,21341.31325348162,0.37152125926628377
BikeSharing,809,Coreset,6,2,21276.67141044806,0.3734248920758445
BikeSharing,810,SRS,6,2,21005.479410180065,0.3800180911620129
BikeSharing,810,PCA-QS,6,2,20945.855635468797,0.3817779015874633
BikeSharing,810,Leverage,6,2,21503.51298567502,0.3653185072691012
BikeSharing,810,Coreset,6,2,20809.463531525045,0.3858035481962474
BikeSharing,811,SRS,6,2,20146.448312943754,0.3911643454582723
BikeSharing,811,PCA-QS,6,2,20185.623469606013,0.38998045280494953
BikeSharing,811,Leverage,6,2,20219.650335833892,0.38895214404054346
BikeSharing,811,Coreset,6,2,20483.073840976154,0.3809913551370263
BikeSharing,812,SRS,6,2,21017.25876404216,0.3641021634418392
BikeSharing,812,PCA-QS,6,2,21459.715163078785,0.3507152098872648
BikeSharing,812,Leverage,6,2,21364.321802680453,0.3536014298353721
BikeSharing,812,Coreset,6,2,20982.736391650746,0.36514667177487237
BikeSharing,813,SRS,6,2,20527.654980897416,0.3777055612494059
BikeSharing,813,PCA-QS,6,2,21517.54418680514,0.3476971385440918
BikeSharing,813,Leverage,6,2,21431.01261194491,0.35032033724174927
BikeSharing,813,Coreset,6,2,20671.61466770986,0.3733414333160874
BikeSharing,814,SRS,6,2,20429.788391058908,0.3492596332148412
BikeSharing,814,PCA-QS,6,2,20764.887286296762,0.33858588692719893
BikeSharing,814,Leverage,6,2,20524.580618184482,0.3462402613316222
BikeSharing,814,Coreset,6,2,20409.22244133096,0.3499147106641558
BikeSharing,815,SRS,6,2,21472.552495285367,0.3752273626421926
BikeSharing,815,PCA-QS,6,2,21666.59960758243,0.36958130234507036
BikeSharing,815,Leverage,6,2,21516.800961604546,0.37393989432619523
BikeSharing,815,Coreset,6,2,21500.402515758524,0.37441702904327356
BikeSharing,816,SRS,6,2,19105.841178739858,0.39214345902935954
BikeSharing,816,PCA-QS,6,2,19266.335840807744,0.38703728604193854
BikeSharing,816,Leverage,6,2,19528.70774213525,0.37868986627136625
BikeSharing,816,Coreset,6,2,19235.887408713123,0.38800600960861464
BikeSharing,817,SRS,6,2,21106.564510571916,0.3702698909035529
BikeSharing,817,PCA-QS,6,2,21100.077134155814,0.37046344662202213
BikeSharing,817,Leverage,6,2,20955.679192249478,0.3747716670178346
BikeSharing,817,Coreset,6,2,20971.57260801164,0.3742974750934782
BikeSharing,818,SRS,6,2,20091.84803320876,0.3867450708813457
BikeSharing,818,PCA-QS,6,2,20123.14699416498,0.38578974601272387
BikeSharing,818,Leverage,6,2,20113.328302370894,0.38608943776483495
BikeSharing,818,Coreset,6,2,20519.973289863243,0.3736775858252377
BikeSharing,819,SRS,6,2,21019.174998047936,0.36647405184261195
BikeSharing,819,PCA-QS,6,2,20996.598504161837,0.3671545159757946
BikeSharing,819,Leverage,6,2,21381.87364150646,0.35554217644722663
BikeSharing,819,Coreset,6,2,21032.50013065402,0.3660724272655591
BikeSharing,820,SRS,6,2,20412.957410706367,0.37509624497111005
BikeSharing,820,PCA-QS,6,2,20284.551395498376,0.3790271502023963
BikeSharing,820,Leverage,6,2,20361.81132377129,0.3766619848655166
BikeSharing,820,Coreset,6,2,20389.06579316038,0.37582764127091184
BikeSharing,821,SRS,6,2,20130.57458344629,0.37186375032703967
BikeSharing,821,PCA-QS,6,2,19855.667810275718,0.38044169273962514
BikeSharing,821,Leverage,6,2,20176.885279074864,0.3704187132491711
BikeSharing,821,Coreset,6,2,19910.596515261175,0.37872774708914536
BikeSharing,822,SRS,6,2,19735.59941332554,0.3724955565000716
BikeSharing,822,PCA-QS,6,2,19622.74748198242,0.3760837469011974
BikeSharing,822,Leverage,6,2,19671.718480180334,0.37452668656934485
BikeSharing,822,Coreset,6,2,19819.34415378104,0.36983284554536444
BikeSharing,823,SRS,6,2,20619.765497912522,0.36100578111709947
BikeSharing,823,PCA-QS,6,2,20896.137555554214,0.35244117609713965
BikeSharing,823,Leverage,6,2,20833.976290845694,0.35436751656843246
BikeSharing,823,Coreset,6,2,20685.2647350108,0.35897599887484843
BikeSharing,824,SRS,6,2,20058.97409519466,0.37946690560927976
BikeSharing,824,PCA-QS,6,2,20142.30999729575,0.37688887320546804
BikeSharing,824,Leverage,6,2,20297.185440644924,0.3720977339552498
BikeSharing,824,Coreset,6,2,20323.628895129634,0.3712796941811365
BikeSharing,825,SRS,6,2,20806.801649803452,0.3610071055402697
BikeSharing,825,PCA-QS,6,2,20783.21006188405,0.3617316213646259
BikeSharing,825,Leverage,6,2,20721.580474701364,0.36362431342566603
BikeSharing,825,Coreset,6,2,20941.00186841804,0.35688571352755394
BikeSharing,826,SRS,6,2,21545.274814192722,0.37177684344062245
BikeSharing,826,PCA-QS,6,2,21324.761900462367,0.3782066207314896
BikeSharing,826,Leverage,6,2,21601.937503286517,0.3701246568842367
BikeSharing,826,Coreset,6,2,21605.13135762825,0.37003152958493524
BikeSharing,827,SRS,6,2,20228.187506205082,0.37007917298521953
BikeSharing,827,PCA-QS,6,2,20573.128029833348,0.3593374681316247
BikeSharing,827,Leverage,6,2,20282.875621118943,0.36837614434936905
BikeSharing,827,Coreset,6,2,20836.265399801654,0.35114317441855303
BikeSharing,828,SRS,6,2,20297.39424812452,0.3683910858398326
BikeSharing,828,PCA-QS,6,2,20301.775330611352,0.3682547564805795
BikeSharing,828,Leverage,6,2,20284.826123234525,0.36878217740645247
BikeSharing,828,Coreset,6,2,20298.410885172216,0.36835945039865536
BikeSharing,829,SRS,6,2,20171.534567700255,0.37587465197941905
BikeSharing,829,PCA-QS,6,2,20057.837691116252,0.37939253518402527
BikeSharing,829,Leverage,6,2,20124.608161091277,0.3773265970338663
BikeSharing,829,Coreset,6,2,20408.48116215132,0.36854331210402536
BikeSharing,830,SRS,6,2,20016.887033294886,0.38015676286615474
BikeSharing,830,PCA-QS,6,2,20035.289062497955,0.379586925341864
BikeSharing,830,Leverage,6,2,20143.764552596305,0.37622787161785565
BikeSharing,830,Coreset,6,2,20169.533277829978,0.37542991686899363
BikeSharing,831,SRS,6,2,19206.61406429635,0.3690395619210133
BikeSharing,831,PCA-QS,6,2,19174.971487601695,0.3700790587311419
BikeSharing,831,Leverage,6,2,19123.485244730924,0.37177044390960357
BikeSharing,831,Coreset,6,2,19271.72428736634,0.36690061256043704
BikeSharing,832,SRS,6,2,20914.7686746177,0.36341452463282364
BikeSharing,832,PCA-QS,6,2,20838.157830905755,0.36574633863093076
BikeSharing,832,Leverage,6,2,20756.714882393757,0.36822522801767965
BikeSharing,832,Coreset,6,2,20849.599142083858,0.365398097986798
BikeSharing,833,SRS,6,2,19952.72883357744,0.38155027492425986
BikeSharing,833,PCA-QS,6,2,19990.279052641567,0.3803863778528145
BikeSharing,833,Leverage,6,2,19989.724975194385,0.38040355189691333
BikeSharing,833,Coreset,6,2,19725.662268347474,0.38858837262065327
BikeSharing,834,SRS,6,2,20639.020030643904,0.36817798351985165
BikeSharing,834,PCA-QS,6,2,20471.404932924896,0.3733091820397475
BikeSharing,834,Leverage,6,2,21034.033645754338,0.35608543753338406
BikeSharing,834,Coreset,6,2,20820.34579122811,0.36262706067942585
BikeSharing,835,SRS,6,2,20582.226971549066,0.36031330176647425
BikeSharing,835,PCA-QS,6,2,20416.663864463804,0.36545893141418206
BikeSharing,835,Leverage,6,2,20206.6116682242,0.3719872626805193
BikeSharing,835,Coreset,6,2,20199.406592909363,0.3722111933001283
BikeSharing,836,SRS,6,2,20706.833963543868,0.3769962628254345
BikeSharing,836,PCA-QS,6,2,20603.702110683073,0.38009917705496543
BikeSharing,836,Leverage,6,2,21296.658277946342,0.3592502977592097
BikeSharing,836,Coreset,6,2,20422.978918329063,0.38553657151270293
BikeSharing,837,SRS,6,2,20493.537587780575,0.36712341333674625
BikeSharing,837,PCA-QS,6,2,20481.974823044107,0.36748049190590304
BikeSharing,837,Leverage,6,2,20610.515468996484,0.3635109300423458
BikeSharing,837,Coreset,6,2,20299.50984299738,0.3731153323165898
BikeSharing,838,SRS,6,2,21059.167964803535,0.3721682220625162
BikeSharing,838,PCA-QS,6,2,21241.977831161224,0.3667181566272776
BikeSharing,838,Leverage,6,2,21306.998870621333,0.36477970042255903
BikeSharing,838,Coreset,6,2,21193.814019164012,0.3681540524693637
BikeSharing,839,SRS,6,2,20459.902571215105,0.37030307509627325
BikeSharing,839,PCA-QS,6,2,20342.490483146365,0.3739166812972836
BikeSharing,839,Leverage,6,2,20327.079778523508,0.37439097843911195
BikeSharing,839,Coreset,6,2,20188.6751124289,0.378650675782672
BikeSharing,840,SRS,6,2,20458.356402241367,0.37074003650709864
BikeSharing,840,PCA-QS,6,2,20522.517515987605,0.36876656320847145
BikeSharing,840,Leverage,6,2,20409.41291602403,0.3722454446515653
BikeSharing,840,Coreset,6,2,20766.275398625265,0.3612690363635056
BikeSharing,841,SRS,6,2,20566.11925094542,0.36311741471373227
BikeSharing,841,PCA-QS,6,2,20381.051654663523,0.36884850708631556
BikeSharing,841,Leverage,6,2,20377.094570607707,0.36897104833451666
BikeSharing,841,Coreset,6,2,20420.693122612203,0.3676209074461677
BikeSharing,842,SRS,6,2,19861.944303384495,0.39533203726498656
BikeSharing,842,PCA-QS,6,2,20345.267154673118,0.38061797708195755
BikeSharing,842,Leverage,6,2,20211.485963594234,0.38469075057413504
BikeSharing,842,Coreset,6,2,20027.749633071122,0.39028433552034225
BikeSharing,843,SRS,6,2,20605.811385893816,0.376805716188112
BikeSharing,843,PCA-QS,6,2,20705.689215501152,0.3737850492837531
BikeSharing,843,Leverage,6,2,20724.71982059987,0.3732094949368313
BikeSharing,843,Coreset,6,2,20785.988912113804,0.3713564959507313
BikeSharing,844,SRS,6,2,20529.87708731707,0.364727543664091
BikeSharing,844,PCA-QS,6,2,20304.074068201895,0.3717147476298651
BikeSharing,844,Leverage,6,2,20530.515294854664,0.36470779509626783
BikeSharing,844,Coreset,6,2,20430.402229868414,0.36780567397954755
BikeSharing,845,SRS,6,2,20692.14374945436,0.3742263999553924
BikeSharing,845,PCA-QS,6,2,20692.044369382933,0.3742294054161035
BikeSharing,845,Leverage,6,2,21063.772880128243,0.3629875596593318
BikeSharing,845,Coreset,6,2,20726.049042371626,0.37320103315597775
BikeSharing,846,SRS,6,2,20296.52260549778,0.3771203321622336
BikeSharing,846,PCA-QS,6,2,20326.301093119815,0.37620646061688323
BikeSharing,846,Leverage,6,2,20614.955984484124,0.3673479351271993
BikeSharing,846,Coreset,6,2,20542.69998773472,0.3695653982921637
BikeSharing,847,SRS,6,2,20249.714183473196,0.3766784058135004
BikeSharing,847,PCA-QS,6,2,20124.229793588744,0.3805410346506093
BikeSharing,847,Leverage,6,2,20120.60642822785,0.3806525681691868
BikeSharing,847,Coreset,6,2,20286.67576690208,0.3755406636756211
BikeSharing,848,SRS,6,2,20099.96905242176,0.37691959578466183
BikeSharing,848,PCA-QS,6,2,20069.48863925751,0.3778644603317415
BikeSharing,848,Leverage,6,2,19963.24859371552,0.3811578032392611
BikeSharing,848,Coreset,6,2,20237.091401484508,0.3726689301016377
BikeSharing,849,SRS,6,2,20048.65499706182,0.3829785842362857
BikeSharing,849,PCA-QS,6,2,20029.32119265531,0.3835736052673102
BikeSharing,849,Leverage,6,2,20079.895054021494,0.38201713399552784
BikeSharing,849,Coreset,6,2,20262.097803568613,0.3764096257363414
BikeSharing,850,SRS,6,2,20340.57835942888,0.3593334141612903
BikeSharing,850,PCA-QS,6,2,20312.889717771446,0.36020552247619253
BikeSharing,850,Leverage,6,2,20537.52275085322,0.35313026257806956
BikeSharing,850,Coreset,6,2,20546.840955991927,0.3528367673506051
BikeSharing,851,SRS,6,2,21535.043846579756,0.3777326919680454
BikeSharing,851,PCA-QS,6,2,21316.390380582896,0.3840508079025682
BikeSharing,851,Leverage,6,2,21391.57803359799,0.3818782180173437
BikeSharing,851,Coreset,6,2,21326.227698169652,0.3837665530305291
BikeSharing,852,SRS,6,2,21676.984696787636,0.3581755365572623
BikeSharing,852,PCA-QS,6,2,21409.506259427522,0.3660951899104614
BikeSharing,852,Leverage,6,2,21184.23961601953,0.3727650125153694
BikeSharing,852,Coreset,6,2,21303.737283633865,0.3692268577640494
BikeSharing,853,SRS,6,2,20859.995369717784,0.3837459710690888
BikeSharing,853,PCA-QS,6,2,20978.862691455535,0.3802343468030809
BikeSharing,853,Leverage,6,2,20890.559215807316,0.38284304213940934
BikeSharing,853,Coreset,6,2,20928.87532694798,0.38171109280553384
BikeSharing,854,SRS,6,2,21224.589156469017,0.3663525710964387
BikeSharing,854,PCA-QS,6,2,20954.581262955347,0.3744134954444823
BikeSharing,854,Leverage,6,2,20949.2594939478,0.37457237367877894
BikeSharing,854,Coreset,6,2,21063.349236934384,0.37116629256339106
BikeSharing,855,SRS,6,2,20135.94383829281,0.39155094825674075
BikeSharing,855,PCA-QS,6,2,20168.87480200833,0.3905558713034769
BikeSharing,855,Leverage,6,2,20608.140940609108,0.3772825394129551
BikeSharing,855,Coreset,6,2,20363.39488128228,0.38467804612032463
BikeSharing,856,SRS,6,2,20510.393718112955,0.38854157035148607
BikeSharing,856,PCA-QS,6,2,20581.835499438283,0.38641173900739534
BikeSharing,856,Leverage,6,2,20739.86690321043,0.38170048698007175
BikeSharing,856,Coreset,6,2,20555.34799674611,0.3872013877593432
BikeSharing,857,SRS,6,2,20378.435392514548,0.38624309593413875
BikeSharing,857,PCA-QS,6,2,20455.80949944974,0.38391274566863964
BikeSharing,857,Leverage,6,2,20820.820055966182,0.3729193722911536
BikeSharing,857,Coreset,6,2,20332.306309673764,0.3876324098106181
BikeSharing,858,SRS,6,2,20558.028526987815,0.37583592571882574
BikeSharing,858,PCA-QS,6,2,20743.649329885622,0.37020027653894716
BikeSharing,858,Leverage,6,2,20766.971575301086,0.3694921878376989
BikeSharing,858,Coreset,6,2,20545.238340560034,0.3762242496702737
BikeSharing,859,SRS,6,2,19788.16153962194,0.3962942503397051
BikeSharing,859,PCA-QS,6,2,19754.698463304823,0.39731515627548475
BikeSharing,859,Leverage,6,2,20114.854243035854,0.38632736872575946
BikeSharing,859,Coreset,6,2,19855.44111991707,0.39424165594494165
BikeSharing,860,SRS,6,2,20364.59503497338,0.3670083038438212
BikeSharing,860,PCA-QS,6,2,20259.681309068117,0.3702693319760668
BikeSharing,860,Leverage,6,2,20341.64660335733,0.3677216088041123
BikeSharing,860,Coreset,6,2,20231.169220737276,0.37115557180172987
BikeSharing,861,SRS,6,2,20294.821998415566,0.3674280334430341
BikeSharing,861,PCA-QS,6,2,20260.222865072756,0.36850645836450113
BikeSharing,861,Leverage,6,2,21075.90304231034,0.34308241602320855
BikeSharing,861,Coreset,6,2,20301.83149248821,0.3672095536036717
BikeSharing,862,SRS,6,2,21394.332155621923,0.36513788056163743
BikeSharing,862,PCA-QS,6,2,21306.153080119333,0.36775453409195
BikeSharing,862,Leverage,6,2,22028.319219739664,0.34632474966815774
BikeSharing,862,Coreset,6,2,21582.952642699882,0.3595406970961865
BikeSharing,863,SRS,6,2,20530.12151715116,0.3803104436999456
BikeSharing,863,PCA-QS,6,2,20366.73373654868,0.38524220706928647
BikeSharing,863,Leverage,6,2,20827.160905707347,0.3713444857174638
BikeSharing,863,Coreset,6,2,20493.750413042584,0.3814082839318389
BikeSharing,864,SRS,6,2,20774.383137420788,0.3547372998923677
BikeSharing,864,PCA-QS,6,2,20664.101401811644,0.35816270559616104
BikeSharing,864,Leverage,6,2,20644.1687464304,0.3587818238124054
BikeSharing,864,Coreset,6,2,20623.106895768127,0.3594360153971905
BikeSharing,865,SRS,6,2,21324.13746074228,0.3725433446815012
BikeSharing,865,PCA-QS,6,2,21310.276881436544,0.3729511882694524
BikeSharing,865,Leverage,6,2,21114.8946017048,0.37870025605588353
BikeSharing,865,Coreset,6,2,21466.394897623803,0.36835746022525095
BikeSharing,866,SRS,6,2,20242.25003765835,0.3861780471393479
BikeSharing,866,PCA-QS,6,2,20141.717003968166,0.38922659080183164
BikeSharing,866,Leverage,6,2,20452.218883639376,0.37981099373173766
BikeSharing,866,Coreset,6,2,20283.416722736758,0.38492971679165344
BikeSharing,867,SRS,6,2,20243.382880928246,0.37585063424639575
BikeSharing,867,PCA-QS,6,2,20201.272799609527,0.3771489834749564
BikeSharing,867,Leverage,6,2,20394.322454883968,0.3711968251520502
BikeSharing,867,Coreset,6,2,20163.939008275338,0.37830006886021406
BikeSharing,868,SRS,6,2,22790.492583199048,0.3708825562570174
BikeSharing,868,PCA-QS,6,2,22175.59853579671,0.3878563259051431
BikeSharing,868,Leverage,6,2,22185.346553926654,0.3875872378972782
BikeSharing,868,Coreset,6,2,22237.76170269441,0.3861403501529349
BikeSharing,869,SRS,6,2,21262.535934891344,0.3580265053211643
BikeSharing,869,PCA-QS,6,2,21467.309458265423,0.351843838548927
BikeSharing,869,Leverage,6,2,21322.872179257072,0.35620479083847645
BikeSharing,869,Coreset,6,2,21252.822144123118,0.35831979094923583
BikeSharing,870,SRS,6,2,20943.23324567556,0.36743254993107355
BikeSharing,870,PCA-QS,6,2,20560.197825700252,0.3790017157832418
BikeSharing,870,Leverage,6,2,21370.111302326215,0.354539165198244
BikeSharing,870,Coreset,6,2,20594.640923573425,0.37796139968980347
BikeSharing,871,SRS,6,2,20781.85116699198,0.3826410758227702
BikeSharing,871,PCA-QS,6,2,20868.76300573527,0.3800592173139361
BikeSharing,871,Leverage,6,2,20968.47467439636,0.3770971188946046
BikeSharing,871,Coreset,6,2,20800.18438149307,0.3820964576609829
BikeSharing,872,SRS,6,2,20142.03868178646,0.3597974576835896
BikeSharing,872,PCA-QS,6,2,20184.69414292669,0.3584416795969182
BikeSharing,872,Leverage,6,2,20090.44219238908,0.36143742095685416
BikeSharing,872,Coreset,6,2,20128.30346684202,0.3602340232003983
BikeSharing,873,SRS,6,2,20517.9751558903,0.3762921907087664
BikeSharing,873,PCA-QS,6,2,20581.01576828134,0.37437587479786116
BikeSharing,873,Leverage,6,2,20457.114418183017,0.3781422425340004
BikeSharing,873,Coreset,6,2,20382.289774627407,0.38041677080292025
BikeSharing,874,SRS,6,2,20573.67718169088,0.3630921476409127
BikeSharing,874,PCA-QS,6,2,20690.180338221802,0.35948551113330773
BikeSharing,874,Leverage,6,2,20746.250259589608,0.35774973133638877
BikeSharing,874,Coreset,6,2,20492.483948576715,0.36560568021324513
BikeSharing,875,SRS,6,2,20723.590957902565,0.37021140824654397
BikeSharing,875,PCA-QS,6,2,20506.416033022393,0.37681134019763696
BikeSharing,875,Leverage,6,2,20697.70045942155,0.3709982188244634
BikeSharing,875,Coreset,6,2,20635.811165910778,0.3728790304600501
BikeSharing,876,SRS,6,2,21152.319543484897,0.3856248219125945
BikeSharing,876,PCA-QS,6,2,21667.575379153885,0.3706590686225629
BikeSharing,876,Leverage,6,2,21300.996362565988,0.3813064611289164
BikeSharing,876,Coreset,6,2,21632.25292168461,0.37168501951431054
BikeSharing,877,SRS,6,2,20577.792100432525,0.3779309699373742
BikeSharing,877,PCA-QS,6,2,20342.107562057397,0.3850557407326186
BikeSharing,877,Leverage,6,2,20482.305402079393,0.38081754384863287
BikeSharing,877,Coreset,6,2,20471.409739094055,0.3811469209981394
BikeSharing,878,SRS,6,2,20802.542448375207,0.3731923182917849
BikeSharing,878,PCA-QS,6,2,20612.378555866315,0.3789222039009076
BikeSharing,878,Leverage,6,2,21607.45537571008,0.34893924407204446
BikeSharing,878,Coreset,6,2,21132.69602244444,0.36324436135894456
BikeSharing,879,SRS,6,2,20941.23851751025,0.38234242228869375
BikeSharing,879,PCA-QS,6,2,20882.98163510728,0.38406069720543
BikeSharing,879,Leverage,6,2,21262.37791973862,0.3728704808310681
BikeSharing,879,Coreset,6,2,20983.020831653856,0.3811100614174142
BikeSharing,880,SRS,6,2,20506.130449583037,0.36787914942334476
BikeSharing,880,PCA-QS,6,2,20297.724871049617,0.3743034483368507
BikeSharing,880,Leverage,6,2,20455.980232744245,0.36942507725222906
BikeSharing,880,Coreset,6,2,20728.47916621451,0.3610250401009021
BikeSharing,881,SRS,6,2,21198.779501827525,0.36726337546804577
BikeSharing,881,PCA-QS,6,2,21260.45640982236,0.3654224563447135
BikeSharing,881,Leverage,6,2,21492.753616554903,0.35848889913386184
BikeSharing,881,Coreset,6,2,21262.187401418632,0.36537079007875584
BikeSharing,882,SRS,6,2,21228.773899778935,0.36292810008332277
BikeSharing,882,PCA-QS,6,2,21029.475408682483,0.3689090139586486
BikeSharing,882,Leverage,6,2,21291.776929791675,0.36103738985105904
BikeSharing,882,Coreset,6,2,21260.2519558474,0.36198344896593393
BikeSharing,883,SRS,6,2,20285.383136124776,0.3700300872788642
BikeSharing,883,PCA-QS,6,2,20274.217777389647,0.37037683153410794
BikeSharing,883,Leverage,6,2,20210.07112978419,0.3723689288843127
BikeSharing,883,Coreset,6,2,20572.676391847457,0.36110809127718735
BikeSharing,884,SRS,6,2,20555.767376916163,0.3760212657563903
BikeSharing,884,PCA-QS,6,2,20438.66859822943,0.37957584712358716
BikeSharing,884,Leverage,6,2,20369.37916571355,0.38167915621465365
BikeSharing,884,Coreset,6,2,20249.90036074415,0.38530598425404217
BikeSharing,885,SRS,6,2,20321.797575760855,0.376582131525363
BikeSharing,885,PCA-QS,6,2,20416.949059012335,0.37366314098578635
BikeSharing,885,Leverage,6,2,20395.474220555836,0.374321931034574
BikeSharing,885,Coreset,6,2,20230.904507070416,0.37937048540650287
BikeSharing,886,SRS,6,2,20660.074646316392,0.36618579232493376
BikeSharing,886,PCA-QS,6,2,20193.84641257005,0.3804888422231766
BikeSharing,886,Leverage,6,2,20458.25131084644,0.3723773719610719
BikeSharing,886,Coreset,6,2,20329.067968584903,0.37634048628287387
BikeSharing,887,SRS,6,2,20512.967476557886,0.3832170436279788
BikeSharing,887,PCA-QS,6,2,20449.760396036236,0.3851175511987309
BikeSharing,887,Leverage,6,2,20429.37929085703,0.3857303693256511
BikeSharing,887,Coreset,6,2,20341.214262128848,0.38838131132756937
BikeSharing,888,SRS,6,2,20700.876739198353,0.36968360344217455
BikeSharing,888,PCA-QS,6,2,20563.790058811835,0.37385772531565464
BikeSharing,888,Leverage,6,2,20785.206803013436,0.36711585606533215
BikeSharing,888,Coreset,6,2,20946.055323534158,0.36221821520095754
BikeSharing,889,SRS,6,2,21599.69483012747,0.37419112354060735
BikeSharing,889,PCA-QS,6,2,21532.425498741006,0.3761401207383094
BikeSharing,889,Leverage,6,2,21951.47133116073,0.36399908802307857
BikeSharing,889,Coreset,6,2,21491.679022289158,0.3773206701325741
BikeSharing,890,SRS,6,2,20639.71579317289,0.3782156288224702
BikeSharing,890,PCA-QS,6,2,20563.959354076644,0.3804978390194579
BikeSharing,890,Leverage,6,2,20388.766839522497,0.3857756232965598
BikeSharing,890,Coreset,6,2,20611.00199535986,0.37908064997374
BikeSharing,891,SRS,6,2,21064.67312408212,0.38021107666684084
BikeSharing,891,PCA-QS,6,2,21287.20445895785,0.37366350502221657
BikeSharing,891,Leverage,6,2,21762.394106105927,0.3596819313205927
BikeSharing,891,Coreset,6,2,21051.730130513035,0.38059190023821265
BikeSharing,892,SRS,6,2,21604.61961727966,0.37382156219578033
BikeSharing,892,PCA-QS,6,2,21721.02325343419,0.37044777231504233
BikeSharing,892,Leverage,6,2,21524.50498319242,0.3761435681975839
BikeSharing,892,Coreset,6,2,21508.910357800676,0.37659555570483594
BikeSharing,893,SRS,6,2,21684.214114916835,0.3676818440989482
BikeSharing,893,PCA-QS,6,2,21337.2210176673,0.3778002663853379
BikeSharing,893,Leverage,6,2,21361.40533443835,0.37709504448975273
BikeSharing,893,Coreset,6,2,21368.745126043515,0.3768810139757631
BikeSharing,894,SRS,6,2,21362.872979587642,0.3741382387005233
BikeSharing,894,PCA-QS,6,2,21284.900933696772,0.3764225626311114
BikeSharing,894,Leverage,6,2,21741.76687194479,0.36303789657693153
BikeSharing,894,Coreset,6,2,21395.47182110144,0.37318320009753947
BikeSharing,895,SRS,6,2,20251.952795271314,0.38323604991901006
BikeSharing,895,PCA-QS,6,2,20643.687110163362,0.3713059607134148
BikeSharing,895,Leverage,6,2,20413.641183272903,0.37831190409099036
BikeSharing,895,Coreset,6,2,20284.032672611916,0.3822590719422827
BikeSharing,896,SRS,6,2,19993.594155894392,0.38384208390543517
BikeSharing,896,PCA-QS,6,2,19770.2146288303,0.3907261420102869
BikeSharing,896,Leverage,6,2,19852.47989816101,0.3881909101493948
BikeSharing,896,Coreset,6,2,19905.67298588511,0.38655161799275906
BikeSharing,897,SRS,6,2,20364.952556802684,0.39430865392993486
BikeSharing,897,PCA-QS,6,2,20375.067004790657,0.39400783154404895
BikeSharing,897,Leverage,6,2,20570.571192869993,0.38819317548188426
BikeSharing,897,Coreset,6,2,21124.297493513128,0.371724331400099
BikeSharing,898,SRS,6,2,21003.74069802136,0.3784878770216278
BikeSharing,898,PCA-QS,6,2,21118.646481537286,0.3750877523256396
BikeSharing,898,Leverage,6,2,21161.464461119118,0.3738207449970804
BikeSharing,898,Coreset,6,2,21110.52227653877,0.3753281519748609
BikeSharing,899,SRS,6,2,20748.56282603243,0.37183847642285095
BikeSharing,899,PCA-QS,6,2,20876.45878698507,0.36796643370042315
BikeSharing,899,Leverage,6,2,20754.722455509742,0.3716519940014137
BikeSharing,899,Coreset,6,2,21034.20529555391,0.36319066739832273
BikeSharing,900,SRS,6,2,20073.34370934989,0.3787666888472796
BikeSharing,900,PCA-QS,6,2,20022.745762804894,0.3803326028437123
BikeSharing,900,Leverage,6,2,19835.205174867297,0.3861366413789433
BikeSharing,900,Coreset,6,2,19810.776261767038,0.38689267160454377
BikeSharing,901,SRS,6,2,20281.281769667487,0.3758642709604376
BikeSharing,901,PCA-QS,6,2,20214.765588808186,0.3779112384798001
BikeSharing,901,Leverage,6,2,20163.903198316966,0.37947647659100325
BikeSharing,901,Coreset,6,2,20467.63366591574,0.3701294817127109
BikeSharing,902,SRS,6,2,20803.137015088603,0.38374418544220334
BikeSharing,902,PCA-QS,6,2,20949.840858016323,0.3793983458624991
BikeSharing,902,Leverage,6,2,21055.180520205296,0.3762778463301246
BikeSharing,902,Coreset,6,2,20746.442931925547,0.3854236464953569
BikeSharing,903,SRS,6,2,21653.02950136434,0.36658025858241317
BikeSharing,903,PCA-QS,6,2,21485.354399447115,0.3714852867537314
BikeSharing,903,Leverage,6,2,21768.300188037178,0.3632082256509135
BikeSharing,903,Coreset,6,2,21641.48255492006,0.36691804336354217
BikeSharing,904,SRS,6,2,20505.504072237225,0.3815436811664439
BikeSharing,904,PCA-QS,6,2,20476.491037595813,0.38241872888725614
BikeSharing,904,Leverage,6,2,20681.37626246315,0.37623928743054036
BikeSharing,904,Coreset,6,2,20654.23514707548,0.3770578771249249
BikeSharing,905,SRS,6,2,21186.970078945993,0.3706029320882749
BikeSharing,905,PCA-QS,6,2,21138.50195563642,0.3720427648998832
BikeSharing,905,Leverage,6,2,21132.334109786418,0.3722259918586629
BikeSharing,905,Coreset,6,2,20994.95209344942,0.3763071718454244
BikeSharing,906,SRS,6,2,20284.685068274513,0.37076273968520135
BikeSharing,906,PCA-QS,6,2,20216.287525277414,0.37288445281128146
BikeSharing,906,Leverage,6,2,20364.878890432854,0.36827510229870786
BikeSharing,906,Coreset,6,2,20441.240183769685,0.3659063511521342
BikeSharing,907,SRS,6,2,21155.027762113426,0.37715978214463197
BikeSharing,907,PCA-QS,6,2,21066.89427014686,0.3797545829623894
BikeSharing,907,Leverage,6,2,21274.392967793883,0.37364546623134764
BikeSharing,907,Coreset,6,2,21442.460189146685,0.3686972796376531
BikeSharing,908,SRS,6,2,20289.18737151195,0.36977125885639517
BikeSharing,908,PCA-QS,6,2,20194.49385126247,0.3727126569995797
BikeSharing,908,Leverage,6,2,20143.12841509206,0.3743081853755176
BikeSharing,908,Coreset,6,2,20626.697813020437,0.3592874096622486
BikeSharing,909,SRS,6,2,20614.141413438017,0.36960628317095257
BikeSharing,909,PCA-QS,6,2,20755.025075101243,0.365297970089406
BikeSharing,909,Leverage,6,2,20404.0582841319,0.3760307605270664
BikeSharing,909,Coreset,6,2,20987.49699213648,0.3581888291895243
BikeSharing,910,SRS,6,2,20381.335376404804,0.3568118452444283
BikeSharing,910,PCA-QS,6,2,20260.92063918856,0.36061185791313466
BikeSharing,910,Leverage,6,2,20265.17942715478,0.36047746034188133
BikeSharing,910,Coreset,6,2,20231.67369969307,0.36153482418099414
BikeSharing,911,SRS,6,2,21086.12679732232,0.3576331881943925
BikeSharing,911,PCA-QS,6,2,20933.270318286835,0.36228980104916864
BikeSharing,911,Leverage,6,2,20972.735769534876,0.3610875273296589
BikeSharing,911,Coreset,6,2,20824.46393773704,0.3656044736986168
BikeSharing,912,SRS,6,2,20474.17547912539,0.3866652131326179
BikeSharing,912,PCA-QS,6,2,20422.73074294854,0.38820631774660563
BikeSharing,912,Leverage,6,2,20614.82778644761,0.38245176126385594
BikeSharing,912,Coreset,6,2,20625.702901287776,0.38212598080693594
BikeSharing,913,SRS,6,2,20341.327091145467,0.3729970460561416
BikeSharing,913,PCA-QS,6,2,20536.834154529093,0.3669707181912413
BikeSharing,913,Leverage,6,2,20409.696768206697,0.37088961278566246
BikeSharing,913,Coreset,6,2,20414.696052271713,0.3707355143897061
BikeSharing,914,SRS,6,2,21335.420581614082,0.3751968702032791
BikeSharing,914,PCA-QS,6,2,21497.29499189896,0.37045641346875624
BikeSharing,914,Leverage,6,2,21741.312116048306,0.36331042530745916
BikeSharing,914,Coreset,6,2,21290.003301639397,0.3765269053233503
BikeSharing,915,SRS,6,2,19925.437903242015,0.37516292189199274
BikeSharing,915,PCA-QS,6,2,19778.44313686598,0.37977249588306816
BikeSharing,915,Leverage,6,2,19944.049769804235,0.37457927678580516
BikeSharing,915,Coreset,6,2,19930.00482787058,0.3750197087864786
BikeSharing,916,SRS,6,2,20899.149136517335,0.3764040771754472
BikeSharing,916,PCA-QS,6,2,21050.24753250794,0.37189555182498535
BikeSharing,916,Leverage,6,2,20998.663706435214,0.37343472757862584
BikeSharing,916,Coreset,6,2,21142.482949162633,0.3691434000799466
BikeSharing,917,SRS,6,2,20366.384977883565,0.3704030114787178
BikeSharing,917,PCA-QS,6,2,20615.447007304203,0.36270362330312766
BikeSharing,917,Leverage,6,2,20429.133603477276,0.3684632295414446
BikeSharing,917,Coreset,6,2,20454.134327346168,0.3676903687477495
BikeSharing,918,SRS,6,2,20770.922358432075,0.3822991502418456
BikeSharing,918,PCA-QS,6,2,20951.3111284861,0.37693461733250333
BikeSharing,918,Leverage,6,2,20923.653590461035,0.37775711738548556
BikeSharing,918,Coreset,6,2,20913.22084786587,0.37806737389962286
BikeSharing,919,SRS,6,2,19931.215413394282,0.3850375652080029
BikeSharing,919,PCA-QS,6,2,20406.125676365977,0.37038457162144456
BikeSharing,919,Leverage,6,2,20452.50955470276,0.3689534324678375
BikeSharing,919,Coreset,6,2,20248.91828236401,0.37523508574100917
BikeSharing,920,SRS,6,2,20810.474759408407,0.38098108999590574
BikeSharing,920,PCA-QS,6,2,20870.58903817218,0.37919295802168396
BikeSharing,920,Leverage,6,2,20970.201285217274,0.37622993746103894
BikeSharing,920,Coreset,6,2,20885.59392297105,0.37874662954814764
BikeSharing,921,SRS,6,2,20910.152368560157,0.38529767902443823
BikeSharing,921,PCA-QS,6,2,20873.688185905532,0.3863696280621687
BikeSharing,921,Leverage,6,2,20863.68305353308,0.3866637520830084
BikeSharing,921,Coreset,6,2,20837.903238116407,0.3874216094190831
BikeSharing,922,SRS,6,2,20730.20714931005,0.38241038160554486
BikeSharing,922,PCA-QS,6,2,20819.879093433654,0.3797388954330668
BikeSharing,922,Leverage,6,2,21139.609640998417,0.37021355565052905
BikeSharing,922,Coreset,6,2,20769.364610302124,0.3812438114300898
BikeSharing,923,SRS,6,2,20978.21131652046,0.3634292387215856
BikeSharing,923,PCA-QS,6,2,20702.48308225061,0.3717960403209617
BikeSharing,923,Leverage,6,2,20612.711237082254,0.37452011107027217
BikeSharing,923,Coreset,6,2,20739.05103826405,0.3706864084630951
BikeSharing,924,SRS,6,2,20457.352813473113,0.3744958877726031
BikeSharing,924,PCA-QS,6,2,20475.137928787073,0.3739520900062572
BikeSharing,924,Leverage,6,2,20528.50714768019,0.3723202725277991
BikeSharing,924,Coreset,6,2,20474.173629086097,0.3739815744382792
BikeSharing,925,SRS,6,2,19739.34897145619,0.392283294756945
BikeSharing,925,PCA-QS,6,2,20046.483106936437,0.3828275348353979
BikeSharing,925,Leverage,6,2,19915.088033013733,0.38687280408540925
BikeSharing,925,Coreset,6,2,19863.03174588966,0.38847546460597515
BikeSharing,926,SRS,6,2,19892.024395771572,0.37425479715674603
BikeSharing,926,PCA-QS,6,2,19682.53240261914,0.3808448056516618
BikeSharing,926,Leverage,6,2,20102.87146189918,0.3676221620092157
BikeSharing,926,Coreset,6,2,20053.81989408503,0.3691651815954058
BikeSharing,927,SRS,6,2,20399.340220743186,0.38320852715503484
BikeSharing,927,PCA-QS,6,2,20475.674217373715,0.38090050357680116
BikeSharing,927,Leverage,6,2,20534.283633987754,0.37912839781236085
BikeSharing,927,Coreset,6,2,20644.593684785807,0.3757930792204316
BikeSharing,928,SRS,6,2,20551.13428301736,0.37718038298195966
BikeSharing,928,PCA-QS,6,2,20430.89025060314,0.38082448073274977
BikeSharing,928,Leverage,6,2,20352.693375846127,0.3831943035813318
BikeSharing,928,Coreset,6,2,20327.427193637148,0.38396001673906766
BikeSharing,929,SRS,6,2,20320.643999409658,0.38054556907794046
BikeSharing,929,PCA-QS,6,2,20282.22543996284,0.38171672029143866
BikeSharing,929,Leverage,6,2,20287.733188671427,0.3815488221016944
BikeSharing,929,Coreset,6,2,19986.743182752667,0.3907242002459623
BikeSharing,930,SRS,6,2,20283.679669993686,0.3762343423020178
BikeSharing,930,PCA-QS,6,2,20186.777922053723,0.3792142741250031
BikeSharing,930,Leverage,6,2,20405.085687394436,0.3725008528403152
BikeSharing,930,Coreset,6,2,20250.234309461182,0.3772628572287431
BikeSharing,931,SRS,6,2,20180.58076209957,0.37574730090117703
BikeSharing,931,PCA-QS,6,2,20445.55405872665,0.36755079270557434
BikeSharing,931,Leverage,6,2,20355.848248916664,0.37032569272252047
BikeSharing,931,Coreset,6,2,20231.57349256196,0.37416992560158446
BikeSharing,932,SRS,6,2,19847.635828881586,0.3866449603069372
BikeSharing,932,PCA-QS,6,2,19980.416764717433,0.38254160729944375
BikeSharing,932,Leverage,6,2,19950.64262537852,0.3834617228524242
BikeSharing,932,Coreset,6,2,20091.335856302067,0.3791138547747519
BikeSharing,933,SRS,6,2,20171.962845054288,0.38045499269344873
BikeSharing,933,PCA-QS,6,2,20373.105833828024,0.37427725305518444
BikeSharing,933,Leverage,6,2,20208.335790072455,0.37933786409966064
BikeSharing,933,Coreset,6,2,20178.666019780827,0.38024911692088115
BikeSharing,934,SRS,6,2,20106.990639772495,0.3488440059737299
BikeSharing,934,PCA-QS,6,2,19800.633603789207,0.35876524301345114
BikeSharing,934,Leverage,6,2,19747.57974351518,0.3604833688007747
BikeSharing,934,Coreset,6,2,19482.864726878557,0.36905604747158205
BikeSharing,935,SRS,6,2,20089.90646619224,0.3768077040166208
BikeSharing,935,PCA-QS,6,2,20256.86618199801,0.37162858539778465
BikeSharing,935,Leverage,6,2,20210.398361114978,0.37307002505974496
BikeSharing,935,Coreset,6,2,20296.296930011482,0.3704054369262769
BikeSharing,936,SRS,6,2,20112.16864179018,0.37134655990942833
BikeSharing,936,PCA-QS,6,2,20327.856802289043,0.36460471587960674
BikeSharing,936,Leverage,6,2,19880.851823931618,0.37857691462092535
BikeSharing,936,Coreset,6,2,20130.719771023552,0.37076670045131443
BikeSharing,937,SRS,6,2,20853.51750250697,0.3747344449239335
BikeSharing,937,PCA-QS,6,2,20556.708256585665,0.3836338834901314
BikeSharing,937,Leverage,6,2,20621.212874422712,0.38169979655865804
BikeSharing,937,Coreset,6,2,20578.74669050682,0.38297308975990996
BikeSharing,938,SRS,6,2,19856.99538270573,0.38660888095962676
BikeSharing,938,PCA-QS,6,2,20179.504679813814,0.3766464302040433
BikeSharing,938,Leverage,6,2,20063.007736678115,0.3802450708310652
BikeSharing,938,Coreset,6,2,20430.58194605433,0.36889054557312884
BikeSharing,939,SRS,6,2,19324.42867957428,0.3817563584503757
BikeSharing,939,PCA-QS,6,2,19393.75008298536,0.3795385688539621
BikeSharing,939,Leverage,6,2,19404.237100061193,0.3792030592389839
BikeSharing,939,Coreset,6,2,19511.261682371052,0.37577903731317597
BikeSharing,940,SRS,6,2,20690.134620784753,0.36635644535233103
BikeSharing,940,PCA-QS,6,2,20688.335859423387,0.3664115331303406
BikeSharing,940,Leverage,6,2,20717.54730686527,0.36551692100080513
BikeSharing,940,Coreset,6,2,20621.936531508283,0.36844503880526636
BikeSharing,941,SRS,6,2,20329.960447479614,0.36946013153868396
BikeSharing,941,PCA-QS,6,2,20366.506655343368,0.36832663985488545
BikeSharing,941,Leverage,6,2,20431.5825302562,0.3663082919238334
BikeSharing,941,Coreset,6,2,20659.902201488174,0.3592268883058747
BikeSharing,942,SRS,6,2,19758.143812340717,0.38262520350325013
BikeSharing,942,PCA-QS,6,2,19789.97791896132,0.38163049593946197
BikeSharing,942,Leverage,6,2,19998.85405144597,0.37510382718907065
BikeSharing,942,Coreset,6,2,19690.340980001245,0.38474381141576763
BikeSharing,943,SRS,6,2,19955.529823236782,0.362247558810189
BikeSharing,943,PCA-QS,6,2,19853.592241286384,0.3655053496237485
BikeSharing,943,Leverage,6,2,19720.919913293605,0.3697453824269469
BikeSharing,943,Coreset,6,2,20000.282232198315,0.3608173307823114
BikeSharing,944,SRS,6,2,21087.20880581191,0.369434707509387
BikeSharing,944,PCA-QS,6,2,21229.424935291834,0.3651820557664178
BikeSharing,944,Leverage,6,2,20977.582300333914,0.37271284024511464
BikeSharing,944,Coreset,6,2,20968.747315898996,0.37297703047510944
BikeSharing,945,SRS,6,2,19836.90939243133,0.3934768016789266
BikeSharing,945,PCA-QS,6,2,19824.382816171375,0.393859807869402
BikeSharing,945,Leverage,6,2,20075.284356711003,0.3861883706600431
BikeSharing,945,Coreset,6,2,19842.459009350863,0.393307119429696
BikeSharing,946,SRS,6,2,20724.105294933146,0.3472220086385409
BikeSharing,946,PCA-QS,6,2,21006.10269893902,0.3383395166642744
BikeSharing,946,Leverage,6,2,20743.3741025046,0.34661507032572025
BikeSharing,946,Coreset,6,2,20450.04881878174,0.35585437338846604
BikeSharing,947,SRS,6,2,20044.135918803975,0.3736710769995869
BikeSharing,947,PCA-QS,6,2,19885.400767929717,0.37863115193083463
BikeSharing,947,Leverage,6,2,19938.625675660587,0.37696800719509194
BikeSharing,947,Coreset,6,2,20076.82091427852,0.3726497529526551
BikeSharing,948,SRS,6,2,20299.5529508979,0.37912426874586425
BikeSharing,948,PCA-QS,6,2,20168.839468559097,0.3831222301358608
BikeSharing,948,Leverage,6,2,21013.256637777038,0.35729515262878964
BikeSharing,948,Coreset,6,2,20227.942487932905,0.3813145238054897
BikeSharing,949,SRS,6,2,22179.341098507084,0.3545124717240551
BikeSharing,949,PCA-QS,6,2,21544.571280094486,0.3729862396908996
BikeSharing,949,Leverage,6,2,21707.690312872408,0.36823897056261745
BikeSharing,949,Coreset,6,2,21612.581126362005,0.37100694249849553
BikeSharing,950,SRS,6,2,20567.58442393799,0.3752716525722265
BikeSharing,950,PCA-QS,6,2,20615.47700909888,0.37381694330910165
BikeSharing,950,Leverage,6,2,20892.001287242223,0.3654176800924116
BikeSharing,950,Coreset,6,2,20726.745399243577,0.3704372310364664
BikeSharing,951,SRS,6,2,21735.24039685503,0.3579191730638448
BikeSharing,951,PCA-QS,6,2,21549.07291546518,0.3634187474056456
BikeSharing,951,Leverage,6,2,21632.800261353783,0.3609453575326216
BikeSharing,951,Coreset,6,2,21669.41396964066,0.3598637518238833
BikeSharing,952,SRS,6,2,20906.13922770015,0.3697297338812141
BikeSharing,952,PCA-QS,6,2,20799.31302377098,0.3729502893001547
BikeSharing,952,Leverage,6,2,21047.813142478954,0.3654586030426987
BikeSharing,952,Coreset,6,2,21366.086243334776,0.3558634276834405
BikeSharing,953,SRS,6,2,20340.527714553355,0.38426295000885746
BikeSharing,953,PCA-QS,6,2,20459.72663567571,0.38065462710376907
BikeSharing,953,Leverage,6,2,20408.99629606928,0.38219030749970906
BikeSharing,953,Coreset,6,2,20249.78901325249,0.38700974109722464
BikeSharing,954,SRS,6,2,20995.812136042732,0.36804655404875963
BikeSharing,954,PCA-QS,6,2,20909.991202956142,0.370629680343061
BikeSharing,954,Leverage,6,2,21598.48730002247,0.34990662003723316
BikeSharing,954,Coreset,6,2,21155.625465142715,0.3632363288772218
BikeSharing,955,SRS,6,2,20831.807174067315,0.3645106505687683
BikeSharing,955,PCA-QS,6,2,20850.53389809093,0.3639393783038465
BikeSharing,955,Leverage,6,2,20729.578034519207,0.3676292244323559
BikeSharing,955,Coreset,6,2,21020.096895472318,0.3587667363917396
BikeSharing,956,SRS,6,2,20227.169402685442,0.37130131305110314
BikeSharing,956,PCA-QS,6,2,20459.805822087084,0.36407053307875137
BikeSharing,956,Leverage,6,2,19842.741149171827,0.3832500703585878
BikeSharing,956,Coreset,6,2,19909.376833490547,0.38117890724124337
BikeSharing,957,SRS,6,2,20693.84510816503,0.3808079434142929
BikeSharing,957,PCA-QS,6,2,20636.32860141082,0.3825289268235441
BikeSharing,957,Leverage,6,2,20763.94764985804,0.37871036624891374
BikeSharing,957,Coreset,6,2,20616.52941676651,0.3831213492464699
BikeSharing,958,SRS,6,2,20329.670640942462,0.37650688410901956
BikeSharing,958,PCA-QS,6,2,20403.67129330297,0.3742373491946025
BikeSharing,958,Leverage,6,2,20453.321875161284,0.37271460952334123
BikeSharing,958,Coreset,6,2,20468.957738035293,0.37223507136282985
BikeSharing,959,SRS,6,2,20419.601751890794,0.38273322108505214
BikeSharing,959,PCA-QS,6,2,20567.07708513041,0.37827517018747303
BikeSharing,959,Leverage,6,2,20387.01508499788,0.3837182876477093
BikeSharing,959,Coreset,6,2,20531.694181915074,0.3793447645391047
BikeSharing,960,SRS,6,2,21323.025052360605,0.36910713055577793
BikeSharing,960,PCA-QS,6,2,21028.015875081564,0.3778356850600718
BikeSharing,960,Leverage,6,2,21216.644653394884,0.37225464996220825
BikeSharing,960,Coreset,6,2,21183.20819386458,0.3732439478617947
BikeSharing,961,SRS,6,2,20638.406721894036,0.3836470632074268
BikeSharing,961,PCA-QS,6,2,20973.49720494748,0.3736397983005805
BikeSharing,961,Leverage,6,2,20817.669491967536,0.3782934941901459
BikeSharing,961,Coreset,6,2,20839.05185956062,0.37765492333343365
BikeSharing,962,SRS,6,2,20557.552798760586,0.37530811777022044
BikeSharing,962,PCA-QS,6,2,20619.580455324158,0.37342325462973336
BikeSharing,962,Leverage,6,2,21013.101299445105,0.3614651544017049
BikeSharing,962,Coreset,6,2,20895.017396578918,0.3650534246722288
BikeSharing,963,SRS,6,2,20901.587339469133,0.3662108122099412
BikeSharing,963,PCA-QS,6,2,20659.82761923049,0.37354158064593757
BikeSharing,963,Leverage,6,2,20674.465471335963,0.3730977238112273
BikeSharing,963,Coreset,6,2,20652.911192928237,0.37375130424909364
BikeSharing,964,SRS,6,2,20336.929559537846,0.38025964293120984
BikeSharing,964,PCA-QS,6,2,20367.427559868782,0.37933025771798756
BikeSharing,964,Leverage,6,2,20470.61595991398,0.3761857311215735
BikeSharing,964,Coreset,6,2,20445.60071292968,0.3769480368596557
BikeSharing,965,SRS,6,2,20644.02875075173,0.3841765622265766
BikeSharing,965,PCA-QS,6,2,20727.799318963564,0.3816776372384699
BikeSharing,965,Leverage,6,2,21019.495872515603,0.37297615863834277
BikeSharing,965,Coreset,6,2,20907.83473476396,0.3763070756093534
BikeSharing,966,SRS,6,2,21420.24404033851,0.36462142529885366
BikeSharing,966,PCA-QS,6,2,21388.42691539416,0.36556520163773
BikeSharing,966,Leverage,6,2,21858.259725435408,0.3516287730597144
BikeSharing,966,Coreset,6,2,21581.152882236936,0.3598484623751026
BikeSharing,967,SRS,6,2,20783.30123191101,0.3738031578824692
BikeSharing,967,PCA-QS,6,2,20665.517628389047,0.37735195505168073
BikeSharing,967,Leverage,6,2,20897.435871140933,0.37036430330087533
BikeSharing,967,Coreset,6,2,20738.738644023324,0.37514582002745156
BikeSharing,968,SRS,6,2,20973.36410589269,0.36758780212433106
BikeSharing,968,PCA-QS,6,2,20995.070182815838,0.3669332963547789
BikeSharing,968,Leverage,6,2,21101.96385003087,0.36371011963018973
BikeSharing,968,Coreset,6,2,20853.510229809664,0.37120176947906214
BikeSharing,969,SRS,6,2,20828.36734749628,0.38631670794654493
BikeSharing,969,PCA-QS,6,2,21050.14404883751,0.3797823188650983
BikeSharing,969,Leverage,6,2,21194.390344584375,0.3755322717940255
BikeSharing,969,Coreset,6,2,20979.118881355964,0.38187499170265327
BikeSharing,970,SRS,6,2,20631.538509833004,0.37133778392863603
BikeSharing,970,PCA-QS,6,2,20445.303051391016,0.3770125520007993
BikeSharing,970,Leverage,6,2,20865.206623533086,0.3642176986226422
BikeSharing,970,Coreset,6,2,20624.944215318363,0.3715387182312828
BikeSharing,971,SRS,6,2,20798.3303096064,0.36912308102544966
BikeSharing,971,PCA-QS,6,2,21083.448821864087,0.3604745652129734
BikeSharing,971,Leverage,6,2,20826.993999305858,0.3682536237192695
BikeSharing,971,Coreset,6,2,20897.002368750025,0.36613005592512937
BikeSharing,972,SRS,6,2,20136.832636924377,0.38237600948300676
BikeSharing,972,PCA-QS,6,2,20095.247691315013,0.38365147621185025
BikeSharing,972,Leverage,6,2,20303.044896828975,0.37727805385681334
BikeSharing,972,Coreset,6,2,20385.8607135955,0.3747379803431926
BikeSharing,973,SRS,6,2,20582.450060301995,0.3834198464986438
BikeSharing,973,PCA-QS,6,2,20164.282044511107,0.39594673705882033
BikeSharing,973,Leverage,6,2,20408.03038496025,0.3886448663520039
BikeSharing,973,Coreset,6,2,20483.391358183617,0.3863873080777488
BikeSharing,974,SRS,6,2,20488.62686496393,0.3652457604668713
BikeSharing,974,PCA-QS,6,2,20350.24147204144,0.3695330519201223
BikeSharing,974,Leverage,6,2,20370.65772688671,0.36890053982432225
BikeSharing,974,Coreset,6,2,20373.273670526723,0.368819495773551
BikeSharing,975,SRS,6,2,20648.88246879138,0.3653935061866491
BikeSharing,975,PCA-QS,6,2,20577.064694516073,0.3676006971082506
BikeSharing,975,Leverage,6,2,20725.47208113169,0.3630396613515464
BikeSharing,975,Coreset,6,2,20659.82699348512,0.3650571457829883
BikeSharing,976,SRS,6,2,21011.8423557777,0.36340225078642596
BikeSharing,976,PCA-QS,6,2,21011.83652800679,0.3634024273509453
BikeSharing,976,Leverage,6,2,21176.149261245166,0.3584242291341707
BikeSharing,976,Coreset,6,2,21275.364548074594,0.3554182943278006
BikeSharing,977,SRS,6,2,20301.637760130237,0.3807979313792462
BikeSharing,977,PCA-QS,6,2,20224.63336268292,0.3831465735309604
BikeSharing,977,Leverage,6,2,20487.25734220619,0.3751365147705985
BikeSharing,977,Coreset,6,2,20001.67886263326,0.38994670903087425
BikeSharing,978,SRS,6,2,20166.233353970223,0.375976998657504
BikeSharing,978,PCA-QS,6,2,20087.54983930578,0.3784117777317736
BikeSharing,978,Leverage,6,2,20368.3169843672,0.3697237320534218
BikeSharing,978,Coreset,6,2,20281.06383144708,0.37242368962140704
BikeSharing,979,SRS,6,2,20762.031870101913,0.3692791893501245
BikeSharing,979,PCA-QS,6,2,20678.311013519677,0.3718225091399322
BikeSharing,979,Leverage,6,2,20814.931860923538,0.36767216334693087
BikeSharing,979,Coreset,6,2,20590.782209416837,0.3744815089249416
BikeSharing,980,SRS,6,2,21277.18923936137,0.3846878615193732
BikeSharing,980,PCA-QS,6,2,21336.158855966343,0.3829825272061612
BikeSharing,980,Leverage,6,2,21636.42923538447,0.374299048989012
BikeSharing,980,Coreset,6,2,21288.191548965147,0.3843696872260318
BikeSharing,981,SRS,6,2,21051.2494242579,0.374740175954441
BikeSharing,981,PCA-QS,6,2,21087.12042537035,0.37367474295367753
BikeSharing,981,Leverage,6,2,21028.18138488959,0.37542533805317535
BikeSharing,981,Coreset,6,2,21144.9981154849,0.37195567186160794
BikeSharing,982,SRS,6,2,21000.311389436127,0.3710355672213921
BikeSharing,982,PCA-QS,6,2,20690.011882378752,0.3803291129135764
BikeSharing,982,Leverage,6,2,20767.31341337203,0.3780139132628435
BikeSharing,982,Coreset,6,2,20688.781186335793,0.3803659725593326
BikeSharing,983,SRS,6,2,20609.252619210696,0.37270147858438285
BikeSharing,983,PCA-QS,6,2,20848.517227061257,0.36541881106096963
BikeSharing,983,Leverage,6,2,20617.74179533836,0.3724430874757234
BikeSharing,983,Coreset,6,2,20667.169078286362,0.37093863401087657
BikeSharing,984,SRS,6,2,20477.649596423424,0.3742496872014932
BikeSharing,984,PCA-QS,6,2,20393.666603579302,0.376816016105331
BikeSharing,984,Leverage,6,2,20785.259507009832,0.3648498292313196
BikeSharing,984,Coreset,6,2,20447.805405182255,0.3751616576850414
BikeSharing,985,SRS,6,2,20897.37976587257,0.37206938788604893
BikeSharing,985,PCA-QS,6,2,20910.507802196404,0.37167491279026965
BikeSharing,985,Leverage,6,2,21120.59565753238,0.36536213113645366
BikeSharing,985,Coreset,6,2,20925.22229271784,0.3712327674522612
BikeSharing,986,SRS,6,2,21686.318798898592,0.3645024262698312
BikeSharing,986,PCA-QS,6,2,21687.516411803732,0.36446733132805975
BikeSharing,986,Leverage,6,2,21805.68626684551,0.3610044726998397
BikeSharing,986,Coreset,6,2,21980.5483911758,0.35588029940055
BikeSharing,987,SRS,6,2,21000.466715852657,0.3657687689832261
BikeSharing,987,PCA-QS,6,2,20704.635181909234,0.37470312270427386
BikeSharing,987,Leverage,6,2,21039.87969450588,0.36457846486725143
BikeSharing,987,Coreset,6,2,20750.11121209578,0.37332970948459543
BikeSharing,988,SRS,6,2,20533.808089891474,0.37448944990434296
BikeSharing,988,PCA-QS,6,2,20573.444868175266,0.3732820156632234
BikeSharing,988,Leverage,6,2,20573.790736758147,0.3732714796512673
BikeSharing,988,Coreset,6,2,20730.759150216873,0.3684898337811793
BikeSharing,989,SRS,6,2,21068.883037196916,0.3776737310528867
BikeSharing,989,PCA-QS,6,2,21358.17999518744,0.3691285653615618
BikeSharing,989,Leverage,6,2,21509.06282147775,0.36467183425874694
BikeSharing,989,Coreset,6,2,21175.43972189249,0.3745262920595194
BikeSharing,990,SRS,6,2,20631.279107879207,0.3755892742378171
BikeSharing,990,PCA-QS,6,2,20445.320441056137,0.38121735892929975
BikeSharing,990,Leverage,6,2,20616.970788272316,0.37602231904242955
BikeSharing,990,Coreset,6,2,20608.950222608564,0.37626506343074106
BikeSharing,991,SRS,6,2,20255.181414272876,0.3922773123734422
BikeSharing,991,PCA-QS,6,2,20289.59795866942,0.3912447017820233
BikeSharing,991,Leverage,6,2,20779.502898117586,0.3765459271626477
BikeSharing,991,Coreset,6,2,20549.035083391038,0.3834607267347878
BikeSharing,992,SRS,6,2,20416.047134058066,0.3791797384010017
BikeSharing,992,PCA-QS,6,2,20421.828615932027,0.3790039325231128
BikeSharing,992,Leverage,6,2,20512.25817650133,0.3762541101368163
BikeSharing,992,Coreset,6,2,20403.154757465963,0.379571775535124
BikeSharing,993,SRS,6,2,20487.59028897636,0.3927554396106526
BikeSharing,993,PCA-QS,6,2,20787.123133051005,0.38387739745651284
BikeSharing,993,Leverage,6,2,20998.84750004983,0.37760196592218087
BikeSharing,993,Coreset,6,2,20493.433457153027,0.39258225027795546
BikeSharing,994,SRS,6,2,19893.48211554033,0.3858008628085877
BikeSharing,994,PCA-QS,6,2,20391.608152029447,0.3704215249909417
BikeSharing,994,Leverage,6,2,19758.27266114598,0.3899753723161141
BikeSharing,994,Coreset,6,2,20035.723788965497,0.38140923782393243
BikeSharing,995,SRS,6,2,20323.216542961098,0.3765671606644715
BikeSharing,995,PCA-QS,6,2,20377.32592566284,0.3749073069685208
BikeSharing,995,Leverage,6,2,20494.91072073858,0.3713002882418448
BikeSharing,995,Coreset,6,2,20748.662091443755,0.36351623805522204
BikeSharing,996,SRS,6,2,20623.817795267398,0.37018482816888076
BikeSharing,996,PCA-QS,6,2,20732.02069004985,0.36688050180959386
BikeSharing,996,Leverage,6,2,20686.07967307219,0.3682834597773723
BikeSharing,996,Coreset,6,2,20746.112321394186,0.36645016813885367
BikeSharing,997,SRS,6,2,20464.810634224377,0.3674858422631532
BikeSharing,997,PCA-QS,6,2,20290.752436877145,0.37286552918330296
BikeSharing,997,Leverage,6,2,20489.167186195275,0.36673304448600297
BikeSharing,997,Coreset,6,2,20422.279337264197,0.3688003742153442
BikeSharing,998,SRS,6,2,20488.865821148782,0.36880280487382167
BikeSharing,998,PCA-QS,6,2,20271.512857456866,0.37549876267999205
BikeSharing,998,Leverage,6,2,20205.283528070344,0.3775390789819667
BikeSharing,998,Coreset,6,2,20486.763214622042,0.36886757953503113
BikeSharing,999,SRS,6,2,20046.62293705608,0.3814101337464584
BikeSharing,999,PCA-QS,6,2,20086.60981816984,0.38017623617090546
BikeSharing,999,Leverage,6,2,20035.07492645748,0.38176647717418255
BikeSharing,999,Coreset,6,2,20185.449929821392,0.3771262715140655
Appliances,0,SRS,9,2,8444.490611684814,0.13401991051654039
Appliances,0,PCA-QS,9,2,8372.247345852413,0.14142843670088523
Appliances,0,Leverage,9,2,8656.81595074853,0.1122460079122104
Appliances,0,Coreset,9,2,8767.999890779864,0.10084412676093901
Appliances,1,SRS,9,2,9148.51846481916,0.11819267466507033
Appliances,1,PCA-QS,9,2,9191.928363358604,0.11400848170843703
Appliances,1,Leverage,9,2,9119.728161179555,0.12096771422427877
Appliances,1,Coreset,9,2,9388.61175574298,0.09505056444093363
Appliances,2,SRS,9,2,9081.145055897594,0.1418656380472164
Appliances,2,PCA-QS,9,2,9155.008236646414,0.13488584275779658
Appliances,2,Leverage,9,2,9213.540662465664,0.12935474667081892
Appliances,2,Coreset,9,2,9171.138577809732,0.13336158563635836
Appliances,3,SRS,9,2,8327.220327644432,0.1332249082981819
Appliances,3,PCA-QS,9,2,8308.375977644946,0.13518640475872845
Appliances,3,Leverage,9,2,8469.734370559514,0.11839071180089067
Appliances,3,Coreset,9,2,8377.381720738706,0.12800364064961978
Appliances,4,SRS,9,2,8499.749255771865,0.12601066665295924
Appliances,4,PCA-QS,9,2,8430.51627076711,0.1331295696451673
Appliances,4,Leverage,9,2,8534.522623044135,0.122435084460357
Appliances,4,Coreset,9,2,8403.667524570565,0.13589030023655357
Appliances,5,SRS,9,2,8801.497787091275,0.12853789009017025
Appliances,5,PCA-QS,9,2,8901.130647685215,0.11867294834844855
Appliances,5,Leverage,9,2,8774.816625567339,0.1311796701461282
Appliances,5,Coreset,9,2,9140.69888841397,0.09495259420155955
Appliances,6,SRS,9,2,10108.160124903116,0.10820630066922443
Appliances,6,PCA-QS,9,2,9937.563318243863,0.12325722540970774
Appliances,6,Leverage,9,2,10249.05262615671,0.0957760420120276
Appliances,6,Coreset,9,2,9977.018889938969,0.11977625263064562
Appliances,7,SRS,9,2,9193.609610068404,0.12131648939050843
Appliances,7,PCA-QS,9,2,8918.027553770002,0.1476553724799179
Appliances,7,Leverage,9,2,9099.625677289328,0.13029904743873832
Appliances,7,Coreset,9,2,9017.828125376756,0.13811688647283082
Appliances,8,SRS,9,2,9632.884846928564,0.12258031821638316
Appliances,8,PCA-QS,9,2,9517.687005915197,0.13307321360652546
Appliances,8,Leverage,9,2,9688.763058916602,0.1174906027510505
Appliances,8,Coreset,9,2,9730.79487821639,0.11366209798837135
Appliances,9,SRS,9,2,9023.837997359746,0.13866112615385717
Appliances,9,PCA-QS,9,2,8757.812789830261,0.1640536312869474
Appliances,9,Leverage,9,2,8937.667686517041,0.14688621159111148
Appliances,9,Coreset,9,2,8908.70249028935,0.14965098302282298
Appliances,10,SRS,9,2,9565.885603450184,0.1368778980962161
Appliances,10,PCA-QS,9,2,9643.533174302349,0.12987182073548842
Appliances,10,Leverage,9,2,9479.800696119226,0.14464526948636647
Appliances,10,Coreset,9,2,9415.775149305453,0.15042224266295456
Appliances,11,SRS,9,2,8893.158678759772,0.11940878195233628
Appliances,11,PCA-QS,9,2,8874.695625313172,0.12123697408414336
Appliances,11,Leverage,9,2,8872.776110451676,0.12142704242667535
Appliances,11,Coreset,9,2,9066.190895289148,0.10227531387658839
Appliances,12,SRS,9,2,8269.301374207269,0.12177962785663055
Appliances,12,PCA-QS,9,2,8524.295931953777,0.09469857163860862
Appliances,12,Leverage,9,2,8645.929884856423,0.08178074333008722
Appliances,12,Coreset,9,2,8157.595245077474,0.1336430965894373
Appliances,13,SRS,9,2,9446.36008914224,0.13177789034536203
Appliances,13,PCA-QS,9,2,9678.080313160506,0.11048030907085316
Appliances,13,Leverage,9,2,9560.603961785891,0.12127764949218978
Appliances,13,Coreset,9,2,9453.355760350789,0.13113491290666401
Appliances,14,SRS,9,2,9697.887331396727,0.11132511589843563
Appliances,14,PCA-QS,9,2,9495.70229005252,0.12985252934877878
Appliances,14,Leverage,9,2,9545.315213509433,0.12530620317521401
Appliances,14,Coreset,9,2,9677.580517061722,0.11318594963045969
Appliances,15,SRS,9,2,9127.207471791035,0.14006192992565103
Appliances,15,PCA-QS,9,2,9660.178911626377,0.08984696189810648
Appliances,15,Leverage,9,2,9325.480513944824,0.12138123950150304
Appliances,15,Coreset,9,2,9423.607010853815,0.11213605573243968
Appliances,16,SRS,9,2,9421.588643573561,0.1380546382236858
Appliances,16,PCA-QS,9,2,9396.006252070832,0.14039507406026452
Appliances,16,Leverage,9,2,9303.814426462499,0.14882935404031816
Appliances,16,Coreset,9,2,9433.062834804034,0.13700490804702536
Appliances,17,SRS,9,2,9752.904602500585,0.11378067686171767
Appliances,17,PCA-QS,9,2,9595.934538039004,0.12804411016182882
Appliances,17,Leverage,9,2,9502.005353274122,0.13657919400996987
Appliances,17,Coreset,9,2,9594.69068848816,0.1281571353119726
Appliances,18,SRS,9,2,9382.194621211054,0.14302918884456495
Appliances,18,PCA-QS,9,2,9413.653020513895,0.1401557747813713
Appliances,18,Leverage,9,2,9406.639301414198,0.1407964087469572
Appliances,18,Coreset,9,2,9521.306512563267,0.13032269157110665
Appliances,19,SRS,9,2,9377.455454677096,0.13578193147548723
Appliances,19,PCA-QS,9,2,9228.798850500752,0.14948199371045268
Appliances,19,Leverage,9,2,9467.183450728982,0.12751267807137112
Appliances,19,Coreset,9,2,9454.13735030319,0.12871499524219088
Appliances,20,SRS,9,2,9157.684647401642,0.09181237122889219
Appliances,20,PCA-QS,9,2,8693.171340832978,0.13787917246395331
Appliances,20,Leverage,9,2,8874.242655466149,0.11992193390345918
Appliances,20,Coreset,9,2,8819.414705762807,0.1253593416706712
Appliances,21,SRS,9,2,10035.686043680842,0.1173433902219001
Appliances,21,PCA-QS,9,2,9852.907798072143,0.1334190651591155
Appliances,21,Leverage,9,2,9652.600563298265,0.15103644617223166
Appliances,21,Coreset,9,2,9816.484242116916,0.13662258231534896
Appliances,22,SRS,9,2,8721.104001699037,0.11112747265490908
Appliances,22,PCA-QS,9,2,8608.518277802543,0.12260243693963246
Appliances,22,Leverage,9,2,8462.637540783766,0.13747089618281794
Appliances,22,Coreset,9,2,8559.166558786723,0.12763246378048532
Appliances,23,SRS,9,2,8393.114897196625,0.1279831488771116
Appliances,23,PCA-QS,9,2,8537.221254889286,0.11301097539907257
Appliances,23,Leverage,9,2,8314.347100110268,0.1361668622214951
Appliances,23,Coreset,9,2,8235.205709945867,0.14438939064985
Appliances,24,SRS,9,2,9786.29093294708,0.11332657505090693
Appliances,24,PCA-QS,9,2,9490.87641665883,0.14009220083617102
Appliances,24,Leverage,9,2,9434.147042592434,0.14523208771908847
Appliances,24,Coreset,9,2,9381.627715222856,0.14999052911367539
Appliances,25,SRS,9,2,9371.91067302078,0.11701976452322682
Appliances,25,PCA-QS,9,2,9181.030400200227,0.13500366493834226
Appliances,25,Leverage,9,2,9245.34569439922,0.12894416057493996
Appliances,25,Coreset,9,2,9360.058049814332,0.11813646659124533
Appliances,26,SRS,9,2,9537.546483792341,0.13537475801313492
Appliances,26,PCA-QS,9,2,9462.579568455056,0.14217087559166086
Appliances,26,Leverage,9,2,9497.748624221322,0.13898262865582356
Appliances,26,Coreset,9,2,9605.06935975036,0.12925347901710982
Appliances,27,SRS,9,2,9694.362340537698,0.12069898512109911
Appliances,27,PCA-QS,9,2,9791.975913077671,0.11184520904121797
Appliances,27,Leverage,9,2,9631.74231199554,0.12637876608189735
Appliances,27,Coreset,9,2,9751.616453757497,0.11550590505128944
Appliances,28,SRS,9,2,9583.404203112781,0.1482046312997254
Appliances,28,PCA-QS,9,2,9812.077837028206,0.1278795841468825
Appliances,28,Leverage,9,2,9740.584449448412,0.1342340835650937
Appliances,28,Coreset,9,2,9737.10597329976,0.1345432586568207
Appliances,29,SRS,9,2,9350.574066019604,0.1387721042642197
Appliances,29,PCA-QS,9,2,9546.074516805294,0.12076567592551257
Appliances,29,Leverage,9,2,9404.159896537642,0.13383661990438633
Appliances,29,Coreset,9,2,9426.361824841564,0.1317917272743231
Appliances,30,SRS,9,2,9161.040899052303,0.10176383475742878
Appliances,30,PCA-QS,9,2,9006.363225896275,0.11692991484759474
Appliances,30,Leverage,9,2,9057.990080081867,0.11186792374437848
Appliances,30,Coreset,9,2,9055.732297415188,0.11208929837492698
Appliances,31,SRS,9,2,8753.73966137613,0.14419163824415882
Appliances,31,PCA-QS,9,2,9069.688122408535,0.1133029729085352
Appliances,31,Leverage,9,2,9062.84134539112,0.1139723472844304
Appliances,31,Coreset,9,2,8914.171889667236,0.12850699970362145
Appliances,32,SRS,9,2,9790.03646410071,0.11911513009523611
Appliances,32,PCA-QS,9,2,9942.72856751258,0.10537624728895989
Appliances,32,Leverage,9,2,9746.297817869348,0.12305063246405834
Appliances,32,Coreset,9,2,9901.64486771887,0.10907286370920477
Appliances,33,SRS,9,2,9369.776674082415,0.15251925846984848
Appliances,33,PCA-QS,9,2,9502.188846466124,0.14054279734994113
Appliances,33,Leverage,9,2,9642.018959762632,0.12789539579206188
Appliances,33,Coreset,9,2,9669.042192055014,0.12545118930365784
Appliances,34,SRS,9,2,9010.702067923532,0.13421213772754104
Appliances,34,PCA-QS,9,2,9101.366877941218,0.12550066425335016
Appliances,34,Leverage,9,2,9160.71470007203,0.11979826463278409
Appliances,34,Coreset,9,2,8982.92645739143,0.13688094047838395
Appliances,35,SRS,9,2,9673.260411284098,0.12864590850199276
Appliances,35,PCA-QS,9,2,9709.220610688439,0.125406662834058
Appliances,35,Leverage,9,2,9471.206232051294,0.14684667311424238
Appliances,35,Coreset,9,2,9416.112154350982,0.15180947241668608
Appliances,36,SRS,9,2,9263.86713459039,0.13490070233379214
Appliances,36,PCA-QS,9,2,9290.013268056473,0.1324590652323986
Appliances,36,Leverage,9,2,9167.505016838517,0.14389940656579747
Appliances,36,Coreset,9,2,9272.936736795296,0.13405374432116268
Appliances,37,SRS,9,2,8135.901340132238,0.12189400125301053
Appliances,37,PCA-QS,9,2,8127.7529000334025,0.12277346055715965
Appliances,37,Leverage,9,2,8001.0535859342135,0.1364480889844777
Appliances,37,Coreset,9,2,8122.282479841151,0.1233638817761078
Appliances,38,SRS,9,2,8915.59554174374,0.14113009913654218
Appliances,38,PCA-QS,9,2,8958.509969824667,0.13699600507418774
Appliances,38,Leverage,9,2,8933.18336125614,0.13943580415307266
Appliances,38,Coreset,9,2,9409.976913325256,0.09350464578226081
Appliances,39,SRS,9,2,8514.120414648036,0.1408084508835239
Appliances,39,PCA-QS,9,2,8578.0022118606,0.1343619011949645
Appliances,39,Leverage,9,2,8802.565334343626,0.11170040151160565
Appliances,39,Coreset,9,2,8478.020137255064,0.1444514641069966
Appliances,40,SRS,9,2,9481.2520667436,0.13652686043162887
Appliances,40,PCA-QS,9,2,9407.126818689823,0.14327756806050662
Appliances,40,Leverage,9,2,9526.600249400048,0.13239692723541852
Appliances,40,Coreset,9,2,9420.66575261698,0.14204455519446368
Appliances,41,SRS,9,2,9098.839925489498,0.05300124188161093
Appliances,41,PCA-QS,9,2,8746.49948223579,0.08967250601292198
Appliances,41,Leverage,9,2,8252.693804509483,0.14106733957281292
Appliances,41,Coreset,9,2,8601.14935942834,0.10480041098962212
Appliances,42,SRS,9,2,9209.952545886863,0.11970669833799297
Appliances,42,PCA-QS,9,2,8905.900841516584,0.14876815955427325
Appliances,42,Leverage,9,2,9130.181906357762,0.1273312283555904
Appliances,42,Coreset,9,2,8945.797626321939,0.144954798709359
Appliances,43,SRS,9,2,9493.126541750338,0.11317209887385904
Appliances,43,PCA-QS,9,2,9386.380748365957,0.12314406622147445
Appliances,43,Leverage,9,2,9589.066098832818,0.10420962737743034
Appliances,43,Coreset,9,2,9319.699489725463,0.12937328905807377
Appliances,44,SRS,9,2,9307.955737787903,0.12047572392904571
Appliances,44,PCA-QS,9,2,9337.555311079463,0.1176788108361333
Appliances,44,Leverage,9,2,9097.943639236757,0.1403201177087089
Appliances,44,Coreset,9,2,9107.97277329469,0.13937244808925509
Appliances,45,SRS,9,2,9141.479482111534,0.13989572101859105
Appliances,45,PCA-QS,9,2,9073.791360122948,0.1462643666489316
Appliances,45,Leverage,9,2,9072.59907311737,0.1463765466475061
Appliances,45,Coreset,9,2,9128.669357214818,0.14110100111132795
Appliances,46,SRS,9,2,8815.094562673272,0.11986278966915176
Appliances,46,PCA-QS,9,2,8789.726693618062,0.12239562755801947
Appliances,46,Leverage,9,2,8748.96560186191,0.12646539145371405
Appliances,46,Coreset,9,2,8750.148219700959,0.12634731376795028
Appliances,47,SRS,9,2,9230.20738102637,0.11931412998022128
Appliances,47,PCA-QS,9,2,9175.683630819176,0.12451642873752455
Appliances,47,Leverage,9,2,9276.931930530183,0.11485597981821782
Appliances,47,Coreset,9,2,9355.191509338263,0.10738896392086639
Appliances,48,SRS,9,2,9007.709164291831,0.12262952984029196
Appliances,48,PCA-QS,9,2,8961.71420425766,0.12710953901622446
Appliances,48,Leverage,9,2,9008.223034622775,0.12257947775205968
Appliances,48,Coreset,9,2,9127.711279340887,0.11094106275277504
Appliances,49,SRS,9,2,8749.786451538996,0.13154595534076563
Appliances,49,PCA-QS,9,2,8773.997891097528,0.12914286553645027
Appliances,49,Leverage,9,2,8824.573028750825,0.12412306498503489
Appliances,49,Coreset,9,2,8782.7251932137,0.12827664315905507
Appliances,50,SRS,9,2,9103.587749764672,0.11204890613193319
Appliances,50,PCA-QS,9,2,8892.130784834811,0.13267411989123878
Appliances,50,Leverage,9,2,8835.607674650857,0.13818730424187742
Appliances,50,Coreset,9,2,8832.215215431943,0.13851819992357328
Appliances,51,SRS,9,2,9380.890580481348,0.12500622450659848
Appliances,51,PCA-QS,9,2,9117.017482424728,0.1496187403801027
Appliances,51,Leverage,9,2,9248.105062204664,0.1373916692541911
Appliances,51,Coreset,9,2,9203.927493854379,0.14151229053116898
Appliances,52,SRS,9,2,9127.576305446022,0.11034315726889243
Appliances,52,PCA-QS,9,2,8891.655850999088,0.13333811667708895
Appliances,52,Leverage,9,2,8875.370305632136,0.13492545447504
Appliances,52,Coreset,9,2,8957.587320167093,0.12691183430663844
Appliances,53,SRS,9,2,9795.298723061178,0.13353762478744446
Appliances,53,PCA-QS,9,2,9847.595826746001,0.12891158182983598
Appliances,53,Leverage,9,2,9557.065978387685,0.15461096983175882
Appliances,53,Coreset,9,2,9933.20119359817,0.12133919107476443
Appliances,54,SRS,9,2,9474.31219831916,0.11233500532652918
Appliances,54,PCA-QS,9,2,9333.836596814195,0.12549641181720605
Appliances,54,Leverage,9,2,9210.727726405874,0.1370306986876183
Appliances,54,Coreset,9,2,9427.769553518832,0.1166956676821671
Appliances,55,SRS,9,2,8536.274824409858,0.14190649096235508
Appliances,55,PCA-QS,9,2,8879.61948604648,0.10739239300118986
Appliances,55,Leverage,9,2,8983.27649131088,0.09697246098010337
Appliances,55,Coreset,9,2,9076.632396509176,0.0875880283172843
Appliances,56,SRS,9,2,9187.581624558054,0.15164743526630775
Appliances,56,PCA-QS,9,2,9162.435086687377,0.1539693879594668
Appliances,56,Leverage,9,2,9420.507659273791,0.130139773400626
Appliances,56,Coreset,9,2,9165.29838251191,0.15370500017434596
Appliances,57,SRS,9,2,8500.445494236757,0.13347820226357787
Appliances,57,PCA-QS,9,2,8666.156055715617,0.11658593306028409
Appliances,57,Leverage,9,2,8623.49438440906,0.12093479549814845
Appliances,57,Coreset,9,2,8675.950037507391,0.11558755024435297
Appliances,58,SRS,9,2,9176.70311854613,0.1339205601991984
Appliances,58,PCA-QS,9,2,9108.29107221598,0.14037715642943915
Appliances,58,Leverage,9,2,9295.57173658096,0.12270197060470234
Appliances,58,Coreset,9,2,9361.467719315626,0.1164828355760642
Appliances,59,SRS,9,2,8310.492444308025,0.13438290770034222
Appliances,59,PCA-QS,9,2,8262.211311245559,0.13941184843935817
Appliances,59,Leverage,9,2,8660.924917358387,0.09788202157331205
Appliances,59,Coreset,9,2,8394.437717819264,0.1256392064027292
Appliances,60,SRS,9,2,8997.327823721072,0.10596042900744429
Appliances,60,PCA-QS,9,2,9050.303963020026,0.10069633662583644
Appliances,60,Leverage,9,2,8881.251526079837,0.11749460953068491
Appliances,60,Coreset,9,2,8991.614285839178,0.10652816745788851
Appliances,61,SRS,9,2,8890.880732382975,0.12899317812424727
Appliances,61,PCA-QS,9,2,8831.24891908424,0.134835087126
Appliances,61,Leverage,9,2,8887.056506719331,0.1293678234199933
Appliances,61,Coreset,9,2,8742.196567324414,0.1435592178641817
Appliances,62,SRS,9,2,9025.15936629292,0.11647214060449762
Appliances,62,PCA-QS,9,2,8892.873109434284,0.12942244858313257
Appliances,62,Leverage,9,2,9052.770023969671,0.1137691650354733
Appliances,62,Coreset,9,2,8822.528670364616,0.13630889447834016
Appliances,63,SRS,9,2,9183.012870765771,0.1266480292491582
Appliances,63,PCA-QS,9,2,9032.460709315985,0.1409663176751228
Appliances,63,Leverage,9,2,9022.608346295587,0.1419033283034984
Appliances,63,Coreset,9,2,9308.852490664114,0.1146800312093611
Appliances,64,SRS,9,2,9371.995454405855,0.137100972869322
Appliances,64,PCA-QS,9,2,9422.986738569321,0.13240609975389428
Appliances,64,Leverage,9,2,9560.336367174217,0.11976003505225097
Appliances,64,Coreset,9,2,9370.119478226705,0.13727369788053045
Appliances,65,SRS,9,2,9196.17672314424,0.1357518564737601
Appliances,65,PCA-QS,9,2,9236.576492980705,0.13195512364323725
Appliances,65,Leverage,9,2,9012.70422533496,0.15299443133867396
Appliances,65,Coreset,9,2,9201.68111201882,0.13523455912190196
Appliances,66,SRS,9,2,8699.41089689575,0.11632070863305766
Appliances,66,PCA-QS,9,2,8625.018973599335,0.12387738147460114
Appliances,66,Leverage,9,2,8688.01686199622,0.11747810570340644
Appliances,66,Coreset,9,2,8512.966478060884,0.13525958551426198
Appliances,67,SRS,9,2,9101.974048381016,0.1168467572111721
Appliances,67,PCA-QS,9,2,9007.031044667952,0.12605895899988384
Appliances,67,Leverage,9,2,8997.910579946309,0.12694390636974529
Appliances,67,Coreset,9,2,9069.066919461782,0.1200396950795305
Appliances,68,SRS,9,2,8971.13956112508,0.08528757635035522
Appliances,68,PCA-QS,9,2,8583.063185320192,0.12485649397280496
Appliances,68,Leverage,9,2,8722.815955578979,0.11060706731700831
Appliances,68,Coreset,9,2,8466.366207962334,0.13675511334710966
Appliances,69,SRS,9,2,8132.0245786565265,0.1507951459637884
Appliances,69,PCA-QS,9,2,8555.854109260768,0.10653579932855317
Appliances,69,Leverage,9,2,8521.658440591296,0.110106758508552
Appliances,69,Coreset,9,2,8637.594812561563,0.09799984357190739
Appliances,70,SRS,9,2,9668.21935169618,0.13145175516310692
Appliances,70,PCA-QS,9,2,9870.209324235868,0.11330590743849778
Appliances,70,Leverage,9,2,9907.797113327068,0.10992919378990496
Appliances,70,Coreset,9,2,9820.5296252031,0.11776890251849303
Appliances,71,SRS,9,2,9438.34970014061,0.13283621404856483
Appliances,71,PCA-QS,9,2,9518.948804034004,0.12543103980762238
Appliances,71,Leverage,9,2,9392.723259142209,0.13702821779632535
Appliances,71,Coreset,9,2,9467.914210772491,0.13011992637287495
Appliances,72,SRS,9,2,8891.12799507295,0.13079975397610288
Appliances,72,PCA-QS,9,2,8763.870508016775,0.1432404970537986
Appliances,72,Leverage,9,2,8904.885132432617,0.12945485069901208
Appliances,72,Coreset,9,2,8814.913467075292,0.13825051686275458
Appliances,73,SRS,9,2,9145.851657795756,0.14850833699673227
Appliances,73,PCA-QS,9,2,9177.915948641119,0.1455231063854675
Appliances,73,Leverage,9,2,9058.350306560356,0.15665483596328356
Appliances,73,Coreset,9,2,9389.360038862795,0.12583736395801404
Appliances,74,SRS,9,2,9506.613264729242,0.10833723488545033
Appliances,74,PCA-QS,9,2,9185.766120247026,0.1384307544240584
Appliances,74,Leverage,9,2,9456.44697970509,0.1130425286819402
Appliances,74,Coreset,9,2,9323.853377974663,0.1254790057177837
Appliances,75,SRS,9,2,9873.899527731892,0.11007100348831256
Appliances,75,PCA-QS,9,2,9712.901717604904,0.12458164532788996
Appliances,75,Leverage,9,2,9748.945551236518,0.12133303492790293
Appliances,75,Coreset,9,2,9755.447438519675,0.12074702349350663
Appliances,76,SRS,9,2,8947.713760222076,0.11411961149568861
Appliances,76,PCA-QS,9,2,8921.110428272917,0.1167535100170517
Appliances,76,Leverage,9,2,8983.174483024166,0.11060877512626721
Appliances,76,Coreset,9,2,9038.679380060415,0.10511343843266863
Appliances,77,SRS,9,2,8963.473123311667,0.11981855712808365
Appliances,77,PCA-QS,9,2,8954.810399149794,0.12066920608380705
Appliances,77,Leverage,9,2,8970.914214262319,0.11908786824450202
Appliances,77,Coreset,9,2,8770.95502723418,0.1387231550727953
Appliances,78,SRS,9,2,8704.348338852005,0.13110966519549527
Appliances,78,PCA-QS,9,2,8550.205356615752,0.14649661229700428
Appliances,78,Leverage,9,2,8738.787146464876,0.12767189525429812
Appliances,78,Coreset,9,2,8629.860954465135,0.13854518659687742
Appliances,79,SRS,9,2,9265.874661646094,0.1325698300211886
Appliances,79,PCA-QS,9,2,9376.204563307987,0.12224123300827372
Appliances,79,Leverage,9,2,9331.303572963969,0.12644466496786488
Appliances,79,Coreset,9,2,9584.791315766628,0.10271426456249244
Appliances,80,SRS,9,2,9495.530762066213,0.09693724590312913
Appliances,80,PCA-QS,9,2,9228.233352692334,0.12235829299577305
Appliances,80,Leverage,9,2,9318.79504562676,0.11374551569176439
Appliances,80,Coreset,9,2,9086.670954666735,0.1358214402637764
Appliances,81,SRS,9,2,9143.691503675467,0.1303352058643341
Appliances,81,PCA-QS,9,2,9342.421461431064,0.11143381929298735
Appliances,81,Leverage,9,2,9269.338843000933,0.11838477343294118
Appliances,81,Coreset,9,2,9041.771132354279,0.14002894484356843
Appliances,82,SRS,9,2,9491.492919413344,0.10911356099043157
Appliances,82,PCA-QS,9,2,9382.139641718888,0.11937763145715208
Appliances,82,Leverage,9,2,9108.403773642945,0.14507091014469942
Appliances,82,Coreset,9,2,9190.030930790115,0.13740925691746286
Appliances,83,SRS,9,2,9534.276080542326,0.1326292787002612
Appliances,83,PCA-QS,9,2,9605.084499389272,0.12618755739803134
Appliances,83,Leverage,9,2,9608.584474624058,0.12586915083855232
Appliances,83,Coreset,9,2,9431.200468267678,0.14200647392848953
Appliances,84,SRS,9,2,9484.49262947442,0.11123465874575467
Appliances,84,PCA-QS,9,2,9288.766885579864,0.12957557210406112
Appliances,84,Leverage,9,2,9301.757256001472,0.12835828073679256
Appliances,84,Coreset,9,2,9201.535487743855,0.13774978300753882
Appliances,85,SRS,9,2,9230.713578494533,0.09954116355890885
Appliances,85,PCA-QS,9,2,8782.637958895431,0.14325107261749248
Appliances,85,Leverage,9,2,8994.712600538769,0.1225631286758967
Appliances,85,Coreset,9,2,8966.16425212803,0.12534802849687476
Appliances,86,SRS,9,2,8969.344559352008,0.12559953758640308
Appliances,86,PCA-QS,9,2,9058.536745317098,0.1169043995932666
Appliances,86,Leverage,9,2,8929.438532653401,0.12948988296977537
Appliances,86,Coreset,9,2,8797.615849109192,0.14234096865222634
Appliances,87,SRS,9,2,9367.626373857032,0.12483615029491968
Appliances,87,PCA-QS,9,2,9176.372932553224,0.1427038673964367
Appliances,87,Leverage,9,2,9330.68017644784,0.1282878225826648
Appliances,87,Coreset,9,2,9427.210798254442,0.11926951770764804
Appliances,88,SRS,9,2,8713.841341487987,0.14255171285175539
Appliances,88,PCA-QS,9,2,8924.448458144412,0.12182782032705575
Appliances,88,Leverage,9,2,8940.959450616421,0.12020312673218436
Appliances,88,Coreset,9,2,8764.02050175472,0.1376140472075128
Appliances,89,SRS,9,2,9325.263740671686,0.1452454566377599
Appliances,89,PCA-QS,9,2,9361.751553178652,0.14190098034357712
Appliances,89,Leverage,9,2,9328.910811030471,0.14491116582885366
Appliances,89,Coreset,9,2,9125.419916806828,0.16356316015389294
Appliances,90,SRS,9,2,9057.156228727294,0.11076207146030503
Appliances,90,PCA-QS,9,2,8797.278486684314,0.136277049801398
Appliances,90,Leverage,9,2,8749.477960954478,0.14097013882511245
Appliances,90,Coreset,9,2,8845.254235891782,0.13156675721418676
Appliances,91,SRS,9,2,9245.144186757576,0.15464612445347037
Appliances,91,PCA-QS,9,2,9495.280579364866,0.1317742508910571
Appliances,91,Leverage,9,2,9470.054939415135,0.13408082308332114
Appliances,91,Coreset,9,2,9369.454924601518,0.14327944786242852
Appliances,92,SRS,9,2,8668.958028621992,0.1378484381475763
Appliances,92,PCA-QS,9,2,8621.220063990078,0.14259610916307452
Appliances,92,Leverage,9,2,8730.318135229198,0.13174600789330926
Appliances,92,Coreset,9,2,8539.258479816892,0.15074741265001101
Appliances,93,SRS,9,2,8762.617612687707,0.1413983445129563
Appliances,93,PCA-QS,9,2,8784.51335129031,0.1392528991399794
Appliances,93,Leverage,9,2,8818.685821846668,0.13590452299387346
Appliances,93,Coreset,9,2,8814.318700619342,0.13633243365724268
Appliances,94,SRS,9,2,8712.04600554874,0.14270396630524174
Appliances,94,PCA-QS,9,2,8534.02178238798,0.16022217733398358
Appliances,94,Leverage,9,2,8774.866958606099,0.13652216310370935
Appliances,94,Coreset,9,2,9114.288832414679,0.10312185438403454
Appliances,95,SRS,9,2,8913.300050540329,0.13898509476686738
Appliances,95,PCA-QS,9,2,9193.007760359696,0.11196564003096421
Appliances,95,Leverage,9,2,9046.792797920049,0.1260898433355535
Appliances,95,Coreset,9,2,8904.294839860824,0.13985498813698327
Appliances,96,SRS,9,2,9174.353202146993,0.1525113120577518
Appliances,96,PCA-QS,9,2,9390.331654819445,0.13256011861161987
Appliances,96,Leverage,9,2,9152.724960218951,0.1545092393197851
Appliances,96,Coreset,9,2,9447.636850296834,0.12726650239069204
Appliances,97,SRS,9,2,8984.364319471542,0.12814223611890463
Appliances,97,PCA-QS,9,2,8755.18874390016,0.15038181787994132
Appliances,97,Leverage,9,2,8773.599821191414,0.1485951760979506
Appliances,97,Coreset,9,2,8912.864217477923,0.13508072579104802
Appliances,98,SRS,9,2,9049.206028581295,0.13093193757768073
Appliances,98,PCA-QS,9,2,8955.319868287206,0.13994858093372176
Appliances,98,Leverage,9,2,8778.110608708268,0.1569674119095158
Appliances,98,Coreset,9,2,8844.655425841109,0.1505765777184026
Appliances,99,SRS,9,2,9232.809219598326,0.1394045681194177
Appliances,99,PCA-QS,9,2,9165.849069483293,0.14564596203717728
Appliances,99,Leverage,9,2,9329.096176832061,0.13042960572453366
Appliances,99,Coreset,9,2,9030.144538568997,0.15829505903600172
Appliances,100,SRS,9,2,9669.997830113914,0.13598425649680923
Appliances,100,PCA-QS,9,2,9647.937869551813,0.1379553172521032
Appliances,100,Leverage,9,2,9549.886552575621,0.14671621699861892
Appliances,100,Coreset,9,2,9728.348729108919,0.1307705949981227
Appliances,101,SRS,9,2,9310.687427877718,0.12168185085607564
Appliances,101,PCA-QS,9,2,9489.607050665614,0.10480357488022585
Appliances,101,Leverage,9,2,9112.201952389436,0.14040585988475773
Appliances,101,Coreset,9,2,9285.976566960513,0.12401293519250889
Appliances,102,SRS,9,2,8817.375568839354,0.12589630734545876
Appliances,102,PCA-QS,9,2,8932.273720539275,0.11450596813443403
Appliances,102,Leverage,9,2,8787.172254259198,0.12889048952572357
Appliances,102,Coreset,9,2,8952.347558672402,0.11251596375037143
Appliances,103,SRS,9,2,8537.702941846857,0.12928563785336755
Appliances,103,PCA-QS,9,2,8829.490153950463,0.09952783086478456
Appliances,103,Leverage,9,2,8709.133863684858,0.11180232099670318
Appliances,103,Coreset,9,2,8457.76136112342,0.13743844932299965
Appliances,104,SRS,9,2,8699.140790535164,0.12454361794463198
Appliances,104,PCA-QS,9,2,8795.935339034162,0.11480249439323331
Appliances,104,Leverage,9,2,8781.993014880072,0.11620560959222659
Appliances,104,Coreset,9,2,8627.096447370774,0.13179395237799074
Appliances,105,SRS,9,2,8962.53152997454,0.13908939110339225
Appliances,105,PCA-QS,9,2,8989.795975130852,0.13647046027985787
Appliances,105,Leverage,9,2,8986.674782693806,0.1367702715187331
Appliances,105,Coreset,9,2,9130.74843206259,0.12293104174428704
Appliances,106,SRS,9,2,9124.425425593228,0.10878215936158175
Appliances,106,PCA-QS,9,2,9067.2445935863,0.11436723187301712
Appliances,106,Leverage,9,2,9233.46949253,0.09813140456476654
Appliances,106,Coreset,9,2,9148.398928737635,0.10644057480054536
Appliances,107,SRS,9,2,9364.790381486142,0.08563987600554346
Appliances,107,PCA-QS,9,2,8848.782243843147,0.1360219182614132
Appliances,107,Leverage,9,2,8980.49597109727,0.12316164322290879
Appliances,107,Coreset,9,2,8824.237906057728,0.1384183802030714
Appliances,108,SRS,9,2,8636.454879550916,0.09484272641800406
Appliances,108,PCA-QS,9,2,8734.73554356555,0.08454226643459706
Appliances,108,Leverage,9,2,8342.565063723217,0.1256443120382772
Appliances,108,Coreset,9,2,8362.946319149409,0.12350822242152593
Appliances,109,SRS,9,2,9111.652992107476,0.09694037207482642
Appliances,109,PCA-QS,9,2,8919.593014705975,0.11597551442295484
Appliances,109,Leverage,9,2,9077.032790083316,0.10037159435531862
Appliances,109,Coreset,9,2,9094.093863808597,0.09868066441058732
Appliances,110,SRS,9,2,9545.110152426387,0.10185774616168186
Appliances,110,PCA-QS,9,2,9396.088775498352,0.1158798363426119
Appliances,110,Leverage,9,2,9783.195270925346,0.07945524880761401
Appliances,110,Coreset,9,2,9487.975340257464,0.10723381706652935
Appliances,111,SRS,9,2,9248.433600234013,0.12733032090888785
Appliances,111,PCA-QS,9,2,9149.701835861131,0.1366465165865216
Appliances,111,Leverage,9,2,9250.332671408563,0.1271511271227722
Appliances,111,Coreset,9,2,9190.805762872487,0.13276800565754898
Appliances,112,SRS,9,2,9154.922644851133,0.1331950650734538
Appliances,112,PCA-QS,9,2,8978.70820589618,0.149879372654946
Appliances,112,Leverage,9,2,9198.988866121159,0.129022794095074
Appliances,112,Coreset,9,2,9024.91598641724,0.14550433490296855
Appliances,113,SRS,9,2,8455.16348392726,0.13576901481022863
Appliances,113,PCA-QS,9,2,8462.484145484981,0.13502074512126305
Appliances,113,Leverage,9,2,8417.26773159601,0.139642468402699
Appliances,113,Coreset,9,2,8334.110373683005,0.148142264473059
Appliances,114,SRS,9,2,9148.21289650141,0.1520153502570909
Appliances,114,PCA-QS,9,2,9227.093404893187,0.144703598657418
Appliances,114,Leverage,9,2,9425.114788941055,0.1263482000792262
Appliances,114,Coreset,9,2,9331.767665552836,0.13500092041120926
Appliances,115,SRS,9,2,9365.567780335208,0.10955223243149848
Appliances,115,PCA-QS,9,2,9365.665041664357,0.10954298514020322
Appliances,115,Leverage,9,2,9378.534437430199,0.10831940478731628
Appliances,115,Coreset,9,2,9365.833149604568,0.10952700198321985
Appliances,116,SRS,9,2,9505.075837871937,0.09655952317797811
Appliances,116,PCA-QS,9,2,9213.493527663011,0.1242739008285405
Appliances,116,Leverage,9,2,9746.12237119345,0.07364848083441267
Appliances,116,Coreset,9,2,9217.581482722946,0.12388534800354778
Appliances,117,SRS,9,2,9179.04253710827,0.1496797212218961
Appliances,117,PCA-QS,9,2,9301.871820812412,0.13830116726714714
Appliances,117,Leverage,9,2,9403.787789567079,0.12885996306604852
Appliances,117,Coreset,9,2,9375.743312831939,0.13145792327586392
Appliances,118,SRS,9,2,9482.567759141153,0.11248109850082066
Appliances,118,PCA-QS,9,2,9270.903871451128,0.13229173480327194
Appliances,118,Leverage,9,2,9222.405612481298,0.1368309189798399
Appliances,118,Coreset,9,2,9371.449252921806,0.12288121132690155
Appliances,119,SRS,9,2,8323.097986856716,0.11332549907042178
Appliances,119,PCA-QS,9,2,8392.061464471435,0.10597869657056402
Appliances,119,Leverage,9,2,8535.246661593043,0.09072492166622093
Appliances,119,Coreset,9,2,8587.98846220758,0.08510624340340689
Appliances,120,SRS,9,2,8842.198241207503,0.15275327667978156
Appliances,120,PCA-QS,9,2,9096.421103220693,0.12839400752994756
Appliances,120,Leverage,9,2,9111.638502979558,0.1269358981626335
Appliances,120,Coreset,9,2,9037.273049933676,0.13406148896060033
Appliances,121,SRS,9,2,9110.085745139992,0.09383228036447433
Appliances,121,PCA-QS,9,2,8905.821241000254,0.11415019010725946
Appliances,121,Leverage,9,2,8810.532177017998,0.12362846245624026
Appliances,121,Coreset,9,2,8847.633770239641,0.11993801792420744
Appliances,122,SRS,9,2,9641.634789698117,0.10015132386366876
Appliances,122,PCA-QS,9,2,9255.776845345266,0.1361632417568447
Appliances,122,Leverage,9,2,9281.194976812869,0.13379098098884523
Appliances,122,Coreset,9,2,9381.38214748401,0.12444056533209391
Appliances,123,SRS,9,2,9095.829557081208,0.1501498928600431
Appliances,123,PCA-QS,9,2,9273.62870915729,0.1335375951588822
Appliances,123,Leverage,9,2,9179.8442456452,0.14230015341303992
Appliances,123,Coreset,9,2,9265.407453609054,0.13430573124417788
Appliances,124,SRS,9,2,8702.766344311334,0.13374008520755776
Appliances,124,PCA-QS,9,2,8966.294126137993,0.1075089369957225
Appliances,124,Leverage,9,2,8613.805092365654,0.1425951507673343
Appliances,124,Coreset,9,2,8765.614594636425,0.1274842674804676
Appliances,125,SRS,9,2,9000.632251694924,0.13068204487626056
Appliances,125,PCA-QS,9,2,9023.408495822294,0.12848222186199665
Appliances,125,Leverage,9,2,8981.422598867723,0.13253739188382607
Appliances,125,Coreset,9,2,8920.62220632795,0.13840974300709763
Appliances,126,SRS,9,2,9250.96403064207,0.1318170041460015
Appliances,126,PCA-QS,9,2,9391.664792732456,0.11861254148179057
Appliances,126,Leverage,9,2,9293.308544050626,0.12784306301000214
Appliances,126,Coreset,9,2,9208.540349819306,0.13579837497285407
Appliances,127,SRS,9,2,8241.97757731827,0.13796977448876468
Appliances,127,PCA-QS,9,2,8398.07010112977,0.121644023509759
Appliances,127,Leverage,9,2,8423.766242437283,0.11895645850751468
Appliances,127,Coreset,9,2,8533.559659851997,0.10747314112575945
Appliances,128,SRS,9,2,9923.258351645012,0.11084285249222581
Appliances,128,PCA-QS,9,2,9696.538414817634,0.13115771734497417
Appliances,128,Leverage,9,2,9639.39603499169,0.13627786575262069
Appliances,128,Coreset,9,2,9767.821475612061,0.1247705166135642
Appliances,129,SRS,9,2,9254.407614626942,0.09010252014281761
Appliances,129,PCA-QS,9,2,8913.69374132668,0.12360165996655925
Appliances,129,Leverage,9,2,9090.946251436268,0.10617411419991707
Appliances,129,Coreset,9,2,8688.395635210714,0.14575307013867067
Appliances,130,SRS,9,2,8581.583718445905,0.15133145122442493
Appliances,130,PCA-QS,9,2,8991.112776232332,0.11083141736634161
Appliances,130,Leverage,9,2,8832.387598212217,0.12652841117354885
Appliances,130,Coreset,9,2,8926.453507019352,0.11722584174862882
Appliances,131,SRS,9,2,8587.654152866196,0.13571792777181202
Appliances,131,PCA-QS,9,2,8691.546673856094,0.12526193574747213
Appliances,131,Leverage,9,2,8860.167906770312,0.10829149119875547
Appliances,131,Coreset,9,2,8698.814313370167,0.12453050310852098
Appliances,132,SRS,9,2,9254.715429136499,0.11857889878145911
Appliances,132,PCA-QS,9,2,9155.67830540345,0.12801121588842013
Appliances,132,Leverage,9,2,9181.778598616209,0.1255254183118366
Appliances,132,Coreset,9,2,8956.26443708722,0.14700343588215148
Appliances,133,SRS,9,2,9166.009236039108,0.14090063313117906
Appliances,133,PCA-QS,9,2,9375.346966214469,0.12128010833961522
Appliances,133,Leverage,9,2,9299.384096492857,0.12839985386930408
Appliances,133,Coreset,9,2,9851.387478945526,0.07666242439891202
Appliances,134,SRS,9,2,8960.898267304257,0.14389122952400468
Appliances,134,PCA-QS,9,2,9131.892188271602,0.12755476513489805
Appliances,134,Leverage,9,2,9136.148982716984,0.12714807833296193
Appliances,134,Coreset,9,2,9047.810249495116,0.1355878085952642
Appliances,135,SRS,9,2,9054.13683475276,0.12018237132839527
Appliances,135,PCA-QS,9,2,8943.53885683516,0.13092950851477458
Appliances,135,Leverage,9,2,9045.941137468446,0.12097877181157768
Appliances,135,Coreset,9,2,8765.103224744473,0.1482686339954018
Appliances,136,SRS,9,2,8782.47129386034,0.1165237411732597
Appliances,136,PCA-QS,9,2,8737.75561113788,0.121021933397371
Appliances,136,Leverage,9,2,8757.896722573449,0.11899583013049797
Appliances,136,Coreset,9,2,8883.024039017466,0.10640859702604455
Appliances,137,SRS,9,2,8871.393281139512,0.11959457292670395
Appliances,137,PCA-QS,9,2,8948.922509386073,0.11190049927423817
Appliances,137,Leverage,9,2,8788.708913296807,0.127800247489414
Appliances,137,Coreset,9,2,8786.447430922533,0.12802467913080817
Appliances,138,SRS,9,2,8462.763718195776,0.14791101888138203
Appliances,138,PCA-QS,9,2,8799.150050482822,0.1140413402887478
Appliances,138,Leverage,9,2,8746.057881163384,0.11938702332648976
Appliances,138,Coreset,9,2,8676.282011332944,0.1264125355362481
Appliances,139,SRS,9,2,8823.37540091229,0.13086988777055275
Appliances,139,PCA-QS,9,2,8661.834525373384,0.14678216996498994
Appliances,139,Leverage,9,2,8707.04024722236,0.14232926477635321
Appliances,139,Coreset,9,2,8838.759977595422,0.129354458782024
Appliances,140,SRS,9,2,8678.130252281051,0.1291528801049876
Appliances,140,PCA-QS,9,2,8731.799038159346,0.12376723754700791
Appliances,140,Leverage,9,2,8645.040232976558,0.1324734511463146
Appliances,140,Coreset,9,2,8471.16156391126,0.14992211045018844
Appliances,141,SRS,9,2,9381.80307622389,0.14987647933077997
Appliances,141,PCA-QS,9,2,9527.32817405401,0.13668985544750956
Appliances,141,Leverage,9,2,9593.501717225845,0.13069360024588794
Appliances,141,Coreset,9,2,9403.531587358948,0.14790757013124156
Appliances,142,SRS,9,2,9297.944719770447,0.1111354627231097
Appliances,142,PCA-QS,9,2,9401.206732687859,0.10126382505516907
Appliances,142,Leverage,9,2,9276.87819682778,0.11314937931777924
Appliances,142,Coreset,9,2,9486.887428451873,0.09307292542205914
Appliances,143,SRS,9,2,9890.976465570855,0.13114911441817234
Appliances,143,PCA-QS,9,2,9778.229677643854,0.1410531058873531
Appliances,143,Leverage,9,2,9908.513461277564,0.12960861593420003
Appliances,143,Coreset,9,2,9854.980457932797,0.13431110385597977
Appliances,144,SRS,9,2,9237.263928071674,0.12271756635714526
Appliances,144,PCA-QS,9,2,9405.42754905218,0.10674671267008717
Appliances,144,Leverage,9,2,9182.990123313664,0.12787206404086604
Appliances,144,Coreset,9,2,9424.84070975925,0.10490300386167661
Appliances,145,SRS,9,2,10101.235311145301,0.13055339626134066
Appliances,145,PCA-QS,9,2,10007.416294625053,0.13862870811845862
Appliances,145,Leverage,9,2,10169.238255179085,0.12470015881926577
Appliances,145,Coreset,9,2,10088.507036470925,0.13164896079837107
Appliances,146,SRS,9,2,10241.213908854781,0.1400374457663074
Appliances,146,PCA-QS,9,2,10272.502367311767,0.13741013001134195
Appliances,146,Leverage,9,2,10150.393152535555,0.1476637340439293
Appliances,146,Coreset,9,2,10416.088953801866,0.12535305467138058
Appliances,147,SRS,9,2,9242.687770942135,0.12626218397139266
Appliances,147,PCA-QS,9,2,9152.06463456909,0.13482904928357853
Appliances,147,Leverage,9,2,9113.587731531596,0.13846638141690193
Appliances,147,Coreset,9,2,9294.500059501068,0.12136421955121068
Appliances,148,SRS,9,2,9598.856368778763,0.10026931783084403
Appliances,148,PCA-QS,9,2,9307.18648070439,0.12760844421041118
Appliances,148,Leverage,9,2,9346.383631330127,0.12393437328814061
Appliances,148,Coreset,9,2,9411.893397799193,0.11779393898956458
Appliances,149,SRS,9,2,9090.047045928568,0.12431259471477496
Appliances,149,PCA-QS,9,2,9020.973312899792,0.13096679548444268
Appliances,149,Leverage,9,2,9157.320755112025,0.1178317987913744
Appliances,149,Coreset,9,2,9324.813245403311,0.10169645169285402
Appliances,150,SRS,9,2,9722.867999587445,0.136303190871658
Appliances,150,PCA-QS,9,2,9693.10472511698,0.13894710676051303
Appliances,150,Leverage,9,2,9689.593038610958,0.13925905508996073
Appliances,150,Coreset,9,2,9661.7071686788,0.14173619834452245
Appliances,151,SRS,9,2,9282.689388354182,0.09929810710685427
Appliances,151,PCA-QS,9,2,9047.662647364554,0.1221028161339004
Appliances,151,Leverage,9,2,9001.610817256147,0.1265712378180165
Appliances,151,Coreset,9,2,8994.666606496228,0.12724503648933205
Appliances,152,SRS,9,2,9259.420606435157,0.10495875898857254
Appliances,152,PCA-QS,9,2,9192.915818804402,0.1113872959547908
Appliances,152,Leverage,9,2,8986.877218382398,0.13130355772281144
Appliances,152,Coreset,9,2,8840.408467723832,0.14546163282609903
Appliances,153,SRS,9,2,8554.172304041445,0.1489894842992724
Appliances,153,PCA-QS,9,2,8454.628128167424,0.1588926213223053
Appliances,153,Leverage,9,2,8679.581148455924,0.13651320470549155
Appliances,153,Coreset,9,2,8815.364358350893,0.12300483295786802
Appliances,154,SRS,9,2,9046.70370755106,0.1440564606852257
Appliances,154,PCA-QS,9,2,9072.49807144141,0.14161595640472713
Appliances,154,Leverage,9,2,9014.167677017882,0.14713482005567524
Appliances,154,Coreset,9,2,9075.404634262964,0.14134095528286594
Appliances,155,SRS,9,2,9368.856397293473,0.11946660895352901
Appliances,155,PCA-QS,9,2,9249.997053592448,0.13063762241861476
Appliances,155,Leverage,9,2,9224.08308684269,0.1330731505183116
Appliances,155,Coreset,9,2,9238.357310408237,0.1317315854491362
Appliances,156,SRS,9,2,9097.071578674999,0.13173360037652815
Appliances,156,PCA-QS,9,2,9131.3780670115,0.12845923116287006
Appliances,156,Leverage,9,2,9055.564855901703,0.13569519311885847
Appliances,156,Coreset,9,2,9241.965016412716,0.11790430350603787
Appliances,157,SRS,9,2,8699.873252005618,0.14019627045712035
Appliances,157,PCA-QS,9,2,8730.916070216206,0.13712832566070265
Appliances,157,Leverage,9,2,9032.991542664478,0.10727437143733776
Appliances,157,Coreset,9,2,8778.11857230058,0.1324633281187505
Appliances,158,SRS,9,2,8725.47663802982,0.15634158949098842
Appliances,158,PCA-QS,9,2,8654.65187370819,0.16318957162090852
Appliances,158,Leverage,9,2,8783.581941471355,0.15072344048008268
Appliances,158,Coreset,9,2,8708.51147860926,0.15798193534538008
Appliances,159,SRS,9,2,8511.120839351497,0.1453224539423753
Appliances,159,PCA-QS,9,2,8677.170025928652,0.12864797428366093
Appliances,159,Leverage,9,2,8793.97648366536,0.11691839617680133
Appliances,159,Coreset,9,2,8862.665446658895,0.11002072483119862
Appliances,160,SRS,9,2,9571.627731659622,0.13358396966952302
Appliances,160,PCA-QS,9,2,9435.49737226248,0.1459063801207997
Appliances,160,Leverage,9,2,9822.413898418637,0.11088300791497852
Appliances,160,Coreset,9,2,9517.34063737885,0.1384979937042593
Appliances,161,SRS,9,2,9934.4703387105,0.12490988084046506
Appliances,161,PCA-QS,9,2,9831.288050538258,0.13399882043898226
Appliances,161,Leverage,9,2,9725.378502437074,0.14332799410482533
Appliances,161,Coreset,9,2,9831.327861313812,0.1339953136575298
Appliances,162,SRS,9,2,9989.640801047835,0.10510460912631936
Appliances,162,PCA-QS,9,2,9682.042090871671,0.13266002112336184
Appliances,162,Leverage,9,2,9636.11448364974,0.1367743236128418
Appliances,162,Coreset,9,2,9573.330037816613,0.14239870113687947
Appliances,163,SRS,9,2,10095.091859747847,0.14577672894645766
Appliances,163,PCA-QS,9,2,10203.28683155812,0.13662152124598748
Appliances,163,Leverage,9,2,10178.334957212663,0.13873289101046482
Appliances,163,Coreset,9,2,10322.004223438182,0.12657593075194873
Appliances,164,SRS,9,2,8723.795961014715,0.14273260375524077
Appliances,164,PCA-QS,9,2,8747.552595482875,0.14039809383948065
Appliances,164,Leverage,9,2,8714.917034845517,0.14360511544081123
Appliances,164,Coreset,9,2,8723.322734072188,0.14277910668019078
Appliances,165,SRS,9,2,9481.80045815172,0.1414384185194033
Appliances,165,PCA-QS,9,2,9805.59491337002,0.11211935820234409
Appliances,165,Leverage,9,2,9843.131219402483,0.10872050685418422
Appliances,165,Coreset,9,2,9515.463370123678,0.13839029669196723
Appliances,166,SRS,9,2,9082.393891219182,0.13138026213566878
Appliances,166,PCA-QS,9,2,9279.06871703626,0.11257072384743116
Appliances,166,Leverage,9,2,8973.353809558119,0.14180861046360338
Appliances,166,Coreset,9,2,8791.047541917518,0.15924397214309405
Appliances,167,SRS,9,2,10067.834802108568,0.1104643461934568
Appliances,167,PCA-QS,9,2,9976.310619565955,0.11855089361476534
Appliances,167,Leverage,9,2,10235.685390699196,0.09563403898256495
Appliances,167,Coreset,9,2,9909.869439265938,0.12442125203040755
Appliances,168,SRS,9,2,9339.605481149625,0.14184511088410678
Appliances,168,PCA-QS,9,2,9283.029453689263,0.14704350975329428
Appliances,168,Leverage,9,2,9313.073615881303,0.14428294939273867
Appliances,168,Coreset,9,2,9653.916102700387,0.11296517616638901
Appliances,169,SRS,9,2,9332.215309034606,0.14644535460069985
Appliances,169,PCA-QS,9,2,9786.180104478979,0.10492426371629215
Appliances,169,Leverage,9,2,9368.763914829367,0.1431025007095359
Appliances,169,Coreset,9,2,9505.367380522544,0.13060830518800992
Appliances,170,SRS,9,2,9163.647397163682,0.12411371562976126
Appliances,170,PCA-QS,9,2,9165.003993766877,0.12398404844521527
Appliances,170,Leverage,9,2,9243.090970819405,0.11652028328447683
Appliances,170,Coreset,9,2,9175.096328434292,0.12301939571150144
Appliances,171,SRS,9,2,9536.740979589435,0.07085179120095864
Appliances,171,PCA-QS,9,2,9073.784370983592,0.11595685429939195
Appliances,171,Leverage,9,2,9066.212613796242,0.11669455752978741
Appliances,171,Coreset,9,2,9042.24213464455,0.1190299599293615
Appliances,172,SRS,9,2,8977.624630672331,0.12990064792162515
Appliances,172,PCA-QS,9,2,9343.826880528264,0.09440881645869303
Appliances,172,Leverage,9,2,9365.540326396937,0.09230437837412742
Appliances,172,Coreset,9,2,9106.490517395394,0.11741113881922194
Appliances,173,SRS,9,2,9324.440967128901,0.11774916665850177
Appliances,173,PCA-QS,9,2,9137.073445934373,0.13547732347752695
Appliances,173,Leverage,9,2,9184.087715693326,0.13102897329546226
Appliances,173,Coreset,9,2,9146.679892670616,0.1345683900982091
Appliances,174,SRS,9,2,8827.06543810981,0.1440675439697392
Appliances,174,PCA-QS,9,2,8788.006659645209,0.14785494946878652
Appliances,174,Leverage,9,2,8788.839044813869,0.1477742357268561
Appliances,174,Coreset,9,2,9068.19543824341,0.12068593490792556
Appliances,175,SRS,9,2,8923.195035198136,0.14895656830794624
Appliances,175,PCA-QS,9,2,9074.277131362182,0.13454721996584496
Appliances,175,Leverage,9,2,9291.82597612632,0.11379865236439679
Appliances,175,Coreset,9,2,9142.709082015781,0.1280205709469795
Appliances,176,SRS,9,2,8934.753845463685,0.11666292072682138
Appliances,176,PCA-QS,9,2,8620.612712183905,0.14772057670150884
Appliances,176,Leverage,9,2,8878.790757025687,0.12219572800309875
Appliances,176,Coreset,9,2,9051.358774964094,0.10513473991341926
Appliances,177,SRS,9,2,9510.642933859137,0.09296280962348624
Appliances,177,PCA-QS,9,2,9120.75211220096,0.1301469913754263
Appliances,177,Leverage,9,2,9389.61790903119,0.10450505752918549
Appliances,177,Coreset,9,2,9127.494168904164,0.1295039963421819
Appliances,178,SRS,9,2,9337.39053760714,0.10229608490082986
Appliances,178,PCA-QS,9,2,9063.267622469253,0.1286504730081458
Appliances,178,Leverage,9,2,9133.619111623559,0.12188682667756612
Appliances,178,Coreset,9,2,9133.331072101828,0.12191451901894557
Appliances,179,SRS,9,2,8634.246327593804,0.14542133543704527
Appliances,179,PCA-QS,9,2,8823.455705736442,0.12669424663727702
Appliances,179,Leverage,9,2,8610.302275827253,0.14779120942564028
Appliances,179,Coreset,9,2,8788.15253292442,0.13018839507037383
Appliances,180,SRS,9,2,8085.255868978963,0.09948721151411044
Appliances,180,PCA-QS,9,2,7712.421290791494,0.14101246576558246
Appliances,180,Leverage,9,2,7837.571253609093,0.127073619076985
Appliances,180,Coreset,9,2,7686.856662749747,0.14385978128132326
Appliances,181,SRS,9,2,8668.589591541007,0.13243324457384187
Appliances,181,PCA-QS,9,2,8601.49167741999,0.13914851457654653
Appliances,181,Leverage,9,2,8610.774720862302,0.13821945226546595
Appliances,181,Coreset,9,2,8961.213388054508,0.10314697198926426
Appliances,182,SRS,9,2,8638.458530149122,0.12734834483307655
Appliances,182,PCA-QS,9,2,8540.137224587746,0.13728070136831427
Appliances,182,Leverage,9,2,8518.903578727806,0.13942571093688905
Appliances,182,Coreset,9,2,8545.147805534754,0.13677453562803865
Appliances,183,SRS,9,2,9371.881120677053,0.09359510995463083
Appliances,183,PCA-QS,9,2,9127.984967700224,0.11718361506634323
Appliances,183,Leverage,9,2,8915.872165791383,0.1376981818236207
Appliances,183,Coreset,9,2,8995.290513244712,0.13001720747449041
Appliances,184,SRS,9,2,9010.497786246953,0.12853797048399007
Appliances,184,PCA-QS,9,2,9081.565247209304,0.12166458843207617
Appliances,184,Leverage,9,2,9039.861627007353,0.12569800837862233
Appliances,184,Coreset,9,2,9044.651515847923,0.12523474804060508
Appliances,185,SRS,9,2,9664.565487177697,0.12002531728233778
Appliances,185,PCA-QS,9,2,9629.03579584585,0.12326035448067629
Appliances,185,Leverage,9,2,9730.820689249089,0.11399267147963499
Appliances,185,Coreset,9,2,9196.796535278454,0.16261645452268503
Appliances,186,SRS,9,2,8588.504323299128,0.11301407258666762
Appliances,186,PCA-QS,9,2,8357.591324251893,0.13686183150972864
Appliances,186,Leverage,9,2,8384.537191466487,0.13407897152368264
Appliances,186,Coreset,9,2,8754.959020439579,0.09582330591092658
Appliances,187,SRS,9,2,9471.637052374539,0.12572011053586118
Appliances,187,PCA-QS,9,2,9135.349593168059,0.1567611397726718
Appliances,187,Leverage,9,2,9173.875899839884,0.15320496728081523
Appliances,187,Coreset,9,2,9167.149189221813,0.1538258766107552
Appliances,188,SRS,9,2,8652.482651142867,0.14642173924545743
Appliances,188,PCA-QS,9,2,8643.5146406834,0.14730644472006593
Appliances,188,Leverage,9,2,9061.54832955541,0.10606689724324503
Appliances,188,Coreset,9,2,8742.036924304906,0.13758709792795132
Appliances,189,SRS,9,2,8971.794627064612,0.12253608437026609
Appliances,189,PCA-QS,9,2,8833.43179313427,0.13606831499800454
Appliances,189,Leverage,9,2,8873.464726730093,0.13215299413664983
Appliances,189,Coreset,9,2,8976.65800222854,0.12206043413618206
Appliances,190,SRS,9,2,9447.389433818023,0.12419741676991747
Appliances,190,PCA-QS,9,2,9457.881203192768,0.12322479689588495
Appliances,190,Leverage,9,2,9500.717195191024,0.11925376630483053
Appliances,190,Coreset,9,2,9520.18497469632,0.11744904218501617
Appliances,191,SRS,9,2,9458.531533267942,0.13564291217713542
Appliances,191,PCA-QS,9,2,9622.394108839952,0.12066851809424761
Appliances,191,Leverage,9,2,9546.287509533588,0.12762343263982734
Appliances,191,Coreset,9,2,9512.279503928916,0.1307312153420077
Appliances,192,SRS,9,2,9430.958635971414,0.10665219956267247
Appliances,192,PCA-QS,9,2,9690.026980782373,0.0821119439075303
Appliances,192,Leverage,9,2,9374.819396402527,0.1119699904811694
Appliances,192,Coreset,9,2,9552.669082547482,0.09512317436641526
Appliances,193,SRS,9,2,9098.043950802637,0.11503616062311128
Appliances,193,PCA-QS,9,2,8998.623028539943,0.12470680208799712
Appliances,193,Leverage,9,2,8851.05551944632,0.13906064672987273
Appliances,193,Coreset,9,2,9038.631805181418,0.12081516111804014
Appliances,194,SRS,9,2,9305.986472906356,0.10379455524984316
Appliances,194,PCA-QS,9,2,9516.445491419152,0.08352647095409671
Appliances,194,Leverage,9,2,9217.414269335055,0.11232442914609508
Appliances,194,Coreset,9,2,9328.883919919504,0.10158943527209474
Appliances,195,SRS,9,2,9191.954777785078,0.12226342697442072
Appliances,195,PCA-QS,9,2,9197.101895771886,0.12177193046340462
Appliances,195,Leverage,9,2,9135.078475321801,0.12769452536615078
Appliances,195,Coreset,9,2,9275.844211264073,0.11425285407290209
Appliances,196,SRS,9,2,9430.365786576205,0.15306580958353744
Appliances,196,PCA-QS,9,2,9539.985240059836,0.1432209673800453
Appliances,196,Leverage,9,2,9530.08103513274,0.14411045671391487
Appliances,196,Coreset,9,2,9493.336737650605,0.1474104349485612
Appliances,197,SRS,9,2,9438.451411783333,0.12386068339968259
Appliances,197,PCA-QS,9,2,9613.453330556504,0.10761585097661663
Appliances,197,Leverage,9,2,9322.435258246936,0.13463006802003208
Appliances,197,Coreset,9,2,9143.002572111945,0.151286193495214
Appliances,198,SRS,9,2,9420.869352254434,0.08870836438087648
Appliances,198,PCA-QS,9,2,8963.876024935333,0.13291385977074643
Appliances,198,Leverage,9,2,9099.363632980432,0.11980798606366705
Appliances,198,Coreset,9,2,8885.152295428552,0.14052889757053333
Appliances,199,SRS,9,2,8668.834586119228,0.12130681218365713
Appliances,199,PCA-QS,9,2,8630.918942552817,0.1251500297906496
Appliances,199,Leverage,9,2,8727.23506745484,0.11538720388971568
Appliances,199,Coreset,9,2,8675.526560215845,0.12062849816193644
Appliances,200,SRS,9,2,8721.545385231417,0.140907765452994
Appliances,200,PCA-QS,9,2,9025.893143321824,0.11092881286736556
Appliances,200,Leverage,9,2,8974.569458874263,0.1159843135624492
Appliances,200,Coreset,9,2,8782.939254244418,0.1348603284692712
Appliances,201,SRS,9,2,9589.819116135906,0.1448908998028099
Appliances,201,PCA-QS,9,2,9825.083149501941,0.12391277566469239
Appliances,201,Leverage,9,2,9740.177349500475,0.13148369242146551
Appliances,201,Coreset,9,2,9693.469004716117,0.13564860212378183
Appliances,202,SRS,9,2,8985.231208225143,0.13147896676293513
Appliances,202,PCA-QS,9,2,9067.550645466865,0.12352189130969282
Appliances,202,Leverage,9,2,9069.948991824333,0.12329006485935712
Appliances,202,Coreset,9,2,8760.552867100309,0.15319658987775275
Appliances,203,SRS,9,2,9690.842685921309,0.13219855079107856
Appliances,203,PCA-QS,9,2,9724.981854717616,0.12914143583045046
Appliances,203,Leverage,9,2,9820.554340923782,0.12058305296095029
Appliances,203,Coreset,9,2,9764.085725175737,0.12563973875899415
Appliances,204,SRS,9,2,8853.19032836665,0.1243726555946646
Appliances,204,PCA-QS,9,2,8782.884463872153,0.13132627741234848
Appliances,204,Leverage,9,2,8748.708650012048,0.13470644614511929
Appliances,204,Coreset,9,2,8681.750993166033,0.14132891251905721
Appliances,205,SRS,9,2,8630.410568167705,0.15296116108731195
Appliances,205,PCA-QS,9,2,8762.037064333523,0.1400425689065795
Appliances,205,Leverage,9,2,8742.011686815622,0.14200797627481232
Appliances,205,Coreset,9,2,8656.79287470906,0.15037184762138578
Appliances,206,SRS,9,2,9406.511574839918,0.14590631875188598
Appliances,206,PCA-QS,9,2,10009.830658412047,0.0911260728599197
Appliances,206,Leverage,9,2,9826.36647898318,0.10778427767249743
Appliances,206,Coreset,9,2,9850.876765718365,0.10555878941794672
Appliances,207,SRS,9,2,9806.88213040863,0.13328550299001418
Appliances,207,PCA-QS,9,2,10109.804551704367,0.1065137675377964
Appliances,207,Leverage,9,2,9655.027932494853,0.1467061022195686
Appliances,207,Coreset,9,2,9602.115411561468,0.15138241507379468
Appliances,208,SRS,9,2,8744.605539601322,0.13421067327984837
Appliances,208,PCA-QS,9,2,8517.88648511157,0.15665776213392846
Appliances,208,Leverage,9,2,8763.262412437973,0.13236348631426187
Appliances,208,Coreset,9,2,8772.93147240561,0.13140616824182438
Appliances,209,SRS,9,2,9058.595693145206,0.1250540438922263
Appliances,209,PCA-QS,9,2,9228.63210293871,0.108630673849065
Appliances,209,Leverage,9,2,9091.684979736086,0.12185803664409511
Appliances,209,Coreset,9,2,9120.233670899865,0.11910059357763625
Appliances,210,SRS,9,2,9387.48241480758,0.08927860151095346
Appliances,210,PCA-QS,9,2,9055.62432258673,0.12147363021966784
Appliances,210,Leverage,9,2,9256.85054709734,0.10195177968497038
Appliances,210,Coreset,9,2,9263.765109507118,0.10128096724884372
Appliances,211,SRS,9,2,8785.351393819536,0.130189580707742
Appliances,211,PCA-QS,9,2,8765.33223312668,0.13217161577675263
Appliances,211,Leverage,9,2,8794.924511759782,0.12924177596365438
Appliances,211,Coreset,9,2,8691.660028153545,0.1394656725111194
Appliances,212,SRS,9,2,9003.45712263493,0.11923833172189124
Appliances,212,PCA-QS,9,2,8985.115771033341,0.12103257133619227
Appliances,212,Leverage,9,2,8995.560345004811,0.12001083265623125
Appliances,212,Coreset,9,2,8873.379549350202,0.13196314829971445
Appliances,213,SRS,9,2,9846.072622031177,0.10969110799401327
Appliances,213,PCA-QS,9,2,9910.418722832368,0.10387275707295385
Appliances,213,Leverage,9,2,9811.850465568821,0.11278556924487593
Appliances,213,Coreset,9,2,9798.71204535327,0.11397358123644352
Appliances,214,SRS,9,2,8871.216662761111,0.12840770057111772
Appliances,214,PCA-QS,9,2,8920.560108690446,0.12355973336050652
Appliances,214,Leverage,9,2,8797.180985470823,0.1356816663260172
Appliances,214,Coreset,9,2,8911.858686375124,0.12441464345597852
Appliances,215,SRS,9,2,8622.331595013533,0.1255928288486734
Appliances,215,PCA-QS,9,2,8738.244501167954,0.11383787889650121
Appliances,215,Leverage,9,2,8520.536567926622,0.13591605762867254
Appliances,215,Coreset,9,2,8679.203967368388,0.119825292576207
Appliances,216,SRS,9,2,9742.894401939922,0.11541636901235575
Appliances,216,PCA-QS,9,2,9763.202361952184,0.11357255461136806
Appliances,216,Leverage,9,2,9618.847896522333,0.12667888543168293
Appliances,216,Coreset,9,2,9916.036326270816,0.09969634724240672
Appliances,217,SRS,9,2,9656.132843453597,0.11306057109828715
Appliances,217,PCA-QS,9,2,9217.027724336796,0.15339345071906718
Appliances,217,Leverage,9,2,9339.134855508819,0.14217761194154221
Appliances,217,Coreset,9,2,9397.303264776667,0.13683470122018415
Appliances,218,SRS,9,2,9513.690199902592,0.10213590944553608
Appliances,218,PCA-QS,9,2,9390.263230571829,0.11378445393663106
Appliances,218,Leverage,9,2,9146.948699891373,0.13674750772729682
Appliances,218,Coreset,9,2,9233.970513481276,0.12853473646025493
Appliances,219,SRS,9,2,9748.45799046493,0.10934140287596994
Appliances,219,PCA-QS,9,2,9603.551914876947,0.12258060872003052
Appliances,219,Leverage,9,2,9576.551743825807,0.1250474536809505
Appliances,219,Coreset,9,2,9607.102959383079,0.12225617091445651
Appliances,220,SRS,9,2,9635.797575146327,0.10902824927011712
Appliances,220,PCA-QS,9,2,9392.521181582475,0.13152274363806726
Appliances,220,Leverage,9,2,9143.65274245637,0.1545343051803647
Appliances,220,Coreset,9,2,9692.872781216733,0.10375080379876545
Appliances,221,SRS,9,2,8843.459773696646,0.11908683857162683
Appliances,221,PCA-QS,9,2,8786.05518182033,0.12480501469322569
Appliances,221,Leverage,9,2,8945.861259863359,0.10888643972067169
Appliances,221,Coreset,9,2,8991.507050812335,0.10433957921135406
Appliances,222,SRS,9,2,8840.934902095849,0.14455362917803527
Appliances,222,PCA-QS,9,2,8731.106305965524,0.1551806132032072
Appliances,222,Leverage,9,2,9043.578016410742,0.12494593851721614
Appliances,222,Coreset,9,2,9168.434617989695,0.11286484891790693
Appliances,223,SRS,9,2,9159.502080319975,0.15393801314464528
Appliances,223,PCA-QS,9,2,9436.77004901431,0.12832680781625672
Appliances,223,Leverage,9,2,9295.617857323548,0.14136501695728265
Appliances,223,Coreset,9,2,9230.236016056748,0.14740432892439326
Appliances,224,SRS,9,2,9952.023382790101,0.051148539882264976
Appliances,224,PCA-QS,9,2,9025.561275070197,0.13947981582901947
Appliances,224,Leverage,9,2,9262.345115323253,0.11690423658099247
Appliances,224,Coreset,9,2,9089.071104826255,0.1334246256050824
Appliances,225,SRS,9,2,9002.361925200068,0.11544361741577103
Appliances,225,PCA-QS,9,2,8835.51515486372,0.13183769008701618
Appliances,225,Leverage,9,2,8763.582535911053,0.1389056637742847
Appliances,225,Coreset,9,2,8715.930794443178,0.14358784078592768
Appliances,226,SRS,9,2,8852.935720314055,0.14320143957243792
Appliances,226,PCA-QS,9,2,8810.69865774125,0.1472891970748479
Appliances,226,Leverage,9,2,8950.004534837499,0.13380699425242304
Appliances,226,Coreset,9,2,9310.3907910701,0.09892834661586047
Appliances,227,SRS,9,2,8448.989665889405,0.14316845674466983
Appliances,227,PCA-QS,9,2,8396.148497163018,0.14852720162869248
Appliances,227,Leverage,9,2,8588.155839880028,0.1290552938287849
Appliances,227,Coreset,9,2,8344.609382915456,0.15375390216272644
Appliances,228,SRS,9,2,9597.809917246452,0.13539567244202078
Appliances,228,PCA-QS,9,2,9566.990131852837,0.13817202663693395
Appliances,228,Leverage,9,2,9470.046749172318,0.1469050260312097
Appliances,228,Coreset,9,2,9843.538142580834,0.11325961339739643
Appliances,229,SRS,9,2,9534.830451351996,0.11807113062406405
Appliances,229,PCA-QS,9,2,9487.122894927837,0.12248386470596706
Appliances,229,Leverage,9,2,9345.763482906208,0.13555897359814495
Appliances,229,Coreset,9,2,9594.263854777693,0.11257380851080545
Appliances,230,SRS,9,2,8596.495140118333,0.11400125031018005
Appliances,230,PCA-QS,9,2,8439.752209767672,0.13015597826033076
Appliances,230,Leverage,9,2,8575.139641774274,0.11620225717675037
Appliances,230,Coreset,9,2,8456.130247223606,0.12846797396650989
Appliances,231,SRS,9,2,9168.110069749762,0.13248073692965856
Appliances,231,PCA-QS,9,2,9077.832835530062,0.14102309070884267
Appliances,231,Leverage,9,2,9289.03206956046,0.12103866616843428
Appliances,231,Coreset,9,2,9177.508660951402,0.13159140872012387
Appliances,232,SRS,9,2,8448.391563013647,0.1462018255472548
Appliances,232,PCA-QS,9,2,8686.195568722835,0.12216924793319961
Appliances,232,Leverage,9,2,8706.685764375321,0.12009849973080067
Appliances,232,Coreset,9,2,8866.54872151807,0.10394267883246056
Appliances,233,SRS,9,2,9147.322619873044,0.13985200515717677
Appliances,233,PCA-QS,9,2,9282.019363684045,0.12718609853995755
Appliances,233,Leverage,9,2,9190.30033154249,0.13581069229967535
Appliances,233,Coreset,9,2,9055.191443118016,0.1485153540125217
Appliances,234,SRS,9,2,8768.776567677925,0.12121498377181306
Appliances,234,PCA-QS,9,2,8645.074569016262,0.13361209094660964
Appliances,234,Leverage,9,2,8940.618323654926,0.1039934296417232
Appliances,234,Coreset,9,2,8831.876847396623,0.11489123040569393
Appliances,235,SRS,9,2,8846.277183445398,0.12131735871396743
Appliances,235,PCA-QS,9,2,9110.696758943497,0.0950531024411484
Appliances,235,Leverage,9,2,8675.430848688788,0.1382871761371547
Appliances,235,Coreset,9,2,8703.716472790647,0.1354776228775354
Appliances,236,SRS,9,2,9886.841533147797,0.13337491704166893
Appliances,236,PCA-QS,9,2,10011.132215519134,0.12248029285255124
Appliances,236,Leverage,9,2,9760.32786131712,0.14446439602017103
Appliances,236,Coreset,9,2,10195.41071411083,0.10632747310783941
Appliances,237,SRS,9,2,9447.265563463105,0.12630684456724783
Appliances,237,PCA-QS,9,2,9300.23074434497,0.13990478083894886
Appliances,237,Leverage,9,2,9328.566786961297,0.13728423351553265
Appliances,237,Coreset,9,2,9543.456786440567,0.11741097807936773
Appliances,238,SRS,9,2,9012.353834260502,0.10677543245897914
Appliances,238,PCA-QS,9,2,8903.685497337627,0.11754567406715288
Appliances,238,Leverage,9,2,8855.19273192704,0.12235184681728162
Appliances,238,Coreset,9,2,9211.559550997754,0.08703192887971345
Appliances,239,SRS,9,2,8911.809334925172,0.1423494092480022
Appliances,239,PCA-QS,9,2,9075.642308293933,0.12658252722509888
Appliances,239,Leverage,9,2,9265.974125332545,0.10826546172389473
Appliances,239,Coreset,9,2,8974.22243777039,0.13634292588259977
Appliances,240,SRS,9,2,9354.875130930986,0.12858884958975103
Appliances,240,PCA-QS,9,2,9550.25445569829,0.11038917083627198
Appliances,240,Leverage,9,2,9357.574190040896,0.12833743092610517
Appliances,240,Coreset,9,2,9476.037398708007,0.11730252564932842
Appliances,241,SRS,9,2,10115.59328184101,0.08280461327527133
Appliances,241,PCA-QS,9,2,9729.038969806685,0.1178540485222278
Appliances,241,Leverage,9,2,9637.559051731994,0.12614866422081294
Appliances,241,Coreset,9,2,9718.395788686943,0.11881908105676298
Appliances,242,SRS,9,2,8548.539336670066,0.1334475763198849
Appliances,242,PCA-QS,9,2,8781.442280405268,0.10983855933727271
Appliances,242,Leverage,9,2,8800.919676991041,0.10786416528541631
Appliances,242,Coreset,9,2,8809.958069393477,0.10694795720190131
Appliances,243,SRS,9,2,9418.24516366285,0.12279992522399197
Appliances,243,PCA-QS,9,2,9543.010065099359,0.1111795247175601
Appliances,243,Leverage,9,2,9333.51633460069,0.13069143090232838
Appliances,243,Coreset,9,2,9295.418092830498,0.13423983933180816
Appliances,244,SRS,9,2,9298.3349161227,0.13019778855912356
Appliances,244,PCA-QS,9,2,9413.47670652622,0.11942698014819075
Appliances,244,Leverage,9,2,9351.799148279477,0.12519653749832127
Appliances,244,Coreset,9,2,9384.539505541064,0.1221338778494292
Appliances,245,SRS,9,2,9857.930179610523,0.12712255705364495
Appliances,245,PCA-QS,9,2,9798.624327408921,0.13237383594062258
Appliances,245,Leverage,9,2,9998.907962153215,0.1146395789744703
Appliances,245,Coreset,9,2,9786.905491827803,0.13341148857662033
Appliances,246,SRS,9,2,9089.252273476257,0.1200535376940357
Appliances,246,PCA-QS,9,2,9187.453437892364,0.11054651064468846
Appliances,246,Leverage,9,2,9222.2855548351,0.10717435228048178
Appliances,246,Coreset,9,2,8998.55532451545,0.1288340684768483
Appliances,247,SRS,9,2,8758.288502852323,0.13100447377377933
Appliances,247,PCA-QS,9,2,8752.828047568528,0.13154625898800587
Appliances,247,Leverage,9,2,8739.786280446373,0.13284026035363183
Appliances,247,Coreset,9,2,8552.233408669248,0.15144921648154686
Appliances,248,SRS,9,2,9114.116195076234,0.1518258245639662
Appliances,248,PCA-QS,9,2,9161.568144154207,0.1474098705734097
Appliances,248,Leverage,9,2,9194.133035618028,0.14437932988528335
Appliances,248,Coreset,9,2,9082.836071648082,0.15473680269155943
Appliances,249,SRS,9,2,9726.026243630333,0.10809895559393623
Appliances,249,PCA-QS,9,2,9607.49788256145,0.11896830412137915
Appliances,249,Leverage,9,2,9652.831628805505,0.11481108568405585
Appliances,249,Coreset,9,2,9710.080439503545,0.10956122589820272
Appliances,250,SRS,9,2,9425.487209129908,0.11988219120277865
Appliances,250,PCA-QS,9,2,9428.916131538734,0.11956201086514373
Appliances,250,Leverage,9,2,9404.725576268613,0.12182083717571424
Appliances,250,Coreset,9,2,9422.805283877384,0.12013261965536004
Appliances,251,SRS,9,2,9392.714923103844,0.13384810844938255
Appliances,251,PCA-QS,9,2,9597.132379058467,0.11499769431560047
Appliances,251,Leverage,9,2,9546.574865651679,0.11965986986632116
Appliances,251,Coreset,9,2,9418.06274789563,0.1315106515405079
Appliances,252,SRS,9,2,9447.415499620436,0.12463402922178823
Appliances,252,PCA-QS,9,2,9336.907367821985,0.13487334367498716
Appliances,252,Leverage,9,2,9469.148579196728,0.12262031464534517
Appliances,252,Coreset,9,2,9526.83503733317,0.11727528007696053
Appliances,253,SRS,9,2,8871.032244570755,0.1400061242714148
Appliances,253,PCA-QS,9,2,9097.637199114848,0.11803812012658221
Appliances,253,Leverage,9,2,9053.596652070415,0.12230758952966425
Appliances,253,Coreset,9,2,8877.651698902033,0.13936440749836987
Appliances,254,SRS,9,2,8814.42125073581,0.11237427629898
Appliances,254,PCA-QS,9,2,8796.97489749278,0.11413115079848213
Appliances,254,Leverage,9,2,8584.697601852713,0.13550779967966442
Appliances,254,Coreset,9,2,8862.197199344193,0.10756316508104502
Appliances,255,SRS,9,2,8513.636378622543,0.1585842173316463
Appliances,255,PCA-QS,9,2,8871.999413536632,0.12316664720159198
Appliances,255,Leverage,9,2,8599.725915770108,0.15007585591507677
Appliances,255,Coreset,9,2,8970.922493587612,0.11338992699375461
Appliances,256,SRS,9,2,9110.990044872058,0.12949453890923557
Appliances,256,PCA-QS,9,2,9110.130107068591,0.12957670128131915
Appliances,256,Leverage,9,2,9212.662698502223,0.1197802707789063
Appliances,256,Coreset,9,2,9021.750413634138,0.13802089948648788
Appliances,257,SRS,9,2,8352.828077599897,0.14087295223739582
Appliances,257,PCA-QS,9,2,8307.128200132425,0.14557339626030497
Appliances,257,Leverage,9,2,8458.503847560582,0.1300037099373138
Appliances,257,Coreset,9,2,8306.322543781649,0.14565626174678736
Appliances,258,SRS,9,2,8996.151824219232,0.12085055132977884
Appliances,258,PCA-QS,9,2,8976.329077888175,0.1227877303423831
Appliances,258,Leverage,9,2,9121.351571424437,0.10861539891352223
Appliances,258,Coreset,9,2,8912.142428143063,0.12906037433928452
Appliances,259,SRS,9,2,8636.216371704835,0.14399423367567654
Appliances,259,PCA-QS,9,2,8602.66096276499,0.1473201836412178
Appliances,259,Leverage,9,2,8728.151574038931,0.13488178674995832
Appliances,259,Coreset,9,2,8517.055359296064,0.15580525245435695
Appliances,260,SRS,9,2,9112.519439946833,0.13846876147480913
Appliances,260,PCA-QS,9,2,9007.27845592804,0.14841863273739908
Appliances,260,Leverage,9,2,8933.980979736272,0.15534844680917392
Appliances,260,Coreset,9,2,9176.286909703871,0.13243994940374038
Appliances,261,SRS,9,2,9697.95118211318,0.13197326571770118
Appliances,261,PCA-QS,9,2,9550.618983159833,0.14516041062187224
Appliances,261,Leverage,9,2,9789.084635302981,0.12381625685359032
Appliances,261,Coreset,9,2,9775.23035415421,0.12505630087892805
Appliances,262,SRS,9,2,9491.691020907236,0.1099464232879801
Appliances,262,PCA-QS,9,2,9227.469599511087,0.13472295895897546
Appliances,262,Leverage,9,2,9193.88331633402,0.13787240739807494
Appliances,262,Coreset,9,2,9258.077685345703,0.13185278164142478
Appliances,263,SRS,9,2,9223.755152956002,0.12817098411048244
Appliances,263,PCA-QS,9,2,9173.652070959864,0.1329067256761859
Appliances,263,Leverage,9,2,9043.28996656347,0.14522854724457068
Appliances,263,Coreset,9,2,9096.67132573989,0.14018294303393553
Appliances,264,SRS,9,2,9344.700730159433,0.1391049486995274
Appliances,264,PCA-QS,9,2,9493.095612438401,0.12543383996300395
Appliances,264,Leverage,9,2,9398.172379908361,0.13417879001526323
Appliances,264,Coreset,9,2,9329.3462303777,0.14051950581151995
Appliances,265,SRS,9,2,9384.632558415125,0.13799037316742435
Appliances,265,PCA-QS,9,2,9339.752696641473,0.14211273732595653
Appliances,265,Leverage,9,2,9949.811172656951,0.08607684290144824
Appliances,265,Coreset,9,2,9213.163044897825,0.153740416702978
Appliances,266,SRS,9,2,9975.443879107215,0.1079358284330596
Appliances,266,PCA-QS,9,2,9583.9469053251,0.14294584180392955
Appliances,266,Leverage,9,2,10007.266939253588,0.10509001905051607
Appliances,266,Coreset,9,2,9670.93509089009,0.1351668352120855
Appliances,267,SRS,9,2,8496.007775954533,0.1470215600019058
Appliances,267,PCA-QS,9,2,8880.629655648194,0.10840646223107386
Appliances,267,Leverage,9,2,8847.958194881387,0.11168659713351625
Appliances,267,Coreset,9,2,8738.02885304361,0.12272323469123891
Appliances,268,SRS,9,2,9202.777843755655,0.08235456989901635
Appliances,268,PCA-QS,9,2,8742.840351968605,0.12821675897238138
Appliances,268,Leverage,9,2,8687.085229240918,0.13377632310012966
Appliances,268,Coreset,9,2,9350.179916469504,0.06765652538357092
Appliances,269,SRS,9,2,9146.503436419836,0.10064675465202666
Appliances,269,PCA-QS,9,2,9193.89773701005,0.09598658933933646
Appliances,269,Leverage,9,2,8755.477127709257,0.13909541234945955
Appliances,269,Coreset,9,2,8968.919886472007,0.11810810948299455
Appliances,270,SRS,9,2,8775.180938319492,0.12194367521631533
Appliances,270,PCA-QS,9,2,8975.568299736085,0.10189264819643817
Appliances,270,Leverage,9,2,8957.867971838014,0.1036637666464042
Appliances,270,Coreset,9,2,8873.216586840832,0.1121340972892626
Appliances,271,SRS,9,2,8516.31696461308,0.139978323562027
Appliances,271,PCA-QS,9,2,8523.121943252954,0.13929112166920077
Appliances,271,Leverage,9,2,8500.234633027181,0.14160240047567474
Appliances,271,Coreset,9,2,8516.319220867807,0.1399780957137703
Appliances,272,SRS,9,2,9146.861013786494,0.08177728513557836
Appliances,272,PCA-QS,9,2,8696.867168392402,0.12695065879537937
Appliances,272,Leverage,9,2,8807.362362666574,0.1158584166466271
Appliances,272,Coreset,9,2,9222.389244424103,0.0741952592492725
Appliances,273,SRS,9,2,9019.050994021389,0.12768190367143706
Appliances,273,PCA-QS,9,2,8940.994269192086,0.13523151101414688
Appliances,273,Leverage,9,2,8936.120668507323,0.13570288323217916
Appliances,273,Coreset,9,2,8946.86584758842,0.1346636148915361
Appliances,274,SRS,9,2,9513.215943416506,0.11987770044250512
Appliances,274,PCA-QS,9,2,9537.337424895688,0.11764608351354411
Appliances,274,Leverage,9,2,9512.57509846288,0.11993698869346048
Appliances,274,Coreset,9,2,9598.311007296461,0.11200506686112954
Appliances,275,SRS,9,2,9458.154592227838,0.10112113756894558
Appliances,275,PCA-QS,9,2,9197.126193256381,0.1259286101093574
Appliances,275,Leverage,9,2,9083.396789950646,0.1367371622081387
Appliances,275,Coreset,9,2,9100.258384053039,0.1351346793582614
Appliances,276,SRS,9,2,9597.134186319989,0.13895153580424624
Appliances,276,PCA-QS,9,2,9672.3432301591,0.13220383066289187
Appliances,276,Leverage,9,2,9797.506736782656,0.12097424451151872
Appliances,276,Coreset,9,2,9814.127511486193,0.11948303971492202
Appliances,277,SRS,9,2,8442.857685754418,0.13885674519504143
Appliances,277,PCA-QS,9,2,8456.49391969496,0.13746589492657668
Appliances,277,Leverage,9,2,8213.535587677887,0.16224683244826277
Appliances,277,Coreset,9,2,8378.586441650128,0.14541219719936904
Appliances,278,SRS,9,2,9525.990529656745,0.13480824699077276
Appliances,278,PCA-QS,9,2,9846.290751490798,0.10571719241171307
Appliances,278,Leverage,9,2,9807.43923806151,0.10924585527425745
Appliances,278,Coreset,9,2,9566.739029137903,0.131107291631974
Appliances,279,SRS,9,2,9320.122591150961,0.12762522503533325
Appliances,279,PCA-QS,9,2,9168.727278722503,0.1417960098419493
Appliances,279,Leverage,9,2,9330.716752204307,0.1266335987155649
Appliances,279,Coreset,9,2,9220.991016427337,0.13690406062420435
Appliances,280,SRS,9,2,8999.38010403571,0.15510984029561514
Appliances,280,PCA-QS,9,2,9050.788142463689,0.15028349166988864
Appliances,280,Leverage,9,2,9367.800842295906,0.12052134055578578
Appliances,280,Coreset,9,2,9022.843115538162,0.15290705884775047
Appliances,281,SRS,9,2,8987.08973206936,0.14596820449866177
Appliances,281,PCA-QS,9,2,9008.937833809656,0.1438920069626587
Appliances,281,Leverage,9,2,8966.51776419454,0.147923132643914
Appliances,281,Coreset,9,2,8895.443373260789,0.15467724231822988
Appliances,282,SRS,9,2,9838.423254324096,0.12599438619762504
Appliances,282,PCA-QS,9,2,9963.850047173812,0.11485197869612851
Appliances,282,Leverage,9,2,10003.163203574462,0.11135955734951108
Appliances,282,Coreset,9,2,9742.40623125331,0.13452414904835175
Appliances,283,SRS,9,2,9027.855369882816,0.14363888218099385
Appliances,283,PCA-QS,9,2,9197.092627606567,0.12758543412904344
Appliances,283,Leverage,9,2,8995.234080621267,0.1467332609223626
Appliances,283,Coreset,9,2,9082.924184567526,0.13841518399707187
Appliances,284,SRS,9,2,8438.554687910351,0.14839370747906222
Appliances,284,PCA-QS,9,2,8988.027909838633,0.09294169339941494
Appliances,284,Leverage,9,2,8614.436465883233,0.130643982034246
Appliances,284,Coreset,9,2,8816.680147167071,0.11023385281500087
Appliances,285,SRS,9,2,8692.53814703994,0.12523099150150685
Appliances,285,PCA-QS,9,2,8766.623883570195,0.11777541233783984
Appliances,285,Leverage,9,2,8776.210986142287,0.11681061930851988
Appliances,285,Coreset,9,2,8744.48806842396,0.12000303846271032
Appliances,286,SRS,9,2,9677.630673483718,0.1248340721186807
Appliances,286,PCA-QS,9,2,9721.949923355882,0.12082620090040308
Appliances,286,Leverage,9,2,9620.296725467222,0.13001888640927328
Appliances,286,Coreset,9,2,9577.676042382245,0.1338731531112669
Appliances,287,SRS,9,2,9062.900082729731,0.11043571174184008
Appliances,287,PCA-QS,9,2,9052.311012749,0.11147507645012755
Appliances,287,Leverage,9,2,9029.35952903506,0.11372786750906982
Appliances,287,Coreset,9,2,8932.494320216781,0.12323562217400452
Appliances,288,SRS,9,2,9888.189310765358,0.11945380171743591
Appliances,288,PCA-QS,9,2,9895.390712236589,0.11881251477515453
Appliances,288,Leverage,9,2,9787.865573295532,0.1283876603694316
Appliances,288,Coreset,9,2,9721.739209900807,0.13427623269177635
Appliances,289,SRS,9,2,9024.646289894901,0.1399196157688638
Appliances,289,PCA-QS,9,2,9111.892313146238,0.13160476432868384
Appliances,289,Leverage,9,2,9079.73808990088,0.13466917436705705
Appliances,289,Coreset,9,2,9039.637139984621,0.13849093527647105
Appliances,290,SRS,9,2,8864.026897519087,0.1483072571759838
Appliances,290,PCA-QS,9,2,8913.914281028221,0.14351386891301487
Appliances,290,Leverage,9,2,9056.592279641307,0.12980477062345175
Appliances,290,Coreset,9,2,9141.497376183102,0.12164673417010374
Appliances,291,SRS,9,2,9795.111961650087,0.12266796905640642
Appliances,291,PCA-QS,9,2,9874.316772742866,0.11557372469773075
Appliances,291,Leverage,9,2,9542.89081099616,0.145259001728264
Appliances,291,Coreset,9,2,9498.622439912633,0.1492240467488145
Appliances,292,SRS,9,2,8795.82234360984,0.14961971789754236
Appliances,292,PCA-QS,9,2,9278.72161467263,0.10293300660308535
Appliances,292,Leverage,9,2,9087.40353241986,0.12142964266527323
Appliances,292,Coreset,9,2,8952.339173281749,0.13448766763883324
Appliances,293,SRS,9,2,8957.4547870571,0.13849141416380695
Appliances,293,PCA-QS,9,2,8790.368703254011,0.15456139153931092
Appliances,293,Leverage,9,2,9035.434446076302,0.13099149958286027
Appliances,293,Coreset,9,2,8899.981118834768,0.1440191069973321
Appliances,294,SRS,9,2,8892.673106874303,0.10696898761060425
Appliances,294,PCA-QS,9,2,8840.225684698924,0.11223592747891964
Appliances,294,Leverage,9,2,8669.348652735824,0.12939595203105791
Appliances,294,Coreset,9,2,8710.344440742745,0.12527902232639776
Appliances,295,SRS,9,2,8862.42462369224,0.15220277644091762
Appliances,295,PCA-QS,9,2,9084.440267384365,0.13096431695595023
Appliances,295,Leverage,9,2,9160.395096453454,0.12369832644715295
Appliances,295,Coreset,9,2,9091.149525924144,0.13032249589639977
Appliances,296,SRS,9,2,8838.844976895412,0.13425103596947363
Appliances,296,PCA-QS,9,2,8747.908750056979,0.1431580757901756
Appliances,296,Leverage,9,2,8776.793164272678,0.14032889938203197
Appliances,296,Coreset,9,2,8557.975119365012,0.16176173321780962
Appliances,297,SRS,9,2,9557.54022274239,0.13239797254273888
Appliances,297,PCA-QS,9,2,9543.490556045808,0.13367335501845656
Appliances,297,Leverage,9,2,9390.741106790965,0.14753944700215904
Appliances,297,Coreset,9,2,9645.67159177882,0.12439769708727744
Appliances,298,SRS,9,2,8455.464971330723,0.11946689652747045
Appliances,298,PCA-QS,9,2,8447.91831417767,0.12025278842890375
Appliances,298,Leverage,9,2,8562.619495181942,0.10830806543329052
Appliances,298,Coreset,9,2,8410.14043806687,0.12418689147435791
Appliances,299,SRS,9,2,8977.209022826963,0.08458702829068843
Appliances,299,PCA-QS,9,2,8631.93455136746,0.11979493412984354
Appliances,299,Leverage,9,2,8723.654023355633,0.11044222838323459
Appliances,299,Coreset,9,2,8676.897398430207,0.11521003771698723
Appliances,300,SRS,9,2,9227.886456785052,0.1344295774646509
Appliances,300,PCA-QS,9,2,9206.49640631422,0.13643595185068125
Appliances,300,Leverage,9,2,9251.235171405704,0.13223948151207277
Appliances,300,Coreset,9,2,9169.452127557426,0.13991068381299965
Appliances,301,SRS,9,2,9521.282183514522,0.11209487203216562
Appliances,301,PCA-QS,9,2,9378.0034666998,0.12545629803933867
Appliances,301,Leverage,9,2,9156.09571777288,0.14615025757234779
Appliances,301,Coreset,9,2,9459.142669126964,0.11788967911914316
Appliances,302,SRS,9,2,8486.679262400625,0.138049747708627
Appliances,302,PCA-QS,9,2,8490.727536935074,0.13763858438450172
Appliances,302,Leverage,9,2,8703.98988966014,0.1159785766179745
Appliances,302,Coreset,9,2,8428.40174772478,0.14396870810816842
Appliances,303,SRS,9,2,8871.942249441265,0.11612405921517832
Appliances,303,PCA-QS,9,2,9205.720205273334,0.08287110327501945
Appliances,303,Leverage,9,2,8983.447812179147,0.10501520825597677
Appliances,303,Coreset,9,2,8720.22065025473,0.13123947221584575
Appliances,304,SRS,9,2,9044.027888615097,0.1212308464383064
Appliances,304,PCA-QS,9,2,8888.43030227169,0.1363495923036706
Appliances,304,Leverage,9,2,8891.042804221608,0.13609574676543457
Appliances,304,Coreset,9,2,8965.782884649241,0.12883357574789456
Appliances,305,SRS,9,2,8574.45535861532,0.14665459437810102
Appliances,305,PCA-QS,9,2,8667.035579168723,0.13744084230213616
Appliances,305,Leverage,9,2,8806.039293734506,0.1236069395960121
Appliances,305,Coreset,9,2,8674.701477606788,0.1366779181351203
Appliances,306,SRS,9,2,9095.928228454908,0.14811362202429224
Appliances,306,PCA-QS,9,2,9413.57857855744,0.11836382635582654
Appliances,306,Leverage,9,2,9449.819815422461,0.11496962455136195
Appliances,306,Coreset,9,2,9578.065792070523,0.10295864581530478
Appliances,307,SRS,9,2,9067.021069282131,0.1393038096840188
Appliances,307,PCA-QS,9,2,9316.3155085326,0.11563928166645843
Appliances,307,Leverage,9,2,9024.02400412472,0.14338534979437845
Appliances,307,Coreset,9,2,9295.623867540737,0.11760345671766881
Appliances,308,SRS,9,2,8257.367926753524,0.13087248106814342
Appliances,308,PCA-QS,9,2,8390.96187189079,0.11681107855932737
Appliances,308,Leverage,9,2,8571.258418788291,0.09783400355588667
Appliances,308,Coreset,9,2,8466.931605756987,0.10881490024987894
Appliances,309,SRS,9,2,8542.645774643011,0.143356835652511
Appliances,309,PCA-QS,9,2,8574.797565519939,0.14013270432331515
Appliances,309,Leverage,9,2,8536.666173266072,0.14395646073122859
Appliances,309,Coreset,9,2,9190.256059864394,0.07841548860020298
Appliances,310,SRS,9,2,9156.35684364704,0.13860792046296444
Appliances,310,PCA-QS,9,2,9277.622814622428,0.12719972081552022
Appliances,310,Leverage,9,2,9278.048085325303,0.12715971311143315
Appliances,310,Coreset,9,2,9198.669884248458,0.13462728507952804
Appliances,311,SRS,9,2,9009.109433049138,0.11014037428528534
Appliances,311,PCA-QS,9,2,8783.535108680619,0.13242109862825557
Appliances,311,Leverage,9,2,9073.002163989215,0.10382947729122094
Appliances,311,Coreset,9,2,8747.769026219463,0.13595383324411137
Appliances,312,SRS,9,2,8669.40295933935,0.16158386552326132
Appliances,312,PCA-QS,9,2,8743.063250907908,0.15446019423805357
Appliances,312,Leverage,9,2,9030.409177312258,0.1266710302087083
Appliances,312,Coreset,9,2,8807.830627770976,0.14819655486122274
Appliances,313,SRS,9,2,8987.029655310575,0.14457176415530637
Appliances,313,PCA-QS,9,2,9143.10011731062,0.12971623512105268
Appliances,313,Leverage,9,2,8932.132533097785,0.14979713340505474
Appliances,313,Coreset,9,2,8904.515292490307,0.1524258737472871
Appliances,314,SRS,9,2,8739.406089201751,0.1221809725023324
Appliances,314,PCA-QS,9,2,8704.63788262712,0.12567322277330795
Appliances,314,Leverage,9,2,8776.144911235895,0.11849078615554265
Appliances,314,Coreset,9,2,8570.062137950064,0.1391905199570549
Appliances,315,SRS,9,2,9008.018290921575,0.13336366333601213
Appliances,315,PCA-QS,9,2,9291.508673267648,0.10608984366765328
Appliances,315,Leverage,9,2,9093.95782018863,0.12509566071731304
Appliances,315,Coreset,9,2,8888.01183875474,0.14490914967086144
Appliances,316,SRS,9,2,8697.865201673118,0.1221484306056938
Appliances,316,PCA-QS,9,2,8727.227259681249,0.11918499899282786
Appliances,316,Leverage,9,2,8705.067333266215,0.121421539308187
Appliances,316,Coreset,9,2,8588.262408458128,0.1332103385340061
Appliances,317,SRS,9,2,9272.06029492855,0.13143177703711562
Appliances,317,PCA-QS,9,2,9173.307469221441,0.14068253292185695
Appliances,317,Leverage,9,2,9212.446705326804,0.13701613131629864
Appliances,317,Coreset,9,2,9163.847925894886,0.14156866377906008
Appliances,318,SRS,9,2,8591.872040072054,0.1168964186199778
Appliances,318,PCA-QS,9,2,8339.54757218678,0.1428312370413919
Appliances,318,Leverage,9,2,8693.725762107026,0.10642752589363613
Appliances,318,Coreset,9,2,8560.015652716893,0.12017073295240321
Appliances,319,SRS,9,2,9034.938416783556,0.12789004496131617
Appliances,319,PCA-QS,9,2,9234.222126008535,0.10865390867849567
Appliances,319,Leverage,9,2,8963.98145995618,0.13473926358060984
Appliances,319,Coreset,9,2,8934.36514591458,0.13759801934802607
Appliances,320,SRS,9,2,9799.447743814582,0.09645128358218058
Appliances,320,PCA-QS,9,2,9434.864364902518,0.13006734569661926
Appliances,320,Leverage,9,2,9478.933144703671,0.126004025960202
Appliances,320,Coreset,9,2,9430.554763192533,0.13046470840471547
Appliances,321,SRS,9,2,9336.643283969239,0.14409929915017705
Appliances,321,PCA-QS,9,2,9589.135681620724,0.12095303410220071
Appliances,321,Leverage,9,2,9577.610769805155,0.12200953586628938
Appliances,321,Coreset,9,2,9478.970597775067,0.1310519925399266
Appliances,322,SRS,9,2,9268.456753682865,0.1351741336460145
Appliances,322,PCA-QS,9,2,9270.380965349434,0.13499458832732625
Appliances,322,Leverage,9,2,9312.916389907423,0.13102567134667786
Appliances,322,Coreset,9,2,9473.082186780557,0.11608083989067042
Appliances,323,SRS,9,2,8811.469840765802,0.14236709508688206
Appliances,323,PCA-QS,9,2,9055.09285661246,0.11865492009677792
Appliances,323,Leverage,9,2,9090.379661483252,0.11522040513919052
Appliances,323,Coreset,9,2,8835.287227030125,0.1400489149718227
Appliances,324,SRS,9,2,9256.912498822137,0.12675176119428078
Appliances,324,PCA-QS,9,2,9285.18230956624,0.12408493654331865
Appliances,324,Leverage,9,2,9456.480461454015,0.10792557353046661
Appliances,324,Coreset,9,2,9077.994848046787,0.1436299074931371
Appliances,325,SRS,9,2,9208.51412642236,0.1320031499215254
Appliances,325,PCA-QS,9,2,9269.453265015656,0.12625901144062734
Appliances,325,Leverage,9,2,9472.188968947119,0.1071490931633644
Appliances,325,Coreset,9,2,9411.043408637875,0.1129126890069565
Appliances,326,SRS,9,2,8922.040641433581,0.07684192585353533
Appliances,326,PCA-QS,9,2,8591.102208679247,0.1110839225581649
Appliances,326,Leverage,9,2,8715.778563729898,0.09818373655299706
Appliances,326,Coreset,9,2,8423.22276642886,0.1284543055036239
Appliances,327,SRS,9,2,8865.372492412576,0.13557095619524695
Appliances,327,PCA-QS,9,2,8833.207566205143,0.13870723686809372
Appliances,327,Leverage,9,2,9106.928057912075,0.1120177838170805
Appliances,327,Coreset,9,2,8881.895794833747,0.13395983127921507
Appliances,328,SRS,9,2,8891.258557574001,0.14290835996321638
Appliances,328,PCA-QS,9,2,8881.003795698447,0.14389688938424172
Appliances,328,Leverage,9,2,9064.730154490207,0.1261861991422314
Appliances,328,Coreset,9,2,8853.80932597248,0.14651835770691302
Appliances,329,SRS,9,2,8945.981339399461,0.15205145513068397
Appliances,329,PCA-QS,9,2,9287.219185132848,0.1197070846512136
Appliances,329,Leverage,9,2,9126.288170755728,0.13496099747399426
Appliances,329,Coreset,9,2,9240.114057474211,0.12417196367774475
Appliances,330,SRS,9,2,9099.893230320027,0.15263727201074195
Appliances,330,PCA-QS,9,2,9293.093122221457,0.1346469084641284
Appliances,330,Leverage,9,2,9291.604175855226,0.13478555598699327
Appliances,330,Coreset,9,2,9260.992273262818,0.1376360713318564
Appliances,331,SRS,9,2,9102.321169135208,0.14675974815854798
Appliances,331,PCA-QS,9,2,9105.722575762176,0.14644090453689562
Appliances,331,Leverage,9,2,9080.209629044553,0.14883245639252307
Appliances,331,Coreset,9,2,9031.08979291434,0.15343688866549854
Appliances,332,SRS,9,2,8590.988525551833,0.1306601699844896
Appliances,332,PCA-QS,9,2,8758.262499550872,0.11373337189951571
Appliances,332,Leverage,9,2,8718.564600322787,0.11775048411707612
Appliances,332,Coreset,9,2,8664.331048862865,0.12323848893364386
Appliances,333,SRS,9,2,9070.603295854931,0.11251225261776598
Appliances,333,PCA-QS,9,2,8793.406364489469,0.1396338091642001
Appliances,333,Leverage,9,2,8893.765730455578,0.12981442838820778
Appliances,333,Coreset,9,2,8800.202014345883,0.13896890785759963
Appliances,334,SRS,9,2,9601.075520478305,0.13602579428520212
Appliances,334,PCA-QS,9,2,9627.696446720907,0.13363025083209756
Appliances,334,Leverage,9,2,9665.02853424573,0.1302708396288278
Appliances,334,Coreset,9,2,9731.58694337857,0.12428143265650127
Appliances,335,SRS,9,2,9571.765529626595,0.10003946218257853
Appliances,335,PCA-QS,9,2,9144.235417360771,0.1402368770249064
Appliances,335,Leverage,9,2,9226.916226355932,0.132463027456595
Appliances,335,Coreset,9,2,9473.881723924673,0.10924273425923525
Appliances,336,SRS,9,2,9124.923046399557,0.1315521423796564
Appliances,336,PCA-QS,9,2,8927.910272816993,0.15030247268618202
Appliances,336,Leverage,9,2,9065.030951026205,0.13725226298899162
Appliances,336,Coreset,9,2,9301.52963115325,0.11474393376341963
Appliances,337,SRS,9,2,8957.430796097946,0.10479322671096025
Appliances,337,PCA-QS,9,2,8951.683141292257,0.10536764806343346
Appliances,337,Leverage,9,2,8833.006187084568,0.1172282379645373
Appliances,337,Coreset,9,2,9463.069317113119,0.054259648595478605
Appliances,338,SRS,9,2,9230.47428433824,0.12139180685201678
Appliances,338,PCA-QS,9,2,8915.838680213039,0.15134058425227626
Appliances,338,Leverage,9,2,9334.933994896115,0.11144874707818231
Appliances,338,Coreset,9,2,9308.604075056983,0.11395497618223216
Appliances,339,SRS,9,2,9822.726802791105,0.08352234971329642
Appliances,339,PCA-QS,9,2,9408.676625784066,0.1221539579156522
Appliances,339,Leverage,9,2,9565.396896258995,0.1075316816250862
Appliances,339,Coreset,9,2,9449.930674229492,0.11830488279189577
Appliances,340,SRS,9,2,9076.127899168356,0.13933500878175187
Appliances,340,PCA-QS,9,2,8904.906500683172,0.15557147713706576
Appliances,340,Leverage,9,2,9254.55457373485,0.12241528332119034
Appliances,340,Coreset,9,2,9027.605365305202,0.14393627119730745
Appliances,341,SRS,9,2,9678.881887391664,0.11250572702620987
Appliances,341,PCA-QS,9,2,9736.421211512983,0.10722972291513855
Appliances,341,Leverage,9,2,9605.540480673319,0.1192306854657963
Appliances,341,Coreset,9,2,9711.515663345719,0.10951340935959386
Appliances,342,SRS,9,2,10187.94335810014,0.09102292228180653
Appliances,342,PCA-QS,9,2,9757.661754769226,0.1294130173818806
Appliances,342,Leverage,9,2,9963.664347367854,0.11103328871232587
Appliances,342,Coreset,9,2,9564.440405710533,0.14665239249879225
Appliances,343,SRS,9,2,10003.698321170776,0.11845083136491441
Appliances,343,PCA-QS,9,2,10240.068592028854,0.09762133320581734
Appliances,343,Leverage,9,2,9923.24152642923,0.12554087129198332
Appliances,343,Coreset,9,2,10573.527493716383,0.06823615903133207
Appliances,344,SRS,9,2,10139.18707241184,0.13554549180148723
Appliances,344,PCA-QS,9,2,10030.996691437911,0.14476966943118152
Appliances,344,Leverage,9,2,10095.319576814816,0.13928558004144165
Appliances,344,Coreset,9,2,9960.083775520483,0.1508156166473168
Appliances,345,SRS,9,2,9680.70040031721,0.10138978185045822
Appliances,345,PCA-QS,9,2,9426.659988296304,0.1249710621943293
Appliances,345,Leverage,9,2,9867.641312540143,0.08403700705451256
Appliances,345,Coreset,9,2,9587.486064393674,0.11004239491305934
Appliances,346,SRS,9,2,9223.718319332838,0.1396130525012691
Appliances,346,PCA-QS,9,2,9386.919070050595,0.12438971296744539
Appliances,346,Leverage,9,2,9263.600255767637,0.13589287194484923
Appliances,346,Coreset,9,2,9242.353486511449,0.13787476713198055
Appliances,347,SRS,9,2,8923.786021125954,0.13896239141525257
Appliances,347,PCA-QS,9,2,8980.6022746116,0.13348030893207663
Appliances,347,Leverage,9,2,9425.377350459534,0.09056488416062025
Appliances,347,Coreset,9,2,9184.334300351691,0.11382262823241751
Appliances,348,SRS,9,2,8769.804361441942,0.12191631782712742
Appliances,348,PCA-QS,9,2,9221.284936868464,0.07671146378921312
Appliances,348,Leverage,9,2,8666.358043682256,0.1322739632046025
Appliances,348,Coreset,9,2,8765.874520563126,0.12230979629107075
Appliances,349,SRS,9,2,9679.312529719853,0.11698326809064474
Appliances,349,PCA-QS,9,2,9583.029728966043,0.1257668799225452
Appliances,349,Leverage,9,2,9402.675264575522,0.14222011554670666
Appliances,349,Coreset,9,2,9537.34958016979,0.12993415270967235
Appliances,350,SRS,9,2,8812.629630392108,0.12331228709160924
Appliances,350,PCA-QS,9,2,8889.537061292041,0.1156614720081297
Appliances,350,Leverage,9,2,8706.935144291596,0.13382686232882612
Appliances,350,Coreset,9,2,8687.669191449033,0.1357434553144542
Appliances,351,SRS,9,2,9262.549285410203,0.1164351851104305
Appliances,351,PCA-QS,9,2,9053.082533557104,0.13641645010819148
Appliances,351,Leverage,9,2,9472.767142520903,0.09638227135189703
Appliances,351,Coreset,9,2,9439.6523090555,0.09954113192034164
Appliances,352,SRS,9,2,9834.01639871655,0.09915892718913244
Appliances,352,PCA-QS,9,2,9393.780538682788,0.1394865541081184
Appliances,352,Leverage,9,2,9694.258961067371,0.11196135042706978
Appliances,352,Coreset,9,2,9602.83805641765,0.12033592521756364
Appliances,353,SRS,9,2,9376.336686503895,0.13075264593593927
Appliances,353,PCA-QS,9,2,9360.35687275504,0.13223407853419733
Appliances,353,Leverage,9,2,9457.839196450925,0.12319683352329325
Appliances,353,Coreset,9,2,9583.219708529059,0.11157324511994704
Appliances,354,SRS,9,2,9151.42858943203,0.11287326699888345
Appliances,354,PCA-QS,9,2,8884.352820722654,0.1387632197907911
Appliances,354,Leverage,9,2,8866.524995573178,0.14049142431392247
Appliances,354,Coreset,9,2,9084.163025023796,0.11939389706377423
Appliances,355,SRS,9,2,9554.296691066766,0.12399357806712374
Appliances,355,PCA-QS,9,2,9668.516953187305,0.1135210455126342
Appliances,355,Leverage,9,2,9352.851826654263,0.14246348753264682
Appliances,355,Coreset,9,2,9578.302829062903,0.12179252321919498
Appliances,356,SRS,9,2,9660.228008242262,0.12459947439805297
Appliances,356,PCA-QS,9,2,9586.945255830642,0.1312402865946134
Appliances,356,Leverage,9,2,9501.435746344248,0.13898907570026253
Appliances,356,Coreset,9,2,9647.434141464568,0.12575884224031497
Appliances,357,SRS,9,2,9691.217363651074,0.1216112432495644
Appliances,357,PCA-QS,9,2,9535.22184938993,0.13575030346138361
Appliances,357,Leverage,9,2,9635.677467815587,0.1266452465354636
Appliances,357,Coreset,9,2,9616.546943123798,0.12837919152601052
Appliances,358,SRS,9,2,9251.022025949842,0.1258336370989328
Appliances,358,PCA-QS,9,2,9387.181435677205,0.11296738560344954
Appliances,358,Leverage,9,2,9582.056801869905,0.09455282669246312
Appliances,358,Coreset,9,2,9315.730458693546,0.11971907644369706
Appliances,359,SRS,9,2,9058.283565493222,0.12601341005134004
Appliances,359,PCA-QS,9,2,9116.186446127374,0.12042666275779901
Appliances,359,Leverage,9,2,9374.422862584217,0.09551077627799776
Appliances,359,Coreset,9,2,9154.286130198669,0.11675062273113879
Appliances,360,SRS,9,2,9504.10039698729,0.13309120690800647
Appliances,360,PCA-QS,9,2,9557.45875525953,0.1282241676261172
Appliances,360,Leverage,9,2,9590.53114960391,0.12520749605614534
Appliances,360,Coreset,9,2,9593.58060933996,0.12492934206482176
Appliances,361,SRS,9,2,8476.226849426597,0.14178477552305602
Appliances,361,PCA-QS,9,2,8575.549329235797,0.13172840659625862
Appliances,361,Leverage,9,2,8546.539809584985,0.13466561106958808
Appliances,361,Coreset,9,2,8589.367053627817,0.13032936647480886
Appliances,362,SRS,9,2,9614.76878223815,0.13801700345731172
Appliances,362,PCA-QS,9,2,9683.370658524089,0.13186670985912918
Appliances,362,Leverage,9,2,9739.498654501764,0.1268347242483936
Appliances,362,Coreset,9,2,9817.735255896137,0.11982065852964019
Appliances,363,SRS,9,2,8692.582558535833,0.14173672181006824
Appliances,363,PCA-QS,9,2,8773.50228338652,0.13374710217138208
Appliances,363,Leverage,9,2,8703.684850229227,0.1406405355846252
Appliances,363,Coreset,9,2,8663.78922128791,0.14457963573697274
Appliances,364,SRS,9,2,9416.382283305134,0.11656802376870556
Appliances,364,PCA-QS,9,2,9222.810520865336,0.13472865908381526
Appliances,364,Leverage,9,2,9174.54783687016,0.13925659741695606
Appliances,364,Coreset,9,2,9190.412079348895,0.13776823610549482
Appliances,365,SRS,9,2,8612.931657652078,0.1356048689161603
Appliances,365,PCA-QS,9,2,8587.460364491675,0.13816117177161136
Appliances,365,Leverage,9,2,8848.90448475957,0.11192260009906263
Appliances,365,Coreset,9,2,8557.447689235767,0.14117324842485623
Appliances,366,SRS,9,2,9205.317770334997,0.15165164764511274
Appliances,366,PCA-QS,9,2,9433.607294705507,0.13061282566291887
Appliances,366,Leverage,9,2,9499.586453834272,0.12453228479152956
Appliances,366,Coreset,9,2,9408.620242660414,0.13291559510135942
Appliances,367,SRS,9,2,9238.782379145297,0.13382784227059863
Appliances,367,PCA-QS,9,2,9369.749861862772,0.12154912604562795
Appliances,367,Leverage,9,2,9366.621545652837,0.12184241798502216
Appliances,367,Coreset,9,2,9572.93996422627,0.10249925538402138
Appliances,368,SRS,9,2,8482.90879914465,0.1304918727715051
Appliances,368,PCA-QS,9,2,8454.36446365896,0.13341770072495973
Appliances,368,Leverage,9,2,8416.098361723294,0.13734002117166433
Appliances,368,Coreset,9,2,8318.014471062917,0.14739373530424915
Appliances,369,SRS,9,2,9024.518072800878,0.12409411376403534
Appliances,369,PCA-QS,9,2,8967.282897210576,0.12964927214422528
Appliances,369,Leverage,9,2,8920.532715589274,0.13418677308714155
Appliances,369,Coreset,9,2,9151.942404074362,0.11172650355906355
Appliances,370,SRS,9,2,8578.562472288644,0.13690229625372852
Appliances,370,PCA-QS,9,2,8853.786729232475,0.10921170998699214
Appliances,370,Leverage,9,2,8614.387979063831,0.13329785638013714
Appliances,370,Coreset,9,2,8752.725784098891,0.11937955220589425
Appliances,371,SRS,9,2,9319.443400292983,0.12507936041410728
Appliances,371,PCA-QS,9,2,9418.075585568504,0.11581965133938932
Appliances,371,Leverage,9,2,9219.65713177765,0.13444741622187995
Appliances,371,Coreset,9,2,9555.715743129102,0.1028978265572531
Appliances,372,SRS,9,2,9346.833828736844,0.11689786479373765
Appliances,372,PCA-QS,9,2,9203.822921922065,0.13040973838430348
Appliances,372,Leverage,9,2,9244.679358798965,0.12654956420082963
Appliances,372,Coreset,9,2,9320.163174186759,0.119417746115273
Appliances,373,SRS,9,2,8702.594112179808,0.14642057789550467
Appliances,373,PCA-QS,9,2,8991.41774053883,0.11809179424698568
Appliances,373,Leverage,9,2,8856.64976287637,0.13131028645844178
Appliances,373,Coreset,9,2,8853.597187018197,0.13160969326787852
Appliances,374,SRS,9,2,9162.823604403393,0.12045292864489943
Appliances,374,PCA-QS,9,2,9177.496799691873,0.11904443640488704
Appliances,374,Leverage,9,2,9048.03437947408,0.131471641977019
Appliances,374,Coreset,9,2,9328.44203957294,0.10455507707589351
Appliances,375,SRS,9,2,9163.091328205763,0.11366156993835719
Appliances,375,PCA-QS,9,2,9219.821173412463,0.10817413778940876
Appliances,375,Leverage,9,2,9131.08591172526,0.11675742804788813
Appliances,375,Coreset,9,2,8984.620459062919,0.13092491309427234
Appliances,376,SRS,9,2,9667.519513296698,0.12259663237569618
Appliances,376,PCA-QS,9,2,9465.452118761517,0.14093583636782525
Appliances,376,Leverage,9,2,9634.76551988551,0.12556931467363142
Appliances,376,Coreset,9,2,9600.730926467277,0.12865822148574702
Appliances,377,SRS,9,2,9123.833594735524,0.10228696063621201
Appliances,377,PCA-QS,9,2,8813.978739491098,0.13277422686864293
Appliances,377,Leverage,9,2,8825.875535789775,0.1316036762384628
Appliances,377,Coreset,9,2,8964.813853419242,0.11793324504217184
Appliances,378,SRS,9,2,9024.984832536751,0.11850925694857772
Appliances,378,PCA-QS,9,2,9176.127208301956,0.10374683821968345
Appliances,378,Leverage,9,2,9076.397905139533,0.1134876255096201
Appliances,378,Coreset,9,2,9021.088434702819,0.11888982696454875
Appliances,379,SRS,9,2,8446.30153932334,0.1464607573104698
Appliances,379,PCA-QS,9,2,8605.369325367239,0.13038619532566453
Appliances,379,Leverage,9,2,8613.701753748717,0.12954416351122133
Appliances,379,Coreset,9,2,8716.502543827375,0.11915565108325366
Appliances,380,SRS,9,2,9356.294712441999,0.12599352914967288
Appliances,380,PCA-QS,9,2,9258.73210779371,0.1351072168215911
Appliances,380,Leverage,9,2,9404.992671535052,0.12144447071653763
Appliances,380,Coreset,9,2,9269.789291087925,0.13407432398895391
Appliances,381,SRS,9,2,8793.862054598665,0.11853733440521352
Appliances,381,PCA-QS,9,2,8719.769755587735,0.12596405943009237
Appliances,381,Leverage,9,2,8560.036757045884,0.14197507641034146
Appliances,381,Coreset,9,2,8533.714526662909,0.1446135148135963
Appliances,382,SRS,9,2,8833.265520981324,0.1435489326565973
Appliances,382,PCA-QS,9,2,8847.36774471298,0.14218161673722363
Appliances,382,Leverage,9,2,8741.643365935695,0.15243238490817335
Appliances,382,Coreset,9,2,8849.896820854336,0.1419364039158143
Appliances,383,SRS,9,2,9321.642838552141,0.13732698448722946
Appliances,383,PCA-QS,9,2,9639.380472142573,0.10792190136414304
Appliances,383,Leverage,9,2,9430.614219395697,0.12724220958809795
Appliances,383,Coreset,9,2,9420.19480520777,0.12820647603909308
Appliances,384,SRS,9,2,9623.884737225373,0.13092327454404284
Appliances,384,PCA-QS,9,2,9525.789757375058,0.13978165826327238
Appliances,384,Leverage,9,2,9463.142644523288,0.14543895250391214
Appliances,384,Coreset,9,2,9902.788515833627,0.105737106042607
Appliances,385,SRS,9,2,9964.00200013825,0.12540264365461296
Appliances,385,PCA-QS,9,2,9969.918448864068,0.12488332316326012
Appliances,385,Leverage,9,2,9986.411486020465,0.12343563510630373
Appliances,385,Coreset,9,2,10087.833478039902,0.11453324768263085
Appliances,386,SRS,9,2,9343.229088054122,0.13713336888998728
Appliances,386,PCA-QS,9,2,9393.177761176961,0.13252050508243873
Appliances,386,Leverage,9,2,9475.541506627571,0.12491404195360067
Appliances,386,Coreset,9,2,9324.059851237545,0.13890368776336437
Appliances,387,SRS,9,2,9205.871085997971,0.11630534836104611
Appliances,387,PCA-QS,9,2,9035.251720675107,0.13268352911041326
Appliances,387,Leverage,9,2,9219.357052121546,0.11501079665330893
Appliances,387,Coreset,9,2,9060.376892350825,0.13027170087341855
Appliances,388,SRS,9,2,9782.003507406167,0.12079197014967302
Appliances,388,PCA-QS,9,2,9363.194209956682,0.15843461636368972
Appliances,388,Leverage,9,2,9438.027597121301,0.15170857963243956
Appliances,388,Coreset,9,2,9488.550199876578,0.14716760006749185
Appliances,389,SRS,9,2,9015.824937683567,0.11423056342218607
Appliances,389,PCA-QS,9,2,8824.64180359528,0.13301355645222512
Appliances,389,Leverage,9,2,8859.646785355168,0.12957445429738235
Appliances,389,Coreset,9,2,8796.57138988194,0.13577136449655025
Appliances,390,SRS,9,2,8941.419443044113,0.11986308374768861
Appliances,390,PCA-QS,9,2,8775.23356573484,0.1362213730004599
Appliances,390,Leverage,9,2,8774.73467022829,0.13627048112646423
Appliances,390,Coreset,9,2,9037.611653325486,0.11039452946904971
Appliances,391,SRS,9,2,8913.717704132358,0.10780113093568278
Appliances,391,PCA-QS,9,2,8842.442542916122,0.11493526063781823
Appliances,391,Leverage,9,2,8623.482761790183,0.13685155590040754
Appliances,391,Coreset,9,2,8611.455114462422,0.13805543667154263
Appliances,392,SRS,9,2,9695.381620553248,0.13222632019228975
Appliances,392,PCA-QS,9,2,9878.87260057984,0.1158031767637061
Appliances,392,Leverage,9,2,9578.41294205409,0.14269546359849505
Appliances,392,Coreset,9,2,9662.77930046786,0.13514435234182265
Appliances,393,SRS,9,2,9372.268401511714,0.10746343349773912
Appliances,393,PCA-QS,9,2,9064.108592894398,0.13680999995681853
Appliances,393,Leverage,9,2,9148.046967655953,0.12881641018773182
Appliances,393,Coreset,9,2,9121.419001480952,0.13135223529267015
Appliances,394,SRS,9,2,8853.765332333604,0.13457052615031306
Appliances,394,PCA-QS,9,2,8640.916379475413,0.155375884138378
Appliances,394,Leverage,9,2,8903.797509096106,0.12968002829026692
Appliances,394,Coreset,9,2,8683.448201958825,0.15121852380951717
Appliances,395,SRS,9,2,8860.79785525485,0.13857388401370963
Appliances,395,PCA-QS,9,2,8881.809179087742,0.13653121208091457
Appliances,395,Leverage,9,2,9008.086719042367,0.12425480395645838
Appliances,395,Coreset,9,2,8892.924092011617,0.13545064615153157
Appliances,396,SRS,9,2,8937.524737240814,0.10170057688628908
Appliances,396,PCA-QS,9,2,8636.718079344953,0.13193427751378928
Appliances,396,Leverage,9,2,8721.059351810192,0.12345724179891071
Appliances,396,Coreset,9,2,8631.588085594305,0.1324498867638071
Appliances,397,SRS,9,2,9857.899539852533,0.13478006961096667
Appliances,397,PCA-QS,9,2,10020.038205270446,0.12054928908423035
Appliances,397,Leverage,9,2,10064.083970508831,0.11668342762161121
Appliances,397,Coreset,9,2,9912.48085249853,0.12998951160850436
Appliances,398,SRS,9,2,9787.49607150452,0.11407900110871139
Appliances,398,PCA-QS,9,2,9597.320681904757,0.13129283903905586
Appliances,398,Leverage,9,2,9936.121532319092,0.10062607957049774
Appliances,398,Coreset,9,2,9750.138929425164,0.1174604049309842
Appliances,399,SRS,9,2,9243.337363229693,0.13455119549945416
Appliances,399,PCA-QS,9,2,9238.95921590823,0.13496111912513087
Appliances,399,Leverage,9,2,9254.198835528641,0.1335342415739561
Appliances,399,Coreset,9,2,9414.258648789717,0.11854792563720029
Appliances,400,SRS,9,2,9094.951798618225,0.1257816893349406
Appliances,400,PCA-QS,9,2,8874.017266579882,0.1470181969759684
Appliances,400,Leverage,9,2,8970.944785363003,0.13770140084512916
Appliances,400,Coreset,9,2,9016.997628221154,0.13327474313696053
Appliances,401,SRS,9,2,9253.488596917014,0.13774591532165337
Appliances,401,PCA-QS,9,2,9445.614727017959,0.11984331148549832
Appliances,401,Leverage,9,2,9329.715651484452,0.13064296290804467
Appliances,401,Coreset,9,2,9194.016030505712,0.1432876591491148
Appliances,402,SRS,9,2,8858.186744461158,0.15672709803785012
Appliances,402,PCA-QS,9,2,8984.349677062273,0.14471676394084976
Appliances,402,Leverage,9,2,9162.295978802782,0.12777680787636758
Appliances,402,Coreset,9,2,9102.773533993128,0.1334431667164433
Appliances,403,SRS,9,2,9226.278147230152,0.150333138875843
Appliances,403,PCA-QS,9,2,9245.780879195045,0.1485370923240782
Appliances,403,Leverage,9,2,9143.907824385979,0.15791879070033343
Appliances,403,Coreset,9,2,9167.274394963235,0.15576691533295417
Appliances,404,SRS,9,2,8449.27416719431,0.12682684840943081
Appliances,404,PCA-QS,9,2,8261.460385220691,0.1462360838861042
Appliances,404,Leverage,9,2,8395.112602160418,0.13242406581531652
Appliances,404,Coreset,9,2,9131.065017060593,0.056368551835887404
Appliances,405,SRS,9,2,9320.375190909826,0.12467415165564089
Appliances,405,PCA-QS,9,2,9275.223280644323,0.1289146069321696
Appliances,405,Leverage,9,2,9548.356082010834,0.10326325747791276
Appliances,405,Coreset,9,2,9079.801750965353,0.14726767885762493
Appliances,406,SRS,9,2,8323.32928351527,0.14549511792223335
Appliances,406,PCA-QS,9,2,8419.73560866693,0.13559767512029763
Appliances,406,Leverage,9,2,8372.842845879097,0.1404118658571315
Appliances,406,Coreset,9,2,8345.234610385394,0.14324623311707463
Appliances,407,SRS,9,2,9071.217239939951,0.13963677897290694
Appliances,407,PCA-QS,9,2,9228.315565655199,0.12473672554510173
Appliances,407,Leverage,9,2,8899.646955597524,0.15590943109499011
Appliances,407,Coreset,9,2,9078.341642299016,0.1389610621865699
Appliances,408,SRS,9,2,9010.631051528162,0.13779102575866287
Appliances,408,PCA-QS,9,2,9052.867541055943,0.1337495019072199
Appliances,408,Leverage,9,2,9461.85975288411,0.09461386829660257
Appliances,408,Coreset,9,2,9423.047247884455,0.09832775802664673
Appliances,409,SRS,9,2,8837.964549529768,0.12654708681062554
Appliances,409,PCA-QS,9,2,8785.195602277161,0.13176222321962805
Appliances,409,Leverage,9,2,8892.166205389387,0.12119035631629571
Appliances,409,Coreset,9,2,8889.366973990525,0.12146700336622729
Appliances,410,SRS,9,2,8617.123200675562,0.13981334290224867
Appliances,410,PCA-QS,9,2,8521.510551764475,0.1493576795593643
Appliances,410,Leverage,9,2,8521.416894937865,0.14936702866007
Appliances,410,Coreset,9,2,8655.874033682834,0.1359451204423835
Appliances,411,SRS,9,2,9472.44657724497,0.12607526949618353
Appliances,411,PCA-QS,9,2,9419.057359986744,0.1310009406967252
Appliances,411,Leverage,9,2,9431.990969847066,0.12980769020758798
Appliances,411,Coreset,9,2,9349.858263532735,0.13738522602644676
Appliances,412,SRS,9,2,8680.639998755734,0.14041129281491416
Appliances,412,PCA-QS,9,2,8807.00110155115,0.1278985544677459
Appliances,412,Leverage,9,2,8761.00529330022,0.1324532275512993
Appliances,412,Coreset,9,2,8979.441724263668,0.11082285360180832
Appliances,413,SRS,9,2,9822.010564848142,0.11781045420212855
Appliances,413,PCA-QS,9,2,9916.370094669443,0.1093353064505398
Appliances,413,Leverage,9,2,9743.902114347655,0.12482596879713492
Appliances,413,Coreset,9,2,10001.926496883809,0.10165083460933488
Appliances,414,SRS,9,2,9350.140777709428,0.14425004870233937
Appliances,414,PCA-QS,9,2,9384.149856997632,0.14113744658901717
Appliances,414,Leverage,9,2,9662.112623328596,0.11569754900829243
Appliances,414,Coreset,9,2,9482.56738367945,0.13213001069397867
Appliances,415,SRS,9,2,8489.831384805986,0.13628253312106486
Appliances,415,PCA-QS,9,2,8377.955216303208,0.1476643140403272
Appliances,415,Leverage,9,2,8386.4037896314,0.14680479398356538
Appliances,415,Coreset,9,2,8472.156114168536,0.13808073608758054
Appliances,416,SRS,9,2,9236.530344619,0.1438514135379909
Appliances,416,PCA-QS,9,2,9147.579108931614,0.15209644406963108
Appliances,416,Leverage,9,2,9216.87132484997,0.14567363913120712
Appliances,416,Coreset,9,2,9264.169664321958,0.14128948133925723
Appliances,417,SRS,9,2,9021.015714123316,0.14413127553412286
Appliances,417,PCA-QS,9,2,9107.41217593854,0.1359344125737364
Appliances,417,Leverage,9,2,9062.166556632888,0.14022708999609923
Appliances,417,Coreset,9,2,9254.67022197302,0.12196330776460174
Appliances,418,SRS,9,2,8610.149460814577,0.1350561005264136
Appliances,418,PCA-QS,9,2,8678.669720210504,0.1281728076608739
Appliances,418,Leverage,9,2,8639.479619248496,0.13210970084735252
Appliances,418,Coreset,9,2,9083.200136861225,0.08753517208602668
Appliances,419,SRS,9,2,8697.782403095554,0.12966825653762826
Appliances,419,PCA-QS,9,2,8990.9074989096,0.1003370932744938
Appliances,419,Leverage,9,2,8847.219428611223,0.11471504422128043
Appliances,419,Coreset,9,2,9134.837678884558,0.08593491595284974
Appliances,420,SRS,9,2,10027.182920080897,0.12229168743422603
Appliances,420,PCA-QS,9,2,9924.341262584992,0.1312937150606922
Appliances,420,Leverage,9,2,10000.61013740758,0.12461767993144734
Appliances,420,Coreset,9,2,9863.207967767428,0.13664488911062933
Appliances,421,SRS,9,2,9215.67746054272,0.1427523595846052
Appliances,421,PCA-QS,9,2,9308.473936501096,0.1341203777911043
Appliances,421,Leverage,9,2,9218.117727837842,0.1425253645112987
Appliances,421,Coreset,9,2,9413.846044228228,0.12431860346670631
Appliances,422,SRS,9,2,9217.676146243133,0.08825986167868383
Appliances,422,PCA-QS,9,2,8693.628028940893,0.1400945861120113
Appliances,422,Leverage,9,2,9029.294175424337,0.10689312687552777
Appliances,422,Coreset,9,2,9035.2317254353,0.10630583105580083
Appliances,423,SRS,9,2,8825.608960225494,0.1255366650973313
Appliances,423,PCA-QS,9,2,8599.46000078093,0.1479440677085171
Appliances,423,Leverage,9,2,8648.691766776717,0.143066061616264
Appliances,423,Coreset,9,2,8512.040066176203,0.1566058527361498
Appliances,424,SRS,9,2,8743.394946032062,0.14451721439429377
Appliances,424,PCA-QS,9,2,8957.046591223982,0.12361282820263808
Appliances,424,Leverage,9,2,9036.908350946604,0.11579888852673592
Appliances,424,Coreset,9,2,8840.485086540339,0.1350175927519517
Appliances,425,SRS,9,2,9136.788862808447,0.13277679233034456
Appliances,425,PCA-QS,9,2,9288.559514002958,0.11837139969893806
Appliances,425,Leverage,9,2,9364.531019986842,0.11116052352568861
Appliances,425,Coreset,9,2,9079.081696339303,0.13825409893798735
Appliances,426,SRS,9,2,9214.849579584024,0.12312476140759687
Appliances,426,PCA-QS,9,2,9089.845316312547,0.1350200335153584
Appliances,426,Leverage,9,2,9025.337171821024,0.14115855960888046
Appliances,426,Coreset,9,2,9022.44810549904,0.14143348007269496
Appliances,427,SRS,9,2,9444.719768232542,0.12839597605409048
Appliances,427,PCA-QS,9,2,9410.867205602084,0.13152005284341262
Appliances,427,Leverage,9,2,9387.613194831687,0.13366604445118202
Appliances,427,Coreset,9,2,9524.060399917955,0.12107404215489592
Appliances,428,SRS,9,2,8985.972391944835,0.14200162045192932
Appliances,428,PCA-QS,9,2,9258.275530304689,0.11600157935809696
Appliances,428,Leverage,9,2,9265.014607365874,0.11535811897941506
Appliances,428,Coreset,9,2,9193.562712327446,0.12218048694190342
Appliances,429,SRS,9,2,8609.073237109062,0.1308678525486915
Appliances,429,PCA-QS,9,2,8598.987603334182,0.1318860514070057
Appliances,429,Leverage,9,2,8731.448143390211,0.11851344898387717
Appliances,429,Coreset,9,2,8561.41313399756,0.13567939574552468
Appliances,430,SRS,9,2,8372.877135645183,0.1335040475828202
Appliances,430,PCA-QS,9,2,8865.895647477453,0.0824823332964939
Appliances,430,Leverage,9,2,8505.914557871776,0.11973621294105752
Appliances,430,Coreset,9,2,8709.307354643146,0.09868741068371722
Appliances,431,SRS,9,2,9476.571454719004,0.13662647971714703
Appliances,431,PCA-QS,9,2,9571.125080037826,0.1280120671379683
Appliances,431,Leverage,9,2,9637.714735314412,0.121945342968233
Appliances,431,Coreset,9,2,9476.90827644675,0.13659579320122917
Appliances,432,SRS,9,2,9353.259058239919,0.11739468757590854
Appliances,432,PCA-QS,9,2,9511.096367636079,0.10250062264043025
Appliances,432,Leverage,9,2,9256.559122739232,0.1265196221310767
Appliances,432,Coreset,9,2,9217.41416817235,0.13021347308080444
Appliances,433,SRS,9,2,9388.367710759634,0.11863430454090262
Appliances,433,PCA-QS,9,2,9283.748558159603,0.128455791622623
Appliances,433,Leverage,9,2,9212.63020912748,0.13513227416844031
Appliances,433,Coreset,9,2,9434.990171984433,0.11425745872197324
Appliances,434,SRS,9,2,9254.857594157484,0.12163144261490377
Appliances,434,PCA-QS,9,2,9301.130383135102,0.11723974209580401
Appliances,434,Leverage,9,2,9141.593523173504,0.13238121349161247
Appliances,434,Coreset,9,2,9396.235360598252,0.10821343120937987
Appliances,435,SRS,9,2,8956.905717133886,0.13101169811407543
Appliances,435,PCA-QS,9,2,8895.403018117144,0.13697861656424115
Appliances,435,Leverage,9,2,8926.279433297317,0.13398302361695613
Appliances,435,Coreset,9,2,9015.001583251682,0.12537530652543538
Appliances,436,SRS,9,2,8808.217116881642,0.13529322523183962
Appliances,436,PCA-QS,9,2,8806.287614922187,0.13548264533742171
Appliances,436,Leverage,9,2,8878.998586332567,0.12834457542563116
Appliances,436,Coreset,9,2,8864.555787773907,0.12976243168355106
Appliances,437,SRS,9,2,8611.603396927554,0.12395892682088772
Appliances,437,PCA-QS,9,2,8499.83544250697,0.1353288557672876
Appliances,437,Leverage,9,2,8547.342962534041,0.13049601141643863
Appliances,437,Coreset,9,2,8610.417781449216,0.12407953709613473
Appliances,438,SRS,9,2,8654.470616628092,0.12045457029731688
Appliances,438,PCA-QS,9,2,8368.328842872757,0.14953488040547935
Appliances,438,Leverage,9,2,8490.29463259102,0.13713961584467926
Appliances,438,Coreset,9,2,8510.4414917902,0.1350921101431224
Appliances,439,SRS,9,2,9158.758425563907,0.1098869599317186
Appliances,439,PCA-QS,9,2,8862.448315542684,0.1386844759899849
Appliances,439,Leverage,9,2,9162.631602327254,0.10951053716966375
Appliances,439,Coreset,9,2,9000.80159714265,0.12523832375338562
Appliances,440,SRS,9,2,10118.050680194161,0.11276558603555042
Appliances,440,PCA-QS,9,2,10063.631154402818,0.1175375403970973
Appliances,440,Leverage,9,2,10013.62104118659,0.1219228409746631
Appliances,440,Coreset,9,2,10126.21078165161,0.11205004081213454
Appliances,441,SRS,9,2,9067.309569262454,0.12179207933684877
Appliances,441,PCA-QS,9,2,8887.215902059239,0.13923492539730398
Appliances,441,Leverage,9,2,8905.8671523414,0.1374284716082339
Appliances,441,Coreset,9,2,9080.780468780396,0.12048736479448685
Appliances,442,SRS,9,2,9159.462512331356,0.1246353767268904
Appliances,442,PCA-QS,9,2,9162.902324675393,0.12430663581740853
Appliances,442,Leverage,9,2,9241.122222691707,0.11683120464802188
Appliances,442,Coreset,9,2,9146.1832881545,0.12590446462951388
Appliances,443,SRS,9,2,8847.483353962103,0.11947757056632269
Appliances,443,PCA-QS,9,2,8614.25536171692,0.14268897093043886
Appliances,443,Leverage,9,2,8766.5703552021,0.12753022321234497
Appliances,443,Coreset,9,2,8886.086952996297,0.11563564925982484
Appliances,444,SRS,9,2,9175.707680389081,0.12948090038632165
Appliances,444,PCA-QS,9,2,9295.205902188787,0.11814384736872752
Appliances,444,Leverage,9,2,9208.36656257306,0.1263824820731545
Appliances,444,Coreset,9,2,9191.022280332349,0.1280279713896787
Appliances,445,SRS,9,2,9487.122822435686,0.1415027433965782
Appliances,445,PCA-QS,9,2,9639.34362446675,0.12772816248437602
Appliances,445,Leverage,9,2,9561.349230202904,0.13478593698136165
Appliances,445,Coreset,9,2,9645.827244873968,0.1271414545396562
Appliances,446,SRS,9,2,9209.207108562448,0.1471250914975657
Appliances,446,PCA-QS,9,2,9267.265011442523,0.14174828456696165
Appliances,446,Leverage,9,2,9199.90280157214,0.14798677371184243
Appliances,446,Coreset,9,2,9218.843557316173,0.1462326492653263
Appliances,447,SRS,9,2,9155.836034073229,0.11199176058111648
Appliances,447,PCA-QS,9,2,9322.636723427471,0.09581405862838488
Appliances,447,Leverage,9,2,9297.399149235149,0.09826180602603651
Appliances,447,Coreset,9,2,8976.272805499297,0.12940727849525402
Appliances,448,SRS,9,2,10035.72612549313,0.14855641683659415
Appliances,448,PCA-QS,9,2,10404.649539487198,0.11725649198850052
Appliances,448,Leverage,9,2,10142.325855932311,0.1395123620951214
Appliances,448,Coreset,9,2,10257.547627683984,0.12973680256191822
Appliances,449,SRS,9,2,9589.555883573468,0.09465321578355068
Appliances,449,PCA-QS,9,2,9163.85990122515,0.13484303201196335
Appliances,449,Leverage,9,2,9407.964070535785,0.11179723850678414
Appliances,449,Coreset,9,2,9312.287942010482,0.12082999000626071
Appliances,450,SRS,9,2,9462.15013238031,0.114077370834337
Appliances,450,PCA-QS,9,2,9526.957791293784,0.10800955635544607
Appliances,450,Leverage,9,2,9442.936726417187,0.1158762844943334
Appliances,450,Coreset,9,2,9656.808724120678,0.09585186722557848
Appliances,451,SRS,9,2,9182.630586716874,0.13052692414340805
Appliances,451,PCA-QS,9,2,9170.213210328775,0.13170268465563506
Appliances,451,Leverage,9,2,9258.742931707577,0.1233200966352368
Appliances,451,Coreset,9,2,9296.773360804264,0.11971912043886512
Appliances,452,SRS,9,2,8775.684756839315,0.11397410922905671
Appliances,452,PCA-QS,9,2,8479.930886725397,0.14383452394055973
Appliances,452,Leverage,9,2,8797.901115999734,0.11173106267938926
Appliances,452,Coreset,9,2,8685.241246850606,0.12310562360344701
Appliances,453,SRS,9,2,9261.223188329166,0.12572953775147644
Appliances,453,PCA-QS,9,2,9115.690779868975,0.1394679698602037
Appliances,453,Leverage,9,2,9178.484913436097,0.13354012911348612
Appliances,453,Coreset,9,2,8894.73774277418,0.16032619883793908
Appliances,454,SRS,9,2,10060.063942898585,0.09580416850475226
Appliances,454,PCA-QS,9,2,9594.285413833088,0.13766821696125398
Appliances,454,Leverage,9,2,10270.860632340193,0.0768578189618504
Appliances,454,Coreset,9,2,9652.89441344253,0.13240045589772975
Appliances,455,SRS,9,2,9683.119442481548,0.12372598784596034
Appliances,455,PCA-QS,9,2,9589.42892477629,0.13220451238942466
Appliances,455,Leverage,9,2,9461.544509312487,0.1437774141279703
Appliances,455,Coreset,9,2,9582.61507319833,0.13282113197115208
Appliances,456,SRS,9,2,9651.0480783356,0.1364635616501091
Appliances,456,PCA-QS,9,2,9771.905009430657,0.12564977614405626
Appliances,456,Leverage,9,2,9689.661214193708,0.1330086156647834
Appliances,456,Coreset,9,2,9691.821735169402,0.1328153010555111
Appliances,457,SRS,9,2,9792.3265173143,0.13573409059814856
Appliances,457,PCA-QS,9,2,9705.116975255873,0.14343116177345883
Appliances,457,Leverage,9,2,9578.18803549457,0.15463384740268582
Appliances,457,Coreset,9,2,9789.499144509295,0.13598363312761952
Appliances,458,SRS,9,2,8843.723887710737,0.11940882535310815
Appliances,458,PCA-QS,9,2,8650.491939201667,0.13864940213698562
Appliances,458,Leverage,9,2,8549.56301394679,0.1486991415877552
Appliances,458,Coreset,9,2,8623.782367169912,0.14130893942109757
Appliances,459,SRS,9,2,9216.704871267597,0.09220993613770312
Appliances,459,PCA-QS,9,2,8768.904465826752,0.13631558607773397
Appliances,459,Leverage,9,2,9074.212690777902,0.10624455994668136
Appliances,459,Coreset,9,2,8929.42842426062,0.12050494046051485
Appliances,460,SRS,9,2,9013.883020294727,0.12165246349890424
Appliances,460,PCA-QS,9,2,9010.564384370049,0.1219758441864971
Appliances,460,Leverage,9,2,9066.780587684318,0.11649792045691687
Appliances,460,Coreset,9,2,9140.647236201597,0.10930006925242874
Appliances,461,SRS,9,2,9304.364780072903,0.13122093009756597
Appliances,461,PCA-QS,9,2,9422.95992317559,0.12014731244014532
Appliances,461,Leverage,9,2,9168.727378429807,0.1438858393556215
Appliances,461,Coreset,9,2,9419.464301869242,0.12047371007169161
Appliances,462,SRS,9,2,9312.25490358413,0.13153447487088754
Appliances,462,PCA-QS,9,2,9238.025564349495,0.13845713997679898
Appliances,462,Leverage,9,2,9568.22157358518,0.10766289588388478
Appliances,462,Coreset,9,2,9297.697068868812,0.13289214577892028
Appliances,463,SRS,9,2,9176.255697511777,0.11415008587625397
Appliances,463,PCA-QS,9,2,9453.714086201551,0.08736503346534563
Appliances,463,Leverage,9,2,9202.790889549933,0.11158845307491083
Appliances,463,Coreset,9,2,9241.077086208414,0.10789241134067318
Appliances,464,SRS,9,2,9988.528806189068,0.12667776926122043
Appliances,464,PCA-QS,9,2,10257.741256652138,0.10313984667592602
Appliances,464,Leverage,9,2,10341.675246485636,0.095801286547754
Appliances,464,Coreset,9,2,10080.145660018434,0.1186674769837478
Appliances,465,SRS,9,2,7960.8342172368375,0.14192560398535092
Appliances,465,PCA-QS,9,2,8014.5866093124705,0.13613179518265361
Appliances,465,Leverage,9,2,8229.341750122663,0.1129839839466461
Appliances,465,Coreset,9,2,8033.110651919182,0.13413514429937212
Appliances,466,SRS,9,2,9451.292954331291,0.09108006296351334
Appliances,466,PCA-QS,9,2,9179.893374939118,0.11718024733033217
Appliances,466,Leverage,9,2,9275.778731873415,0.10795906320149806
Appliances,466,Coreset,9,2,9170.742501501312,0.11806027626913551
Appliances,467,SRS,9,2,8842.356558912994,0.14844506735411622
Appliances,467,PCA-QS,9,2,8788.243950137867,0.15365633186418048
Appliances,467,Leverage,9,2,8947.213295775075,0.1383469367368826
Appliances,467,Coreset,9,2,8796.07883838947,0.15290180023079403
Appliances,468,SRS,9,2,9334.435523237775,0.10708983002320183
Appliances,468,PCA-QS,9,2,9012.819454136621,0.13785486752477005
Appliances,468,Leverage,9,2,9271.223667763703,0.11313652759536774
Appliances,468,Coreset,9,2,9159.524255754144,0.12382143089942621
Appliances,469,SRS,9,2,9326.279575274642,0.11385463646443161
Appliances,469,PCA-QS,9,2,9260.455350027218,0.12010898811028681
Appliances,469,Leverage,9,2,9253.689146915247,0.12075188536293924
Appliances,469,Coreset,9,2,9088.496671577912,0.13644780622073027
Appliances,470,SRS,9,2,8651.187073480382,0.11947821122079882
Appliances,470,PCA-QS,9,2,8537.115032395968,0.1310885158890729
Appliances,470,Leverage,9,2,8556.268778560374,0.12913903881832445
Appliances,470,Coreset,9,2,8621.18682614841,0.12253165015584855
Appliances,471,SRS,9,2,9947.594393646465,0.12286968014462141
Appliances,471,PCA-QS,9,2,9859.687458170296,0.13062088464497434
Appliances,471,Leverage,9,2,9697.97857870172,0.14487958434249304
Appliances,471,Coreset,9,2,10131.265663724862,0.10667444404060367
Appliances,472,SRS,9,2,8814.829449415536,0.1120019214184984
Appliances,472,PCA-QS,9,2,8528.04877878533,0.14089195110714126
Appliances,472,Leverage,9,2,8551.901606317915,0.13848903847687188
Appliances,472,Coreset,9,2,8540.93169027926,0.13959413806165977
Appliances,473,SRS,9,2,9368.04240034463,0.1256854842590357
Appliances,473,PCA-QS,9,2,9651.64619868934,0.09921688953929675
Appliances,473,Leverage,9,2,9507.562067595365,0.1126641864151896
Appliances,473,Coreset,9,2,9469.4746180858,0.1162188682313754
Appliances,474,SRS,9,2,8824.701541598955,0.12053902962997531
Appliances,474,PCA-QS,9,2,8854.630940609248,0.11755629552026015
Appliances,474,Leverage,9,2,8957.123430942747,0.10734199596809546
Appliances,474,Coreset,9,2,8772.040846319818,0.12578714209612885
Appliances,475,SRS,9,2,9567.23806453247,0.1252118474060061
Appliances,475,PCA-QS,9,2,9613.045661865308,0.12102339268424922
Appliances,475,Leverage,9,2,9423.95163830825,0.1383133577105483
Appliances,475,Coreset,9,2,9539.693313079593,0.1277304240395749
Appliances,476,SRS,9,2,8953.298809573153,0.12733391737222233
Appliances,476,PCA-QS,9,2,9011.420415549605,0.12166888202801229
Appliances,476,Leverage,9,2,8713.569569831856,0.1507000063396412
Appliances,476,Coreset,9,2,9056.140528991877,0.11731007227058421
Appliances,477,SRS,9,2,9399.784889524792,0.1002157545037422
Appliances,477,PCA-QS,9,2,9298.860057216943,0.10987667495641706
Appliances,477,Leverage,9,2,9370.649295726853,0.10300472771862701
Appliances,477,Coreset,9,2,9543.827953281072,0.08642738796512606
Appliances,478,SRS,9,2,9058.829958869339,0.1370956835970608
Appliances,478,PCA-QS,9,2,9161.860468832487,0.12728145017264925
Appliances,478,Leverage,9,2,9184.05902292387,0.12516691350176223
Appliances,478,Coreset,9,2,9071.420457246726,0.1358963680734402
Appliances,479,SRS,9,2,9080.175784543886,0.13110382777680496
Appliances,479,PCA-QS,9,2,9350.68258148629,0.1052186107941453
Appliances,479,Leverage,9,2,9280.435136799108,0.11194069825648822
Appliances,479,Coreset,9,2,9151.01699163656,0.12432492226450531
Appliances,480,SRS,9,2,8816.936964763667,0.12652421013090454
Appliances,480,PCA-QS,9,2,8717.29422312886,0.13639561136718603
Appliances,480,Leverage,9,2,8760.217671854616,0.132143273686938
Appliances,480,Coreset,9,2,8751.133807926253,0.13304319338145332
Appliances,481,SRS,9,2,9366.200547055498,0.1324972776775758
Appliances,481,PCA-QS,9,2,9399.119691286138,0.1294482881654323
Appliances,481,Leverage,9,2,9189.031024317006,0.14890681775906855
Appliances,481,Coreset,9,2,9212.614710345872,0.146722483596069
Appliances,482,SRS,9,2,9362.859547079337,0.11518355255708679
Appliances,482,PCA-QS,9,2,8957.70564837851,0.15347173059858443
Appliances,482,Leverage,9,2,9093.44185452511,0.14064427899492593
Appliances,482,Coreset,9,2,9188.745655643583,0.13163780289545723
Appliances,483,SRS,9,2,9518.779503605843,0.1333613322285424
Appliances,483,PCA-QS,9,2,9522.67326228892,0.13300682440152034
Appliances,483,Leverage,9,2,9545.950762074091,0.1308875210396524
Appliances,483,Coreset,9,2,9514.024781858114,0.13379422656331663
Appliances,484,SRS,9,2,9531.629492743903,0.07754563843952722
Appliances,484,PCA-QS,9,2,9094.120871826624,0.1198869543596105
Appliances,484,Leverage,9,2,9156.642933276347,0.11383617906227494
Appliances,484,Coreset,9,2,9620.330303218645,0.06896132979023895
Appliances,485,SRS,9,2,9602.467507966081,0.1304510106823733
Appliances,485,PCA-QS,9,2,9987.179621813524,0.09561350360445053
Appliances,485,Leverage,9,2,9627.60687830461,0.12817452143085395
Appliances,485,Coreset,9,2,9655.502707033713,0.12564842179475044
Appliances,486,SRS,9,2,9517.89494318707,0.13171756608400875
Appliances,486,PCA-QS,9,2,9433.836460887931,0.13938591124201283
Appliances,486,Leverage,9,2,9364.477751484905,0.14571325036197658
Appliances,486,Coreset,9,2,9396.605398119545,0.14278236371294006
Appliances,487,SRS,9,2,9954.196127093008,0.12230738327657353
Appliances,487,PCA-QS,9,2,9739.035078602774,0.14127880610722832
Appliances,487,Leverage,9,2,9872.092138143362,0.1295467488651728
Appliances,487,Coreset,9,2,9687.858628991782,0.14579119378777972
Appliances,488,SRS,9,2,9274.07164839356,0.10184838400504714
Appliances,488,PCA-QS,9,2,9003.202334167609,0.12808084386938545
Appliances,488,Leverage,9,2,9270.441234460404,0.10219997306586259
Appliances,488,Coreset,9,2,9116.041592606729,0.11715287542606179
Appliances,489,SRS,9,2,9085.343911032458,0.13349032494000035
Appliances,489,PCA-QS,9,2,9104.25831668493,0.1316863739111377
Appliances,489,Leverage,9,2,9164.936181405164,0.12589925595975027
Appliances,489,Coreset,9,2,8990.244404479508,0.1425603880359606
Appliances,490,SRS,9,2,9590.117247160428,0.1036438334956552
Appliances,490,PCA-QS,9,2,9441.799427241873,0.11750660378929711
Appliances,490,Leverage,9,2,9387.970495363123,0.12253781391763474
Appliances,490,Coreset,9,2,9245.130140028603,0.13588862392651968
Appliances,491,SRS,9,2,9643.235958122043,0.08829928300000678
Appliances,491,PCA-QS,9,2,9170.388211925503,0.13300374020828698
Appliances,491,Leverage,9,2,9211.668351286386,0.12910099088050797
Appliances,491,Coreset,9,2,9581.851377536537,0.09410276705614595
Appliances,492,SRS,9,2,8944.952899854334,0.1175536778424866
Appliances,492,PCA-QS,9,2,8639.869784892955,0.1476510384171198
Appliances,492,Leverage,9,2,8508.4337624878,0.16061759462697178
Appliances,492,Coreset,9,2,8649.816083209033,0.14666980637863158
Appliances,493,SRS,9,2,9641.219705912596,0.11152467614381678
Appliances,493,PCA-QS,9,2,9338.388035371225,0.139431774494988
Appliances,493,Leverage,9,2,9331.228984590289,0.14009150844516394
Appliances,493,Coreset,9,2,9348.302639178537,0.13851810577906754
Appliances,494,SRS,9,2,8969.485742879908,0.14908160652783986
Appliances,494,PCA-QS,9,2,8993.46195876953,0.14680702761761255
Appliances,494,Leverage,9,2,9071.912078180014,0.13936461101870568
Appliances,494,Coreset,9,2,9060.555788723916,0.1404419610314931
Appliances,495,SRS,9,2,9295.497417214809,0.12142910600231138
Appliances,495,PCA-QS,9,2,9121.928063070802,0.13783414338723843
Appliances,495,Leverage,9,2,9345.705943870846,0.11668360953551571
Appliances,495,Coreset,9,2,9189.76013458794,0.13142294439059754
Appliances,496,SRS,9,2,8513.205483998445,0.118606775951838
Appliances,496,PCA-QS,9,2,8469.225301356262,0.12316015306062278
Appliances,496,Leverage,9,2,8325.963917397787,0.13799235854727532
Appliances,496,Coreset,9,2,8439.717882556322,0.12621512912554955
Appliances,497,SRS,9,2,8943.916101145356,0.1078916245281778
Appliances,497,PCA-QS,9,2,8785.37372179795,0.12370538920167906
Appliances,497,Leverage,9,2,8785.670220475979,0.12367581502511105
Appliances,497,Coreset,9,2,8826.878797844018,0.11956547716017973
Appliances,498,SRS,9,2,10057.841555810433,0.08867588880238086
Appliances,498,PCA-QS,9,2,9536.874209932188,0.13587986401028207
Appliances,498,Leverage,9,2,9542.700719499031,0.13535193377565646
Appliances,498,Coreset,9,2,9624.236397602283,0.12796412308426464
Appliances,499,SRS,9,2,8761.999064735977,0.13650598150303317
Appliances,499,PCA-QS,9,2,8758.873533572578,0.13681400224627704
Appliances,499,Leverage,9,2,8705.679100371657,0.14205630763195054
Appliances,499,Coreset,9,2,8715.752008991465,0.14106362362481828
Appliances,500,SRS,9,2,9000.14557307215,0.11394509052232082
Appliances,500,PCA-QS,9,2,8948.925004785111,0.11898770184771479
Appliances,500,Leverage,9,2,8857.361256144204,0.12800205704394552
Appliances,500,Coreset,9,2,8922.882301377751,0.12155157873424005
Appliances,501,SRS,9,2,9328.033952987364,0.14201307541109054
Appliances,501,PCA-QS,9,2,9546.756603760101,0.12189509820171995
Appliances,501,Leverage,9,2,9279.478135838559,0.14647921012247456
Appliances,501,Coreset,9,2,9246.489939569865,0.14951344447528225
Appliances,502,SRS,9,2,9030.378984900792,0.10965903772800101
Appliances,502,PCA-QS,9,2,8929.892932638479,0.11956635707924135
Appliances,502,Leverage,9,2,8782.415147600976,0.1341067781693841
Appliances,502,Coreset,9,2,9111.607232180244,0.10165042192490148
Appliances,503,SRS,9,2,9074.131684006417,0.15364280846569478
Appliances,503,PCA-QS,9,2,9323.747259195465,0.13036080810057038
Appliances,503,Leverage,9,2,9021.129539988751,0.15858639395885588
Appliances,503,Coreset,9,2,9275.952691602202,0.13481867552056026
Appliances,504,SRS,9,2,9392.219509119468,0.13425592678855058
Appliances,504,PCA-QS,9,2,9215.112434706314,0.15058107760600437
Appliances,504,Leverage,9,2,9367.30835347496,0.13655215563362177
Appliances,504,Coreset,9,2,9182.276693560772,0.15360776882192584
Appliances,505,SRS,9,2,9069.109157561335,0.11221187903164132
Appliances,505,PCA-QS,9,2,8931.132468599259,0.12571861528356398
Appliances,505,Leverage,9,2,8895.342091151213,0.12922218673598784
Appliances,505,Coreset,9,2,8926.074946644174,0.12621370337162785
Appliances,506,SRS,9,2,8975.421352803072,0.14860928176905774
Appliances,506,PCA-QS,9,2,9417.447919615739,0.10667951586695201
Appliances,506,Leverage,9,2,9010.42739892589,0.14528867746766483
Appliances,506,Coreset,9,2,9488.66524041578,0.09992398166715721
Appliances,507,SRS,9,2,9810.691768497207,0.14285069898817127
Appliances,507,PCA-QS,9,2,9861.815075267552,0.13838411215641244
Appliances,507,Leverage,9,2,9777.797028191208,0.14572467610676654
Appliances,507,Coreset,9,2,9994.172120968466,0.12682022330090637
Appliances,508,SRS,9,2,9106.412341182948,0.13080789463976494
Appliances,508,PCA-QS,9,2,8977.46231769792,0.14311596264721949
Appliances,508,Leverage,9,2,9128.624572675584,0.12868777361597594
Appliances,508,Coreset,9,2,9005.183163272564,0.14047005345437247
Appliances,509,SRS,9,2,9402.190789901753,0.12360870845668626
Appliances,509,PCA-QS,9,2,9638.46967659312,0.10158482452377715
Appliances,509,Leverage,9,2,9366.403614785955,0.12694448086561316
Appliances,509,Coreset,9,2,9506.022265828919,0.11393043205025655
Appliances,510,SRS,9,2,8495.961555607397,0.14749089839788943
Appliances,510,PCA-QS,9,2,8634.077466970606,0.13363195250429682
Appliances,510,Leverage,9,2,8399.673795770736,0.1571526878370676
Appliances,510,Coreset,9,2,8905.256524720504,0.10642106961805176
Appliances,511,SRS,9,2,9488.27897837872,0.11840681240143025
Appliances,511,PCA-QS,9,2,9480.790666629311,0.11910258079524927
Appliances,511,Leverage,9,2,9446.175439250637,0.12231881723957738
Appliances,511,Coreset,9,2,9670.655934062628,0.10146145465296175
Appliances,512,SRS,9,2,9925.0507228489,0.11893572677266495
Appliances,512,PCA-QS,9,2,10080.086427010378,0.10517293363178404
Appliances,512,Leverage,9,2,9772.800741155688,0.13245122641243912
Appliances,512,Coreset,9,2,9848.785532401342,0.1257059223586211
Appliances,513,SRS,9,2,8783.878259860208,0.13532735794842676
Appliances,513,PCA-QS,9,2,8640.493245634763,0.14944197741526022
Appliances,513,Leverage,9,2,8591.843867893143,0.15423095384930763
Appliances,513,Coreset,9,2,8990.097820184854,0.11502739399247552
Appliances,514,SRS,9,2,8657.879116364855,0.12342902531983302
Appliances,514,PCA-QS,9,2,8623.72170554198,0.126887308173536
Appliances,514,Leverage,9,2,8714.323988177142,0.1177142381721733
Appliances,514,Coreset,9,2,8719.480926435668,0.11719212157353698
Appliances,515,SRS,9,2,9615.400198411573,0.12253321654760241
Appliances,515,PCA-QS,9,2,9732.453854315903,0.11185132158553057
Appliances,515,Leverage,9,2,9612.046356795441,0.12283927605156386
Appliances,515,Coreset,9,2,9489.313720559156,0.13403941430069022
Appliances,516,SRS,9,2,8214.632629096155,0.13464665584681768
Appliances,516,PCA-QS,9,2,8419.767206261458,0.11303718158710563
Appliances,516,Leverage,9,2,8082.221454021474,0.14859523496504612
Appliances,516,Coreset,9,2,8096.242404154292,0.14711822721150836
Appliances,517,SRS,9,2,8998.040615635142,0.12920005489766206
Appliances,517,PCA-QS,9,2,9017.760250052199,0.12729165535810294
Appliances,517,Leverage,9,2,8965.529542275995,0.13234636664548527
Appliances,517,Coreset,9,2,9045.008330053475,0.1246546783113418
Appliances,518,SRS,9,2,9581.597690368108,0.14542080276882308
Appliances,518,PCA-QS,9,2,9649.41872016986,0.1393718699001808
Appliances,518,Leverage,9,2,9620.175427170345,0.14198006851835532
Appliances,518,Coreset,9,2,9657.704384271547,0.13863287454623652
Appliances,519,SRS,9,2,8823.534935683903,0.14480244130169184
Appliances,519,PCA-QS,9,2,8928.9660182983,0.1345838151932246
Appliances,519,Leverage,9,2,8996.361257773064,0.12805171159905004
Appliances,519,Coreset,9,2,9005.247749666618,0.12719041210534876
Appliances,520,SRS,9,2,8782.179517165549,0.1274378899000168
Appliances,520,PCA-QS,9,2,9069.093634270183,0.09893125473627862
Appliances,520,Leverage,9,2,8835.834736068913,0.1221069226916276
Appliances,520,Coreset,9,2,8895.203951505291,0.11620823572048422
Appliances,521,SRS,9,2,9001.595908684867,0.12848442148790862
Appliances,521,PCA-QS,9,2,8778.807903851895,0.15005428741915205
Appliances,521,Leverage,9,2,8799.543626789595,0.14804669834769868
Appliances,521,Coreset,9,2,8891.964003504609,0.1390987519061816
Appliances,522,SRS,9,2,8808.643100899293,0.14693719189631183
Appliances,522,PCA-QS,9,2,8942.289073706697,0.1339944029163388
Appliances,522,Leverage,9,2,9109.967901816999,0.11775574160053348
Appliances,522,Coreset,9,2,8951.280805317218,0.13312360911421495
Appliances,523,SRS,9,2,8337.22471387967,0.1247444313095396
Appliances,523,PCA-QS,9,2,8164.52881790089,0.14287433062648847
Appliances,523,Leverage,9,2,8381.040229553886,0.12014460637918156
Appliances,523,Coreset,9,2,8281.071781105726,0.13063945858724701
Appliances,524,SRS,9,2,9490.242304410966,0.11838756299925635
Appliances,524,PCA-QS,9,2,9401.731802990234,0.12660989877896778
Appliances,524,Leverage,9,2,9701.36072714856,0.09877535277371385
Appliances,524,Coreset,9,2,9727.762302061905,0.096322732908656
Appliances,525,SRS,9,2,8239.336018657026,0.1289428634300357
Appliances,525,PCA-QS,9,2,8437.473260031009,0.10799592574861516
Appliances,525,Leverage,9,2,8292.595506021167,0.12331230576694929
Appliances,525,Coreset,9,2,8336.762491617057,0.11864300135735051
Appliances,526,SRS,9,2,9424.790751497136,0.12012009053663775
Appliances,526,PCA-QS,9,2,9370.625825655161,0.1251768213758191
Appliances,526,Leverage,9,2,9483.957316809954,0.11459641648345731
Appliances,526,Coreset,9,2,9559.186580034917,0.10757316057670308
Appliances,527,SRS,9,2,8455.068472727527,0.12093389888311912
Appliances,527,PCA-QS,9,2,8504.162555609171,0.11582962986792633
Appliances,527,Leverage,9,2,8609.121099301803,0.10491718154413132
Appliances,527,Coreset,9,2,8849.476260043302,0.07992766493431602
Appliances,528,SRS,9,2,9259.72766889794,0.145885307992476
Appliances,528,PCA-QS,9,2,9411.020701244737,0.1319300809764803
Appliances,528,Leverage,9,2,9385.099882988055,0.13432101000739027
Appliances,528,Coreset,9,2,9325.186757371957,0.13984737996799756
Appliances,529,SRS,9,2,9121.562647637875,0.11603593802404377
Appliances,529,PCA-QS,9,2,9164.554512540006,0.11186962738201223
Appliances,529,Leverage,9,2,9468.49236689754,0.08241522897411258
Appliances,529,Coreset,9,2,9082.613904801467,0.11981043262069524
Appliances,530,SRS,9,2,9251.48080529369,0.1395092652280211
Appliances,530,PCA-QS,9,2,9362.475655416549,0.1291855081832598
Appliances,530,Leverage,9,2,9510.840057516181,0.11538596667595113
Appliances,530,Coreset,9,2,9397.565305808568,0.12592177995594256
Appliances,531,SRS,9,2,9268.648026298659,0.1252543774993803
Appliances,531,PCA-QS,9,2,9266.70814684321,0.1254374571736777
Appliances,531,Leverage,9,2,9285.737556509031,0.12364152180568055
Appliances,531,Coreset,9,2,9278.14408385879,0.12435816968588154
Appliances,532,SRS,9,2,9023.080295563184,0.10267683027245078
Appliances,532,PCA-QS,9,2,9392.731880145771,0.0659158882540627
Appliances,532,Leverage,9,2,8663.031751056731,0.13848277354563487
Appliances,532,Coreset,9,2,8729.09274364317,0.1319131701151789
Appliances,533,SRS,9,2,9059.632306845104,0.11615167125902215
Appliances,533,PCA-QS,9,2,8843.352534691645,0.1372517014461062
Appliances,533,Leverage,9,2,9039.258579238254,0.11813931098717434
Appliances,533,Coreset,9,2,8884.881728751248,0.13320015635902727
Appliances,534,SRS,9,2,9771.715117601465,0.11041735500137706
Appliances,534,PCA-QS,9,2,9635.878929018194,0.12278340481680572
Appliances,534,Leverage,9,2,9582.50708737621,0.12764218994151744
Appliances,534,Coreset,9,2,9584.813073188907,0.12743226108727856
Appliances,535,SRS,9,2,9348.423025174592,0.11368353662564268
Appliances,535,PCA-QS,9,2,9238.239313200354,0.12412996568169643
Appliances,535,Leverage,9,2,9210.899660753961,0.12672201612709422
Appliances,535,Coreset,9,2,9222.241546374846,0.12564670107936615
Appliances,536,SRS,9,2,8485.972002196848,0.13932469069277542
Appliances,536,PCA-QS,9,2,8509.909627941484,0.1368968576246823
Appliances,536,Leverage,9,2,8709.406005020464,0.1166632761323475
Appliances,536,Coreset,9,2,8851.709944478376,0.10223034056799873
Appliances,537,SRS,9,2,9152.829327625957,0.1290725521962619
Appliances,537,PCA-QS,9,2,9068.215159254016,0.13712392069340884
Appliances,537,Leverage,9,2,9243.580092209208,0.12043726260923016
Appliances,537,Coreset,9,2,9057.373665086738,0.13815553119410817
Appliances,538,SRS,9,2,9087.304091333504,0.14365549309772885
Appliances,538,PCA-QS,9,2,9290.697727395911,0.1244886399551085
Appliances,538,Leverage,9,2,9401.781985759071,0.11402058545880012
Appliances,538,Coreset,9,2,9335.82210774614,0.12023633202616624
Appliances,539,SRS,9,2,9148.717851062365,0.12012845374834846
Appliances,539,PCA-QS,9,2,8998.005018104634,0.1346231551407504
Appliances,539,Leverage,9,2,9054.843162545494,0.12915678631733685
Appliances,539,Coreset,9,2,9119.571369608158,0.12293159623480399
Appliances,540,SRS,9,2,9264.032305948218,0.1120102858661931
Appliances,540,PCA-QS,9,2,9141.518437261355,0.12375366624741446
Appliances,540,Leverage,9,2,8890.008642934496,0.14786175471152319
Appliances,540,Coreset,9,2,8883.77191430072,0.1484595668405979
Appliances,541,SRS,9,2,8814.066794666182,0.08053242845910058
Appliances,541,PCA-QS,9,2,8799.633791511016,0.0820380533505698
Appliances,541,Leverage,9,2,8730.46885776476,0.08925321465453706
Appliances,541,Coreset,9,2,8859.0849149459,0.07583621924112882
Appliances,542,SRS,9,2,8712.106437439414,0.15123807174970516
Appliances,542,PCA-QS,9,2,8770.429587540028,0.1455560395458405
Appliances,542,Leverage,9,2,9252.16159866777,0.09862413007012849
Appliances,542,Coreset,9,2,9441.760542537751,0.08015278030542061
Appliances,543,SRS,9,2,9892.065056338539,0.1181797214332172
Appliances,543,PCA-QS,9,2,9568.847456525275,0.14699269751877053
Appliances,543,Leverage,9,2,9766.759410461354,0.12934999365889432
Appliances,543,Coreset,9,2,9776.235340782017,0.12850526938065154
Appliances,544,SRS,9,2,9253.345261576029,0.12626604604088965
Appliances,544,PCA-QS,9,2,9136.258201590097,0.13732182500374346
Appliances,544,Leverage,9,2,9059.500797201175,0.14456953364710912
Appliances,544,Coreset,9,2,9219.851335454006,0.12942866233553163
Appliances,545,SRS,9,2,9644.70232868495,0.15749430232049288
Appliances,545,PCA-QS,9,2,9955.232502117831,0.1303681732288261
Appliances,545,Leverage,9,2,9715.455537518283,0.15131370912645503
Appliances,545,Coreset,9,2,9758.599995358603,0.14754485755229574
Appliances,546,SRS,9,2,8887.747348678842,0.119239933197955
Appliances,546,PCA-QS,9,2,8988.791792559485,0.10922660725034927
Appliances,546,Leverage,9,2,9244.035734126965,0.08393238339291609
Appliances,546,Coreset,9,2,9365.824516699435,0.07186333011472923
Appliances,547,SRS,9,2,9252.04469833633,0.13700062755042308
Appliances,547,PCA-QS,9,2,9410.767888737862,0.12219546629408506
Appliances,547,Leverage,9,2,9447.164164947111,0.11880054500347226
Appliances,547,Coreset,9,2,9282.571811136695,0.13415316193083437
Appliances,548,SRS,9,2,9465.385137909858,0.11384022440456132
Appliances,548,PCA-QS,9,2,9505.483921989951,0.11008613210040874
Appliances,548,Leverage,9,2,9444.488116256764,0.11579662657403578
Appliances,548,Coreset,9,2,9403.907696449269,0.11959581014514609
Appliances,549,SRS,9,2,9130.386302085635,0.12852198260189696
Appliances,549,PCA-QS,9,2,8842.950586691379,0.15595717527539565
Appliances,549,Leverage,9,2,9171.2536190666,0.12462127487709729
Appliances,549,Coreset,9,2,9113.476180790249,0.1301360215366022
Appliances,550,SRS,9,2,9859.628924986444,0.1194768305336219
Appliances,550,PCA-QS,9,2,10130.900434033096,0.09525068056905683
Appliances,550,Leverage,9,2,9639.508978846467,0.13913484343781524
Appliances,550,Coreset,9,2,9669.273557323608,0.13647669056229428
Appliances,551,SRS,9,2,9635.90732673392,0.11576003494791354
Appliances,551,PCA-QS,9,2,9487.744611110167,0.1293562008348239
Appliances,551,Leverage,9,2,9475.382426507223,0.1304906178970291
Appliances,551,Coreset,9,2,9652.142830464005,0.11427018238249265
Appliances,552,SRS,9,2,8913.703932130216,0.08899312447785324
Appliances,552,PCA-QS,9,2,8355.111392897106,0.1460829322313315
Appliances,552,Leverage,9,2,8667.199295811786,0.114186626555559
Appliances,552,Coreset,9,2,8576.299474939264,0.1234768567930814
Appliances,553,SRS,9,2,9011.38320374399,0.1377447392817257
Appliances,553,PCA-QS,9,2,9134.559843264233,0.12595856805555927
Appliances,553,Leverage,9,2,9049.390161483501,0.13410803906447444
Appliances,553,Coreset,9,2,9150.796236297469,0.12440498688034285
Appliances,554,SRS,9,2,9942.11392841318,0.10019504862504491
Appliances,554,PCA-QS,9,2,9699.283309734305,0.12217228551912773
Appliances,554,Leverage,9,2,9570.729614368463,0.13380695923546415
Appliances,554,Coreset,9,2,9547.845245889968,0.13587809503357562
Appliances,555,SRS,9,2,9678.91054794908,0.12840552000261896
Appliances,555,PCA-QS,9,2,9685.669494187085,0.1277968708987286
Appliances,555,Leverage,9,2,9504.87157374768,0.14407788400132227
Appliances,555,Coreset,9,2,9519.276549371169,0.14278070316927194
Appliances,556,SRS,9,2,8643.418526004283,0.12356563119882502
Appliances,556,PCA-QS,9,2,9038.677131390532,0.08348678678296007
Appliances,556,Leverage,9,2,8780.438066154094,0.1096719809233776
Appliances,556,Coreset,9,2,8830.568515701205,0.10458880130244907
Appliances,557,SRS,9,2,9415.04232493533,0.13893636890659689
Appliances,557,PCA-QS,9,2,9602.746970389828,0.12176962254369517
Appliances,557,Leverage,9,2,9529.759950516262,0.1284447352182897
Appliances,557,Coreset,9,2,9453.225931227147,0.1354442428441579
Appliances,558,SRS,9,2,8589.463270141292,0.1417971078561503
Appliances,558,PCA-QS,9,2,8532.191531048995,0.14751932478418295
Appliances,558,Leverage,9,2,8640.362580856365,0.13671158221968216
Appliances,558,Coreset,9,2,8786.323754886962,0.1221280980421302
Appliances,559,SRS,9,2,9041.63497075897,0.09363255810508941
Appliances,559,PCA-QS,9,2,8676.341234970085,0.13025097390244988
Appliances,559,Leverage,9,2,8764.653059650907,0.12139826497492845
Appliances,559,Coreset,9,2,8837.491049204324,0.11409671138668875
Appliances,560,SRS,9,2,8955.457526440598,0.15600291422936718
Appliances,560,PCA-QS,9,2,8920.35504796871,0.1593111080816778
Appliances,560,Leverage,9,2,8988.647606879322,0.15287495219235558
Appliances,560,Coreset,9,2,8949.186411579632,0.1565939284407083
Appliances,561,SRS,9,2,9144.530787000222,0.15112134109015618
Appliances,561,PCA-QS,9,2,9141.747401239561,0.15137972031450053
Appliances,561,Leverage,9,2,9345.005498274266,0.13251145196456293
Appliances,561,Coreset,9,2,9206.281616605213,0.14538906650520178
Appliances,562,SRS,9,2,8882.208951326791,0.12721906555339313
Appliances,562,PCA-QS,9,2,8904.972781598542,0.12498225293560439
Appliances,562,Leverage,9,2,8994.08746335758,0.1162256929802179
Appliances,562,Coreset,9,2,9052.431672161174,0.11049269194880851
Appliances,563,SRS,9,2,9200.030588487658,0.12799071153759345
Appliances,563,PCA-QS,9,2,9240.981060666905,0.12410929051798203
Appliances,563,Leverage,9,2,9018.49469174913,0.14519728347480387
Appliances,563,Coreset,9,2,9267.092402465407,0.12163437129206078
Appliances,564,SRS,9,2,9546.196318380105,0.10858728789648875
Appliances,564,PCA-QS,9,2,9356.356755843108,0.12631428550493162
Appliances,564,Leverage,9,2,9205.322340205466,0.14041770361768247
Appliances,564,Coreset,9,2,9436.723252312257,0.1188097555130343
Appliances,565,SRS,9,2,8967.143336790949,0.1336310161669666
Appliances,565,PCA-QS,9,2,8990.103364787954,0.13141271147644928
Appliances,565,Leverage,9,2,9118.20315448991,0.11903622986296092
Appliances,565,Coreset,9,2,9172.60675090964,0.11377997524799999
Appliances,566,SRS,9,2,8102.489877249141,0.1375624843363552
Appliances,566,PCA-QS,9,2,8136.426559527036,0.13395022830184944
Appliances,566,Leverage,9,2,8227.965000085807,0.12420678073705782
Appliances,566,Coreset,9,2,8232.001480288127,0.12377713355323505
Appliances,567,SRS,9,2,9364.040103247544,0.14148702621162146
Appliances,567,PCA-QS,9,2,9354.26157236182,0.14238354048723556
Appliances,567,Leverage,9,2,9276.98765444915,0.1494681599818144
Appliances,567,Coreset,9,2,9331.675917759208,0.14445423617884434
Appliances,568,SRS,9,2,9883.854234764363,0.12904135557702068
Appliances,568,PCA-QS,9,2,10272.602427598562,0.09478512404925699
Appliances,568,Leverage,9,2,9994.629327964843,0.11927992823116107
Appliances,568,Coreset,9,2,10129.357752078415,0.10740774933778241
Appliances,569,SRS,9,2,9597.396999100463,0.11546614969988922
Appliances,569,PCA-QS,9,2,9244.918646638514,0.14795194082427732
Appliances,569,Leverage,9,2,9340.876708298467,0.1391080684956275
Appliances,569,Coreset,9,2,9497.701088932288,0.12465451684657447
Appliances,570,SRS,9,2,8732.257199879372,0.13208814066575536
Appliances,570,PCA-QS,9,2,8606.16182846596,0.14462094469932962
Appliances,570,Leverage,9,2,8646.653406282245,0.14059642735112388
Appliances,570,Coreset,9,2,8668.062293552668,0.13846856662372709
Appliances,571,SRS,9,2,8552.636429068023,0.12581967523545057
Appliances,571,PCA-QS,9,2,8554.23223510136,0.125656565035683
Appliances,571,Leverage,9,2,8752.443955856508,0.10539698918922613
Appliances,571,Coreset,9,2,8407.814407086005,0.14062219411477772
Appliances,572,SRS,9,2,9383.219937351287,0.12762310997129545
Appliances,572,PCA-QS,9,2,9281.41465271458,0.13708815269573638
Appliances,572,Leverage,9,2,9710.815614559511,0.09716587887388273
Appliances,572,Coreset,9,2,9301.862995174086,0.13518702903880753
Appliances,573,SRS,9,2,9155.331490929468,0.1393498272890361
Appliances,573,PCA-QS,9,2,9483.207145927832,0.10852776045490409
Appliances,573,Leverage,9,2,9288.136339070603,0.12686546060031934
Appliances,573,Coreset,9,2,9315.31059184342,0.12431093536380688
Appliances,574,SRS,9,2,10074.960107511293,0.1213473042559352
Appliances,574,PCA-QS,9,2,10107.621502708094,0.11849885397621296
Appliances,574,Leverage,9,2,10213.656682459326,0.10925136361020493
Appliances,574,Coreset,9,2,9881.305812304312,0.13823619182574043
Appliances,575,SRS,9,2,9459.318909795467,0.12248630052877119
Appliances,575,PCA-QS,9,2,9548.380847751896,0.11422428172979704
Appliances,575,Leverage,9,2,9555.71878969341,0.113543562045747
Appliances,575,Coreset,9,2,9730.808447101605,0.09730100013652632
Appliances,576,SRS,9,2,9165.932493240603,0.12717623241232656
Appliances,576,PCA-QS,9,2,9002.08338991747,0.14277872477017695
Appliances,576,Leverage,9,2,8984.16218650356,0.14448526715361376
Appliances,576,Coreset,9,2,9000.435596573941,0.1429356355040674
Appliances,577,SRS,9,2,8800.902071290053,0.11323641232965642
Appliances,577,PCA-QS,9,2,8825.849082628654,0.1107227948507804
Appliances,577,Leverage,9,2,8529.731463899581,0.14055909115649534
Appliances,577,Coreset,9,2,9090.528882410354,0.08405411851089206
Appliances,578,SRS,9,2,9292.954041071114,0.13992196258609702
Appliances,578,PCA-QS,9,2,9178.872238404821,0.15048041929514977
Appliances,578,Leverage,9,2,9648.901975839308,0.1069784012810554
Appliances,578,Coreset,9,2,9328.886207842555,0.1365963820074968
Appliances,579,SRS,9,2,9179.30178181148,0.14276608358426568
Appliances,579,PCA-QS,9,2,9156.390739430622,0.1449056932251891
Appliances,579,Leverage,9,2,9273.246832715622,0.13399277099157947
Appliances,579,Coreset,9,2,9320.649958221788,0.1295659019449037
Appliances,580,SRS,9,2,9655.74087235701,0.13260477594252162
Appliances,580,PCA-QS,9,2,9656.440756194139,0.13254190392620036
Appliances,580,Leverage,9,2,9771.921533707524,0.12216802622901402
Appliances,580,Coreset,9,2,9597.773164656826,0.13781213532316172
Appliances,581,SRS,9,2,9090.002403740746,0.0994805524406479
Appliances,581,PCA-QS,9,2,8903.88441539559,0.11791870686582873
Appliances,581,Leverage,9,2,8737.203856868353,0.13443125304756165
Appliances,581,Coreset,9,2,8786.387986965769,0.12955872786035316
Appliances,582,SRS,9,2,9535.195298320386,0.11888314867947647
Appliances,582,PCA-QS,9,2,9644.927685439157,0.1087431303158245
Appliances,582,Leverage,9,2,9726.049340280877,0.10124693806681662
Appliances,582,Coreset,9,2,9520.738979920567,0.12021901075168595
Appliances,583,SRS,9,2,9107.976147751759,0.12302070134688114
Appliances,583,PCA-QS,9,2,9181.807360268343,0.11591171863533922
Appliances,583,Leverage,9,2,8889.496358797267,0.14405745517440272
Appliances,583,Coreset,9,2,8979.00924392248,0.1354385319422744
Appliances,584,SRS,9,2,9664.183940205572,0.13713216640442427
Appliances,584,PCA-QS,9,2,9533.060848962086,0.14883950748729835
Appliances,584,Leverage,9,2,9851.099602885019,0.12044337882347667
Appliances,584,Coreset,9,2,9638.670497878013,0.13941013719274498
Appliances,585,SRS,9,2,9379.386889576697,0.1393028616442874
Appliances,585,PCA-QS,9,2,9361.315399046689,0.14096118754214404
Appliances,585,Leverage,9,2,9293.317862105752,0.14720096484841327
Appliances,585,Coreset,9,2,9529.002621797048,0.12557341065872718
Appliances,586,SRS,9,2,9559.97112666702,0.12734557343656616
Appliances,586,PCA-QS,9,2,9583.968020360337,0.1251550861194204
Appliances,586,Leverage,9,2,9563.27185750623,0.1270442757297462
Appliances,586,Coreset,9,2,9505.762277496196,0.13229387208318788
Appliances,587,SRS,9,2,8756.387604426243,0.09074811637921909
Appliances,587,PCA-QS,9,2,8519.060969437216,0.11539180503777913
Appliances,587,Leverage,9,2,8519.195417739316,0.11537784410120833
Appliances,587,Coreset,9,2,8430.696437880293,0.12456746289956522
Appliances,588,SRS,9,2,9866.600719843404,0.11848206686763008
Appliances,588,PCA-QS,9,2,9685.599138069632,0.13465340538526271
Appliances,588,Leverage,9,2,9877.688107800323,0.11749147937015858
Appliances,588,Coreset,9,2,9725.396453022327,0.13109776876658785
Appliances,589,SRS,9,2,9539.248193765581,0.14287703431112908
Appliances,589,PCA-QS,9,2,9477.409824072152,0.14843335130261226
Appliances,589,Leverage,9,2,9740.526903980292,0.12479168822043651
Appliances,589,Coreset,9,2,9651.021660153214,0.1328339362546065
Appliances,590,SRS,9,2,10395.540276096017,0.09649424644615878
Appliances,590,PCA-QS,9,2,9603.502894192296,0.16533245134689312
Appliances,590,Leverage,9,2,10038.260439103771,0.12754644573334195
Appliances,590,Coreset,9,2,9888.000833599332,0.14060593225297624
Appliances,591,SRS,9,2,8585.556691858434,0.10563529004450145
Appliances,591,PCA-QS,9,2,8599.588903382173,0.10417354268904289
Appliances,591,Leverage,9,2,8450.274858458642,0.11972771317247255
Appliances,591,Coreset,9,2,8661.695481819117,0.09770384782781649
Appliances,592,SRS,9,2,8899.420497379777,0.15302326642827258
Appliances,592,PCA-QS,9,2,9151.400498049032,0.1290417950554924
Appliances,592,Leverage,9,2,9122.769364550846,0.13176668078663512
Appliances,592,Coreset,9,2,9023.144996936973,0.14124814325833102
Appliances,593,SRS,9,2,8979.029628903132,0.10438591647103301
Appliances,593,PCA-QS,9,2,8906.62980296252,0.11160744334390726
Appliances,593,Leverage,9,2,8762.936585632759,0.1259401356800438
Appliances,593,Coreset,9,2,8872.811576416661,0.11498064526284812
Appliances,594,SRS,9,2,8573.067619321218,0.14050128084383606
Appliances,594,PCA-QS,9,2,8476.995538491328,0.15013305258372778
Appliances,594,Leverage,9,2,8590.819855554673,0.1387215183384728
Appliances,594,Coreset,9,2,8957.094265710266,0.10200042848273494
Appliances,595,SRS,9,2,9184.748254716946,0.10477022154713778
Appliances,595,PCA-QS,9,2,9132.341301646687,0.10987828370468034
Appliances,595,Leverage,9,2,9198.285700349043,0.1034507379730707
Appliances,595,Coreset,9,2,9294.102764734344,0.09411152834611058
Appliances,596,SRS,9,2,9876.05312004714,0.1242370366517147
Appliances,596,PCA-QS,9,2,9877.031733151314,0.12415025774300836
Appliances,596,Leverage,9,2,9985.666190642029,0.11451705374366139
Appliances,596,Coreset,9,2,9890.851598963369,0.12292477561067017
Appliances,597,SRS,9,2,8800.536379619414,0.1384825033298056
Appliances,597,PCA-QS,9,2,9051.28249191631,0.11393602642800271
Appliances,597,Leverage,9,2,9001.684927022581,0.1187913179812694
Appliances,597,Coreset,9,2,9191.977820513048,0.100162833288712
Appliances,598,SRS,9,2,9252.263980271864,0.1364896703567422
Appliances,598,PCA-QS,9,2,9176.170092771166,0.14359148435812275
Appliances,598,Leverage,9,2,9338.654098167246,0.12842691303152698
Appliances,598,Coreset,9,2,9459.790846112981,0.11712126574632487
Appliances,599,SRS,9,2,9381.805893329318,0.1208490123924888
Appliances,599,PCA-QS,9,2,9498.640184211921,0.10990069568419947
Appliances,599,Leverage,9,2,9375.126423864056,0.12147493263043085
Appliances,599,Coreset,9,2,9335.66859231668,0.12517245014125367
Appliances,600,SRS,9,2,9296.39210135269,0.12738771538618288
Appliances,600,PCA-QS,9,2,9173.048721197345,0.1389654272098576
Appliances,600,Leverage,9,2,9309.436525061323,0.12616329151832528
Appliances,600,Coreset,9,2,9229.72649332844,0.13364532886558278
Appliances,601,SRS,9,2,9870.203214895202,0.07364444009582471
Appliances,601,PCA-QS,9,2,9317.0817597369,0.1255569614626526
Appliances,601,Leverage,9,2,9488.672073389997,0.10945256749856802
Appliances,601,Coreset,9,2,9446.808630243626,0.11338160851941037
Appliances,602,SRS,9,2,9728.069656334726,0.10332707305642741
Appliances,602,PCA-QS,9,2,9671.276286570557,0.10856193247833379
Appliances,602,Leverage,9,2,9829.493213559188,0.09397848067065362
Appliances,602,Coreset,9,2,9591.126955485235,0.11594959907980051
Appliances,603,SRS,9,2,8299.786957911112,0.13762584424735635
Appliances,603,PCA-QS,9,2,8212.042799276607,0.1467427402723238
Appliances,603,Leverage,9,2,8341.56010677635,0.13328548175751542
Appliances,603,Coreset,9,2,8254.770006184785,0.14230324812969886
Appliances,604,SRS,9,2,9707.284044067506,0.1087461609236533
Appliances,604,PCA-QS,9,2,9507.683594919821,0.1270720557647501
Appliances,604,Leverage,9,2,9387.339350068885,0.13812120913733428
Appliances,604,Coreset,9,2,9469.825566837391,0.1305479108767622
Appliances,605,SRS,9,2,9920.22897403555,0.13559564289212722
Appliances,605,PCA-QS,9,2,10205.065047359114,0.11077630218065704
Appliances,605,Leverage,9,2,9981.444099526589,0.1302616308109693
Appliances,605,Coreset,9,2,9888.75811556687,0.13833787265854214
Appliances,606,SRS,9,2,9143.131622288482,0.14856328366804394
Appliances,606,PCA-QS,9,2,9394.327168873706,0.1251711768738729
Appliances,606,Leverage,9,2,9342.857652785475,0.1299641775195739
Appliances,606,Coreset,9,2,9404.1169905686,0.12425951837635585
Appliances,607,SRS,9,2,8601.290347127111,0.1614968695168152
Appliances,607,PCA-QS,9,2,8719.527228574645,0.14997045996299274
Appliances,607,Leverage,9,2,8734.928748051287,0.14846903148259327
Appliances,607,Coreset,9,2,8510.689183177843,0.17032919077687536
Appliances,608,SRS,9,2,9293.931626985059,0.10058124738238505
Appliances,608,PCA-QS,9,2,9126.392381923299,0.11679483113314348
Appliances,608,Leverage,9,2,9143.585386371877,0.11513098086659013
Appliances,608,Coreset,9,2,8881.01809386571,0.14054088877019388
Appliances,609,SRS,9,2,9529.140518341788,0.13559697549252703
Appliances,609,PCA-QS,9,2,9547.642855040189,0.1339186000113629
Appliances,609,Leverage,9,2,9583.300834060066,0.13068400977174188
Appliances,609,Coreset,9,2,9683.728820214876,0.12157403234929554
Appliances,610,SRS,9,2,9065.842769237848,0.13756280284019395
Appliances,610,PCA-QS,9,2,9247.99213228882,0.12023486211446588
Appliances,610,Leverage,9,2,8992.723354411975,0.14451868160243875
Appliances,610,Coreset,9,2,9535.107314009978,0.0929214816722369
Appliances,611,SRS,9,2,8839.624825943054,0.10232206898621965
Appliances,611,PCA-QS,9,2,8790.775341681374,0.10728281164516351
Appliances,611,Leverage,9,2,8599.27597633389,0.12672987613720665
Appliances,611,Coreset,9,2,8594.212407034362,0.12724408963629164
Appliances,612,SRS,9,2,8871.67223015051,0.10486658453719777
Appliances,612,PCA-QS,9,2,8912.208309058373,0.10077657784838556
Appliances,612,Leverage,9,2,9021.725128499183,0.08972655682714992
Appliances,612,Coreset,9,2,8745.15597740721,0.11763181328908823
Appliances,613,SRS,9,2,9696.689260958294,0.09438854547688458
Appliances,613,PCA-QS,9,2,9424.102758261502,0.11984645719779852
Appliances,613,Leverage,9,2,9385.113701926866,0.12348779653202446
Appliances,613,Coreset,9,2,9455.558202102731,0.11690871118128754
Appliances,614,SRS,9,2,8906.15259783558,0.15924468695651695
Appliances,614,PCA-QS,9,2,9075.715722220455,0.14323765180224812
Appliances,614,Leverage,9,2,9049.697375913962,0.14569382607654757
Appliances,614,Coreset,9,2,9083.432668857293,0.14250915946909726
Appliances,615,SRS,9,2,9799.782415833048,0.0582329065864966
Appliances,615,PCA-QS,9,2,9284.727407096634,0.10773011355938489
Appliances,615,Leverage,9,2,9157.846456984265,0.11992347648587298
Appliances,615,Coreset,9,2,9205.399662085974,0.11535357464001406
Appliances,616,SRS,9,2,8980.5585009398,0.1075702902300334
Appliances,616,PCA-QS,9,2,8901.88464206514,0.11538838851809075
Appliances,616,Leverage,9,2,8631.969490874995,0.1422108071921553
Appliances,616,Coreset,9,2,8721.789868113123,0.1332850401386182
Appliances,617,SRS,9,2,9970.367401943042,0.11714741268825057
Appliances,617,PCA-QS,9,2,9911.142075623711,0.12239167606065293
Appliances,617,Leverage,9,2,9920.61702979118,0.12155269115024936
Appliances,617,Coreset,9,2,9990.824042640319,0.115336025259962
Appliances,618,SRS,9,2,9347.61018941008,0.1240446318810936
Appliances,618,PCA-QS,9,2,9148.845417178713,0.14267068342807032
Appliances,618,Leverage,9,2,9201.938931706398,0.13769534233869607
Appliances,618,Coreset,9,2,9030.85096229139,0.1537278278823725
Appliances,619,SRS,9,2,9048.038726604349,0.09831609065209523
Appliances,619,PCA-QS,9,2,8595.605510053252,0.1434034033554683
Appliances,619,Leverage,9,2,8656.339753964668,0.13735092147115546
Appliances,619,Coreset,9,2,8855.472374200874,0.11750632476697453
Appliances,620,SRS,9,2,9370.509421850113,0.1531255978315803
Appliances,620,PCA-QS,9,2,9654.74325026316,0.12743752233036443
Appliances,620,Leverage,9,2,9458.89137330358,0.1451379411386472
Appliances,620,Coreset,9,2,9502.344325536607,0.14121081281636094
Appliances,621,SRS,9,2,9391.221107567682,0.14194033491044789
Appliances,621,PCA-QS,9,2,9679.51902992452,0.11559905129354098
Appliances,621,Leverage,9,2,9824.083340346828,0.10239045974148941
Appliances,621,Coreset,9,2,9793.682949831189,0.10516809095745772
Appliances,622,SRS,9,2,9086.037032959804,0.11466537915987485
Appliances,622,PCA-QS,9,2,8958.635011414246,0.12707930836026682
Appliances,622,Leverage,9,2,9422.10156453863,0.08191957771047964
Appliances,622,Coreset,9,2,8781.83274836518,0.14430674909734598
Appliances,623,SRS,9,2,9577.143964559844,0.11978277154530881
Appliances,623,PCA-QS,9,2,9499.749798865498,0.12689592326132482
Appliances,623,Leverage,9,2,9903.782096937848,0.0897620772074853
Appliances,623,Coreset,9,2,9695.05018416718,0.10894623340571452
Appliances,624,SRS,9,2,9142.022151620227,0.12665866722687558
Appliances,624,PCA-QS,9,2,8924.620625712167,0.14742712908734112
Appliances,624,Leverage,9,2,9108.717901236801,0.12984023667994415
Appliances,624,Coreset,9,2,8976.254905455922,0.1424944839963206
Appliances,625,SRS,9,2,9177.61226341876,0.1340129100963976
Appliances,625,PCA-QS,9,2,9121.490386864238,0.13930849452101945
Appliances,625,Leverage,9,2,9224.814475057703,0.12955897319854526
Appliances,625,Coreset,9,2,9029.453275851958,0.14799299193069415
Appliances,626,SRS,9,2,8997.147743355756,0.11697560640362459
Appliances,626,PCA-QS,9,2,8967.49156220704,0.11988621008850531
Appliances,626,Leverage,9,2,9024.425704471327,0.11429841294635246
Appliances,626,Coreset,9,2,8944.32838639546,0.12215955824930358
Appliances,627,SRS,9,2,9141.60778849608,0.10611321130781315
Appliances,627,PCA-QS,9,2,9037.646363133355,0.11627879123810636
Appliances,627,Leverage,9,2,9159.345011370095,0.10437882611409233
Appliances,627,Coreset,9,2,8927.299952127885,0.12706870929841896
Appliances,628,SRS,9,2,8871.99894233208,0.13814693526552158
Appliances,628,PCA-QS,9,2,8803.310738334218,0.14481951711674346
Appliances,628,Leverage,9,2,9066.648450026425,0.11923808779542344
Appliances,628,Coreset,9,2,8948.188687729531,0.13074563077946944
Appliances,629,SRS,9,2,8921.689076694165,0.11608921049966703
Appliances,629,PCA-QS,9,2,9018.311425712849,0.10651641143994828
Appliances,629,Leverage,9,2,9062.337862864722,0.10215451959555999
Appliances,629,Coreset,9,2,8792.449184078167,0.12889357237947763
Appliances,630,SRS,9,2,9238.930815650521,0.14076554642501715
Appliances,630,PCA-QS,9,2,9157.82478618873,0.14830852908142877
Appliances,630,Leverage,9,2,9283.750633545307,0.13659723598882245
Appliances,630,Coreset,9,2,9158.049895607435,0.14828759356711052
Appliances,631,SRS,9,2,8910.690615403042,0.134823693205245
Appliances,631,PCA-QS,9,2,8863.244666071752,0.1394304193263226
Appliances,631,Leverage,9,2,9228.353407403545,0.10398048104007063
Appliances,631,Coreset,9,2,8836.403513936351,0.1420365393092653
Appliances,632,SRS,9,2,9565.841893592944,0.11560493095729851
Appliances,632,PCA-QS,9,2,9330.545810215663,0.13735886523916319
Appliances,632,Leverage,9,2,9605.765201750743,0.1119138834502017
Appliances,632,Coreset,9,2,9449.88976109769,0.1263251054452832
Appliances,633,SRS,9,2,9550.501509558102,0.13564453245105745
Appliances,633,PCA-QS,9,2,9584.141064128338,0.13260002919752722
Appliances,633,Leverage,9,2,9768.251069807024,0.11593739741012044
Appliances,633,Coreset,9,2,9732.07881941753,0.1192111189384003
Appliances,634,SRS,9,2,8746.870534933198,0.10751950978883884
Appliances,634,PCA-QS,9,2,8851.48104670103,0.09684565329914652
Appliances,634,Leverage,9,2,8559.701692683664,0.12661714469905927
Appliances,634,Coreset,9,2,8557.24277032511,0.12686803903014465
Appliances,635,SRS,9,2,8345.810428503744,0.14150036424146062
Appliances,635,PCA-QS,9,2,8378.142030971929,0.13817454355811176
Appliances,635,Leverage,9,2,8265.882225812788,0.1497222539530536
Appliances,635,Coreset,9,2,8647.375920121698,0.11047954643961488
Appliances,636,SRS,9,2,9437.70268827182,0.1214219580255892
Appliances,636,PCA-QS,9,2,9397.020685122547,0.1252091418192578
Appliances,636,Leverage,9,2,9283.026129948974,0.13582116429847846
Appliances,636,Coreset,9,2,9501.590262264746,0.11547451281363608
Appliances,637,SRS,9,2,9222.065798169078,0.10646890329526804
Appliances,637,PCA-QS,9,2,8938.731027324593,0.13392136720823644
Appliances,637,Leverage,9,2,8970.007203765383,0.13089100103567908
Appliances,637,Coreset,9,2,8989.457549767292,0.12900644616752543
Appliances,638,SRS,9,2,8732.733443492722,0.1610179739889568
Appliances,638,PCA-QS,9,2,8926.35877446361,0.14241576043049042
Appliances,638,Leverage,9,2,9124.615902129617,0.12336855514057021
Appliances,638,Coreset,9,2,8998.899549396012,0.1354465329011023
Appliances,639,SRS,9,2,9352.509726547556,0.12694847180533197
Appliances,639,PCA-QS,9,2,9494.455553888592,0.11369790857638618
Appliances,639,Leverage,9,2,9278.889644564313,0.133820865094466
Appliances,639,Coreset,9,2,9469.611609214251,0.11601707685297713
Appliances,640,SRS,9,2,8490.868191010335,0.15225264298357233
Appliances,640,PCA-QS,9,2,8561.469391412165,0.1452036605124739
Appliances,640,Leverage,9,2,8699.640762337272,0.13140832040330674
Appliances,640,Coreset,9,2,8810.606935447939,0.12032920836710859
Appliances,641,SRS,9,2,8908.331064992699,0.12468620427928767
Appliances,641,PCA-QS,9,2,8901.17284594039,0.12538955576494348
Appliances,641,Leverage,9,2,9038.035699467364,0.11194170083680355
Appliances,641,Coreset,9,2,8684.849155217998,0.14664506473167094
Appliances,642,SRS,9,2,8918.8241004089,0.09926543613463912
Appliances,642,PCA-QS,9,2,8750.765675905142,0.11623808073386954
Appliances,642,Leverage,9,2,8607.023752716244,0.1307549404717787
Appliances,642,Coreset,9,2,8654.599506586701,0.12595014497064239
Appliances,643,SRS,9,2,9136.351164142574,0.1198624678642215
Appliances,643,PCA-QS,9,2,9231.769660363014,0.1106704613098799
Appliances,643,Leverage,9,2,9002.644417396472,0.13274291915126024
Appliances,643,Coreset,9,2,9089.297445320573,0.12439532164991474
Appliances,644,SRS,9,2,9229.955942625742,0.11219950584899174
Appliances,644,PCA-QS,9,2,9314.849018109235,0.10403390735288409
Appliances,644,Leverage,9,2,9240.013042776372,0.11123214494944278
Appliances,644,Coreset,9,2,9196.534524998244,0.11541420711835437
Appliances,645,SRS,9,2,9107.023870288669,0.13778908213247598
Appliances,645,PCA-QS,9,2,9126.574918133834,0.13593807930784862
Appliances,645,Leverage,9,2,9665.636315934988,0.08490223826855758
Appliances,645,Coreset,9,2,9195.493486960773,0.12941318782488542
Appliances,646,SRS,9,2,9075.088064293928,0.14625644526739545
Appliances,646,PCA-QS,9,2,9251.656170332082,0.12964571031546468
Appliances,646,Leverage,9,2,9395.170102567936,0.11614456368276549
Appliances,646,Coreset,9,2,9262.937904921519,0.12858437535940714
Appliances,647,SRS,9,2,9270.352988730976,0.1459062347185931
Appliances,647,PCA-QS,9,2,9492.023014210627,0.12548338923017588
Appliances,647,Leverage,9,2,9107.224719390157,0.16093552626277752
Appliances,647,Coreset,9,2,9612.95311491912,0.11434188845069826
Appliances,648,SRS,9,2,8454.887980553423,0.11516397013781332
Appliances,648,PCA-QS,9,2,8628.722655459555,0.09697151342518673
Appliances,648,Leverage,9,2,8366.896903075893,0.1243725694519131
Appliances,648,Coreset,9,2,8497.259499276437,0.11072963032250926
Appliances,649,SRS,9,2,8978.28648708053,0.10209942497650926
Appliances,649,PCA-QS,9,2,8875.797436393079,0.11234915109944976
Appliances,649,Leverage,9,2,8657.054366254813,0.13422521049476765
Appliances,649,Coreset,9,2,8835.443458293508,0.1163848721907994
Appliances,650,SRS,9,2,9572.90223786146,0.1062768396087932
Appliances,650,PCA-QS,9,2,9243.778502448919,0.13700372866123667
Appliances,650,Leverage,9,2,9243.6155455175,0.1370189422694128
Appliances,650,Coreset,9,2,9204.708009892713,0.14065133763265913
Appliances,651,SRS,9,2,10006.483071552639,0.10720474980304195
Appliances,651,PCA-QS,9,2,9757.97615834674,0.12937695457917098
Appliances,651,Leverage,9,2,9996.599589142821,0.10808657072731609
Appliances,651,Coreset,9,2,9826.340754231585,0.12327735034747622
Appliances,652,SRS,9,2,8612.191789335193,0.12088348188481857
Appliances,652,PCA-QS,9,2,8371.10970660647,0.145492692447324
Appliances,652,Leverage,9,2,8206.305814888537,0.1623155671583022
Appliances,652,Coreset,9,2,8305.1744676997,0.15222323898724122
Appliances,653,SRS,9,2,9250.77262923359,0.1394483958848619
Appliances,653,PCA-QS,9,2,9076.97208842902,0.15561616264120925
Appliances,653,Leverage,9,2,9019.878774881592,0.16092725875465452
Appliances,653,Coreset,9,2,9110.757849286882,0.15247324778774018
Appliances,654,SRS,9,2,9283.418744838053,0.06418838537512184
Appliances,654,PCA-QS,9,2,8796.576647855343,0.11326432403167308
Appliances,654,Leverage,9,2,8811.223489385091,0.11178785455444207
Appliances,654,Coreset,9,2,8752.401904788378,0.11771734277093038
Appliances,655,SRS,9,2,9599.469640537221,0.11690028100214489
Appliances,655,PCA-QS,9,2,9500.777999265923,0.12597938265439423
Appliances,655,Leverage,9,2,9741.854514363953,0.10380163630880168
Appliances,655,Coreset,9,2,9505.12397721399,0.12557957599335745
Appliances,656,SRS,9,2,9216.514539605561,0.14082410010709445
Appliances,656,PCA-QS,9,2,9284.850622679143,0.13445371839526632
Appliances,656,Leverage,9,2,9297.62146631914,0.1332632031490053
Appliances,656,Coreset,9,2,9337.770143305424,0.12952048940066074
Appliances,657,SRS,9,2,8186.003752504654,0.12940412295224835
Appliances,657,PCA-QS,9,2,8693.797303917681,0.07539938686641956
Appliances,657,Leverage,9,2,8343.588136258248,0.11264474695745808
Appliances,657,Coreset,9,2,7991.41648237191,0.15009882090565574
Appliances,658,SRS,9,2,9503.049106650125,0.11816479210033015
Appliances,658,PCA-QS,9,2,9225.79386756837,0.14389268518528098
Appliances,658,Leverage,9,2,9167.237849797802,0.14932638941273269
Appliances,658,Coreset,9,2,9362.766758724265,0.13118228912255303
Appliances,659,SRS,9,2,9605.54661271847,0.14096166275397248
Appliances,659,PCA-QS,9,2,9553.225397904243,0.1456408269066084
Appliances,659,Leverage,9,2,9645.695706639517,0.13737106949838385
Appliances,659,Coreset,9,2,9696.373311099163,0.13283889586726683
Appliances,660,SRS,9,2,9039.711291673908,0.14941190338773735
Appliances,660,PCA-QS,9,2,9163.650696258526,0.13774987361273905
Appliances,660,Leverage,9,2,9111.091146522262,0.1426954438778143
Appliances,660,Coreset,9,2,9112.19689111518,0.14259139927303854
Appliances,661,SRS,9,2,9033.483311783351,0.08031785207354436
Appliances,661,PCA-QS,9,2,8566.982350470265,0.12781144798803956
Appliances,661,Leverage,9,2,8511.121231410094,0.1334985647058865
Appliances,661,Coreset,9,2,8712.011304859447,0.11304631966703105
Appliances,662,SRS,9,2,9068.99623931907,0.12627813218147188
Appliances,662,PCA-QS,9,2,9034.515785722277,0.12960003523720443
Appliances,662,Leverage,9,2,9170.78824196578,0.1164713248640451
Appliances,662,Coreset,9,2,8875.16941992943,0.14495172363542064
Appliances,663,SRS,9,2,9467.763001295963,0.1333272343986529
Appliances,663,PCA-QS,9,2,9283.96698338374,0.15015180036304165
Appliances,663,Leverage,9,2,9642.781284108434,0.11730617650196518
Appliances,663,Coreset,9,2,9519.516414555357,0.12858976116525156
Appliances,664,SRS,9,2,9192.265215782656,0.11579727288720065
Appliances,664,PCA-QS,9,2,9000.271527830855,0.13426511933096452
Appliances,664,Leverage,9,2,9313.310202440292,0.10415397226503698
Appliances,664,Coreset,9,2,9048.663813649307,0.12961027201232622
Appliances,665,SRS,9,2,8864.963430314903,0.13192073016308126
Appliances,665,PCA-QS,9,2,8951.579032659129,0.12343911493358806
Appliances,665,Leverage,9,2,9275.912756553082,0.0916795499410733
Appliances,665,Coreset,9,2,8986.877723842761,0.11998257929080103
Appliances,666,SRS,9,2,9452.542924041534,0.13077400271681006
Appliances,666,PCA-QS,9,2,9340.14732889294,0.14110954671468945
Appliances,666,Leverage,9,2,9594.977850518182,0.11767613667065546
Appliances,666,Coreset,9,2,9392.850802935382,0.13626310167307898
Appliances,667,SRS,9,2,8466.871418671988,0.1229715466393908
Appliances,667,PCA-QS,9,2,8403.388151429215,0.12954736773446762
Appliances,667,Leverage,9,2,8091.631814308282,0.1618401905081276
Appliances,667,Coreset,9,2,8318.373414286814,0.1383534945482553
Appliances,668,SRS,9,2,8392.424678767073,0.13042588683248446
Appliances,668,PCA-QS,9,2,8237.964372119523,0.1464301632262236
Appliances,668,Leverage,9,2,8584.576384325732,0.11051624744334143
Appliances,668,Coreset,9,2,8497.075663475662,0.1195825619647245
Appliances,669,SRS,9,2,9206.877632394648,0.11667070701749516
Appliances,669,PCA-QS,9,2,9185.626288161917,0.11870961050090578
Appliances,669,Leverage,9,2,9445.792941839602,0.09374861553317315
Appliances,669,Coreset,9,2,9219.948305851394,0.11541667615009998
Appliances,670,SRS,9,2,10132.48167862159,0.11763716287713644
Appliances,670,PCA-QS,9,2,9970.691319731754,0.13172628779412165
Appliances,670,Leverage,9,2,10208.0833214113,0.11105357534755578
Appliances,670,Coreset,9,2,9966.760151078253,0.13206862417688847
Appliances,671,SRS,9,2,8961.468641709269,0.12190888388908216
Appliances,671,PCA-QS,9,2,8723.223972797035,0.14525333060833312
Appliances,671,Leverage,9,2,9067.94323935206,0.11147595129514665
Appliances,671,Coreset,9,2,8774.665752819925,0.14021279854366742
Appliances,672,SRS,9,2,9520.209995602501,0.1349394564422034
Appliances,672,PCA-QS,9,2,9465.707803642996,0.13989183625560664
Appliances,672,Leverage,9,2,9416.48308731101,0.14436467455290214
Appliances,672,Coreset,9,2,9570.173600369006,0.13039947853022626
Appliances,673,SRS,9,2,9766.057548941557,0.10719617750530952
Appliances,673,PCA-QS,9,2,9503.143173610484,0.1312315631364157
Appliances,673,Leverage,9,2,9754.233975028075,0.10827707754430738
Appliances,673,Coreset,9,2,10045.852926881895,0.0816175464467046
Appliances,674,SRS,9,2,9395.642334000511,0.12083035435922906
Appliances,674,PCA-QS,9,2,9402.246000238083,0.120212435679523
Appliances,674,Leverage,9,2,9384.693281203377,0.12185487982811838
Appliances,674,Coreset,9,2,9491.451037101759,0.11186533626248751
Appliances,675,SRS,9,2,9262.425331100934,0.09493164110138852
Appliances,675,PCA-QS,9,2,8825.183581432222,0.13765626868741
Appliances,675,Leverage,9,2,8925.081869158314,0.1278948103115518
Appliances,675,Coreset,9,2,8831.857168347295,0.13700416601005705
Appliances,676,SRS,9,2,9548.185852302357,0.13728242511749145
Appliances,676,PCA-QS,9,2,9451.12719304059,0.14605207125079012
Appliances,676,Leverage,9,2,9800.151261413454,0.11451632168537318
Appliances,676,Coreset,9,2,9396.627010183465,0.15097638528410084
Appliances,677,SRS,9,2,9241.729831890665,0.15522474360805238
Appliances,677,PCA-QS,9,2,9268.495610553242,0.15277811641341366
Appliances,677,Leverage,9,2,9484.039691151065,0.13307549479787328
Appliances,677,Coreset,9,2,9374.057339699779,0.14312884745326493
Appliances,678,SRS,9,2,8821.431164184332,0.13113875477282833
Appliances,678,PCA-QS,9,2,9066.43932620463,0.10700683187033166
Appliances,678,Leverage,9,2,9060.240880852902,0.10761734379821952
Appliances,678,Coreset,9,2,8775.926262441193,0.1356207310935197
Appliances,679,SRS,9,2,9395.435535387427,0.12833568818363716
Appliances,679,PCA-QS,9,2,9390.476184623585,0.1287957934181777
Appliances,679,Leverage,9,2,9161.06723482554,0.1500792766156367
Appliances,679,Coreset,9,2,9126.693994989075,0.15326826411218242
Appliances,680,SRS,9,2,9151.905437429328,0.1449022978713702
Appliances,680,PCA-QS,9,2,9245.016411838138,0.13620258164240828
Appliances,680,Leverage,9,2,9329.650897639764,0.12829485632503024
Appliances,680,Coreset,9,2,9517.454041256862,0.11074768675936408
Appliances,681,SRS,9,2,9409.371536139175,0.13817291250638886
Appliances,681,PCA-QS,9,2,9403.889133215103,0.1386750590446959
Appliances,681,Leverage,9,2,9457.958070843644,0.13372275432792435
Appliances,681,Coreset,9,2,9373.30170327226,0.14147663570263835
Appliances,682,SRS,9,2,8965.769760646,0.13665481583105388
Appliances,682,PCA-QS,9,2,9130.596952407765,0.12078303169800275
Appliances,682,Leverage,9,2,8867.580169882978,0.1461098333681835
Appliances,682,Coreset,9,2,8966.2704467714,0.13660660302092342
Appliances,683,SRS,9,2,9748.914153842703,0.10763020319872563
Appliances,683,PCA-QS,9,2,9635.862269030913,0.11797844156512183
Appliances,683,Leverage,9,2,9556.18946097213,0.125271316075662
Appliances,683,Coreset,9,2,9605.158113357185,0.12078895571337911
Appliances,684,SRS,9,2,9560.426963970138,0.15591607561034582
Appliances,684,PCA-QS,9,2,9776.911484494456,0.1368027970567386
Appliances,684,Leverage,9,2,9766.461485939863,0.13772542068255256
Appliances,684,Coreset,9,2,9879.981546888263,0.1277028077905351
Appliances,685,SRS,9,2,9327.021028736885,0.14534979224746802
Appliances,685,PCA-QS,9,2,9283.006831953864,0.1493828851619977
Appliances,685,Leverage,9,2,9478.570147530943,0.13146309836493086
Appliances,685,Coreset,9,2,9429.693575567497,0.13594173867828374
Appliances,686,SRS,9,2,9016.82430960618,0.13835444706157973
Appliances,686,PCA-QS,9,2,9199.733729897067,0.12087566704184671
Appliances,686,Leverage,9,2,9098.621946349216,0.1305378846533024
Appliances,686,Coreset,9,2,9144.97961234252,0.1261079572890551
Appliances,687,SRS,9,2,9301.179719561687,0.13359622248307634
Appliances,687,PCA-QS,9,2,9190.11855771187,0.14394155641525797
Appliances,687,Leverage,9,2,9622.435584783056,0.10367127709234503
Appliances,687,Coreset,9,2,9341.662549608327,0.12982525171006598
Appliances,688,SRS,9,2,9547.359477205866,0.1395908475347971
Appliances,688,PCA-QS,9,2,9638.220042637065,0.1314024827537481
Appliances,688,Leverage,9,2,9875.076535528513,0.11005694791857579
Appliances,688,Coreset,9,2,9857.969726896652,0.11159861551279016
Appliances,689,SRS,9,2,8674.055549616574,0.13102385420085938
Appliances,689,PCA-QS,9,2,8696.968175209264,0.12872844290636354
Appliances,689,Leverage,9,2,8844.332841838637,0.11396529326983296
Appliances,689,Coreset,9,2,8843.287765388508,0.1140699901443809
Appliances,690,SRS,9,2,9391.877990170833,0.1129483520255351
Appliances,690,PCA-QS,9,2,9157.847021520452,0.1350522972253816
Appliances,690,Leverage,9,2,9074.209262567658,0.14295178356768856
Appliances,690,Coreset,9,2,9202.23675958998,0.13085973953362506
Appliances,691,SRS,9,2,9242.654096580298,0.14037100375299205
Appliances,691,PCA-QS,9,2,9344.564472147898,0.13089265338513134
Appliances,691,Leverage,9,2,9381.067971066808,0.12749758246640286
Appliances,691,Coreset,9,2,9316.391399402164,0.13351293864005298
Appliances,692,SRS,9,2,9173.127899231304,0.13786263225526296
Appliances,692,PCA-QS,9,2,9054.802132690955,0.1489834915763264
Appliances,692,Leverage,9,2,9344.215361505852,0.12178295954167662
Appliances,692,Coreset,9,2,9283.223380617252,0.12751529712973542
Appliances,693,SRS,9,2,9961.084024310901,0.11339357375885606
Appliances,693,PCA-QS,9,2,9826.479092946513,0.12537435786429618
Appliances,693,Leverage,9,2,9821.147513877544,0.12584890584050268
Appliances,693,Coreset,9,2,9735.126242911365,0.13350540300947622
Appliances,694,SRS,9,2,8757.67513029658,0.14490529522643625
Appliances,694,PCA-QS,9,2,8616.808673145357,0.15865942058483418
Appliances,694,Leverage,9,2,8845.387842867412,0.13634107299339449
Appliances,694,Coreset,9,2,8860.542246397978,0.13486140515687473
Appliances,695,SRS,9,2,9398.10725124416,0.11928008856482619
Appliances,695,PCA-QS,9,2,9347.563320143536,0.12401668555531442
Appliances,695,Leverage,9,2,9358.570282630923,0.12298519583425627
Appliances,695,Coreset,9,2,9442.799327071769,0.11509188342814469
Appliances,696,SRS,9,2,8937.02547858353,0.13154930978778678
Appliances,696,PCA-QS,9,2,8786.90220485356,0.14613745894324515
Appliances,696,Leverage,9,2,9102.357766406987,0.1154832327894918
Appliances,696,Coreset,9,2,8899.732159516221,0.1351732682023532
Appliances,697,SRS,9,2,9173.592998263499,0.13156010205286361
Appliances,697,PCA-QS,9,2,9394.051297828713,0.1106898952307106
Appliances,697,Leverage,9,2,9060.363148585617,0.14227927382312255
Appliances,697,Coreset,9,2,9053.713656527729,0.14290876373021189
Appliances,698,SRS,9,2,9578.806671840057,0.11623105392199806
Appliances,698,PCA-QS,9,2,9593.20094050372,0.11490299625445499
Appliances,698,Leverage,9,2,9638.128632464934,0.110757834927522
Appliances,698,Coreset,9,2,9398.264200627022,0.13288843463470545
Appliances,699,SRS,9,2,9753.481491473909,0.12230771952513797
Appliances,699,PCA-QS,9,2,10109.5129798175,0.09026930440143999
Appliances,699,Leverage,9,2,9873.115797016764,0.111542116848112
Appliances,699,Coreset,9,2,10279.41720635746,0.0749800327516672
Appliances,700,SRS,9,2,9194.198558524804,0.10335376760053472
Appliances,700,PCA-QS,9,2,9248.307312771245,0.09807691716859401
Appliances,700,Leverage,9,2,8989.148220440282,0.12335090078461752
Appliances,700,Coreset,9,2,8961.521319714451,0.1260451602451903
Appliances,701,SRS,9,2,9066.732479718772,0.12580301893594836
Appliances,701,PCA-QS,9,2,9102.295664781748,0.12237408474288392
Appliances,701,Leverage,9,2,9112.25378034211,0.12141394231236369
Appliances,701,Coreset,9,2,9455.271534226269,0.08834082743137772
Appliances,702,SRS,9,2,9404.91425923724,0.13369373847297583
Appliances,702,PCA-QS,9,2,9294.453370897823,0.14386852120725613
Appliances,702,Leverage,9,2,9247.005261223905,0.14823906551793553
Appliances,702,Coreset,9,2,9431.580618595446,0.13123744451352215
Appliances,703,SRS,9,2,8640.890368740058,0.12548614616505427
Appliances,703,PCA-QS,9,2,8980.44444216494,0.09112108323005885
Appliances,703,Leverage,9,2,8616.364125398986,0.12796836022737912
Appliances,703,Coreset,9,2,8742.487421067615,0.11520386899479107
Appliances,704,SRS,9,2,9039.622361789963,0.10786825083206186
Appliances,704,PCA-QS,9,2,9054.29129348173,0.10642055543452866
Appliances,704,Leverage,9,2,8814.001118094715,0.1301350963629221
Appliances,704,Coreset,9,2,9392.451904084315,0.07304705763092745
Appliances,705,SRS,9,2,9657.36979587561,0.11313545918316281
Appliances,705,PCA-QS,9,2,9593.752115426028,0.11897765702297669
Appliances,705,Leverage,9,2,9637.002855764977,0.1150058149188179
Appliances,705,Coreset,9,2,9552.525039111186,0.12276366013541828
Appliances,706,SRS,9,2,9395.195771026943,0.11314925677527055
Appliances,706,PCA-QS,9,2,9103.87876304748,0.14064785407297786
Appliances,706,Leverage,9,2,9041.754178810643,0.14651204626712777
Appliances,706,Coreset,9,2,9207.415326205926,0.1308746167476672
Appliances,707,SRS,9,2,8812.652234422734,0.11174015307876728
Appliances,707,PCA-QS,9,2,8659.08589252538,0.12721867324698455
Appliances,707,Leverage,9,2,8725.693668994678,0.1205050288461218
Appliances,707,Coreset,9,2,8922.912007301542,0.1006266623413995
Appliances,708,SRS,9,2,8761.635143808671,0.13631306395480558
Appliances,708,PCA-QS,9,2,8758.6852984649,0.13660384790608326
Appliances,708,Leverage,9,2,8750.36690395557,0.13742384195384438
Appliances,708,Coreset,9,2,8969.943695982207,0.1157788403509038
Appliances,709,SRS,9,2,9384.168026308867,0.12674061742812937
Appliances,709,PCA-QS,9,2,9663.230295453732,0.10077201326744678
Appliances,709,Leverage,9,2,9584.869402968432,0.10806401660728993
Appliances,709,Coreset,9,2,9400.320518190098,0.1252375203983601
Appliances,710,SRS,9,2,9222.754744347632,0.11872939203271993
Appliances,710,PCA-QS,9,2,9260.664424137318,0.1151069725406938
Appliances,710,Leverage,9,2,9285.448751468424,0.11273873226752262
Appliances,710,Coreset,9,2,9397.081781828103,0.10207175572294991
Appliances,711,SRS,9,2,8669.291086089217,0.1363293909362251
Appliances,711,PCA-QS,9,2,8749.838753926215,0.12830489935454625
Appliances,711,Leverage,9,2,8641.503467120581,0.13909770838695457
Appliances,711,Coreset,9,2,8830.518696424057,0.1202672300244495
Appliances,712,SRS,9,2,9238.84160797041,0.1284994758939093
Appliances,712,PCA-QS,9,2,9017.429476910647,0.14938529648158572
Appliances,712,Leverage,9,2,9403.36708806484,0.1129797767568006
Appliances,712,Coreset,9,2,9092.998508524995,0.14225686486075595
Appliances,713,SRS,9,2,9092.14515072052,0.13626713545060898
Appliances,713,PCA-QS,9,2,9122.024397249661,0.13342867579478757
Appliances,713,Leverage,9,2,9075.481371206322,0.1378501561542409
Appliances,713,Coreset,9,2,9328.918463488171,0.1137742156505499
Appliances,714,SRS,9,2,9270.512192927037,0.1286723055016069
Appliances,714,PCA-QS,9,2,9379.154986186346,0.11846106014595958
Appliances,714,Leverage,9,2,9358.906778278782,0.12036417228762541
Appliances,714,Coreset,9,2,9727.954034065275,0.08567772909511884
Appliances,715,SRS,9,2,9200.052151411872,0.12181372623560982
Appliances,715,PCA-QS,9,2,9253.024851614253,0.11675724422481726
Appliances,715,Leverage,9,2,9532.401056628232,0.0900895314312532
Appliances,715,Coreset,9,2,9209.595097475707,0.12090280919877006
Appliances,716,SRS,9,2,9421.764749602347,0.11340709456410314
Appliances,716,PCA-QS,9,2,9011.289193240773,0.15203305538958267
Appliances,716,Leverage,9,2,9302.10425001673,0.12466720907693907
Appliances,716,Coreset,9,2,9211.499112109299,0.13319319912229222
Appliances,717,SRS,9,2,9879.386433570036,0.10243724473331006
Appliances,717,PCA-QS,9,2,9686.888226639656,0.11992610622871935
Appliances,717,Leverage,9,2,9731.765818333808,0.11584888391116066
Appliances,717,Coreset,9,2,9746.376822684828,0.11452144385092045
Appliances,718,SRS,9,2,9399.97161240318,0.12977971214763562
Appliances,718,PCA-QS,9,2,9494.221119116224,0.12105438442924688
Appliances,718,Leverage,9,2,9285.776515088397,0.14035154093119007
Appliances,718,Coreset,9,2,9546.962795260928,0.11617172323738756
Appliances,719,SRS,9,2,9195.29568933589,0.13247909876351882
Appliances,719,PCA-QS,9,2,9248.402848266953,0.12746875739609376
Appliances,719,Leverage,9,2,9374.022332373392,0.11561731381595264
Appliances,719,Coreset,9,2,8959.915659714683,0.15468579035113939
Appliances,720,SRS,9,2,9327.068050224467,0.11674102516021012
Appliances,720,PCA-QS,9,2,9183.480650709509,0.13033853067990453
Appliances,720,Leverage,9,2,9274.909197623867,0.12168038814424198
Appliances,720,Coreset,9,2,9185.849170591313,0.13011423549609924
Appliances,721,SRS,9,2,9812.373459329881,0.10682410842415158
Appliances,721,PCA-QS,9,2,9554.806377956116,0.13026927268538968
Appliances,721,Leverage,9,2,9662.127527648972,0.1205003147508833
Appliances,721,Coreset,9,2,9536.62271398209,0.13192444921830848
Appliances,722,SRS,9,2,9915.073652700614,0.1290178688069029
Appliances,722,PCA-QS,9,2,9799.445566886377,0.13917513038012697
Appliances,722,Leverage,9,2,9845.02890367264,0.13517089670404348
Appliances,722,Coreset,9,2,9632.76879960489,0.15381672469119545
Appliances,723,SRS,9,2,9298.809665564657,0.11532785110690758
Appliances,723,PCA-QS,9,2,9220.828182660642,0.12274687015727515
Appliances,723,Leverage,9,2,9225.3845108511,0.1223133892283943
Appliances,723,Coreset,9,2,9152.02100660573,0.12929306203441238
Appliances,724,SRS,9,2,8700.603590494442,0.10064708411485135
Appliances,724,PCA-QS,9,2,8700.440432036317,0.1006639492706467
Appliances,724,Leverage,9,2,8553.404183612587,0.11586260501737733
Appliances,724,Coreset,9,2,8379.129820758359,0.1338767755018494
Appliances,725,SRS,9,2,9217.406187784149,0.06734426250493497
Appliances,725,PCA-QS,9,2,8597.302276484095,0.1300889716926028
Appliances,725,Leverage,9,2,8547.46519452548,0.13513169623807375
Appliances,725,Coreset,9,2,8708.00707671913,0.11888739665034331
Appliances,726,SRS,9,2,9293.01987309418,0.12062761666971922
Appliances,726,PCA-QS,9,2,8987.197634734985,0.14956671658490994
Appliances,726,Leverage,9,2,9098.208128339995,0.13906210520247397
Appliances,726,Coreset,9,2,9362.14023235397,0.11408695110685851
Appliances,727,SRS,9,2,9205.932884017735,0.13711186469454384
Appliances,727,PCA-QS,9,2,9145.272874959794,0.142797633074899
Appliances,727,Leverage,9,2,9219.173994730127,0.13587075230800627
Appliances,727,Coreset,9,2,9175.381977025441,0.13997545445764514
Appliances,728,SRS,9,2,9571.229746601033,0.1421782306747198
Appliances,728,PCA-QS,9,2,9773.489181653786,0.12405072239906711
Appliances,728,Leverage,9,2,9915.943893026577,0.11128321437827948
Appliances,728,Coreset,9,2,9525.554229907064,0.14627190030574921
Appliances,729,SRS,9,2,9745.412271939183,0.13647090553581898
Appliances,729,PCA-QS,9,2,9975.202565561,0.11610946790436416
Appliances,729,Leverage,9,2,9836.295377558736,0.12841786440140557
Appliances,729,Coreset,9,2,9689.042690995257,0.14146574534654666
Appliances,730,SRS,9,2,9284.180344190248,0.12332199496140439
Appliances,730,PCA-QS,9,2,9170.996571081412,0.13400960773207704
Appliances,730,Leverage,9,2,9389.54872726865,0.11337236662085615
Appliances,730,Coreset,9,2,9237.456116968135,0.12773402712681636
Appliances,731,SRS,9,2,9138.754791752237,0.12133668335931136
Appliances,731,PCA-QS,9,2,8990.236580608307,0.13561625502514063
Appliances,731,Leverage,9,2,9141.456682876538,0.12107690479313027
Appliances,731,Coreset,9,2,9068.295752604652,0.12811110443039708
Appliances,732,SRS,9,2,9441.015511101834,0.14261905357214755
Appliances,732,PCA-QS,9,2,10041.163036666874,0.08811696607316866
Appliances,732,Leverage,9,2,9550.933546738457,0.1326369039492814
Appliances,732,Coreset,9,2,9645.068728048354,0.1240880660887006
Appliances,733,SRS,9,2,9110.419101955173,0.14426393124945436
Appliances,733,PCA-QS,9,2,8955.586194157564,0.15880729114861714
Appliances,733,Leverage,9,2,9185.09949498232,0.1372492478164956
Appliances,733,Coreset,9,2,8990.353213316272,0.1555416464001047
Appliances,734,SRS,9,2,8825.332633936296,0.14183369297027715
Appliances,734,PCA-QS,9,2,8736.911986099858,0.15043162621159079
Appliances,734,Leverage,9,2,8609.670514523556,0.16280445659577092
Appliances,734,Coreset,9,2,8940.227592677193,0.13066142484976884
Appliances,735,SRS,9,2,9132.477662897441,0.11120666780066046
Appliances,735,PCA-QS,9,2,8980.705019429639,0.12597752391482187
Appliances,735,Leverage,9,2,9173.953477007455,0.10717014798761082
Appliances,735,Coreset,9,2,9350.89851800487,0.08994945734818305
Appliances,736,SRS,9,2,9241.305330600062,0.15700505472341197
Appliances,736,PCA-QS,9,2,9426.094316516264,0.14014854198009474
Appliances,736,Leverage,9,2,9573.973242791883,0.12665897715092567
Appliances,736,Coreset,9,2,9465.426220123774,0.1365606726539459
Appliances,737,SRS,9,2,9198.213086517697,0.11518498446030412
Appliances,737,PCA-QS,9,2,9108.370009734785,0.12382736995758348
Appliances,737,Leverage,9,2,9031.591148371814,0.1312130533257556
Appliances,737,Coreset,9,2,8899.95546412661,0.14387564647351814
Appliances,738,SRS,9,2,9106.270779945831,0.1158192296643955
Appliances,738,PCA-QS,9,2,8799.218113908724,0.14563275809451592
Appliances,738,Leverage,9,2,8800.275952915772,0.14553004635545774
Appliances,738,Coreset,9,2,9177.465675102283,0.10890650339427144
Appliances,739,SRS,9,2,8838.969179598278,0.13606379579380823
Appliances,739,PCA-QS,9,2,8965.041159645405,0.12374130142986428
Appliances,739,Leverage,9,2,8958.471789910738,0.12438340304118056
Appliances,739,Coreset,9,2,8966.816380309718,0.12356778827791282
Appliances,740,SRS,9,2,9166.524902850579,0.13685044571061455
Appliances,740,PCA-QS,9,2,9231.789975674377,0.13070487592101976
Appliances,740,Leverage,9,2,9124.900486325705,0.14076993504291602
Appliances,740,Coreset,9,2,9300.050527941507,0.12427724212420355
Appliances,741,SRS,9,2,9106.602012998843,0.11912956857048473
Appliances,741,PCA-QS,9,2,9173.546471343967,0.11265411331065123
Appliances,741,Leverage,9,2,8919.763194012556,0.1372022581261838
Appliances,741,Coreset,9,2,9187.212895478739,0.11133217688403318
Appliances,742,SRS,9,2,9689.025778065534,0.11170115960484606
Appliances,742,PCA-QS,9,2,9280.768051502044,0.14913060539182144
Appliances,742,Leverage,9,2,9324.496457968706,0.14512154466204197
Appliances,742,Coreset,9,2,9369.274980399387,0.14101620832989692
Appliances,743,SRS,9,2,9390.416176198756,0.11809654087263266
Appliances,743,PCA-QS,9,2,9436.567044984999,0.11376226962622271
Appliances,743,Leverage,9,2,9328.17798553892,0.12394165727672335
Appliances,743,Coreset,9,2,9273.99044203217,0.12903069498959285
Appliances,744,SRS,9,2,8286.22835039385,0.13608939460785896
Appliances,744,PCA-QS,9,2,8388.1164914467,0.12546667919414922
Appliances,744,Leverage,9,2,8222.011301363427,0.14278457453271975
Appliances,744,Coreset,9,2,8323.092918028782,0.13224594622624397
Appliances,745,SRS,9,2,9115.51521797771,0.15904728406164015
Appliances,745,PCA-QS,9,2,9243.819065525957,0.14721060050828028
Appliances,745,Leverage,9,2,9372.419641187393,0.13534654227485954
Appliances,745,Coreset,9,2,9647.829050333234,0.10993862126569942
Appliances,746,SRS,9,2,10079.22227352155,0.1287645983234813
Appliances,746,PCA-QS,9,2,10058.118959858974,0.13058874243466145
Appliances,746,Leverage,9,2,10053.51613490238,0.13098660488288216
Appliances,746,Coreset,9,2,9955.21587574011,0.13948355667658663
Appliances,747,SRS,9,2,9705.581647750534,0.13360780426777963
Appliances,747,PCA-QS,9,2,9538.435433553934,0.14852851492500074
Appliances,747,Leverage,9,2,9606.927846202994,0.14241437422331804
Appliances,747,Coreset,9,2,9634.911717831723,0.13991632630971118
Appliances,748,SRS,9,2,8796.25550033503,0.13624059446797732
Appliances,748,PCA-QS,9,2,8865.157996855229,0.12947462690010803
Appliances,748,Leverage,9,2,9020.724025804924,0.11419862443730466
Appliances,748,Coreset,9,2,9134.428204706843,0.10303329914961978
Appliances,749,SRS,9,2,8747.70418066372,0.14741328156451616
Appliances,749,PCA-QS,9,2,9170.844178257425,0.10617234170915824
Appliances,749,Leverage,9,2,8831.996350826488,0.13919782488415244
Appliances,749,Coreset,9,2,9219.20597556495,0.10145880485280157
Appliances,750,SRS,9,2,8557.89478475516,0.14527988903134093
Appliances,750,PCA-QS,9,2,8493.786853383797,0.15168267144382308
Appliances,750,Leverage,9,2,9158.23917317196,0.08532046732857712
Appliances,750,Coreset,9,2,8569.2699556968,0.1441437933426155
Appliances,751,SRS,9,2,9420.277022333805,0.12153659946680795
Appliances,751,PCA-QS,9,2,9568.039868786358,0.10775736003898317
Appliances,751,Leverage,9,2,9363.885083550407,0.12679528285678432
Appliances,751,Coreset,9,2,9773.382904477086,0.08860863001957686
Appliances,752,SRS,9,2,9066.931604510095,0.13191524696845702
Appliances,752,PCA-QS,9,2,9180.540984878686,0.12103807537379341
Appliances,752,Leverage,9,2,8934.847784967013,0.1445611954402073
Appliances,752,Coreset,9,2,9048.759195469605,0.133655106923511
Appliances,753,SRS,9,2,9470.297725567712,0.1300878013128659
Appliances,753,PCA-QS,9,2,9466.402124896966,0.13044563911721996
Appliances,753,Leverage,9,2,9753.035201812143,0.1041164130061375
Appliances,753,Coreset,9,2,9661.75996884766,0.11250067302569822
Appliances,754,SRS,9,2,9008.09863364132,0.1301351105465327
Appliances,754,PCA-QS,9,2,8895.792742966232,0.14097990201142907
Appliances,754,Leverage,9,2,9078.921223149413,0.12329614413433188
Appliances,754,Coreset,9,2,9032.143906584059,0.12781318451742585
Appliances,755,SRS,9,2,9147.586888552147,0.132187536180722
Appliances,755,PCA-QS,9,2,9418.253443060785,0.10650996542863989
Appliances,755,Leverage,9,2,9110.734500369423,0.135683645283167
Appliances,755,Coreset,9,2,9049.117749321373,0.1415290977714584
Appliances,756,SRS,9,2,9119.708128090768,0.12666233620713852
Appliances,756,PCA-QS,9,2,9327.184134024381,0.10679365096303406
Appliances,756,Leverage,9,2,9045.638942067577,0.13375548096264667
Appliances,756,Coreset,9,2,9190.696510831207,0.1198642207994749
Appliances,757,SRS,9,2,9454.433466599054,0.12456504873413565
Appliances,757,PCA-QS,9,2,9486.3393370905,0.12161071897154851
Appliances,757,Leverage,9,2,9569.709166972525,0.11389107472023952
Appliances,757,Coreset,9,2,9575.615563073803,0.11334417092094295
Appliances,758,SRS,9,2,9049.62563867757,0.13571075343448702
Appliances,758,PCA-QS,9,2,9073.382492686113,0.13344184262296632
Appliances,758,Leverage,9,2,9178.927901069834,0.12336167299688383
Appliances,758,Coreset,9,2,9212.336022150244,0.12017101285793275
Appliances,759,SRS,9,2,8918.403693064114,0.11198616991621346
Appliances,759,PCA-QS,9,2,8578.235139458176,0.14585707221643063
Appliances,759,Leverage,9,2,8727.441216373056,0.1310004830337721
Appliances,759,Coreset,9,2,8616.905315601225,0.14200664646663985
Appliances,760,SRS,9,2,8701.353321350007,0.1579797223655538
Appliances,760,PCA-QS,9,2,8722.22277612242,0.15596020845173186
Appliances,760,Leverage,9,2,8768.57790551486,0.15147447416657978
Appliances,760,Coreset,9,2,8752.147576862126,0.15306441878586718
Appliances,761,SRS,9,2,8568.100098453782,0.13086750502812872
Appliances,761,PCA-QS,9,2,8718.387185254785,0.1156226562037107
Appliances,761,Leverage,9,2,8928.404030626352,0.0943189292739971
Appliances,761,Coreset,9,2,8781.989027245303,0.10917100099674126
Appliances,762,SRS,9,2,9065.063385605006,0.1263771837944263
Appliances,762,PCA-QS,9,2,9062.007741086032,0.12667166389417162
Appliances,762,Leverage,9,2,9117.510301613369,0.12132274340989657
Appliances,762,Coreset,9,2,8898.48479971476,0.14243077847265762
Appliances,763,SRS,9,2,8655.15704031338,0.14358135857991117
Appliances,763,PCA-QS,9,2,8673.591501009474,0.1417572881775917
Appliances,763,Leverage,9,2,8804.724259772642,0.1287818402934533
Appliances,763,Coreset,9,2,8784.167012929629,0.130815958141417
Appliances,764,SRS,9,2,8767.178794448342,0.13911035170665642
Appliances,764,PCA-QS,9,2,8796.203029088298,0.13626032848516167
Appliances,764,Leverage,9,2,8756.197837094389,0.1401886224635338
Appliances,764,Coreset,9,2,8951.421883047597,0.12101867461605909
Appliances,765,SRS,9,2,9307.518279647293,0.1386564131550363
Appliances,765,PCA-QS,9,2,9447.80019547383,0.12567433512767068
Appliances,765,Leverage,9,2,9461.954213337178,0.12436448301152259
Appliances,765,Coreset,9,2,9425.274912198307,0.1277588873905079
Appliances,766,SRS,9,2,8476.002427781219,0.14565079926446733
Appliances,766,PCA-QS,9,2,8392.709335176316,0.1540464300703941
Appliances,766,Leverage,9,2,8590.908557490535,0.13406869308726732
Appliances,766,Coreset,9,2,8524.802888599917,0.14073189615522252
Appliances,767,SRS,9,2,9408.846556256785,0.13882944323566082
Appliances,767,PCA-QS,9,2,9707.870840119476,0.11146042329465122
Appliances,767,Leverage,9,2,9479.913228402796,0.13232487062376375
Appliances,767,Coreset,9,2,9474.419891515949,0.13282766338981178
Appliances,768,SRS,9,2,9281.559120765278,0.12988722213747894
Appliances,768,PCA-QS,9,2,9240.860742057599,0.1337025487319745
Appliances,768,Leverage,9,2,9297.761188539216,0.12836833656938962
Appliances,768,Coreset,9,2,9424.485714952865,0.11648836810004015
Appliances,769,SRS,9,2,8654.310839587966,0.12485898544427643
Appliances,769,PCA-QS,9,2,8954.008181572428,0.09455299796758632
Appliances,769,Leverage,9,2,8805.478944327448,0.10957256795797377
Appliances,769,Coreset,9,2,8673.600459680729,0.12290838094077805
Appliances,770,SRS,9,2,9088.447695894803,0.11769038704494306
Appliances,770,PCA-QS,9,2,9036.95163813779,0.12268964195717891
Appliances,770,Leverage,9,2,9125.006734969831,0.11414122301873997
Appliances,770,Coreset,9,2,9267.825686480634,0.10027631032445661
Appliances,771,SRS,9,2,9518.938881096727,0.12151545393796459
Appliances,771,PCA-QS,9,2,9242.891797940962,0.14699130787158077
Appliances,771,Leverage,9,2,9543.287865284228,0.11926833305734763
Appliances,771,Coreset,9,2,9536.417794491876,0.11990235866638055
Appliances,772,SRS,9,2,9774.349853680056,0.12440203488960477
Appliances,772,PCA-QS,9,2,9802.644213798649,0.12186739222642928
Appliances,772,Leverage,9,2,9736.607265255661,0.12778306115908677
Appliances,772,Coreset,9,2,9794.82098920537,0.12256820605415386
Appliances,773,SRS,9,2,8602.268264647822,0.1349074143035962
Appliances,773,PCA-QS,9,2,8550.597487504467,0.140103718909393
Appliances,773,Leverage,9,2,8592.92618601282,0.13584690639027597
Appliances,773,Coreset,9,2,8673.321236632044,0.12776192693163724
Appliances,774,SRS,9,2,10144.947500846996,0.09765965265542054
Appliances,774,PCA-QS,9,2,9742.0092458064,0.13349891599132202
Appliances,774,Leverage,9,2,9780.715447529059,0.13005620054071
Appliances,774,Coreset,9,2,9790.51494170037,0.1291845864713811
Appliances,775,SRS,9,2,9644.884485190825,0.13652748451368646
Appliances,775,PCA-QS,9,2,9574.739889072847,0.14280728298620948
Appliances,775,Leverage,9,2,9611.432529094604,0.13952232024476163
Appliances,775,Coreset,9,2,9681.097451719037,0.13328546524955232
Appliances,776,SRS,9,2,9092.448158568384,0.08348678129730647
Appliances,776,PCA-QS,9,2,8900.997920976431,0.10278484826637058
Appliances,776,Leverage,9,2,8777.1769342277,0.115265928073362
Appliances,776,Coreset,9,2,8900.227058078137,0.10286255077550488
Appliances,777,SRS,9,2,9813.198499023762,0.11377427692560238
Appliances,777,PCA-QS,9,2,9601.716655078659,0.1328731110199094
Appliances,777,Leverage,9,2,9744.112506854419,0.12001340307501018
Appliances,777,Coreset,9,2,9769.633615239707,0.11770860278643336
Appliances,778,SRS,9,2,9079.868898371076,0.13328188091316717
Appliances,778,PCA-QS,9,2,9082.43264122902,0.13303715905511726
Appliances,778,Leverage,9,2,9005.676924019073,0.1403638695609596
Appliances,778,Coreset,9,2,9041.16124282108,0.13697671690563118
Appliances,779,SRS,9,2,9386.72796530242,0.11511643364356283
Appliances,779,PCA-QS,9,2,9799.075381827697,0.0762445867272028
Appliances,779,Leverage,9,2,9412.130312887964,0.11272176321011551
Appliances,779,Coreset,9,2,9458.176874387513,0.1083809699423457
Appliances,780,SRS,9,2,9322.243186660762,0.10791192384242909
Appliances,780,PCA-QS,9,2,9298.714223818302,0.11016351788217127
Appliances,780,Leverage,9,2,9368.308456100442,0.10350372757793702
Appliances,780,Coreset,9,2,9340.561615970353,0.10615894958142658
Appliances,781,SRS,9,2,9080.802051914125,0.12419112401364685
Appliances,781,PCA-QS,9,2,8936.597044187893,0.13809914942883506
Appliances,781,Leverage,9,2,8859.761609864741,0.14550963530726002
Appliances,781,Coreset,9,2,8986.2572846582,0.1333096078069752
Appliances,782,SRS,9,2,9201.428380233732,0.10632076070273133
Appliances,782,PCA-QS,9,2,8893.011957115275,0.13627538763775993
Appliances,782,Leverage,9,2,8942.529942916652,0.1314660043492294
Appliances,782,Coreset,9,2,9019.119187863753,0.12402735294270306
Appliances,783,SRS,9,2,9391.459375138293,0.11425802399707019
Appliances,783,PCA-QS,9,2,9307.43208279041,0.12218293715374262
Appliances,783,Leverage,9,2,9548.466499283704,0.09945012302746736
Appliances,783,Coreset,9,2,9262.121646791127,0.1264563257201461
Appliances,784,SRS,9,2,9841.553234168518,0.10142889199355287
Appliances,784,PCA-QS,9,2,9842.166360088977,0.10137291127337733
Appliances,784,Leverage,9,2,9575.790744210533,0.1256940145190294
Appliances,784,Coreset,9,2,9681.899021291914,0.11600592669010368
Appliances,785,SRS,9,2,9392.562331969528,0.11482752751328584
Appliances,785,PCA-QS,9,2,9236.517212796236,0.12953350859450408
Appliances,785,Leverage,9,2,9394.844870304443,0.11461241687254131
Appliances,785,Coreset,9,2,9367.232977318043,0.11721461281449641
Appliances,786,SRS,9,2,8987.279413160055,0.12350184079346138
Appliances,786,PCA-QS,9,2,8997.210967281964,0.12253325080023525
Appliances,786,Leverage,9,2,9102.814197943242,0.1122341343462242
Appliances,786,Coreset,9,2,9008.20963536363,0.12146058888731126
Appliances,787,SRS,9,2,9171.006833947371,0.12276636033293997
Appliances,787,PCA-QS,9,2,9182.54430411622,0.12166276755059635
Appliances,787,Leverage,9,2,9155.903360824865,0.12421105173256108
Appliances,787,Coreset,9,2,9087.757596665515,0.13072939348105028
Appliances,788,SRS,9,2,10223.46579247738,0.13570447930288387
Appliances,788,PCA-QS,9,2,10218.450771796632,0.13612845097731963
Appliances,788,Leverage,9,2,10252.383159014516,0.1332597946063503
Appliances,788,Coreset,9,2,10316.519720826247,0.12783766631717652
Appliances,789,SRS,9,2,9111.932625673107,0.13535618284198792
Appliances,789,PCA-QS,9,2,9049.064587526525,0.14132181743493244
Appliances,789,Leverage,9,2,9082.945060507383,0.138106852762921
Appliances,789,Coreset,9,2,9125.567267439368,0.13406237293505918
Appliances,790,SRS,9,2,9704.924056072834,0.11602489348733347
Appliances,790,PCA-QS,9,2,9481.999818955092,0.13632999583659922
Appliances,790,Leverage,9,2,9509.397190080303,0.13383450036248257
Appliances,790,Coreset,9,2,9415.658802276861,0.14237268168818007
Appliances,791,SRS,9,2,9200.303538198428,0.09000437344012735
Appliances,791,PCA-QS,9,2,8860.418903043725,0.12362212640246528
Appliances,791,Leverage,9,2,8834.596092948977,0.1261762425959302
Appliances,791,Coreset,9,2,8849.538998542233,0.12469825019258152
Appliances,792,SRS,9,2,9595.933073280923,0.12152263003826236
Appliances,792,PCA-QS,9,2,9469.572731662616,0.13309052028141133
Appliances,792,Leverage,9,2,9270.459613814446,0.15131869744316973
Appliances,792,Coreset,9,2,9559.941291352725,0.12481756401571553
Appliances,793,SRS,9,2,8985.182379397624,0.11413116045976957
Appliances,793,PCA-QS,9,2,9131.916705526744,0.09966430138890936
Appliances,793,Leverage,9,2,8872.976638747748,0.12519377055070924
Appliances,793,Coreset,9,2,9077.525333092439,0.10502686610321721
Appliances,794,SRS,9,2,9282.94149525115,0.13883970862481443
Appliances,794,PCA-QS,9,2,9497.289359001994,0.11895507734735189
Appliances,794,Leverage,9,2,9286.869689277402,0.13847529776280942
Appliances,794,Coreset,9,2,9332.089453328237,0.13428034886586182
Appliances,795,SRS,9,2,8851.994585794395,0.13862300107038428
Appliances,795,PCA-QS,9,2,8918.167549575797,0.13218378916171736
Appliances,795,Leverage,9,2,8721.56958072924,0.15131450221846376
Appliances,795,Coreset,9,2,8703.1882110372,0.1531031713040678
Appliances,796,SRS,9,2,9588.63218014423,0.1281914356823015
Appliances,796,PCA-QS,9,2,9603.701074525656,0.12682135589097
Appliances,796,Leverage,9,2,9539.987589666756,0.1326142532217841
Appliances,796,Coreset,9,2,9335.71858780258,0.1511866065985863
Appliances,797,SRS,9,2,9565.283307544967,0.12853708615414694
Appliances,797,PCA-QS,9,2,9563.592145507851,0.12869116261474556
Appliances,797,Leverage,9,2,9459.38160156024,0.13818545790764214
Appliances,797,Coreset,9,2,9684.249354347434,0.11769846334896328
Appliances,798,SRS,9,2,9449.95154420719,0.12968827565442864
Appliances,798,PCA-QS,9,2,9383.263596475008,0.13583003230919577
Appliances,798,Leverage,9,2,9485.218120675347,0.1264403314894047
Appliances,798,Coreset,9,2,9543.7680820214,0.12104805856810219
Appliances,799,SRS,9,2,9055.468182634422,0.13023768920197198
Appliances,799,PCA-QS,9,2,8863.872153547678,0.14864016178950556
Appliances,799,Leverage,9,2,9021.23807883298,0.13352543242857762
Appliances,799,Coreset,9,2,8908.955040074607,0.14431002724844422
Appliances,800,SRS,9,2,9374.48980209585,0.12603531572206583
Appliances,800,PCA-QS,9,2,9453.577020392224,0.11866217465220641
Appliances,800,Leverage,9,2,9234.428271906305,0.1390929683085802
Appliances,800,Coreset,9,2,9571.498330282533,0.10766860993096872
Appliances,801,SRS,9,2,8799.73296080263,0.13643706056793714
Appliances,801,PCA-QS,9,2,8820.02620709513,0.1344455802017681
Appliances,801,Leverage,9,2,8962.168985134287,0.1204963801783917
Appliances,801,Coreset,9,2,8993.343998517103,0.1174370161825049
Appliances,802,SRS,9,2,8833.609100692249,0.13957467735170515
Appliances,802,PCA-QS,9,2,8842.078839581793,0.13874969429735984
Appliances,802,Leverage,9,2,8812.898532489324,0.1415919612415747
Appliances,802,Coreset,9,2,8841.596827143007,0.13879664404388314
Appliances,803,SRS,9,2,9580.70971738866,0.13265018620692004
Appliances,803,PCA-QS,9,2,9490.051417158398,0.14085755937060118
Appliances,803,Leverage,9,2,9822.604173054351,0.11075127503352089
Appliances,803,Coreset,9,2,9499.281193922783,0.1400219798160498
Appliances,804,SRS,9,2,8929.395629532775,0.14489288931938316
Appliances,804,PCA-QS,9,2,9219.471913392414,0.11711426876551201
Appliances,804,Leverage,9,2,9045.446420378725,0.1337794992793817
Appliances,804,Coreset,9,2,8959.83749447294,0.14197768024446866
Appliances,805,SRS,9,2,9560.302038772292,0.08605471228959183
Appliances,805,PCA-QS,9,2,9240.883127341318,0.11659050579527652
Appliances,805,Leverage,9,2,9124.22511416391,0.1277427728454963
Appliances,805,Coreset,9,2,9132.384094594254,0.12696279103251673
Appliances,806,SRS,9,2,9086.432511389148,0.14315960418240103
Appliances,806,PCA-QS,9,2,9085.645840141575,0.14323378639883222
Appliances,806,Leverage,9,2,9136.721617019273,0.13841739791834518
Appliances,806,Coreset,9,2,9465.921422121759,0.10737422547926789
Appliances,807,SRS,9,2,8491.715897884163,0.12605819857818146
Appliances,807,PCA-QS,9,2,8513.847202651652,0.123780511407661
Appliances,807,Leverage,9,2,8597.110910424057,0.11521126160718109
Appliances,807,Coreset,9,2,8509.910178471659,0.12418569806786983
Appliances,808,SRS,9,2,9632.437544822498,0.12607450902662853
Appliances,808,PCA-QS,9,2,9648.933044823942,0.12457791609565638
Appliances,808,Leverage,9,2,9528.1821742564,0.1355333220720929
Appliances,808,Coreset,9,2,9510.83325494168,0.13710734347212006
Appliances,809,SRS,9,2,9556.181517400522,0.09917410321989684
Appliances,809,PCA-QS,9,2,9437.653306807528,0.11034731936347408
Appliances,809,Leverage,9,2,9314.80812681575,0.12192748024988109
Appliances,809,Coreset,9,2,9142.111552104032,0.13820694778639286
Appliances,810,SRS,9,2,9855.773214587027,0.12001745132642805
Appliances,810,PCA-QS,9,2,9731.09573479779,0.13114940455205104
Appliances,810,Leverage,9,2,9733.694060714011,0.13091741042918936
Appliances,810,Coreset,9,2,9689.614600053774,0.13485308907067262
Appliances,811,SRS,9,2,9175.451482650973,0.11890425104843116
Appliances,811,PCA-QS,9,2,9339.161222648007,0.10318361253313946
Appliances,811,Leverage,9,2,9280.6029213098,0.10880682033631683
Appliances,811,Coreset,9,2,9139.70941059387,0.12233647319115404
Appliances,812,SRS,9,2,8264.763206146918,0.1210973716467949
Appliances,812,PCA-QS,9,2,8244.866665977319,0.1232132364349342
Appliances,812,Leverage,9,2,8024.750303810846,0.14662114836491824
Appliances,812,Coreset,9,2,8424.30625570418,0.10413102886191383
Appliances,813,SRS,9,2,8931.809295312849,0.1161530248370265
Appliances,813,PCA-QS,9,2,8818.825499326904,0.1273333336661694
Appliances,813,Leverage,9,2,8821.605376488407,0.12705825098814938
Appliances,813,Coreset,9,2,8676.442392967814,0.14142285055003634
Appliances,814,SRS,9,2,9166.083640266084,0.1230837851969453
Appliances,814,PCA-QS,9,2,8904.279846880067,0.14813046822181053
Appliances,814,Leverage,9,2,9296.962604473034,0.11056263762793073
Appliances,814,Coreset,9,2,9137.245716868727,0.1258426998676888
Appliances,815,SRS,9,2,8717.628050435638,0.139005985028413
Appliances,815,PCA-QS,9,2,8692.693760237715,0.1414686129937004
Appliances,815,Leverage,9,2,8649.468591330666,0.14573773430855674
Appliances,815,Coreset,9,2,8665.87985734968,0.144116880363111
Appliances,816,SRS,9,2,8513.621921012364,0.14488603764400576
Appliances,816,PCA-QS,9,2,8442.511663266168,0.1520284001813209
Appliances,816,Leverage,9,2,8681.114765848737,0.12806294266244256
Appliances,816,Coreset,9,2,8787.584342946935,0.11736906609762787
Appliances,817,SRS,9,2,9534.322695607763,0.111262946417373
Appliances,817,PCA-QS,9,2,9267.798210776924,0.13610689107065277
Appliances,817,Leverage,9,2,9522.909733046246,0.11232679993307626
Appliances,817,Coreset,9,2,9617.685615440829,0.10349231413275206
Appliances,818,SRS,9,2,8719.091464296533,0.14212685185034268
Appliances,818,PCA-QS,9,2,8639.749781147335,0.14993329587967896
Appliances,818,Leverage,9,2,8634.952702308332,0.15040528142340104
Appliances,818,Coreset,9,2,8475.926796541831,0.16605187200865823
Appliances,819,SRS,9,2,9045.038695547562,0.13606617839477275
Appliances,819,PCA-QS,9,2,9104.947548124625,0.13034400453825168
Appliances,819,Leverage,9,2,9039.552521480238,0.1365901884612316
Appliances,819,Coreset,9,2,8891.496851680628,0.15073167584737868
Appliances,820,SRS,9,2,9321.999965840216,0.13306819637362277
Appliances,820,PCA-QS,9,2,9235.039595452872,0.14115537841826697
Appliances,820,Leverage,9,2,9126.321775001681,0.151265970192077
Appliances,820,Coreset,9,2,9273.663005045764,0.13756346013214127
Appliances,821,SRS,9,2,9045.875755803727,0.13694193610757022
Appliances,821,PCA-QS,9,2,9049.008870834934,0.1366430086995688
Appliances,821,Leverage,9,2,9209.88358451178,0.12129411129446055
Appliances,821,Coreset,9,2,9137.071187276535,0.12824107013864972
Appliances,822,SRS,9,2,9380.054934533677,0.1290970509132735
Appliances,822,PCA-QS,9,2,9466.28439427829,0.12109096871931335
Appliances,822,Leverage,9,2,9519.488725442754,0.11615114595295317
Appliances,822,Coreset,9,2,9260.191161313145,0.1402259530694966
Appliances,823,SRS,9,2,8534.100929326527,0.13522119575597125
Appliances,823,PCA-QS,9,2,8419.359312990739,0.14684821055150876
Appliances,823,Leverage,9,2,8357.94323259701,0.15307163408540825
Appliances,823,Coreset,9,2,8359.83217682041,0.15288022330408246
Appliances,824,SRS,9,2,9530.17376571716,0.1283660804827449
Appliances,824,PCA-QS,9,2,9905.088922140614,0.09407617399065593
Appliances,824,Leverage,9,2,9537.034822827827,0.1277385651563281
Appliances,824,Coreset,9,2,9687.2739730713,0.11399762583969797
Appliances,825,SRS,9,2,9800.463331396239,0.08014251035506981
Appliances,825,PCA-QS,9,2,9431.814218726538,0.11474338950471619
Appliances,825,Leverage,9,2,9382.087272253679,0.11941068967242319
Appliances,825,Coreset,9,2,9412.311559951253,0.1165738812004471
Appliances,826,SRS,9,2,9036.969485292511,0.1422120003156382
Appliances,826,PCA-QS,9,2,8986.194465146005,0.14703155880106722
Appliances,826,Leverage,9,2,9178.772840006954,0.1287520438349844
Appliances,826,Coreset,9,2,9136.517243730434,0.13276293968502528
Appliances,827,SRS,9,2,8540.95950891556,0.11699789674112371
Appliances,827,PCA-QS,9,2,8364.163136017802,0.13527588634572285
Appliances,827,Leverage,9,2,8377.355442993188,0.13391200740519593
Appliances,827,Coreset,9,2,8475.417075723786,0.12377396286116882
Appliances,828,SRS,9,2,8722.028432715586,0.1380885933664573
Appliances,828,PCA-QS,9,2,9043.40491326466,0.10633014903830162
Appliances,828,Leverage,9,2,9130.279774935309,0.09774516966093783
Appliances,828,Coreset,9,2,9328.790722885946,0.07812830510927993
Appliances,829,SRS,9,2,9445.13996343333,0.12541372677381735
Appliances,829,PCA-QS,9,2,9271.89318957014,0.14145576012515682
Appliances,829,Leverage,9,2,9300.638734572385,0.13879402518287964
Appliances,829,Coreset,9,2,9491.205745585145,0.1211481996464926
Appliances,830,SRS,9,2,9175.65079135246,0.14975458912513673
Appliances,830,PCA-QS,9,2,9388.148414807134,0.1300638736355687
Appliances,830,Leverage,9,2,9379.227758881774,0.13089049039932787
Appliances,830,Coreset,9,2,9295.913604136542,0.13861064882120366
Appliances,831,SRS,9,2,9233.78996072513,0.1507323724905223
Appliances,831,PCA-QS,9,2,9387.50910553058,0.13659422401985266
Appliances,831,Leverage,9,2,9633.545702349624,0.11396527991891858
Appliances,831,Coreset,9,2,9341.361563164182,0.1408385932320182
Appliances,832,SRS,9,2,9421.426966034092,0.11032217300376557
Appliances,832,PCA-QS,9,2,9180.727761885684,0.1330517176553888
Appliances,832,Leverage,9,2,9152.01608111414,0.13576299969900363
Appliances,832,Coreset,9,2,9099.206718689484,0.1407498577382803
Appliances,833,SRS,9,2,9592.850016704691,0.12694186638345373
Appliances,833,PCA-QS,9,2,9539.082363928173,0.13183533250668777
Appliances,833,Leverage,9,2,9607.783287553444,0.12558276939420665
Appliances,833,Coreset,9,2,9472.963595370864,0.13785289022656744
Appliances,834,SRS,9,2,9228.249979247228,0.11482972706325423
Appliances,834,PCA-QS,9,2,8940.874286458786,0.14239469561015972
Appliances,834,Leverage,9,2,9044.440600131908,0.13246065369026727
Appliances,834,Coreset,9,2,9221.572703130836,0.11547020888111914
Appliances,835,SRS,9,2,9488.875529798153,0.10169298318567144
Appliances,835,PCA-QS,9,2,9341.999542877194,0.11559765811140876
Appliances,835,Leverage,9,2,9295.13826901683,0.12003399105659585
Appliances,835,Coreset,9,2,9281.083876553703,0.12136451323775854
Appliances,836,SRS,9,2,9477.170749881918,0.13903893682221402
Appliances,836,PCA-QS,9,2,9439.378058432863,0.14247224373089584
Appliances,836,Leverage,9,2,9693.806338651979,0.11935850563108652
Appliances,836,Coreset,9,2,9414.889180899287,0.14469695515519954
Appliances,837,SRS,9,2,8601.005050388294,0.12225005790511423
Appliances,837,PCA-QS,9,2,8598.91240923271,0.12246361616282697
Appliances,837,Leverage,9,2,8591.724653244912,0.12319714118288227
Appliances,837,Coreset,9,2,8382.614858963032,0.14453721815610843
Appliances,838,SRS,9,2,9530.846132308157,0.10509349197682849
Appliances,838,PCA-QS,9,2,9220.932291083074,0.134193102818161
Appliances,838,Leverage,9,2,9708.685362206339,0.08839513361405749
Appliances,838,Coreset,9,2,9333.905229176722,0.12358541740104045
Appliances,839,SRS,9,2,8472.432985253503,0.13071375280215825
Appliances,839,PCA-QS,9,2,8689.323448685162,0.10846041691414754
Appliances,839,Leverage,9,2,8477.07724115404,0.1302372441310562
Appliances,839,Coreset,9,2,8835.163500665229,0.09349697586981598
Appliances,840,SRS,9,2,9154.752672704335,0.1282644465014119
Appliances,840,PCA-QS,9,2,9245.543787186807,0.11961911819318671
Appliances,840,Leverage,9,2,9267.64052874865,0.11751501817818999
Appliances,840,Coreset,9,2,9336.870764611722,0.1109227638446707
Appliances,841,SRS,9,2,9389.185284512589,0.11632722382934801
Appliances,841,PCA-QS,9,2,9380.27310192477,0.11716600300884805
Appliances,841,Leverage,9,2,9226.568633159835,0.13163205629329933
Appliances,841,Coreset,9,2,9140.38484474509,0.13974333168744735
Appliances,842,SRS,9,2,9640.649569741501,0.07398954581446493
Appliances,842,PCA-QS,9,2,9261.930432313737,0.11036654281256675
Appliances,842,Leverage,9,2,9242.433043730318,0.11223931969621481
Appliances,842,Coreset,9,2,9233.473070314449,0.11309994936564716
Appliances,843,SRS,9,2,9155.099101587635,0.11146332169902784
Appliances,843,PCA-QS,9,2,8938.755919315794,0.13246023832612885
Appliances,843,Leverage,9,2,8889.736044443844,0.13721780089384583
Appliances,843,Coreset,9,2,8887.684274864027,0.13741693282096756
Appliances,844,SRS,9,2,9541.076433375541,0.1143032086162431
Appliances,844,PCA-QS,9,2,9395.6622666287,0.1278019853851713
Appliances,844,Leverage,9,2,9380.987913322408,0.12916420355099067
Appliances,844,Coreset,9,2,9423.206604993677,0.12524504830569172
Appliances,845,SRS,9,2,9222.01072290312,0.16012431860491694
Appliances,845,PCA-QS,9,2,9206.219956578969,0.16156243020820427
Appliances,845,Leverage,9,2,9387.516308440356,0.14505123740771575
Appliances,845,Coreset,9,2,9645.714273225085,0.12153638819269219
Appliances,846,SRS,9,2,9713.733388687378,0.10663001448572473
Appliances,846,PCA-QS,9,2,9693.433120072796,0.1084970258553456
Appliances,846,Leverage,9,2,9543.317160098772,0.12230315863881691
Appliances,846,Coreset,9,2,9509.765573526116,0.1253888908913926
Appliances,847,SRS,9,2,9270.31564790919,0.09218812183925351
Appliances,847,PCA-QS,9,2,9159.771029586997,0.10301339698533407
Appliances,847,Leverage,9,2,8984.973709199878,0.12013073039068412
Appliances,847,Coreset,9,2,9264.947326171456,0.09271382413725482
Appliances,848,SRS,9,2,9132.778846480935,0.1474942913449635
Appliances,848,PCA-QS,9,2,9088.586854051358,0.15161942417215013
Appliances,848,Leverage,9,2,9208.033575558264,0.1404695853688157
Appliances,848,Coreset,9,2,9286.590900552279,0.13313659623814478
Appliances,849,SRS,9,2,9559.361762462495,0.08230276042712015
Appliances,849,PCA-QS,9,2,9398.968824741727,0.09770045745448075
Appliances,849,Leverage,9,2,9451.255928525297,0.09268090363909265
Appliances,849,Coreset,9,2,9335.210379091197,0.10382125830153188
Appliances,850,SRS,9,2,8987.899309055545,0.12494865560806345
Appliances,850,PCA-QS,9,2,9115.046269926743,0.11256977649294109
Appliances,850,Leverage,9,2,8901.854835115768,0.13332584476088793
Appliances,850,Coreset,9,2,8964.59928629456,0.1272171185202836
Appliances,851,SRS,9,2,8941.078122903265,0.15023832357550015
Appliances,851,PCA-QS,9,2,8900.370648215387,0.15410716930733326
Appliances,851,Leverage,9,2,9140.381778007279,0.1312964682700547
Appliances,851,Coreset,9,2,8881.027306063814,0.15594556403204407
Appliances,852,SRS,9,2,8875.941718002392,0.12244584084688215
Appliances,852,PCA-QS,9,2,9063.083570356217,0.10394334093167568
Appliances,852,Leverage,9,2,9042.711706737531,0.10595748368027191
Appliances,852,Coreset,9,2,8978.37595628167,0.11231828540571243
Appliances,853,SRS,9,2,9579.430289293734,0.11455998686109359
Appliances,853,PCA-QS,9,2,9482.190427022288,0.12354800204853966
Appliances,853,Leverage,9,2,9225.843262116776,0.14724252564831353
Appliances,853,Coreset,9,2,9234.478996899488,0.1464443127182592
Appliances,854,SRS,9,2,9589.702606480154,0.12869754481686213
Appliances,854,PCA-QS,9,2,9542.302066878181,0.13300426925107933
Appliances,854,Leverage,9,2,9636.20404280012,0.12447251122637837
Appliances,854,Coreset,9,2,9511.166738305425,0.13583316701168824
Appliances,855,SRS,9,2,8548.91696756266,0.14197421735539728
Appliances,855,PCA-QS,9,2,8852.933294988337,0.1114611303449703
Appliances,855,Leverage,9,2,8615.67921346789,0.13527351731218706
Appliances,855,Coreset,9,2,8810.714433805235,0.11569849415917555
Appliances,856,SRS,9,2,9076.574121265769,0.12571659498385335
Appliances,856,PCA-QS,9,2,8838.684147991757,0.14863088545011116
Appliances,856,Leverage,9,2,9156.228788639712,0.11804401357960348
Appliances,856,Coreset,9,2,9208.610951811332,0.11299840326805466
Appliances,857,SRS,9,2,9422.590139441741,0.0898054366036356
Appliances,857,PCA-QS,9,2,8945.434685149337,0.135897253605622
Appliances,857,Leverage,9,2,9088.121383431711,0.12211413716697272
Appliances,857,Coreset,9,2,8835.87506842791,0.14648039115399247
Appliances,858,SRS,9,2,9278.188984874429,0.12774788556766248
Appliances,858,PCA-QS,9,2,9557.930115161087,0.10144913343144146
Appliances,858,Leverage,9,2,9218.567356774021,0.13335297630910548
Appliances,858,Coreset,9,2,9255.878085693148,0.12984535620740523
Appliances,859,SRS,9,2,8688.56518082089,0.10737987791588188
Appliances,859,PCA-QS,9,2,8227.570693917476,0.15474016659601497
Appliances,859,Leverage,9,2,8421.697253764616,0.13479656601935985
Appliances,859,Coreset,9,2,8502.924936291467,0.1264516365189431
Appliances,860,SRS,9,2,9617.08777367431,0.11164121173114117
Appliances,860,PCA-QS,9,2,9444.281226043098,0.12760386267822055
Appliances,860,Leverage,9,2,9538.354874494013,0.11891400205589664
Appliances,860,Coreset,9,2,9391.55555574815,0.13247428849486975
Appliances,861,SRS,9,2,8863.845994461564,0.13546026666027666
Appliances,861,PCA-QS,9,2,8847.834151244611,0.13702198994311698
Appliances,861,Leverage,9,2,8869.697814952358,0.1348895063684321
Appliances,861,Coreset,9,2,8879.555320327787,0.13392804956130888
Appliances,862,SRS,9,2,8879.704695308343,0.13061296449217297
Appliances,862,PCA-QS,9,2,8976.736810298367,0.12111282167269333
Appliances,862,Leverage,9,2,8914.572493410209,0.12719915596287767
Appliances,862,Coreset,9,2,8879.049983546662,0.13067706548844837
Appliances,863,SRS,9,2,8607.412447201996,0.12258556904111251
Appliances,863,PCA-QS,9,2,8311.202924489104,0.15278030078075644
Appliances,863,Leverage,9,2,8588.417773052195,0.12452183052650412
Appliances,863,Coreset,9,2,8344.608456112015,0.149375038665157
Appliances,864,SRS,9,2,9724.763816442095,0.1428373691475514
Appliances,864,PCA-QS,9,2,9648.742570489518,0.14953805334012982
Appliances,864,Leverage,9,2,10118.499815105462,0.10813258959239247
Appliances,864,Coreset,9,2,9732.94918016843,0.14211589271495295
Appliances,865,SRS,9,2,9181.237907512994,0.1467385243857734
Appliances,865,PCA-QS,9,2,9262.640220719379,0.1391733726508364
Appliances,865,Leverage,9,2,9631.339518621364,0.10490817767877891
Appliances,865,Coreset,9,2,9294.462838943595,0.13621592677508088
Appliances,866,SRS,9,2,10187.14702156534,0.11942059662627313
Appliances,866,PCA-QS,9,2,10165.600150969462,0.12128311322819563
Appliances,866,Leverage,9,2,9787.170478940972,0.1539946637838444
Appliances,866,Coreset,9,2,9833.976259064937,0.14994876105477306
Appliances,867,SRS,9,2,8570.898577482973,0.13015067072600361
Appliances,867,PCA-QS,9,2,8617.16671082985,0.12545497815716666
Appliances,867,Leverage,9,2,8584.06093857137,0.12881483984889064
Appliances,867,Coreset,9,2,8647.826452709018,0.12234336090161169
Appliances,868,SRS,9,2,9006.669861061579,0.1348956231719174
Appliances,868,PCA-QS,9,2,9105.001946310018,0.12545067641098095
Appliances,868,Leverage,9,2,8946.16294414276,0.1407074048251059
Appliances,868,Coreset,9,2,9279.544794716376,0.10868556961460685
Appliances,869,SRS,9,2,9625.995786106405,0.1373025030460251
Appliances,869,PCA-QS,9,2,9750.939224807264,0.12610486757815698
Appliances,869,Leverage,9,2,9690.168266464276,0.13155126032701525
Appliances,869,Coreset,9,2,9549.776830563314,0.14413337058726938
Appliances,870,SRS,9,2,8779.263927975639,0.14566263782969302
Appliances,870,PCA-QS,9,2,9042.607478022876,0.1200358614008632
Appliances,870,Leverage,9,2,9241.812801775268,0.1006505744085695
Appliances,870,Coreset,9,2,9097.557178592006,0.11468853585951755
Appliances,871,SRS,9,2,9706.610593786168,0.10310208562495704
Appliances,871,PCA-QS,9,2,9462.713383950797,0.12563836610202428
Appliances,871,Leverage,9,2,9415.248469014461,0.1300241589388813
Appliances,871,Coreset,9,2,9374.582485272622,0.13378172556336432
Appliances,872,SRS,9,2,9691.77680281327,0.1272550286470353
Appliances,872,PCA-QS,9,2,9753.711434664378,0.12167781204368133
Appliances,872,Leverage,9,2,9753.728445409934,0.12167628022521859
Appliances,872,Coreset,9,2,9607.949103230656,0.1348037170618962
Appliances,873,SRS,9,2,8931.522448286709,0.13519793436959793
Appliances,873,PCA-QS,9,2,9083.7846821311,0.12045501734637676
Appliances,873,Leverage,9,2,8986.478601374416,0.12987675928611975
Appliances,873,Coreset,9,2,9031.144432877174,0.12555195312117595
Appliances,874,SRS,9,2,9264.06871933146,0.13025989795911108
Appliances,874,PCA-QS,9,2,9136.655056983936,0.14222189598059554
Appliances,874,Leverage,9,2,9093.106630147577,0.1463103601692668
Appliances,874,Coreset,9,2,9180.434527983347,0.13811174063439569
Appliances,875,SRS,9,2,9164.97590819807,0.10837895713590251
Appliances,875,PCA-QS,9,2,8879.489425136346,0.13615270780374744
Appliances,875,Leverage,9,2,9040.281199576742,0.12050996841779071
Appliances,875,Coreset,9,2,9117.997172711759,0.11294931602678326
Appliances,876,SRS,9,2,9722.133658674935,0.14281667315337354
Appliances,876,PCA-QS,9,2,9963.04563103187,0.12157589070868491
Appliances,876,Leverage,9,2,9846.319348615323,0.1318674405479504
Appliances,876,Coreset,9,2,9762.252731000763,0.13927944551450366
Appliances,877,SRS,9,2,9891.272940213039,0.1092565502731987
Appliances,877,PCA-QS,9,2,9829.701093477523,0.1148013087182187
Appliances,877,Leverage,9,2,9736.784361183967,0.12316878287051114
Appliances,877,Coreset,9,2,9779.159573357454,0.11935274797768525
Appliances,878,SRS,9,2,9211.660882729193,0.11957847500912877
Appliances,878,PCA-QS,9,2,9445.4490058429,0.09723374277279173
Appliances,878,Leverage,9,2,9223.652064618655,0.11843239562344965
Appliances,878,Coreset,9,2,9031.245275164203,0.13682203036431273
Appliances,879,SRS,9,2,8491.856680725481,0.1363862787214104
Appliances,879,PCA-QS,9,2,8496.788250666183,0.13588474276427376
Appliances,879,Leverage,9,2,8458.249849617741,0.13980406137655255
Appliances,879,Coreset,9,2,8799.116355007764,0.10513826304209972
Appliances,880,SRS,9,2,9176.520930780322,0.12806297765672725
Appliances,880,PCA-QS,9,2,9208.026194507096,0.12506940241734432
Appliances,880,Leverage,9,2,9427.532520496778,0.10421229396494958
Appliances,880,Coreset,9,2,9157.047020753042,0.12991335464062448
Appliances,881,SRS,9,2,9504.467069212282,0.11868358513583088
Appliances,881,PCA-QS,9,2,9399.16071941495,0.12844827935697756
Appliances,881,Leverage,9,2,9642.897493355673,0.1058474098694262
Appliances,881,Coreset,9,2,9717.20417238716,0.09895720808455943
Appliances,882,SRS,9,2,8613.833276435766,0.11635083396451795
Appliances,882,PCA-QS,9,2,8490.281939394488,0.12902533467000055
Appliances,882,Leverage,9,2,8633.942343789648,0.1142879474392331
Appliances,882,Coreset,9,2,8664.743851063684,0.11112817810752396
Appliances,883,SRS,9,2,9231.692987096483,0.12346419950967924
Appliances,883,PCA-QS,9,2,9324.037334252285,0.11469623827352204
Appliances,883,Leverage,9,2,9156.447660844173,0.13060863362072628
Appliances,883,Coreset,9,2,9222.344222053296,0.12435185113134606
Appliances,884,SRS,9,2,9150.56171032773,0.1188275975757005
Appliances,884,PCA-QS,9,2,9075.294862649194,0.12607557546944492
Appliances,884,Leverage,9,2,9361.538494952352,0.09851114859163324
Appliances,884,Coreset,9,2,8989.06022104075,0.13437971992787168
Appliances,885,SRS,9,2,9653.351825663838,0.09530847807777931
Appliances,885,PCA-QS,9,2,9169.685894651397,0.14063661644172876
Appliances,885,Leverage,9,2,9299.852319682699,0.12843769701027552
Appliances,885,Coreset,9,2,9348.722659208017,0.12385767313458151
Appliances,886,SRS,9,2,9524.197470576422,0.10756874186274845
Appliances,886,PCA-QS,9,2,9568.829363837762,0.10338666806815133
Appliances,886,Leverage,9,2,9282.355818800515,0.1302296589879055
Appliances,886,Coreset,9,2,9345.98457371908,0.12426755142124613
Appliances,887,SRS,9,2,9676.772850809532,0.1284353874454952
Appliances,887,PCA-QS,9,2,9806.859161882063,0.11671881343300405
Appliances,887,Leverage,9,2,9776.628643011683,0.11944160654521196
Appliances,887,Coreset,9,2,9756.549520415148,0.1212500868078048
Appliances,888,SRS,9,2,8892.149253265121,0.121708676393531
Appliances,888,PCA-QS,9,2,9034.179755169098,0.10768010422759144
Appliances,888,Leverage,9,2,8961.183690284231,0.11489003836384659
Appliances,888,Coreset,9,2,8940.914093253688,0.11689209778703824
Appliances,889,SRS,9,2,9446.505965552593,0.11762253232628561
Appliances,889,PCA-QS,9,2,9523.305312475224,0.11044887325025265
Appliances,889,Leverage,9,2,9398.983889981437,0.1220614654994594
Appliances,889,Coreset,9,2,9071.706617529586,0.15263171993493962
Appliances,890,SRS,9,2,9115.094949204915,0.12545819857274987
Appliances,890,PCA-QS,9,2,8776.791450123397,0.15791650571761406
Appliances,890,Leverage,9,2,9029.292743293452,0.13369043489528953
Appliances,890,Coreset,9,2,9057.728806767183,0.13096215545175105
Appliances,891,SRS,9,2,9314.965594656147,0.1324536922228029
Appliances,891,PCA-QS,9,2,9181.52091966541,0.14488201886602292
Appliances,891,Leverage,9,2,9489.6096901164,0.11618827087991035
Appliances,891,Coreset,9,2,9637.606297420642,0.1024046547274251
Appliances,892,SRS,9,2,8784.48801937172,0.10404707031298177
Appliances,892,PCA-QS,9,2,8514.319291274578,0.13160228615648417
Appliances,892,Leverage,9,2,8449.122319629956,0.13825189597129717
Appliances,892,Coreset,9,2,8477.432848646102,0.13536443100383744
Appliances,893,SRS,9,2,9071.770394572968,0.13057094188376372
Appliances,893,PCA-QS,9,2,9044.111520570932,0.13322173965820172
Appliances,893,Leverage,9,2,9112.787850324454,0.12663987150066935
Appliances,893,Coreset,9,2,9460.20299833054,0.09334396433276504
Appliances,894,SRS,9,2,9454.734311970606,0.10234948749941242
Appliances,894,PCA-QS,9,2,9278.060866527649,0.11912320145204291
Appliances,894,Leverage,9,2,9197.151950380949,0.12680484830202343
Appliances,894,Coreset,9,2,9364.509633159823,0.11091559062852496
Appliances,895,SRS,9,2,9369.279369982942,0.13933457024083062
Appliances,895,PCA-QS,9,2,9617.408927071869,0.1165412983727635
Appliances,895,Leverage,9,2,9792.441104089752,0.10046277857353436
Appliances,895,Coreset,9,2,9406.248445065537,0.1359385774822307
Appliances,896,SRS,9,2,8992.69475341655,0.11162812712250625
Appliances,896,PCA-QS,9,2,8774.599319012323,0.13317337633204995
Appliances,896,Leverage,9,2,8733.072589567351,0.13727572600843485
Appliances,896,Coreset,9,2,8761.490261886996,0.1344683961174885
Appliances,897,SRS,9,2,9614.720923401197,0.10373553274914882
Appliances,897,PCA-QS,9,2,9909.184205695516,0.07628627250196784
Appliances,897,Leverage,9,2,9461.459050987147,0.11802228860232389
Appliances,897,Coreset,9,2,9644.340952394445,0.10097441469724833
Appliances,898,SRS,9,2,9332.065462971299,0.12066914174915211
Appliances,898,PCA-QS,9,2,9301.213627966503,0.12357621207147529
Appliances,898,Leverage,9,2,9226.675716418558,0.1305996824911535
Appliances,898,Coreset,9,2,9268.621481967672,0.12664726636562984
Appliances,899,SRS,9,2,9291.649547428384,0.1387948458197008
Appliances,899,PCA-QS,9,2,9361.764012793015,0.1322962215822716
Appliances,899,Leverage,9,2,9242.480741080344,0.14335210222887573
Appliances,899,Coreset,9,2,9353.840520223699,0.13303061783828318
Appliances,900,SRS,9,2,8664.00038875346,0.08764513968301346
Appliances,900,PCA-QS,9,2,8328.347153012186,0.1229908053419384
Appliances,900,Leverage,9,2,8521.90774796481,0.10260807892838586
Appliances,900,Coreset,9,2,8416.773723138855,0.11367912396886837
Appliances,901,SRS,9,2,10172.913744902255,0.13442055832895694
Appliances,901,PCA-QS,9,2,10059.84253817989,0.14404141174795504
Appliances,901,Leverage,9,2,10104.505848393168,0.14024115902911494
Appliances,901,Coreset,9,2,10230.085959046053,0.12955596452243967
Appliances,902,SRS,9,2,9725.706264811835,0.1240723340429678
Appliances,902,PCA-QS,9,2,9755.466147886289,0.12139206546289827
Appliances,902,Leverage,9,2,10067.261069847647,0.09331083508079274
Appliances,902,Coreset,9,2,9546.21529309897,0.14023785494520236
Appliances,903,SRS,9,2,8923.582500877206,0.1288258611820685
Appliances,903,PCA-QS,9,2,9026.447543788589,0.11878355304360677
Appliances,903,Leverage,9,2,8863.803062484549,0.13466189180717048
Appliances,903,Coreset,9,2,8807.027177493002,0.14020469736853247
Appliances,904,SRS,9,2,9845.970564026382,0.13081389903033813
Appliances,904,PCA-QS,9,2,9951.983546593709,0.12145524714623401
Appliances,904,Leverage,9,2,9787.05002290566,0.13601530757312374
Appliances,904,Coreset,9,2,9959.244337179993,0.1208142764853315
Appliances,905,SRS,9,2,9393.168589383922,0.11534854313003129
Appliances,905,PCA-QS,9,2,9486.080216399376,0.10659809801481479
Appliances,905,Leverage,9,2,9378.16278274396,0.1167617945349464
Appliances,905,Coreset,9,2,9326.53173583604,0.1216244221384194
Appliances,906,SRS,9,2,8961.90178832678,0.12951427933706638
Appliances,906,PCA-QS,9,2,9036.207099349218,0.12229687015961921
Appliances,906,Leverage,9,2,8834.210005794057,0.1419172129962496
Appliances,906,Coreset,9,2,8986.64999424308,0.12711044136037442
Appliances,907,SRS,9,2,10384.08174208166,0.12930064791142992
Appliances,907,PCA-QS,9,2,10241.748233326396,0.1412352317226757
Appliances,907,Leverage,9,2,10349.65772344102,0.13218708230891962
Appliances,907,Coreset,9,2,10230.781217366133,0.14215480977763728
Appliances,908,SRS,9,2,9169.396471692013,0.12643572578231643
Appliances,908,PCA-QS,9,2,9381.554286555993,0.10622354626391206
Appliances,908,Leverage,9,2,9065.236025768369,0.1363590445772216
Appliances,908,Coreset,9,2,8938.476601016584,0.1484353579120632
Appliances,909,SRS,9,2,8695.223431164437,0.15419615362839856
Appliances,909,PCA-QS,9,2,8909.474401197267,0.1333554821980214
Appliances,909,Leverage,9,2,9063.027921416204,0.1184189875750552
Appliances,909,Coreset,9,2,9060.747985866803,0.11864076200930984
Appliances,910,SRS,9,2,9802.424765960395,0.11072704282652224
Appliances,910,PCA-QS,9,2,9373.146134027134,0.14967106816567255
Appliances,910,Leverage,9,2,9557.857196439132,0.13291413744541114
Appliances,910,Coreset,9,2,9548.511084024894,0.13376201388650832
Appliances,911,SRS,9,2,9337.551981776625,0.1265066620524511
Appliances,911,PCA-QS,9,2,9217.79409151726,0.13770956828658654
Appliances,911,Leverage,9,2,9084.010037954116,0.1502245700492636
Appliances,911,Coreset,9,2,9417.948970056588,0.11898582213738018
Appliances,912,SRS,9,2,9672.393198174648,0.11502531654678683
Appliances,912,PCA-QS,9,2,9337.726780489746,0.14564558817811502
Appliances,912,Leverage,9,2,9541.774142913682,0.1269762944189794
Appliances,912,Coreset,9,2,9444.609177721895,0.13586639354455787
Appliances,913,SRS,9,2,9271.5911402589,0.10307311714995915
Appliances,913,PCA-QS,9,2,8921.153215764753,0.13697422328093944
Appliances,913,Leverage,9,2,8891.86697942435,0.13980735216613682
Appliances,913,Coreset,9,2,8756.864132531704,0.1528674279187785
Appliances,914,SRS,9,2,9869.320738064434,0.1228651509422165
Appliances,914,PCA-QS,9,2,10027.422485812878,0.10881387463580883
Appliances,914,Leverage,9,2,9814.073214307067,0.1277752688417021
Appliances,914,Coreset,9,2,10063.701312084966,0.10558959774272625
Appliances,915,SRS,9,2,9578.51922508393,0.07838849293467809
Appliances,915,PCA-QS,9,2,9092.8754205991,0.12511543558945748
Appliances,915,Leverage,9,2,9150.618356165218,0.11955961295978612
Appliances,915,Coreset,9,2,9078.028262861453,0.12654397700558762
Appliances,916,SRS,9,2,9014.647595078428,0.1349627925589817
Appliances,916,PCA-QS,9,2,8850.892917348936,0.150676539284462
Appliances,916,Leverage,9,2,8991.555703782271,0.13717866899238373
Appliances,916,Coreset,9,2,8887.147418514372,0.1471975910377843
Appliances,917,SRS,9,2,8955.18081857116,0.13687415928846736
Appliances,917,PCA-QS,9,2,8995.65727646138,0.1329729229590937
Appliances,917,Leverage,9,2,9235.341541762971,0.10987147060597746
Appliances,917,Coreset,9,2,9106.230349372476,0.12231557516791036
Appliances,918,SRS,9,2,9919.242816270802,0.11045981416711081
Appliances,918,PCA-QS,9,2,9649.818030860564,0.13462135332095437
Appliances,918,Leverage,9,2,9749.406540975062,0.12569043153237214
Appliances,918,Coreset,9,2,9732.690772712802,0.12718947212264387
Appliances,919,SRS,9,2,9012.292387224277,0.14564879446031143
Appliances,919,PCA-QS,9,2,8964.31245538278,0.1501972168648713
Appliances,919,Leverage,9,2,9378.26680606828,0.11095499265031916
Appliances,919,Coreset,9,2,9191.626898296463,0.12864816363894704
Appliances,920,SRS,9,2,9706.072120649053,0.12246120309075159
Appliances,920,PCA-QS,9,2,9440.440087444373,0.14647734596929907
Appliances,920,Leverage,9,2,9660.351148345091,0.12659489656947442
Appliances,920,Coreset,9,2,9588.847496098584,0.13305963618680383
Appliances,921,SRS,9,2,9013.735955597007,0.134386950671199
Appliances,921,PCA-QS,9,2,8834.384258215106,0.15161057142488243
Appliances,921,Leverage,9,2,9092.123058404868,0.12685922860081478
Appliances,921,Coreset,9,2,8923.358165881946,0.14306617031244817
Appliances,922,SRS,9,2,8934.814361151792,0.11982663196430154
Appliances,922,PCA-QS,9,2,9061.484707488673,0.10734826802085529
Appliances,922,Leverage,9,2,8939.922277767117,0.11932344835138797
Appliances,922,Coreset,9,2,8990.975923570757,0.11429412624561797
Appliances,923,SRS,9,2,8916.075842670509,0.12831076569326505
Appliances,923,PCA-QS,9,2,8847.21599117666,0.1350429191969269
Appliances,923,Leverage,9,2,8832.816990391006,0.13645065217173624
Appliances,923,Coreset,9,2,8903.934379720684,0.1294977881826258
Appliances,924,SRS,9,2,8249.980125075741,0.151425146684936
Appliances,924,PCA-QS,9,2,8496.580524202816,0.12606037072860932
Appliances,924,Leverage,9,2,8415.63225787849,0.13438653178365123
Appliances,924,Coreset,9,2,8422.61249651898,0.13366855975333625
Appliances,925,SRS,9,2,8758.851902704744,0.15323394589759287
Appliances,925,PCA-QS,9,2,8962.945193656073,0.13350313270799397
Appliances,925,Leverage,9,2,8993.87243837063,0.1305132270374666
Appliances,925,Coreset,9,2,8834.14932639771,0.14595453267622294
Appliances,926,SRS,9,2,8852.45046804532,0.13729946501085433
Appliances,926,PCA-QS,9,2,8950.808210556172,0.12771417815827824
Appliances,926,Leverage,9,2,8691.442544536481,0.15299021891565845
Appliances,926,Coreset,9,2,8920.271077381616,0.13069012264074886
Appliances,927,SRS,9,2,9333.313769831195,0.1456491178711833
Appliances,927,PCA-QS,9,2,9456.545017524408,0.1343688022438606
Appliances,927,Leverage,9,2,9317.164994319142,0.14712734103438796
Appliances,927,Coreset,9,2,9674.439076433822,0.11442326242480738
Appliances,928,SRS,9,2,9128.38724331313,0.11813951017511004
Appliances,928,PCA-QS,9,2,8922.062000291717,0.1380718459781718
Appliances,928,Leverage,9,2,8952.928687404326,0.13508992692819533
Appliances,928,Coreset,9,2,9043.749468986349,0.12631605956286507
Appliances,929,SRS,9,2,9540.56808614675,0.11268764927425257
Appliances,929,PCA-QS,9,2,9228.520523677164,0.14170936513991195
Appliances,929,Leverage,9,2,9241.762050315361,0.14047784831382293
Appliances,929,Coreset,9,2,9176.16169219167,0.14657895334756854
Appliances,930,SRS,9,2,8226.570178557755,0.15532862668494352
Appliances,930,PCA-QS,9,2,8294.542720524563,0.14834947752257843
Appliances,930,Leverage,9,2,8391.422206779449,0.13840227875993227
Appliances,930,Coreset,9,2,8166.294444857,0.16151749831157758
Appliances,931,SRS,9,2,9251.348042807447,0.13525536955886996
Appliances,931,PCA-QS,9,2,9160.140019255994,0.14378079182752912
Appliances,931,Leverage,9,2,9227.770619564337,0.13745920515718257
Appliances,931,Coreset,9,2,9193.78357934951,0.14063605142805724
Appliances,932,SRS,9,2,9472.228368754615,0.0907492473919389
Appliances,932,PCA-QS,9,2,8924.48916175527,0.1433274018460612
Appliances,932,Leverage,9,2,8980.101440979332,0.13798911134352998
Appliances,932,Coreset,9,2,9030.530518225769,0.13314836271980557
Appliances,933,SRS,9,2,9408.53584309425,0.12053186601570376
Appliances,933,PCA-QS,9,2,9230.740739712026,0.13715136244010018
Appliances,933,Leverage,9,2,9288.443909889298,0.13175752643340288
Appliances,933,Coreset,9,2,9108.887925642446,0.14854162217845968
Appliances,934,SRS,9,2,8788.593702480293,0.1219874289627727
Appliances,934,PCA-QS,9,2,8780.920111380188,0.12275404870638296
Appliances,934,Leverage,9,2,8637.569198530193,0.1370753278339455
Appliances,934,Coreset,9,2,8664.786259612318,0.1343562441459546
Appliances,935,SRS,9,2,9255.641751189629,0.1278082829787902
Appliances,935,PCA-QS,9,2,9164.374681653542,0.1364087003486546
Appliances,935,Leverage,9,2,9134.06728308595,0.13926467324666758
Appliances,935,Coreset,9,2,9177.02812780005,0.1352163215577037
Appliances,936,SRS,9,2,9295.43730079334,0.1275553766868217
Appliances,936,PCA-QS,9,2,9383.53394091917,0.1192868641335525
Appliances,936,Leverage,9,2,9460.680286032406,0.11204611667602704
Appliances,936,Coreset,9,2,9154.07315793981,0.14082343308598777
Appliances,937,SRS,9,2,9385.999786051647,0.13369669316109878
Appliances,937,PCA-QS,9,2,9314.798989655063,0.1402683410168325
Appliances,937,Leverage,9,2,9399.046203268179,0.13249254286973844
Appliances,937,Coreset,9,2,9363.115211199107,0.13580887974987532
Appliances,938,SRS,9,2,9129.697628332398,0.1213663046990956
Appliances,938,PCA-QS,9,2,9206.85946262917,0.11394032079860228
Appliances,938,Leverage,9,2,9083.185009285327,0.12584263633845105
Appliances,938,Coreset,9,2,9053.64094385107,0.12868592999870943
Appliances,939,SRS,9,2,9702.77831933918,0.11580397469660919
Appliances,939,PCA-QS,9,2,9427.700746990065,0.14087127893836582
Appliances,939,Leverage,9,2,9264.910015211939,0.15570609359218057
Appliances,939,Coreset,9,2,9525.389544906695,0.13196908165097743
Appliances,940,SRS,9,2,9018.825396108221,0.1347042742172
Appliances,940,PCA-QS,9,2,8975.267463706017,0.13888336529349776
Appliances,940,Leverage,9,2,9132.859514731641,0.12376346639528191
Appliances,940,Coreset,9,2,9102.27761947017,0.12669759385577228
Appliances,941,SRS,9,2,8781.146297123149,0.06599307788108943
Appliances,941,PCA-QS,9,2,8491.71287758932,0.09677867331362511
Appliances,941,Leverage,9,2,8494.050982932918,0.09652998065987906
Appliances,941,Coreset,9,2,8599.173099074467,0.08534866323026724
Appliances,942,SRS,9,2,9572.196897152637,0.12513928550580733
Appliances,942,PCA-QS,9,2,9457.53191625964,0.13561920857773557
Appliances,942,Leverage,9,2,9484.593104998208,0.13314592358691724
Appliances,942,Coreset,9,2,9735.458213935639,0.11021785066857293
Appliances,943,SRS,9,2,9050.789065750885,0.11903216593008736
Appliances,943,PCA-QS,9,2,9040.543491473498,0.12002942940782191
Appliances,943,Leverage,9,2,8879.193775383443,0.1357345694656693
Appliances,943,Coreset,9,2,8975.203299524619,0.1263893839886594
Appliances,944,SRS,9,2,9062.515522155632,0.13356652780135625
Appliances,944,PCA-QS,9,2,9079.81928315029,0.1319121794381406
Appliances,944,Leverage,9,2,9180.301207687904,0.12230547558671145
Appliances,944,Coreset,9,2,9069.940166503597,0.1328566851129196
Appliances,945,SRS,9,2,9288.010484481405,0.12757210899786364
Appliances,945,PCA-QS,9,2,9193.278815763219,0.13647030631245616
Appliances,945,Leverage,9,2,9460.097593828323,0.11140787295107701
Appliances,945,Coreset,9,2,9071.77697202802,0.14788304076833148
Appliances,946,SRS,9,2,8630.320082222748,0.12922174193041536
Appliances,946,PCA-QS,9,2,8887.090139916178,0.10331426904035712
Appliances,946,Leverage,9,2,8835.029606492937,0.10856704995422395
Appliances,946,Coreset,9,2,8597.598070384947,0.13252331315803934
Appliances,947,SRS,9,2,8700.556782314783,0.14112480090907065
Appliances,947,PCA-QS,9,2,8826.59770138014,0.12868267540327494
Appliances,947,Leverage,9,2,8846.268753983008,0.12674084804172536
Appliances,947,Coreset,9,2,8943.773711523114,0.11711564911309646
Appliances,948,SRS,9,2,9495.48185054959,0.12122496227303725
Appliances,948,PCA-QS,9,2,9522.022571418838,0.1187687074615108
Appliances,948,Leverage,9,2,9502.147670459019,0.12060806296928583
Appliances,948,Coreset,9,2,9501.111493529283,0.12070395767319353
Appliances,949,SRS,9,2,9385.666731701398,0.1152905467377805
Appliances,949,PCA-QS,9,2,9262.306933063712,0.12691865831760651
Appliances,949,Leverage,9,2,9301.31398333464,0.12324178515504247
Appliances,949,Coreset,9,2,9370.207637214275,0.11674774817296851
Appliances,950,SRS,9,2,8655.225042186563,0.11935288469985661
Appliances,950,PCA-QS,9,2,8468.037119000774,0.1383987793784015
Appliances,950,Leverage,9,2,8758.814652685374,0.10881290552933265
Appliances,950,Coreset,9,2,8804.894242488554,0.10412442456707083
Appliances,951,SRS,9,2,9506.00920527206,0.08515595094176687
Appliances,951,PCA-QS,9,2,8925.188304129058,0.1410532821461823
Appliances,951,Leverage,9,2,8964.526624819753,0.1372674212442313
Appliances,951,Coreset,9,2,9010.103216729693,0.1328811984892565
Appliances,952,SRS,9,2,9754.95033213145,0.13676078447250695
Appliances,952,PCA-QS,9,2,9651.520776971221,0.1459135166770762
Appliances,952,Leverage,9,2,9722.610470843454,0.13962261723823233
Appliances,952,Coreset,9,2,9797.198612297765,0.13302213168736376
Appliances,953,SRS,9,2,10318.970243915994,0.11107070840214961
Appliances,953,PCA-QS,9,2,10158.788595453507,0.12486958134479487
Appliances,953,Leverage,9,2,10221.69026699288,0.11945090709725714
Appliances,953,Coreset,9,2,10043.441604094633,0.13480616579972549
Appliances,954,SRS,9,2,8629.58384184386,0.14013600025141382
Appliances,954,PCA-QS,9,2,8865.718538425861,0.11660720345151687
Appliances,954,Leverage,9,2,8708.666235251423,0.13225611816771543
Appliances,954,Coreset,9,2,8643.276248315227,0.13877166940876484
Appliances,955,SRS,9,2,8662.266670413619,0.10538504063426324
Appliances,955,PCA-QS,9,2,8652.301744407536,0.10641419064928914
Appliances,955,Leverage,9,2,8575.676776711656,0.11432780552283994
Appliances,955,Coreset,9,2,8499.850245261136,0.12215896010783434
Appliances,956,SRS,9,2,9311.703478253008,0.13961568473985297
Appliances,956,PCA-QS,9,2,9398.44059517409,0.13160133429107912
Appliances,956,Leverage,9,2,9580.933185208443,0.11473935382923839
Appliances,956,Coreset,9,2,9539.37019364264,0.11857969798560264
Appliances,957,SRS,9,2,9443.08626241634,0.13504283768869096
Appliances,957,PCA-QS,9,2,9334.208328999921,0.1450157158038684
Appliances,957,Leverage,9,2,9508.164964770958,0.12908183212850766
Appliances,957,Coreset,9,2,9370.868997210557,0.14165771327559395
Appliances,958,SRS,9,2,8864.84836502301,0.1395220174611017
Appliances,958,PCA-QS,9,2,8961.023131550817,0.1301866892450524
Appliances,958,Leverage,9,2,9076.512517081868,0.11897656253171673
Appliances,958,Coreset,9,2,9490.334837668272,0.07880836327038276
Appliances,959,SRS,9,2,8999.001010089627,0.11452920536120348
Appliances,959,PCA-QS,9,2,8764.977863848893,0.13755627925899727
Appliances,959,Leverage,9,2,8864.563433956519,0.12775740116142964
Appliances,959,Coreset,9,2,8752.675783605206,0.13876676170664615
Appliances,960,SRS,9,2,8842.261438361744,0.12288374994022166
Appliances,960,PCA-QS,9,2,8702.072228174957,0.13678994748878204
Appliances,960,Leverage,9,2,8723.847451573967,0.1346299341907029
Appliances,960,Coreset,9,2,8898.879036512299,0.11726751525598589
Appliances,961,SRS,9,2,9949.155651988129,0.11829362667375376
Appliances,961,PCA-QS,9,2,9877.648222433978,0.12463070276176069
Appliances,961,Leverage,9,2,9919.72650042496,0.12090167417069331
Appliances,961,Coreset,9,2,9648.765601792857,0.14491456125407032
Appliances,962,SRS,9,2,10081.261203462065,0.11431152524622046
Appliances,962,PCA-QS,9,2,9958.445788002948,0.12510146469912165
Appliances,962,Leverage,9,2,9992.045452978025,0.12214956855999626
Appliances,962,Coreset,9,2,9753.63223734037,0.14309534439672822
Appliances,963,SRS,9,2,9801.265248715032,0.12761921954459632
Appliances,963,PCA-QS,9,2,9869.642143081635,0.12153320034615922
Appliances,963,Leverage,9,2,9789.584665006601,0.1286588727396848
Appliances,963,Coreset,9,2,9636.57095723725,0.14227815702767
Appliances,964,SRS,9,2,9052.415571309662,0.1119565965216659
Appliances,964,PCA-QS,9,2,9113.94522016625,0.10592052820873887
Appliances,964,Leverage,9,2,8935.853807437554,0.12339132404704511
Appliances,964,Coreset,9,2,9249.140437907221,0.09265785590310616
Appliances,965,SRS,9,2,8654.605533200218,0.12577297035101953
Appliances,965,PCA-QS,9,2,8893.232085049081,0.1016686040898489
Appliances,965,Leverage,9,2,8783.387819528141,0.11276429477175998
Appliances,965,Coreset,9,2,8589.906263632482,0.1323084328903209
Appliances,966,SRS,9,2,9183.45539242907,0.12630221501769456
Appliances,966,PCA-QS,9,2,9321.58237544716,0.11316105692934753
Appliances,966,Leverage,9,2,9053.626294602289,0.13865392691156664
Appliances,966,Coreset,9,2,9113.69046572494,0.13293952737194226
Appliances,967,SRS,9,2,8892.84490994789,0.12743110907830435
Appliances,967,PCA-QS,9,2,8826.78667025963,0.13391276545764208
Appliances,967,Leverage,9,2,9062.577614467675,0.11077687983718787
Appliances,967,Coreset,9,2,8963.075908892832,0.1205400201772533
Appliances,968,SRS,9,2,8648.124524503542,0.12826993339363013
Appliances,968,PCA-QS,9,2,8749.455975987672,0.11805573345914755
Appliances,968,Leverage,9,2,8782.580879601035,0.11471674656651099
Appliances,968,Coreset,9,2,8814.564518682293,0.11149279902185893
Appliances,969,SRS,9,2,8836.143632067877,0.1307329341548381
Appliances,969,PCA-QS,9,2,8891.128962427076,0.12532368111684933
Appliances,969,Leverage,9,2,8976.383254109172,0.11693667983359146
Appliances,969,Coreset,9,2,8870.239611902785,0.12737869801039114
Appliances,970,SRS,9,2,8607.967055900837,0.14673324171412205
Appliances,970,PCA-QS,9,2,8716.007952636313,0.13602366242308794
Appliances,970,Leverage,9,2,8737.256179919857,0.13391742689781105
Appliances,970,Coreset,9,2,8760.883429703657,0.13157537020785037
Appliances,971,SRS,9,2,9822.916825372224,0.13718936732037967
Appliances,971,PCA-QS,9,2,9748.406214864573,0.1437341185522537
Appliances,971,Leverage,9,2,10033.123952609802,0.11872550901129253
Appliances,971,Coreset,9,2,9754.821421314045,0.1431706292716418
Appliances,972,SRS,9,2,9576.203445385754,0.1393106840626155
Appliances,972,PCA-QS,9,2,9444.070937120741,0.15118648001873636
Appliances,972,Leverage,9,2,9774.180778849963,0.12151689170197777
Appliances,972,Coreset,9,2,9704.37186824197,0.12779117188620648
Appliances,973,SRS,9,2,9967.30803908624,0.12274166320406243
Appliances,973,PCA-QS,9,2,9946.369018631602,0.1245845810898285
Appliances,973,Leverage,9,2,10002.178185397683,0.11967261723527622
Appliances,973,Coreset,9,2,9933.259382963937,0.12573840689080884
Appliances,974,SRS,9,2,9272.606373927689,0.12181116052845864
Appliances,974,PCA-QS,9,2,9327.878590674953,0.11657644636904185
Appliances,974,Leverage,9,2,9123.535769136977,0.13592932063806595
Appliances,974,Coreset,9,2,9279.771464213592,0.12113257005786793
Appliances,975,SRS,9,2,9268.45991042234,0.1325192303911661
Appliances,975,PCA-QS,9,2,9194.957076706678,0.13939872227831251
Appliances,975,Leverage,9,2,9322.199540338477,0.12748947399488242
Appliances,975,Coreset,9,2,9376.426937642242,0.1224140650486717
Appliances,976,SRS,9,2,9555.341976459928,0.1392609616592927
Appliances,976,PCA-QS,9,2,9624.806003611726,0.13300368692467734
Appliances,976,Leverage,9,2,9641.592964823021,0.1314915282928597
Appliances,976,Coreset,9,2,9722.591462726983,0.12419523587709347
Appliances,977,SRS,9,2,9307.485701377856,0.12073617484914856
Appliances,977,PCA-QS,9,2,9209.8246793169,0.12996206104231733
Appliances,977,Leverage,9,2,9270.090057981595,0.12426888362910471
Appliances,977,Coreset,9,2,9108.90526946173,0.1394957621070516
Appliances,978,SRS,9,2,8964.13770032993,0.13207321769625535
Appliances,978,PCA-QS,9,2,9158.124625377248,0.11329099309264179
Appliances,978,Leverage,9,2,9011.257657791142,0.12751096369829473
Appliances,978,Coreset,9,2,9299.331282920548,0.09961906568383905
Appliances,979,SRS,9,2,8783.147110875389,0.1355327993393578
Appliances,979,PCA-QS,9,2,8981.128881317689,0.11604676037000294
Appliances,979,Leverage,9,2,9054.1249529974,0.10886223881439239
Appliances,979,Coreset,9,2,8862.570577514418,0.12771567171921439
Appliances,980,SRS,9,2,8437.743210551864,0.1338844452841773
Appliances,980,PCA-QS,9,2,8413.938384432375,0.13632795768612038
Appliances,980,Leverage,9,2,8599.225395543259,0.11730865851981587
Appliances,980,Coreset,9,2,8527.953100190776,0.12462460095663819
Appliances,981,SRS,9,2,9032.007918462728,0.1324705666439665
Appliances,981,PCA-QS,9,2,9086.894585979215,0.1271986714021517
Appliances,981,Leverage,9,2,8933.577984303853,0.14192481710266802
Appliances,981,Coreset,9,2,8796.445368304134,0.15509648188937408
Appliances,982,SRS,9,2,9413.387440291584,0.08785932910087113
Appliances,982,PCA-QS,9,2,9000.81456582313,0.12783691431123645
Appliances,982,Leverage,9,2,9068.239688416357,0.1213035386324236
Appliances,982,Coreset,9,2,9033.46858777027,0.12467279707125833
Appliances,983,SRS,9,2,9338.135934846337,0.12042865883222165
Appliances,983,PCA-QS,9,2,9585.931384942069,0.0970884785332119
Appliances,983,Leverage,9,2,9278.560344345844,0.12604016228462278
Appliances,983,Coreset,9,2,9369.29580366424,0.11749366968685038
Appliances,984,SRS,9,2,8421.571899424638,0.12792419018230106
Appliances,984,PCA-QS,9,2,8596.04710503498,0.10985682603189284
Appliances,984,Leverage,9,2,8849.537370783888,0.08360724561817157
Appliances,984,Coreset,9,2,8545.78252126346,0.11506185522610934
Appliances,985,SRS,9,2,9325.701219925397,0.09890509035001616
Appliances,985,PCA-QS,9,2,9147.297674542684,0.1161433143523457
Appliances,985,Leverage,9,2,9203.881590042116,0.11067589940711209
Appliances,985,Coreset,9,2,8963.183372241681,0.13393333964746446
Appliances,986,SRS,9,2,9283.568897428202,0.1192154343860391
Appliances,986,PCA-QS,9,2,9206.16711477787,0.12655897826045404
Appliances,986,Leverage,9,2,9294.476210327459,0.11818059606468523
Appliances,986,Coreset,9,2,9203.397666511566,0.1268217314446204
Appliances,987,SRS,9,2,9489.288467507471,0.11346462056506834
Appliances,987,PCA-QS,9,2,9419.660459816887,0.1199696069429863
Appliances,987,Leverage,9,2,9352.417203357421,0.12625179828787558
Appliances,987,Coreset,9,2,9499.53271427168,0.11250755331779994
Appliances,988,SRS,9,2,9297.645113316867,0.1329340866924429
Appliances,988,PCA-QS,9,2,9322.790330697297,0.1305891315336305
Appliances,988,Leverage,9,2,9403.223535800409,0.12308821172081719
Appliances,988,Coreset,9,2,9482.413568036036,0.11570322586812054
Appliances,989,SRS,9,2,9636.518037344571,0.1433690561135086
Appliances,989,PCA-QS,9,2,9562.192743158244,0.14997614662760672
Appliances,989,Leverage,9,2,9743.488608507156,0.13385998852416048
Appliances,989,Coreset,9,2,9630.3110412881,0.14392082230851289
Appliances,990,SRS,9,2,8701.998286527834,0.1550801905849193
Appliances,990,PCA-QS,9,2,8732.976906604757,0.1520723240111166
Appliances,990,Leverage,9,2,9126.070435193775,0.11390494011586427
Appliances,990,Coreset,9,2,8825.031724671366,0.14313426900632586
Appliances,991,SRS,9,2,9564.531442740445,0.11689119576698737
Appliances,991,PCA-QS,9,2,9202.748535990473,0.15029520223448756
Appliances,991,Leverage,9,2,9448.917787369694,0.12756599333116558
Appliances,991,Coreset,9,2,9495.24201533201,0.12328880172928414
Appliances,992,SRS,9,2,9387.747212721777,0.13492076687304633
Appliances,992,PCA-QS,9,2,9338.615644122128,0.13944823216620117
Appliances,992,Leverage,9,2,9335.982974577548,0.13969083219569667
Appliances,992,Coreset,9,2,9479.958459872976,0.12642351687646147
Appliances,993,SRS,9,2,9239.230489092224,0.1281667130643902
Appliances,993,PCA-QS,9,2,9513.31365458009,0.10230364715829443
Appliances,993,Leverage,9,2,9697.337395904302,0.08493877857294108
Appliances,993,Coreset,9,2,9420.071929355834,0.11110213312287565
Appliances,994,SRS,9,2,8190.48761847804,0.13103211525046077
Appliances,994,PCA-QS,9,2,8202.999894418066,0.12970462823583206
Appliances,994,Leverage,9,2,8441.541962653204,0.10439656281730614
Appliances,994,Coreset,9,2,8313.196777155707,0.11801331551319416
Appliances,995,SRS,9,2,9093.899401939649,0.14602374773073112
Appliances,995,PCA-QS,9,2,9225.69582801229,0.1336472068184802
Appliances,995,Leverage,9,2,9195.551822632051,0.13647792482021137
Appliances,995,Coreset,9,2,9214.522586061377,0.13469644684909943
Appliances,996,SRS,9,2,9261.28002474824,0.10239334186650884
Appliances,996,PCA-QS,9,2,8757.937464829454,0.15117748745952986
Appliances,996,Leverage,9,2,8911.517769417533,0.1362924279873997
Appliances,996,Coreset,9,2,8812.000061261711,0.14593772077674927
Appliances,997,SRS,9,2,9029.559791436704,0.13863671727622184
Appliances,997,PCA-QS,9,2,9334.549764720747,0.10954258969373187
Appliances,997,Leverage,9,2,9200.772606358882,0.12230409024764766
Appliances,997,Coreset,9,2,9264.52839580202,0.11622218843229326
Appliances,998,SRS,9,2,8725.759870385584,0.10634837561284027
Appliances,998,PCA-QS,9,2,8518.18173228227,0.1276075602636657
Appliances,998,Leverage,9,2,8318.785769762375,0.1480287646572116
Appliances,998,Coreset,9,2,8396.804994168233,0.1400383996162997
Appliances,999,SRS,9,2,9450.715710800587,0.11015029164234469
Appliances,999,PCA-QS,9,2,9259.203316581008,0.12818249717662078
Appliances,999,Leverage,9,2,9388.87495889692,0.11597302261109099
Appliances,999,Coreset,9,2,9393.819161184241,0.11550749205255284
