run,method,clf,k,AUC,F1,recall,precision
0,PCA-QS,logistic,13,0.9999957721395736,0.9982486865148862,0.99899849774662,0.9975
0,PCA-QS,rf,13,0.9999739652805321,0.9834815756035579,0.9689534301452178,0.9984520123839009
0,SRS,logistic,13,0.9999964675113543,0.9972520609542843,0.99949924887331,0.9950149551345963
0,SRS,rf,13,0.9999538829435066,0.991681371313335,0.9849774661992989,0.9984771573604061
1,PCA-QS,logistic,13,0.9999985356716488,0.9973294488953629,0.9995133819951338,0.9951550387596899
1,PCA-QS,rf,13,0.9999635816115611,0.9881947860304968,0.9776155717761558,0.9990054699154649
1,SRS,logistic,13,0.999999647476508,0.9990272373540856,0.9995133819951338,0.9985415653864852
1,SRS,rf,13,0.9999794722858911,0.9862000985707245,0.9737226277372263,0.99900149775337
2,PCA-QS,logistic,12,0.9999999725149563,0.9980276134122288,1.0,0.9960629921259843
2,PCA-QS,rf,12,0.9999848145133344,0.985985985985986,0.9733201581027668,0.9989858012170385
2,SRS,logistic,12,0.9999994228140815,0.9958179581795817,1.0,0.9916707496325331
2,SRS,rf,12,0.9999776409169187,0.984206568062171,0.9698616600790514,0.9989821882951654
3,PCA-QS,logistic,13,0.9999970026639656,0.9955223880597015,0.9995004995004995,0.9915758176412289
3,PCA-QS,rf,13,0.9999570798131749,0.9837810440952863,0.9695304695304695,0.9984567901234568
3,SRS,logistic,13,0.9999988066162085,0.9975074775672981,0.9995004995004995,0.9955223880597015
3,SRS,rf,13,0.9999766457567324,0.9899244332493703,0.9815184815184815,0.9984756097560976
4,PCA-QS,logistic,13,0.9999979120252728,0.9972479359519639,0.9989974937343359,0.9955044955044955
4,PCA-QS,rf,13,0.99999237193233,0.9891056498606536,0.9784461152882206,1.0
4,SRS,logistic,13,0.9999965200421215,0.9972451790633609,0.9979949874686717,0.9964964964964965
4,SRS,rf,13,0.9999853980967414,0.9839653855942988,0.9689223057644111,0.999482936918304
5,PCA-QS,logistic,13,0.9999975302731677,0.9972229235041656,0.9989883662114315,0.9954637096774194
5,PCA-QS,rf,13,0.999968454852734,0.9751166407465007,0.9514415781487102,1.0
5,SRS,logistic,13,0.9999981757699534,0.9969712266532055,0.9989883662114315,0.9949622166246851
5,SRS,rf,13,0.9999754570896049,0.9825012866700978,0.9656044511886697,1.0
6,PCA-QS,logistic,13,0.9999972304656597,0.9975657254138267,0.9985380116959064,0.9965953307392996
6,PCA-QS,rf,13,0.9999659510189931,0.9859224499876512,0.9727095516569201,0.99949924887331
6,SRS,logistic,13,0.9999982351006655,0.9980525803310614,0.9990253411306043,0.9970817120622568
6,SRS,rf,13,0.9999791877640019,0.9871731623088308,0.9751461988304093,0.9995004995004995
7,PCA-QS,logistic,13,0.9999991047468925,0.997812879708384,0.9995131450827653,0.9961183891314895
7,PCA-QS,rf,13,0.9999871137810272,0.9928973793779085,0.9868549172346641,0.9990142927550517
7,SRS,logistic,13,0.9999989419736001,0.9978118161925602,0.9990262901655307,0.996600291403594
7,SRS,rf,13,0.9999811318625356,0.9891732283464567,0.9785783836416748,1.0
8,PCA-QS,logistic,13,1.0,0.9994884910485934,1.0,0.9989775051124744
8,PCA-QS,rf,13,0.9999708325284038,0.9839044652128764,0.9698055271238485,0.9984193888303478
8,SRS,logistic,13,0.9999992626599304,0.9989775051124744,1.0,0.9979570990806946
8,SRS,rf,13,0.9999665077453037,0.9847189847189847,0.9728761514841351,0.9968536969061353
9,PCA-QS,logistic,13,0.9999966418735171,0.9965122072745392,0.999000999000999,0.9940357852882704
9,PCA-QS,rf,13,0.9999836534173683,0.9817073170731707,0.965034965034965,0.9989658738366081
9,SRS,logistic,13,0.9999962255768456,0.9962640099626401,0.999000999000999,0.9935419771485345
9,SRS,rf,13,0.9999809197358924,0.9832657200811359,0.9685314685314685,0.9984552008238929
10,PCA-QS,logistic,13,0.9999949467437607,0.9972031528095602,0.9984725050916496,0.9959370238699847
10,PCA-QS,rf,13,0.9999908250934203,0.9813374805598756,0.9638492871690427,0.9994720168954594
10,SRS,logistic,13,0.9999975439480848,0.9974567650050865,0.9984725050916496,0.9964430894308943
10,SRS,rf,13,0.9999849108074865,0.9892030848329049,0.9796334012219959,0.9989615784008308
11,PCA-QS,logistic,13,0.999999916961766,0.9985082048731975,1.0,0.997020854021847
11,PCA-QS,rf,13,0.9999892742281209,0.9896907216494846,0.9800796812749004,0.9994921279837481
11,SRS,logistic,13,0.9999998892823547,0.9990044798407167,0.9995019920318725,0.9985074626865672
11,SRS,rf,13,0.9999885822428383,0.9902034664657121,0.9815737051792829,0.9989863152559554
12,PCA-QS,logistic,13,0.9999987871896996,0.9984763839512443,1.0,0.9969574036511156
12,PCA-QS,rf,13,0.9999814552843611,0.9860896445131375,0.9735503560528993,0.9989561586638831
12,SRS,logistic,13,0.9999987589848089,0.9982228992129982,1.0,0.9964521033958439
12,SRS,rf,13,0.999982132201738,0.9866117404737385,0.9745676500508647,0.9989572471324296
13,PCA-QS,logistic,13,0.99999933214457,0.9986866298923036,0.998949027850762,0.9984243697478992
13,PCA-QS,rf,13,0.9999912307678325,0.9853372434017595,0.9710982658959537,1.0
13,SRS,logistic,13,0.999998954661066,0.9978991596638656,0.9984235417761429,0.9973753280839895
13,SRS,rf,13,0.9999723420740413,0.9810109654987965,0.9637414608512874,0.9989106753812637
14,PCA-QS,logistic,13,0.9999954945704249,0.9965753424657534,0.9990191270230505,0.9941434846266471
14,PCA-QS,rf,13,0.9999680660612844,0.9891196834817013,0.980872976949485,0.9975062344139651
14,SRS,logistic,13,0.9999967233239454,0.9975526186979932,0.9995095635115253,0.9956033219345384
14,SRS,rf,13,0.9999795344274756,0.9901234567901235,0.9833251593918587,0.9970164097463948
15,PCA-QS,logistic,13,0.9999981144623401,0.9972589085472215,0.9985029940119761,0.9960179193628671
15,PCA-QS,rf,13,0.9999876885482204,0.9717804002052335,0.9451097804391217,1.0
15,SRS,logistic,13,0.999998419475785,0.9972589085472215,0.9985029940119761,0.9960179193628671
15,SRS,rf,13,0.9999919171437077,0.9798931025706287,0.9605788423153693,1.0
16,PCA-QS,logistic,13,0.9999981723502006,0.9975099601593626,0.9980069755854509,0.9970134395221503
16,PCA-QS,rf,13,0.9999396875566208,0.9812468322351748,0.9646238166417539,0.998452810727179
16,SRS,logistic,13,0.999997396983619,0.9980089596814335,0.9990034877927254,0.9970164097463948
16,SRS,rf,13,0.9999652331163166,0.9843355229914098,0.9706028898854011,0.9984623270117888
17,PCA-QS,logistic,13,0.9999970982061891,0.9962396590624216,0.9984924623115577,0.9939969984992496
17,PCA-QS,rf,13,0.9999293385305205,0.9852492370295015,0.9733668341708542,0.9974253347064882
17,SRS,logistic,13,0.999998074771414,0.9969909729187563,0.9989949748743718,0.994994994994995
17,SRS,rf,13,0.9999233396298539,0.9839898348157561,0.9728643216080402,0.9953727506426735
18,PCA-QS,logistic,13,0.9999986592429533,0.9971045011845222,0.9994722955145119,0.9947478991596639
18,PCA-QS,rf,13,0.9999724416133096,0.975148568341437,0.9525065963060686,0.9988931931377975
18,SRS,logistic,13,0.999998280333353,0.9971029760337108,0.9989445910290238,0.9952681388012619
18,SRS,rf,13,0.9999702847432778,0.9792955095455768,0.9609498680738786,0.9983552631578947
19,PCA-QS,logistic,13,0.9999978743259543,0.9975198412698413,0.9985104270109235,0.9965312190287413
19,PCA-QS,rf,13,0.9999919804115548,0.9889558232931727,0.9781529294935452,1.0
19,SRS,logistic,13,0.9999979571444236,0.9975198412698413,0.9985104270109235,0.9965312190287413
19,SRS,rf,13,0.9999874806080554,0.987182709223423,0.9751737835153923,0.9994910941475827
20,PCA-QS,logistic,13,0.9999997770839578,0.9992471769134254,0.9989964877069744,0.9994979919678715
20,PCA-QS,rf,13,0.9999560576751791,0.9849987287058225,0.9719016557952835,0.9984536082474227
20,SRS,logistic,13,0.9999993033873681,0.9984947315604616,0.9984947315604616,0.9984947315604616
20,SRS,rf,13,0.9999597079253703,0.9847328244274809,0.9708981435022579,0.9989674754775426
21,PCA-QS,logistic,13,0.999997887355786,0.9972926409057347,0.9990138067061144,0.9955773955773956
21,PCA-QS,rf,13,0.9999663897511404,0.985261054209343,0.9723865877712031,0.9984810126582279
21,SRS,logistic,13,0.999999478698181,0.997784888013783,0.9995069033530573,0.9960687960687961
21,SRS,rf,13,0.9999787775285772,0.9905472636815921,0.9817554240631163,0.9994979919678715
22,PCA-QS,logistic,13,0.9999963662963136,0.996116504854369,0.9985401459854014,0.9937046004842615
22,PCA-QS,rf,13,0.9999703880266753,0.9884321929608664,0.9771289537712895,1.0
22,SRS,logistic,13,0.9999971255776808,0.9973268529769137,0.9985401459854014,0.996116504854369
22,SRS,rf,13,0.9999690321670908,0.9904247483427449,0.9815085158150851,0.9995044598612488
23,PCA-QS,logistic,13,0.9999986376777845,0.9982504373906523,0.9994994994994995,0.9970044932601099
23,PCA-QS,rf,13,0.9999911310043518,0.98989898989899,0.980980980980981,0.9989806320081549
23,SRS,logistic,13,0.9999991937276683,0.9980009995002499,0.9994994994994995,0.9965069860279441
23,SRS,rf,13,0.9999901857195491,0.9883603238866396,0.9774774774774775,0.9994882292732856
24,PCA-QS,logistic,13,0.9999979503262407,0.997724399494311,0.9984817813765182,0.9969681657402729
24,PCA-QS,rf,13,0.9999733682799901,0.9843388960205391,0.9701417004048583,0.9989577905158937
24,SRS,logistic,13,0.9999971079945588,0.9979767324228629,0.9984817813765182,0.9974721941354904
24,SRS,rf,13,0.9999807106044842,0.9861680327868853,0.9741902834008097,0.9984439834024896
25,PCA-QS,logistic,13,0.9999960969621717,0.9979434447300771,0.9984567901234568,0.9974306269270298
25,PCA-QS,rf,13,0.9999921796796796,0.989085239085239,0.9789094650205762,0.9994747899159664
25,SRS,logistic,13,0.9999988319375842,0.9979434447300771,0.9984567901234568,0.9974306269270298
25,SRS,rf,13,0.999991339244527,0.9919709919709919,0.9850823045267489,0.9989567031820553
26,PCA-QS,logistic,13,0.9999982182615661,0.997249312328082,0.9994987468671679,0.9950099800399201
26,PCA-QS,rf,13,0.9999708657926405,0.9819200407435702,0.9664160401002506,0.9979296066252588
26,SRS,logistic,13,0.9999986915358376,0.9967508122969257,0.9994987468671679,0.9940179461615155
26,SRS,rf,13,0.9999782572231746,0.9870787940207753,0.9764411027568922,0.9979508196721312
27,PCA-QS,logistic,13,0.9999992468033174,0.9979057591623036,0.9989517819706499,0.9968619246861925
27,PCA-QS,rf,13,0.9999960746865195,0.9931398416886543,0.9863731656184487,1.0
27,SRS,logistic,13,0.9999995364943491,0.9976470588235294,1.0,0.9953051643192489
27,SRS,rf,13,0.9999953070052854,0.9918184217471628,0.9848008385744235,0.998936735778841
28,PCA-QS,logistic,13,0.9999993008904559,0.998992950654582,0.9994962216624685,0.9984901862103673
28,PCA-QS,rf,13,0.9999886884075753,0.9843949859299054,0.9692695214105793,1.0
28,SRS,logistic,13,0.9999993568192194,0.9979879275653923,0.9994962216624685,0.9964841788046208
28,SRS,rf,13,0.9999930089045582,0.9877613462519123,0.9758186397984887,1.0
29,PCA-QS,logistic,13,0.9999988753705619,0.9977232481659499,0.9994931576279777,0.9959595959595959
29,PCA-QS,rf,13,0.9999881913908998,0.9850823045267489,0.9706031424227065,1.0
29,SRS,logistic,13,0.9999995501482248,0.9982282966337636,0.9994931576279777,0.9969666329625885
29,SRS,rf,13,0.9999872354558774,0.9830072090628218,0.9675620881905728,0.998953427524856
30,PCA-QS,logistic,13,0.9999977346172322,0.9973085392708588,0.9990196078431373,0.9956033219345384
30,PCA-QS,rf,13,0.9999640950478188,0.9761725608226737,0.953921568627451,0.9994863893168978
30,SRS,logistic,13,0.9999985534302809,0.9977978957670663,0.9995098039215686,0.9960918417195896
30,SRS,rf,13,0.9999774962880476,0.9881070366699702,0.9774509803921568,0.998997995991984
31,PCA-QS,logistic,13,0.9999991626126313,0.998547215496368,0.999031007751938,0.9980638915779284
31,PCA-QS,rf,13,0.9999903700452599,0.9845018450184502,0.9694767441860465,1.0
31,SRS,logistic,13,0.9999984062627499,0.9978234582829504,0.999515503875969,0.9961371318203767
31,SRS,rf,13,0.9999878848956496,0.9912023460410557,0.9825581395348837,1.0
32,PCA-QS,logistic,13,0.9999978742109252,0.9968712394705175,0.9990352146647371,0.994716618635927
32,PCA-QS,rf,13,0.9999799530017636,0.9936954413191077,0.9884225759768451,0.9990248659190639
32,SRS,logistic,13,0.9999965018660796,0.997832891885384,0.9995176073323685,0.9961538461538462
32,SRS,rf,13,0.9999579013037033,0.9954028550689572,0.9922817173178967,0.9985436893203884
33,PCA-QS,logistic,13,0.9999967485548229,0.997002997002997,0.9984992496248124,0.9955112219451372
33,PCA-QS,rf,13,0.9999729046235245,0.9842479674796748,0.968984492246123,1.0
33,SRS,logistic,13,0.999993385949127,0.9970059880239521,0.9994997498749375,0.9945246391239423
33,SRS,rf,13,0.9999850072250168,0.9896438494569336,0.9799899949974987,0.9994897959183674
34,PCA-QS,logistic,13,0.9999968643985567,0.9961109670728545,0.998959958398336,0.9932781799379524
34,PCA-QS,rf,13,0.9999730741013675,0.9736070381231672,0.9495579823192928,0.9989059080962801
34,SRS,logistic,13,0.9999989356215284,0.9987016359387172,1.0,0.9974066390041494
34,SRS,rf,13,0.9999735487566319,0.9725260069351828,0.9479979199167967,0.9983570646221248
35,PCA-QS,logistic,13,0.9999966622154529,0.9975,0.99899849774662,0.9960059910134798
35,PCA-QS,rf,13,0.9999547869268214,0.9934640522875817,0.9894842263395093,0.9974760222110045
35,SRS,logistic,13,0.9999972741426199,0.9977516862353235,1.0,0.9955134596211366
35,SRS,rf,13,0.9999661493017175,0.9914357682619648,0.985478217325989,0.9974657881398885
36,PCA-QS,logistic,13,0.9999979185166429,0.9965087281795512,0.998001998001998,0.9950199203187251
36,PCA-QS,rf,13,0.9999582870735222,0.981975120588982,0.9660339660339661,0.9984512132163139
36,SRS,logistic,13,0.9999980295290886,0.9982521847690387,0.9985014985014985,0.9980029955067399
36,SRS,rf,13,0.9999748418044896,0.9835234474017744,0.9690309690309691,0.9984559958826557
37,PCA-QS,logistic,13,0.9999985714040419,0.9982703236965653,0.9975308641975309,0.9990108803165183
37,PCA-QS,rf,13,0.999666587681794,0.9862465616404101,0.9738271604938271,0.9989868287740629
37,SRS,logistic,13,0.9999962361991106,0.996789330698938,0.9965432098765432,0.9970355731225297
37,SRS,rf,13,0.9999811672590532,0.9905378486055777,0.9822222222222222,0.9989954796584631
38,PCA-QS,logistic,13,0.9999951411955705,0.9979370809695719,0.9989674754775426,0.9969088098918083
38,PCA-QS,rf,13,0.9999849091250662,0.9879958246346555,0.977284460505937,0.9989445910290238
38,SRS,logistic,13,0.9999955127512035,0.995880535530381,0.9984512132163139,0.9933230611196713
38,SRS,rf,13,0.9999900823227235,0.9924616584351442,0.9855446566855963,0.9994764397905759
39,PCA-QS,logistic,13,0.999994144943028,0.9962207105064248,0.9979808177688037,0.994466800804829
39,PCA-QS,rf,13,0.9999712149711062,0.9757231404958677,0.9535588086824835,0.9989423585404548
39,SRS,logistic,13,0.9999966662594274,0.9984856133266027,0.9984856133266027,0.9984856133266027
39,SRS,rf,13,0.9999781766058313,0.9817715019255455,0.9651691065118627,0.9989550679205852
40,PCA-QS,logistic,13,0.9999988848190823,0.9976786174877482,0.9989669421487604,0.996393611540443
40,PCA-QS,rf,13,0.9999904351790512,0.9940337224383917,0.9896694214876033,0.9984366857738406
40,SRS,logistic,13,0.9999995138954973,0.9987096774193548,0.9994834710743802,0.9979370809695719
40,SRS,rf,13,0.9999955678707113,0.9955924293492352,0.9917355371900827,0.9994794377928162
41,PCA-QS,logistic,13,0.9999963783242045,0.9975393700787402,0.9995069033530573,0.9955795677799607
41,PCA-QS,rf,13,0.9999731941117259,0.9834917458729364,0.9694280078895463,0.9979695431472081
41,SRS,logistic,13,0.9999981068512888,0.9980295566502463,0.9990138067061144,0.9970472440944882
41,SRS,rf,13,0.9999654431767848,0.9842460615153789,0.9704142011834319,0.9984779299847792
42,PCA-QS,logistic,13,0.9999975908173566,0.9970515970515971,0.9980324643384161,0.9960726558664703
42,PCA-QS,rf,13,0.9999784816186618,0.9822721598002497,0.9675356615838662,0.9974645030425964
42,SRS,logistic,13,0.9999985216379232,0.9985250737463127,0.9990162321692081,0.9980343980343981
42,SRS,rf,13,0.9999817668677211,0.9890873015873016,0.9808165272995573,0.9974987493746873
43,PCA-QS,logistic,13,0.9999983112308296,0.9980787704130644,0.9980787704130644,0.9980787704130644
43,PCA-QS,rf,13,0.9999744540155662,0.9858880778588808,0.9731027857829011,0.9990138067061144
43,SRS,logistic,13,0.9999992494359243,0.9987983657774573,0.9980787704130644,0.9995189995189995
43,SRS,rf,13,0.9999869187403948,0.9861212563915267,0.9726224783861671,1.0
44,PCA-QS,logistic,13,0.9999977843896575,0.9985250737463127,0.9980343980343981,0.9990162321692081
44,PCA-QS,rf,13,0.9999828905645771,0.9913301956898687,0.9832923832923833,0.9995004995004995
44,SRS,logistic,13,0.9999970458528766,0.9982813650871594,0.999017199017199,0.9975466143277724
44,SRS,rf,13,0.9999509830403234,0.988328780730072,0.9778869778869779,0.998995983935743
45,PCA-QS,logistic,13,0.9999992155904536,0.9977335683706875,1.0,0.9954773869346734
45,PCA-QS,rf,13,0.9999861887890562,0.9836065573770492,0.9692074709742554,0.9984399375975039
45,SRS,logistic,13,0.9999988794149336,0.9972285210380448,0.9989904088844018,0.9954728370221329
45,SRS,rf,13,0.9999909512755887,0.9838502947962061,0.9687026754164564,0.9994791666666667
46,PCA-QS,logistic,13,0.9999991074393872,0.9980601357904947,0.9985443959243085,0.9975763451284537
46,PCA-QS,rf,13,0.9999577521309952,0.9834853339906334,0.9679767103347889,0.999498997995992
46,SRS,logistic,13,0.9999979985004441,0.9961315280464217,0.9995147986414362,0.9927710843373494
46,SRS,rf,13,0.9999743185969141,0.9845018450184502,0.9708879184861717,0.9985029940119761
47,PCA-QS,logistic,13,0.9999975842188432,0.997864768683274,0.9990498812351544,0.9966824644549763
47,PCA-QS,rf,13,0.9999703071294082,0.9784033001698617,0.9577197149643706,1.0
47,SRS,logistic,13,0.9999950622495037,0.9966730038022814,0.9961995249406176,0.9971469329529244
47,SRS,rf,13,0.9999596086699997,0.9816158684083213,0.963895486935867,1.0
48,PCA-QS,logistic,13,0.9999989400520967,0.9981907469630396,0.9994824016563147,0.9969024264326277
48,PCA-QS,rf,13,0.9999767097933686,0.980226733456367,0.9622153209109731,0.99892530897367
48,SRS,logistic,13,0.9999988254631342,0.9979306777030522,0.9984472049689441,0.9974146845915202
48,SRS,rf,13,0.9999632312666527,0.986100183582481,0.9730848861283644,0.9994683678894205
49,PCA-QS,logistic,13,0.9999992844475022,0.9987645169261181,1.0,0.9975320829220138
49,PCA-QS,rf,13,0.9999936288306449,0.9879819729594391,0.9762493814943097,1.0
49,SRS,logistic,13,0.9999983487250051,0.997285961016531,1.0,0.9945866141732284
49,SRS,rf,13,0.9999836661381761,0.9823943661971831,0.9663532904502722,0.9989769820971867
50,PCA-QS,logistic,13,0.9999996993765973,0.9990186457311089,0.9995090819833088,0.9985286905345758
50,PCA-QS,rf,13,0.9999963241956664,0.9938286842754875,0.9882179675994109,0.9995034756703078
50,SRS,logistic,13,0.9999996447177968,0.9987742093650405,1.0,0.9975514201762977
50,SRS,rf,13,0.999993768896743,0.994325191216383,0.9891998036327934,0.9995039682539683
51,PCA-QS,logistic,13,0.9999992562729043,0.9990094105993066,0.9990094105993066,0.9990094105993066
51,PCA-QS,rf,13,0.9999692868254888,0.9907753677387185,0.9841505695889053,0.9974899598393574
51,SRS,logistic,13,0.9999981269095365,0.9970355731225297,0.9995047052996533,0.9945786101527846
51,SRS,rf,13,0.9999686945983569,0.9895052473763118,0.9806835066864784,0.9984871406959153
52,PCA-QS,logistic,13,0.999997368989018,0.9982381072237604,1.0,0.9964824120603015
52,PCA-QS,rf,13,0.9999891120928514,0.9846547314578005,0.9707513867876955,0.9989621172807472
52,SRS,logistic,13,0.9999994122209509,0.9987408713170486,1.0,0.9974849094567404
52,SRS,rf,13,0.9999857813449062,0.9903258655804481,0.9808371154815936,1.0
53,PCA-QS,logistic,13,0.9999990083638722,0.9985155863433943,0.9995047052996533,0.9975284231339595
53,PCA-QS,rf,13,0.9999919705019102,0.9849170437405732,0.9702823179791976,1.0
53,SRS,logistic,13,0.9999996419091761,0.9985163204747775,1.0,0.997037037037037
53,SRS,rf,13,0.9999901662750668,0.9882352941176471,0.9777117384843982,0.9989878542510121
54,PCA-QS,logistic,13,0.9999992489984769,0.9975012493753124,0.99949924887331,0.9955112219451372
54,PCA-QS,rf,13,0.99997562026537,0.9870918754745635,0.9764646970455684,0.9979529170931423
54,SRS,logistic,13,0.9999964675113542,0.9972520609542843,0.99949924887331,0.9950149551345963
54,SRS,rf,13,0.9999773726022573,0.9875917953912383,0.9764646970455684,0.9989754098360656
55,PCA-QS,logistic,13,0.9999875098030857,0.9956106377485153,0.9979296066252588,0.9933024214322514
55,PCA-QS,rf,13,0.9999625150856369,0.9818373256120032,0.9653209109730849,0.9989287627209427
55,SRS,logistic,13,0.9999894864626891,0.9948427024239299,0.9984472049689441,0.9912641315519013
55,SRS,rf,13,0.9999503973028508,0.986100183582481,0.9730848861283644,0.9994683678894205
56,PCA-QS,logistic,13,0.9999987520714257,0.997812879708384,0.9995131450827653,0.9961183891314895
56,PCA-QS,rf,13,0.9999704702118907,0.971728796597448,0.9454722492697176,0.9994853319608852
56,SRS,logistic,13,0.9999978839472004,0.9970859640602234,0.9995131450827653,0.9946705426356589
56,SRS,rf,13,0.9999808063159509,0.9803921568627451,0.9615384615384616,1.0
57,PCA-QS,logistic,13,0.9999961059668941,0.9952225295448831,0.9989904088844018,0.9914829659318637
57,PCA-QS,rf,13,0.999985628496523,0.9887697805002552,0.97778899545684,1.0
57,SRS,logistic,13,0.999997842873747,0.9974798387096774,0.9989904088844018,0.995973829894313
57,SRS,rf,13,0.9999778684449381,0.9859227028410545,0.9722362443210499,1.0
58,PCA-QS,logistic,13,0.9999990965565086,0.998771196854264,0.999508116084604,0.9980353634577603
58,PCA-QS,rf,13,0.999969939971108,0.987058237929318,0.9754058042302016,0.998992443324937
58,SRS,logistic,13,0.9999996440980186,0.9987718005404078,1.0,0.9975466143277724
58,SRS,rf,13,0.9999721438256852,0.987058237929318,0.9754058042302016,0.998992443324937
59,PCA-QS,logistic,13,0.9999954585671652,0.9967669733897041,0.9985052316890882,0.9950347567030785
59,PCA-QS,rf,13,0.9999690684117288,0.9866330390920555,0.9745889387144993,0.9989785495403473
59,SRS,logistic,13,0.9999970369919919,0.9982582732022891,0.9995017438963627,0.9970178926441352
59,SRS,rf,13,0.9999679053618565,0.9917147878483555,0.9840558046836074,0.9994939271255061
60,PCA-QS,logistic,13,0.9999998030119972,0.9977220956719818,1.0,0.9954545454545455
60,PCA-QS,rf,13,0.9999944984064937,0.991304347826087,0.9832572298325722,0.999484270242393
60,SRS,logistic,13,0.9999996904474242,0.9987319300025361,0.9989852866565195,0.9984787018255578
60,SRS,rf,13,0.9999913747395924,0.9928534966819806,0.9868087265347539,0.9989727786337956
61,PCA-QS,logistic,13,0.9999983751516537,0.9982363315696648,1.0,0.9964788732394366
61,PCA-QS,rf,13,0.9999813562659573,0.9880132619229788,0.97778899545684,0.9984536082474227
61,SRS,logistic,13,0.9999991875758268,0.9979848866498741,1.0,0.9959778783308195
61,SRS,rf,13,0.9999891023102291,0.9900687547746372,0.9813225643614336,0.998972250770812
62,PCA-QS,logistic,13,0.9999976731174745,0.9981851179673321,0.9994807892004154,0.9968928016571724
62,PCA-QS,rf,13,0.9999403915896239,0.9812417437252312,0.9641744548286605,0.9989241527703067
62,SRS,logistic,13,0.9999912670087931,0.9974052932018682,0.9979231568016614,0.9968879668049793
62,SRS,rf,13,0.9999462231594101,0.9817893903404592,0.9657320872274143,0.998389694041868
63,PCA-QS,logistic,13,0.9999989415172255,0.997812879708384,1.0,0.995635305528613
63,PCA-QS,rf,13,0.9999628173999695,0.9819351645632269,0.9663906478324403,0.9979879275653923
63,SRS,logistic,13,0.9999989957983934,0.997569275644142,0.9995129079396006,0.9956331877729258
63,SRS,rf,13,0.9999802552251662,0.9876907927129492,0.9771066731612275,0.9985067197610752
64,PCA-QS,logistic,13,0.9999992483290983,0.997747183979975,0.9989974937343359,0.9965
64,PCA-QS,rf,13,0.9999720489783193,0.9891221856817607,0.9799498746867168,0.998467824310521
64,SRS,logistic,13,0.9999998051223589,0.9979989994997499,1.0,0.9960059910134798
64,SRS,rf,13,0.9999766703623819,0.9906494819307556,0.9824561403508771,0.9989806320081549
65,PCA-QS,logistic,13,0.9999973946397206,0.997229916897507,0.9994952044422009,0.9949748743718593
65,PCA-QS,rf,13,0.9999828550484836,0.9895647747518452,0.9813225643614336,0.997946611909651
65,SRS,logistic,13,0.9999982350785204,0.9987389659520807,0.9994952044422009,0.9979838709677419
65,SRS,rf,13,0.9999743245946655,0.9913617886178862,0.9848561332660273,0.9979539641943734
66,PCA-QS,logistic,13,0.9999987197429381,0.9976928992566009,0.9994863893168978,0.9959058341862845
66,PCA-QS,rf,13,0.9999796581377933,0.9856882643767889,0.9727786337955829,0.9989451476793249
66,SRS,logistic,13,0.9999986059423104,0.9979497693490518,1.0,0.9959079283887468
66,SRS,rf,13,0.9999664288148197,0.9804126403760773,0.9640472521828454,0.9973432518597237
67,PCA-QS,logistic,13,0.9999993486259849,0.9985408560311284,1.0,0.9970859640602234
67,PCA-QS,rf,13,0.9999832678299863,0.9874415168677666,0.976619581100828,0.9985059760956175
67,SRS,logistic,13,0.9999988600954735,0.9980544747081712,0.9995129079396006,0.996600291403594
67,SRS,rf,13,0.9999875289016686,0.9919137466307277,0.985874330248417,0.9980276134122288
68,PCA-QS,logistic,13,0.9999990342103393,0.9985111662531018,0.9985111662531018,0.9985111662531018
68,PCA-QS,rf,13,0.9999667906326681,0.9843828715365239,0.969727047146402,0.9994884910485934
68,SRS,logistic,13,0.9999972130069792,0.998014888337469,0.998014888337469,0.998014888337469
68,SRS,rf,13,0.9999696604076598,0.9846386300679929,0.9702233250620348,0.9994887525562373
69,PCA-QS,logistic,13,0.9999973111800912,0.9977827050997783,0.9985207100591716,0.9970457902511078
69,PCA-QS,rf,13,0.9999496120636484,0.9847538115471132,0.9714003944773175,0.9984794728839331
69,SRS,logistic,13,0.9999945674863068,0.9980295566502463,0.9990138067061144,0.9970472440944882
69,SRS,rf,13,0.9999587760008886,0.9842618036472646,0.9714003944773175,0.9974683544303797
70,PCA-QS,logistic,13,0.9999918593816911,0.9980372914622179,0.9980372914622179,0.9980372914622179
70,PCA-QS,rf,13,0.9998900197002963,0.9853270330763492,0.9720314033366045,0.9989914271306102
70,SRS,logistic,13,0.9999919413342243,0.9965686274509804,0.9975466143277724,0.9955925563173359
70,SRS,rf,13,0.999962356469699,0.9895988112927192,0.9803729146221786,0.999
71,PCA-QS,logistic,13,0.999997656575947,0.9975259772389906,0.9995042141794744,0.9955555555555555
71,PCA-QS,rf,13,0.9999859670253769,0.9894894894894894,0.9801685671789787,0.998989388580091
71,SRS,logistic,13,0.9999990626303789,0.998019801980198,0.9995042141794744,0.9965397923875432
71,SRS,rf,13,0.9999850572254505,0.9889779559118237,0.9786812097174021,0.999493670886076
72,PCA-QS,logistic,13,0.9999989451556395,0.9983038526774897,0.9995147986414362,0.9970958373668926
72,PCA-QS,rf,13,0.9999750623974248,0.9840019689884322,0.9699175157690442,0.9985014985014985
72,SRS,logistic,13,0.9999987828718917,0.9978202954710583,0.9995147986414362,0.9961315280464217
72,SRS,rf,13,0.9999779429339478,0.984009840098401,0.970402717127608,0.998003992015968
73,PCA-QS,logistic,12,0.9999993064800754,0.999001996007984,0.9995007488766849,0.9985037406483791
73,PCA-QS,rf,12,0.9999081779619841,0.9827848101265823,0.9690464303544682,0.9969183359013868
73,SRS,logistic,12,0.9999992787392784,0.9985037406483791,0.9995007488766849,0.9975087194818136
73,SRS,rf,12,0.9999105220593292,0.9861005812484205,0.9740389415876186,0.9984646878198568
74,PCA-QS,logistic,13,0.9999993571073902,0.9982381072237604,0.9984894259818731,0.9979869149471565
74,PCA-QS,rf,13,0.9999746336937669,0.9880376686179689,0.9773413897280967,0.9989706639217705
74,SRS,logistic,13,0.9999980992740233,0.9982389937106918,0.998992950654582,0.9974861739567622
74,SRS,rf,13,0.9999825720199049,0.9944388270980788,0.9904330312185297,0.9984771573604061
75,PCA-QS,logistic,13,0.9999991707181461,0.9990059642147118,0.9995027349577325,0.9985096870342772
75,PCA-QS,rf,13,0.9999651701621404,0.9684696231735452,0.9393336648433616,0.9994708994708995
75,SRS,logistic,13,0.999998977219047,0.9982625961777116,1.0,0.9965312190287413
75,SRS,rf,13,0.9999849347129893,0.9830765344784036,0.9676777722526106,0.9989733059548255
76,PCA-QS,logistic,13,0.999997975632529,0.9969069712110398,0.9990462565569862,0.9947768281101614
76,PCA-QS,rf,13,0.9999907038914815,0.9889210019267822,0.9790176442536958,0.9990267639902677
76,SRS,logistic,13,0.9999988812706081,0.9973828217939567,0.9995231282784931,0.9952516619183286
76,SRS,rf,13,0.9999946061261461,0.9901371181140245,0.9814020028612304,0.9990291262135922
77,PCA-QS,logistic,13,0.9999990159492417,0.9977232481659499,0.9994931576279777,0.9959595959595959
77,PCA-QS,rf,13,0.9999876009604448,0.9869197230058989,0.9751647237709072,0.9989615784008308
77,SRS,logistic,13,0.999999437685281,0.9969681657402729,1.0,0.9939546599496222
77,SRS,rf,13,0.9999925915035764,0.9915751850906306,0.9842878864673087,0.9989711934156379
78,PCA-QS,logistic,13,0.9999994441974056,0.999,0.9994997498749375,0.9985007496251874
78,PCA-QS,rf,13,0.9999838400395686,0.9883662114314619,0.9774887443721861,0.9994884910485934
78,SRS,logistic,13,0.9999998610493513,0.9995,1.0,0.999000499750125
78,SRS,rf,13,0.9999859937746217,0.9906730526846483,0.9829914957478739,0.9984756097560976
79,PCA-QS,logistic,13,0.9999979991106602,0.998001998001998,0.9994997498749375,0.9965087281795512
79,PCA-QS,rf,13,0.9999820058910072,0.9842559674961909,0.9694847423711856,0.999484270242393
79,SRS,logistic,13,0.9999984437527358,0.9972548040928375,0.9994997498749375,0.9950199203187251
79,SRS,rf,13,0.9999676522890077,0.9845216950012687,0.9704852426213106,0.9989701338825953
80,PCA-QS,logistic,13,0.9999992549622618,0.9980168567178979,0.9990074441687344,0.9970282317979198
80,PCA-QS,rf,13,0.9999421216053355,0.9851422815411736,0.9707196029776675,1.0
80,SRS,logistic,13,0.999999641278126,0.9985126425384234,0.9995037220843672,0.9975235264982665
80,SRS,rf,13,0.9999434047258847,0.9879518072289156,0.9766749379652605,0.9994921279837481
81,PCA-QS,logistic,13,0.9999992486639576,0.9979989994997499,0.999498997995992,0.9965034965034965
81,PCA-QS,rf,13,0.9999943649796816,0.9873160832064941,0.9749498997995992,1.0
81,SRS,logistic,13,0.9999998608636959,0.9992486851990984,0.999498997995992,0.99899849774662
81,SRS,rf,13,0.9999909422265993,0.9908998988877654,0.9819639278557114,1.0
82,PCA-QS,logistic,13,0.9999960972030065,0.9977617508082567,0.999003984063745,0.9965226030799801
82,PCA-QS,rf,13,0.9999652900182285,0.9817905918057663,0.9666334661354582,0.9974306269270298
82,SRS,logistic,13,0.9999981454794428,0.9990044798407167,0.9995019920318725,0.9985074626865672
82,SRS,rf,13,0.9999830325208725,0.9924849699398798,0.9865537848605578,0.9984879032258065
83,PCA-QS,logistic,13,0.9999956706444402,0.9970486965076242,0.9980305268340719,0.9960687960687961
83,PCA-QS,rf,13,0.9999883134800869,0.9865269461077845,0.9734121122599705,1.0
83,SRS,logistic,13,0.9999964104710232,0.9963135905627919,0.9980305268340719,0.9946025515210991
83,SRS,rf,13,0.99999182080611,0.9903057419835943,0.9807976366322009,1.0
84,PCA-QS,logistic,13,0.9999995692956126,0.9987023098883987,0.9984431759211209,0.9989615784008308
84,PCA-QS,rf,13,0.9999848822760005,0.9841938883034773,0.9693824597820446,0.9994649545211343
84,SRS,logistic,13,0.9999998564318708,0.9989626556016598,0.9994810586403736,0.9984447900466563
84,SRS,rf,13,0.9999873516478218,0.9889821615949633,0.9782044628956927,1.0
85,PCA-QS,logistic,13,0.9999989238222176,0.9979581419091373,0.9989780275932549,0.9969403365629781
85,PCA-QS,rf,13,0.9999740584513502,0.9794324394688884,0.9611650485436893,0.9984076433121019
85,SRS,logistic,13,0.9999983290923905,0.9979581419091373,0.9989780275932549,0.9969403365629781
85,SRS,rf,13,0.9999712830454903,0.9820825759542976,0.9662749105774144,0.9984160506863781
86,PCA-QS,logistic,13,0.9999968142643809,0.9966329966329966,0.9979253112033195,0.9953440248318676
86,PCA-QS,rf,13,0.9999548113447547,0.9758556646325285,0.953838174273859,0.9989136338946225
86,SRS,logistic,13,0.9999970438669481,0.9981860585643949,0.9989626556016598,0.9974106680476437
86,SRS,rf,13,0.999948970829453,0.9761526232114467,0.9553941908713693,0.9978331527627302
87,PCA-QS,logistic,13,0.99999938997311,0.9987534280727998,0.9995009980039921,0.9980069755854509
87,PCA-QS,rf,13,0.9999921528359152,0.9848101265822785,0.970558882235529,0.9994861253854059
87,SRS,logistic,13,0.99999988908602,0.999002493765586,0.9995009980039921,0.9985044865403788
87,SRS,rf,13,0.9999944265725051,0.9850595087363889,0.970558882235529,1.0
88,PCA-QS,logistic,13,0.9999962087261114,0.9965483234714004,0.9980246913580247,0.9950763170851797
88,PCA-QS,rf,13,0.9999895877333059,0.9920437593237196,0.9851851851851852,0.99899849774662
88,SRS,logistic,13,0.9999924449252219,0.9958138389559222,0.9985185185185185,0.9931237721021611
88,SRS,rf,13,0.9999839695049708,0.9892794814260782,0.9797530864197531,0.998992950654582
89,PCA-QS,logistic,13,0.999997120490858,0.9969481180061037,0.9979633401221996,0.9959349593495935
89,PCA-QS,rf,13,0.9999740985329635,0.9834625322997416,0.9689409368635438,0.9984260230849947
89,SRS,logistic,13,0.999997120490858,0.9954314720812183,0.9984725050916496,0.9924089068825911
89,SRS,rf,13,0.9999605337864664,0.9866186309830159,0.9760692464358453,0.9973985431841832
90,PCA-QS,logistic,13,0.9999997778764931,0.9977561705310396,1.0,0.9955223880597015
90,PCA-QS,rf,13,0.9999803976005219,0.9855513307984791,0.9715142428785607,1.0
90,SRS,logistic,13,0.9999994169257945,0.9982539286605139,1.0,0.9965139442231076
90,SRS,rf,13,0.9999875472008981,0.9868354430379747,0.9740129935032483,1.0
91,PCA-QS,logistic,13,0.9999964631636085,0.996691270043268,0.9994895354772844,0.9939086294416244
91,PCA-QS,rf,13,0.9999792458440545,0.9847347994825356,0.9714139867279225,0.9984260230849947
91,SRS,logistic,13,0.9999979061928562,0.9982165605095541,1.0,0.996439471007121
91,SRS,rf,13,0.999983207100813,0.9868251097907518,0.9749872383869321,0.9989539748953975
92,PCA-QS,logistic,13,0.9999922914783902,0.9967621419676215,0.9985029940119761,0.9950273495773247
92,PCA-QS,rf,13,0.999940508513979,0.97809475292919,0.9580838323353293,0.9989594172736732
92,SRS,logistic,13,0.9999963121101652,0.9977528089887641,0.9970059880239521,0.9985007496251874
92,SRS,rf,13,0.9999646600331233,0.9809402795425667,0.9630738522954092,0.9994821336095288
93,PCA-QS,logistic,13,0.999997041079778,0.9974849094567404,0.9969834087481146,0.9979869149471565
93,PCA-QS,rf,13,0.9999649814583172,0.9875349783770033,0.975867269984917,0.9994850669412977
93,SRS,logistic,13,0.9999985763685725,0.9982407640110581,0.9984917043740573,0.9979899497487437
93,SRS,rf,13,0.999966084074815,0.9854777070063694,0.9723479135243841,0.9989669421487604
94,PCA-QS,logistic,13,0.9999998646472726,0.9990295972828724,1.0,0.998061076102763
94,PCA-QS,rf,13,0.9999683951381408,0.9844942160964805,0.9713453132588635,0.998003992015968
94,SRS,logistic,13,0.9999998375767271,0.99830220713073,0.9995143273433705,0.997093023255814
94,SRS,rf,13,0.9999725098610553,0.9897109260166586,0.9810587663914522,0.9985170538803757
95,PCA-QS,logistic,13,0.9999971870817052,0.9973359166868491,0.9990295972828724,0.9956479690522244
95,PCA-QS,rf,13,0.9999791600620562,0.985236220472441,0.9713731198447355,0.9995007488766849
95,SRS,logistic,13,0.9999973764127443,0.997577519379845,0.9990295972828724,0.996129656507015
95,SRS,rf,13,0.9999825139261769,0.9877270495827197,0.9762251334303736,0.9995032290114257
96,PCA-QS,logistic,13,0.9999997233282866,0.9987571464081532,1.0,0.9975173783515392
96,PCA-QS,rf,13,0.9999931108743355,0.986377396569122,0.9731209556993529,1.0
96,SRS,logistic,13,0.9999990316490031,0.9982600049714143,0.9995022399203584,0.997020854021847
96,SRS,rf,13,0.9999939962238185,0.9894419306184012,0.9795918367346939,0.9994921279837481
97,PCA-QS,logistic,13,0.9999971191836919,0.9977070063694268,0.9974528782475802,0.9979612640163099
97,PCA-QS,rf,13,0.9999557003884385,0.9837083010085338,0.9689251146204788,0.9989495798319328
97,SRS,logistic,13,0.999997542833149,0.9982174688057041,0.9984717269485481,0.9979633401221996
97,SRS,rf,13,0.9999505601083594,0.9850283944243676,0.9719816607233825,0.9984301412872841
98,PCA-QS,logistic,13,0.9999993800542487,0.997211660329531,0.9994918699186992,0.9949418310571573
98,PCA-QS,rf,13,0.9999590554010576,0.9842904970383723,0.9710365853658537,0.997911227154047
98,SRS,logistic,13,0.9999979992659842,0.9972102460055795,0.9989837398373984,0.9954430379746836
98,SRS,rf,13,0.9999695944788308,0.9892362890825218,0.9806910569105691,0.9979317476732161
99,PCA-QS,logistic,13,0.999997823654642,0.9979929754139488,0.9994974874371859,0.9964929859719439
99,PCA-QS,rf,13,0.9999069333340774,0.9850139700279401,0.9743718592964824,0.9958911145351823
99,SRS,logistic,13,0.9999972377155071,0.9957468101075807,1.0,0.9915296462381664
99,SRS,rf,13,0.9999646762407262,0.9880922219407144,0.9798994974874372,0.9964230965763924
100,PCA-QS,logistic,13,0.9999975145898519,0.9977093407991855,0.9984717269485481,0.9969481180061037
100,PCA-QS,rf,13,0.9999754565747868,0.9860681114551083,0.9735099337748344,0.9989545216936748
100,SRS,logistic,13,0.9999979947259031,0.9977105062325108,0.9989811512990321,0.9964430894308943
100,SRS,rf,13,0.9999790575951719,0.9876416065911432,0.9770759042282221,0.9984383133784487
101,PCA-QS,logistic,13,0.9999959135361345,0.9977335683706875,0.9989914271306102,0.9964788732394366
101,PCA-QS,rf,13,0.9999928906724531,0.9954476479514416,0.9924357034795764,0.9984779299847792
101,SRS,logistic,13,0.9999991323261654,0.998740236835475,0.9994957135653051,0.9979859013091642
101,SRS,rf,13,0.9999701212316681,0.9903406202338587,0.9823499747856783,0.9984623270117888
102,PCA-QS,logistic,13,0.9999969779700887,0.9963045084996305,0.9985185185185185,0.9941002949852508
102,PCA-QS,rf,13,0.9999952883806384,0.9905331340308918,0.9817283950617284,0.9994972347913524
102,SRS,logistic,13,0.9999983241470491,0.9975308641975309,0.9975308641975309,0.9975308641975309
102,SRS,rf,13,0.9999892580573155,0.9897730107258668,0.9797530864197531,1.0
103,PCA-QS,logistic,13,0.9999969437989406,0.9970311726867888,0.9975247524752475,0.996538081107814
103,PCA-QS,rf,13,0.9999878577957907,0.9907707657770017,0.9831683168316832,0.9984917043740573
103,SRS,logistic,13,0.9999981277326843,0.9985155863433943,0.999009900990099,0.9980217606330366
103,SRS,rf,13,0.9999825025606008,0.988,0.9782178217821782,0.997979797979798
104,PCA-QS,logistic,13,0.9999986921187409,0.9975,0.999498997995992,0.9955089820359282
104,PCA-QS,rf,13,0.9999724649254074,0.9863152559553978,0.9749498997995992,0.997948717948718
104,SRS,logistic,13,0.999997690337351,0.997747183979975,0.998496993987976,0.9969984992496248
104,SRS,rf,13,0.9999738562884489,0.9868287740628167,0.9759519038076152,0.9979508196721312
105,PCA-QS,logistic,13,0.9999994187323626,0.9985059760956175,0.9985059760956175,0.9985059760956175
105,PCA-QS,rf,13,0.9999787283724152,0.9879214896829391,0.977589641434263,0.9984740590030519
105,SRS,logistic,13,0.9999996401676531,0.9987565282268093,1.0,0.9975161450571287
105,SRS,rf,13,0.9999757113165835,0.9881701485023912,0.977589641434263,0.9989821882951654
106,PCA-QS,logistic,13,0.9999987030824556,0.9977695167286246,0.9990074441687344,0.9965346534653465
106,PCA-QS,rf,13,0.999987596501358,0.9838628340897629,0.9682382133995037,1.0
106,SRS,logistic,13,0.9999986754884654,0.9975235264982665,0.9995037220843672,0.995551161641127
106,SRS,rf,13,0.9999822708612291,0.9874371859296482,0.9751861042183623,1.0
107,PCA-QS,logistic,13,0.9999996738908894,0.9982955928901874,1.0,0.9965969859017987
107,PCA-QS,rf,13,0.999927658128949,0.9906771344455348,0.9848780487804878,0.9965449160908193
107,SRS,logistic,13,0.9999985868605203,0.997808619430241,0.9995121951219512,0.9961108410306271
107,SRS,rf,13,0.9999482981180787,0.989943585970076,0.984390243902439,0.9955599407992106
108,PCA-QS,logistic,13,0.9999989451556395,0.9985458070770722,0.9995147986414362,0.9975786924939467
108,PCA-QS,rf,13,0.9999834605813723,0.9862542955326461,0.9747695293546822,0.998012916045703
108,SRS,logistic,13,0.9999967543250445,0.9966134494436382,0.9995147986414362,0.9937288953207911
108,SRS,rf,13,0.9999900736440943,0.9899632802937577,0.9810771470160117,0.9990118577075099
109,PCA-QS,logistic,13,0.9999962713207871,0.9966641005901976,0.9979445015416238,0.9953869810353665
109,PCA-QS,rf,13,0.9999685766270903,0.9906735751295337,0.9825282631038027,0.9989550679205852
109,SRS,logistic,13,0.9999979506495928,0.9982019008476753,0.9984583761562179,0.9979455572675912
109,SRS,rf,13,0.9999648337162772,0.9877890361132762,0.9768756423432683,0.998949027850762
110,PCA-QS,logistic,13,0.9999978372110361,0.9958323118411375,0.9990162321692081,0.9926686217008798
110,PCA-QS,rf,13,0.9999580035661926,0.9847842354701921,0.970978848991638,0.9989878542510121
110,SRS,logistic,13,0.9999995345897167,0.9982813650871594,1.0,0.9965686274509804
110,SRS,rf,13,0.9999602211093076,0.9858173675043543,0.9744220363994097,0.9974823766364552
111,PCA-QS,logistic,13,0.9999986548231573,0.9984504132231405,0.999482936918304,0.9974200206398349
111,PCA-QS,rf,13,0.9999922294571748,0.9932362122788762,0.9870734229576008,0.9994764397905759
111,SRS,logistic,13,0.9999989982725639,0.9974186886938565,0.9989658738366081,0.9958762886597938
111,SRS,rf,13,0.9999846306390529,0.9921915668922436,0.9855222337125129,0.9989517819706499
112,PCA-QS,logistic,13,0.9999967608406706,0.997211660329531,0.9989842559674962,0.9954453441295547
112,PCA-QS,rf,13,0.9999714108980924,0.9866461222393426,0.9756221432199086,0.9979220779220779
112,SRS,logistic,13,0.9999992676683255,0.9984771573604061,0.9989842559674962,0.9979705733130391
112,SRS,rf,13,0.999967228157567,0.9824832560535807,0.968511934992382,0.9968635650810246
113,PCA-QS,logistic,12,0.9999988181431192,0.997289972899729,1.0,0.9945945945945946
113,PCA-QS,rf,12,0.9999320707143999,0.9829659318637275,0.9693675889328063,0.9969512195121951
113,SRS,logistic,12,0.9999990929935566,0.9958179581795817,1.0,0.9916707496325331
113,SRS,rf,12,0.9999311224803911,0.9875435974090683,0.9792490118577075,0.9959798994974874
114,PCA-QS,logistic,13,0.999999027966878,0.997822405032664,0.998547215496368,0.9970986460348162
114,PCA-QS,rf,13,0.9999900906623393,0.9837758112094396,0.9690072639225181,0.99900149775337
114,SRS,logistic,13,0.9999994329806788,0.9975833736104398,0.9995157384987894,0.9956584659913169
114,SRS,rf,13,0.9999862565316913,0.9850306748466258,0.971912832929782,0.9985074626865672
115,PCA-QS,logistic,13,0.9999958456984896,0.9978118161925602,1.0,0.9956331877729258
115,PCA-QS,rf,13,0.9998963732567682,0.9801587301587301,0.9629629629629629,0.997979797979798
115,SRS,logistic,13,0.9999989410603993,0.9990258158792011,0.9995126705653021,0.998539435248296
115,SRS,rf,13,0.9999180679424337,0.9816650148662042,0.9653996101364523,0.9984879032258065
116,PCA-QS,logistic,13,0.9999993760968643,0.9984670413898825,1.0,0.996938775510204
116,PCA-QS,rf,13,0.9999922721088867,0.9865145228215768,0.9733879222108496,1.0
116,SRS,logistic,13,0.9999991775822301,0.99846547314578,0.9989764585465711,0.9979550102249489
116,SRS,rf,13,0.9999842606254391,0.9870399170554691,0.9744114636642784,1.0
117,PCA-QS,logistic,13,0.99999928128906,0.9992542878448919,0.9995027349577325,0.9990059642147118
117,PCA-QS,rf,13,0.9999881136267621,0.9899547965846308,0.9801093983092989,1.0
117,SRS,logistic,13,0.9999991983608746,0.9990054699154649,0.9990054699154649,0.9990054699154649
117,SRS,rf,13,0.9999855152102869,0.9909774436090225,0.9830929885629041,0.998989388580091
118,PCA-QS,logistic,13,0.9999988903681206,0.9975099601593626,1.0,0.9950322901142573
118,PCA-QS,rf,13,0.9999862544350946,0.9929789368104313,0.9885172241637543,0.9974811083123426
118,SRS,logistic,13,0.9999988348865266,0.9980069755854509,1.0,0.9960218796618597
118,SRS,rf,13,0.9999865318430645,0.9939909864797196,0.9910134797803295,0.9969864389753893
119,PCA-QS,logistic,13,0.9999915525680072,0.9968832414289139,0.9990389235944258,0.9947368421052631
119,PCA-QS,rf,13,0.9999592511971016,0.9786607799852833,0.9586737145603076,0.999498997995992
119,SRS,logistic,13,0.999996245585781,0.996642685851319,0.9985583853916387,0.9947343226424127
119,SRS,rf,13,0.9999535927585288,0.9819247679531021,0.9658817876021144,0.9985096870342772
120,PCA-QS,logistic,13,0.9999985891160177,0.9982210927573062,0.9994910941475827,0.9969543147208122
120,PCA-QS,rf,13,0.9999710768783627,0.9834625322997416,0.9684478371501273,0.9989501312335958
120,SRS,logistic,13,0.9999988712928142,0.9987267634326458,0.9979643765903308,0.9994903160040775
120,SRS,rf,13,0.999982533256299,0.9881808838643371,0.9786259541984733,0.9979242345614946
121,PCA-QS,logistic,13,0.9999994417131657,0.9984932194876946,0.9994972347913524,0.997491219267436
121,PCA-QS,rf,13,0.9999839492535134,0.9944500504540867,0.9909502262443439,0.9979746835443037
121,SRS,logistic,13,0.9999994696275074,0.9989949748743718,0.9994972347913524,0.9984932194876946
121,SRS,rf,13,0.999990174151716,0.994452849218356,0.9914529914529915,0.9974709155285787
122,PCA-QS,logistic,13,0.9999990837118294,0.9981888745148771,0.9979306777030522,0.9984472049689441
122,PCA-QS,rf,13,0.9999849528302008,0.985051140833989,0.9715468184169684,0.9989361702127659
122,SRS,logistic,13,0.9999991982478508,0.9979328165374677,0.9989653388515262,0.9969024264326277
122,SRS,rf,13,0.9999906080462528,0.9884937238493724,0.9777547853078117,0.9994711792702274
123,PCA-QS,logistic,13,0.9999955037799526,0.9974886991461577,0.9989939637826962,0.995987963891675
123,PCA-QS,rf,13,0.9999894715841128,0.9908629441624366,0.9818913480885312,1.0
123,SRS,logistic,13,0.9999984640242074,0.9972368751569958,0.9984909456740443,0.9959859508278976
123,SRS,rf,13,0.9999832857906936,0.9898528665651953,0.9813883299798792,0.9984646878198568
124,PCA-QS,logistic,13,0.9999981338794847,0.9973790802954491,0.9990453460620525,0.9957183634633682
124,PCA-QS,rf,13,0.9999612380110088,0.9891644594269203,0.9804295942720763,0.9980563654033042
124,SRS,logistic,13,0.9999990669397423,0.9985687022900763,0.9990453460620525,0.9980925131139723
124,SRS,rf,13,0.99994970805211,0.9908653846153846,0.9837708830548926,0.9980629539951574
125,PCA-QS,logistic,13,0.9999996175548446,0.9987748100955648,1.0,0.9975526186979932
125,PCA-QS,rf,13,0.9999649926095207,0.9812827551784378,0.9646712463199215,0.9984763839512443
125,SRS,logistic,13,0.999998934617067,0.9965770171149144,1.0,0.99317738791423
125,SRS,rf,13,0.9999794982079167,0.9888641425389755,0.9803729146221786,0.9975037443834248
126,PCA-QS,logistic,13,0.9999977159966074,0.9966808914177335,0.9990494296577946,0.9943235572374646
126,PCA-QS,rf,13,0.9999782754095908,0.9870254685247477,0.9762357414448669,0.9980563654033042
126,SRS,logistic,13,0.9999988845564827,0.9973915105525255,0.9995247148288974,0.9952673923331756
126,SRS,rf,13,0.9999817146937694,0.98676293622142,0.9743346007604563,0.999512432959532
127,PCA-QS,logistic,13,0.9999996403267726,0.998259139517533,0.9990044798407167,0.9975149105367793
127,PCA-QS,rf,13,0.9999769255790995,0.9881761006289308,0.9776007964161274,0.9989827060020345
127,SRS,logistic,13,0.999995739255613,0.9947877885331348,0.9975111996017919,0.9920792079207921
127,SRS,rf,13,0.9999732320117252,0.9899497487437185,0.9805873568939771,0.9994926433282597
128,PCA-QS,logistic,13,0.9999990451329897,0.9987754102375704,0.9990200881920627,0.9985308521057786
128,PCA-QS,rf,13,0.9999784882103525,0.9858595881915158,0.9735423811856933,0.9984924623115577
128,SRS,logistic,13,0.99999934523405,0.9987760097919217,0.9995100440960314,0.9980430528375733
128,SRS,rf,13,0.9999797977422524,0.9871095686663361,0.9755022048015679,0.9989964877069744
129,PCA-QS,logistic,13,0.9999973337612961,0.997589199614272,0.9990342829550941,0.9961482908040443
129,PCA-QS,rf,13,0.9999584847781605,0.9765374166460854,0.9546112988894254,0.9994944388270981
129,SRS,logistic,13,0.9999980609173063,0.997827661115134,0.9980685659101883,0.9975868725868726
129,SRS,rf,13,0.9999673453088028,0.9833251593918587,0.9681313375181072,0.9990034877927254
130,PCA-QS,logistic,13,0.9999975044554583,0.9979787771601819,0.9979787771601819,0.9979787771601819
130,PCA-QS,rf,13,0.9999766989043355,0.9738274164291267,0.9494694290045478,0.999468085106383
130,SRS,logistic,13,0.9999990746857318,0.998989388580091,0.998989388580091,0.998989388580091
130,SRS,rf,13,0.9999849706530972,0.9854033290653009,0.9722081859525012,0.9989615784008308
131,PCA-QS,logistic,13,0.9999975705977853,0.9981963411491883,1.0,0.9963991769547325
131,PCA-QS,rf,13,0.999946381664061,0.9767810026385224,0.9556014455343315,0.9989206691851052
131,SRS,logistic,13,0.999998856751899,0.9984536082474227,1.0,0.9969119917653114
131,SRS,rf,13,0.999970990079436,0.9821522309711286,0.9659266907589055,0.99893219434063
132,PCA-QS,logistic,13,0.9999989098777486,0.9979889391654098,0.999496475327291,0.9964859437751004
132,PCA-QS,rf,13,0.9999870023885415,0.9898425596749619,0.9813695871097684,0.9984631147540983
132,SRS,logistic,13,0.9999989937333065,0.9974874371859297,0.999496475327291,0.9954864593781344
132,SRS,rf,13,0.9999915445645889,0.9900939801879604,0.9813695871097684,0.9989748846745259
133,PCA-QS,logistic,13,0.9999987673564269,0.9974798387096774,0.9989904088844018,0.995973829894313
133,PCA-QS,rf,13,0.9999863288621895,0.988265306122449,0.97778899545684,0.998968540484786
133,SRS,logistic,13,0.9999981510346404,0.9972285210380448,0.9989904088844018,0.9954728370221329
133,SRS,rf,13,0.999991903772895,0.9890334098444274,0.9787985865724381,0.9994845360824742
134,PCA-QS,logistic,13,0.9999996358098534,0.9987396017141417,1.0,0.9974823766364552
134,PCA-QS,rf,13,0.9999896906173888,0.9820236260914227,0.9651691065118627,0.9994772608468374
134,SRS,logistic,13,0.9999997198537335,0.9979838709677419,0.9994952044422009,0.9964771011575239
134,SRS,rf,13,0.999981174170884,0.9788768675940237,0.9591115598182736,0.9994739610731194
135,PCA-QS,logistic,13,0.9999991359705582,0.9973423532254168,0.9995157384987894,0.9951783992285439
135,PCA-QS,rf,13,0.9999781292547544,0.9917234664070107,0.9864406779661017,0.9970631424375918
135,SRS,logistic,13,0.9999992979760786,0.9983079526226735,1.0,0.9966216216216216
135,SRS,rf,13,0.999988538109436,0.9936831875607386,0.9903147699757869,0.9970745977571916
136,PCA-QS,logistic,13,0.9999997136599467,0.9987083440971325,1.0,0.9974200206398349
136,PCA-QS,rf,13,0.9999721963808278,0.9780944840327264,0.958613554061045,0.9983836206896551
136,SRS,logistic,13,0.99999957048992,0.9989658738366081,0.999482669425763,0.9984496124031008
136,SRS,rf,13,0.9999676578909835,0.9906103286384976,0.9824107604759441,0.9989479221462388
137,PCA-QS,logistic,13,0.9999988580648087,0.998496993987976,0.9994984954864594,0.9974974974974975
137,PCA-QS,rf,13,0.9999656723140653,0.9937201708113539,0.9919759277833501,0.9954705586311021
137,SRS,logistic,13,0.9999961285611806,0.9974962443665498,0.9989969909729187,0.996
137,SRS,rf,13,0.9999778715241582,0.9937296212691247,0.993480441323972,0.9939789262418465
138,PCA-QS,logistic,13,0.9999984892430462,0.9975845410628019,0.9990324141267537,0.9961408586589484
138,PCA-QS,rf,13,0.9999929453045822,0.9946550048590865,0.9903241412675375,0.9990239141044412
138,SRS,logistic,13,0.999997571997753,0.9980676328502416,0.9995162070633768,0.9966232513265798
138,SRS,rf,13,0.999988952589776,0.9922065270336093,0.9854862119013063,0.9990191270230505
139,PCA-QS,logistic,13,0.9999993937335641,0.9972819372374598,1.0,0.9945786101527846
139,PCA-QS,rf,13,0.9999810541738744,0.9841509433962264,0.9692765113974232,0.9994890137966275
139,SRS,logistic,13,0.9999987323519974,0.9962935507783544,0.9990089197224975,0.9935929029078364
139,SRS,rf,13,0.999980571916482,0.9856819894498869,0.9722497522299306,0.999490575649516
140,PCA-QS,logistic,13,0.9999973741570876,0.9983005583879583,0.9985429820301117,0.9980582524271845
140,PCA-QS,rf,13,0.999986315839255,0.9894478527607362,0.9791160757649344,1.0
140,SRS,logistic,13,0.9999981592029067,0.9966085271317829,0.9990286546867412,0.9942000966650556
140,SRS,rf,13,0.9999731189483287,0.9879754601226994,0.9776590577950461,0.9985119047619048
141,PCA-QS,logistic,13,0.9999995644348417,0.99853515625,0.9995112414467253,0.9975609756097561
141,PCA-QS,rf,13,0.9999803723450534,0.9903869854572344,0.9819159335288368,0.9990054699154649
141,SRS,logistic,13,0.9999995644348417,0.9980487804878049,1.0,0.9961051606621227
141,SRS,rf,13,0.9999650458960452,0.9881422924901185,0.9775171065493646,0.999000999000999
142,PCA-QS,logistic,13,0.999999386980884,0.998496993987976,1.0,0.9969984992496248
142,PCA-QS,rf,13,0.999980007217464,0.9868020304568528,0.9754139488208731,0.9984591679506933
142,SRS,logistic,13,0.9999993591163786,0.9984954864593781,0.9989964877069744,0.9979949874686717
142,SRS,rf,13,0.9999831559065604,0.9868087265347539,0.9759157049673859,0.9979476654694716
143,PCA-QS,logistic,13,0.9999999156527921,0.9982291930179611,1.0,0.9964646464646465
143,PCA-QS,rf,13,0.9999762562609879,0.9829896907216494,0.9665484034465281,1.0
143,SRS,logistic,13,0.9999988753705619,0.9977232481659499,0.9994931576279777,0.9959595959595959
143,SRS,rf,13,0.9999813311513273,0.9835221421215242,0.968068930562595,0.9994767137624281
144,PCA-QS,logistic,13,0.9999990090056611,0.9984168865435357,0.9984168865435357,0.9984168865435357
144,PCA-QS,rf,13,0.9999865924295319,0.9833690987124464,0.9672823218997362,1.0
144,SRS,logistic,13,0.9999992130339074,0.9978902953586498,0.9984168865435357,0.9973642593568793
144,SRS,rf,13,0.9999924218079963,0.989069581444948,0.978891820580475,0.9994612068965517
145,PCA-QS,logistic,13,0.999999409569545,0.9974721941354904,1.0,0.9949571356530509
145,PCA-QS,rf,13,0.9999519783229925,0.9832775919732442,0.9685757729346174,0.9984326018808778
145,SRS,logistic,13,0.9999993533380731,0.9982291930179611,1.0,0.9964646464646465
145,SRS,rf,13,0.9999394527626255,0.981977342945417,0.9665484034465281,0.9979068550497122
146,PCA-QS,logistic,13,0.9999930708547341,0.9970252850768468,0.9985104270109235,0.9955445544554455
146,PCA-QS,rf,13,0.9999691915294152,0.9823499747856783,0.9672293942403177,0.9979508196721312
146,SRS,logistic,13,0.9999891507805199,0.9955423476968797,0.9980139026812314,0.9930830039525692
146,SRS,rf,13,0.9999624694303227,0.984398590840463,0.971201588877855,0.9979591836734694
147,PCA-QS,logistic,13,0.9999985874708281,0.9992684711046086,0.9990248659190639,0.9995121951219512
147,PCA-QS,rf,13,0.9999811210043387,0.9818903497891343,0.9648951730862994,0.9994949494949495
147,SRS,logistic,13,0.9999963328569579,0.9968346725103482,0.9980497318381277,0.9956225680933852
147,SRS,rf,13,0.9999565918919902,0.9821339950372209,0.9648951730862994,1.0
148,PCA-QS,logistic,13,0.9999992980569318,0.9979777553083923,0.9989878542510121,0.996969696969697
148,PCA-QS,rf,13,0.9999934578906038,0.9918408975012749,0.9843117408906883,0.9994861253854059
148,SRS,logistic,13,0.9999978380153497,0.996716342510735,0.9984817813765182,0.9949571356530509
148,SRS,rf,13,0.9999932192299607,0.9920938536087732,0.9843117408906883,1.0
149,PCA-QS,logistic,13,0.9999948004229986,0.9958592132505176,0.9989615784008308,0.9927760577915377
149,PCA-QS,rf,13,0.9999570244906397,0.9809624537281861,0.9631360332294912,0.9994612068965517
149,SRS,logistic,13,0.9999970411246898,0.9979253112033195,0.9989615784008308,0.9968911917098445
149,SRS,rf,13,0.9999709426953757,0.9841938883034773,0.9698857736240913,0.9989304812834224
150,PCA-QS,logistic,13,0.9999995112586458,0.997569275644142,1.0,0.9951503394762367
150,PCA-QS,rf,13,0.9999785904134577,0.9901574803149606,0.9805068226120858,1.0
150,SRS,logistic,13,0.9999998913908101,0.9985401459854014,1.0,0.9970845481049563
150,SRS,rf,13,0.9999650957216233,0.9816468253968254,0.9644249512670565,0.9994949494949495
151,PCA-QS,logistic,13,0.9999987455374586,0.9989964877069744,0.9994979919678715,0.9984954864593781
151,PCA-QS,rf,13,0.999977266351055,0.9805527123848515,0.9618473895582329,1.0
151,SRS,logistic,13,0.9999983831371688,0.9984947315604616,0.998995983935743,0.9979939819458375
151,SRS,rf,13,0.9999821726934393,0.9829125223157358,0.9673694779116466,0.9989631933644375
152,PCA-QS,logistic,13,0.9999995655632408,0.9978118161925602,1.0,0.9956331877729258
152,PCA-QS,rf,13,0.9999857314676881,0.987422934648582,0.9756335282651072,0.9995007488766849
152,SRS,logistic,13,0.9999998099339178,0.9992695398100804,1.0,0.9985401459854014
152,SRS,rf,13,0.9999899943783883,0.9891838741396264,0.9805068226120858,0.998015873015873
153,PCA-QS,logistic,13,0.9999953448192894,0.995069033530572,0.9995047052996533,0.990672557682867
153,PCA-QS,rf,13,0.9999623040544228,0.9872531867033242,0.9782070331847449,0.9964682139253279
153,SRS,logistic,13,0.9999956753646653,0.9977739302498145,0.9990094105993066,0.9965415019762845
153,SRS,rf,13,0.9999419892865286,0.9839438033115906,0.971272907379891,0.9969496695475343
154,PCA-QS,logistic,13,1.0,0.9982625961777116,1.0,0.9965312190287413
154,PCA-QS,rf,13,0.99998617863577,0.989711417816813,0.9806066633515664,0.9989868287740629
154,SRS,logistic,13,0.9999999723572716,0.9997514292816306,1.0,0.9995029821073559
154,SRS,rf,13,0.999992494999223,0.9929964982491246,0.9870711089010442,0.9989934574735783
155,PCA-QS,logistic,13,0.9999970885080252,0.9987521836785626,0.9985029940119761,0.99900149775337
155,PCA-QS,rf,13,0.9999928599125377,0.9860865165696939,0.9725548902195609,1.0
155,SRS,logistic,13,0.9999981421908349,0.999001996007984,0.999001996007984,0.999001996007984
155,SRS,rf,13,0.9999815050938354,0.9855805717176828,0.9720558882235529,0.9994869163673679
156,PCA-QS,logistic,13,0.9999990815897314,0.9971539456662355,0.9994813278008299,0.9948373773877129
156,PCA-QS,rf,13,0.9999603792070079,0.9844940867279894,0.9714730290456431,0.9978689397975493
156,SRS,logistic,13,0.9999985649839555,0.9974133471288154,1.0,0.9948400412796697
156,SRS,rf,13,0.9999452971883788,0.9826224328593997,0.9678423236514523,0.9978609625668449
157,PCA-QS,logistic,13,0.9999865699795863,0.9959141981613892,0.9969325153374233,0.9948979591836735
157,PCA-QS,rf,13,0.999979104134905,0.9844479004665629,0.9708588957055214,0.998422712933754
157,SRS,logistic,13,0.9999952399927649,0.9969340827797649,0.9974437627811861,0.9964249233912156
157,SRS,rf,13,0.9999774466323855,0.9810143042912873,0.9642126789366053,0.9984118581259925
158,PCA-QS,logistic,13,0.9999990970342514,0.9972074130489972,0.9994910941475827,0.9949341438703141
158,PCA-QS,rf,13,0.999965870716468,0.9933605720122574,0.989821882951654,0.9969246540235777
158,SRS,logistic,13,0.9999996613878442,0.9977151561309977,1.0,0.9954407294832827
158,SRS,rf,13,0.9999328842489618,0.9913087934560327,0.9867684478371501,0.9958911145351823
159,PCA-QS,logistic,12,0.9999985897554647,0.9974619289340102,0.9994913530010173,0.9954407294832827
159,PCA-QS,rf,12,0.9999735297100729,0.9941311559071192,0.9908443540183113,0.9974398361495136
159,SRS,logistic,12,0.9999994641070766,0.9982228992129982,1.0,0.9964521033958439
159,SRS,rf,12,0.9999775489069984,0.992849846782431,0.9888097660223805,0.9969230769230769
160,PCA-QS,logistic,13,0.9999988534603476,0.9979859013091642,0.9984886649874055,0.9974836436839456
160,PCA-QS,rf,13,0.9999570606917969,0.9791720236564669,0.9591939546599496,1.0
160,SRS,logistic,13,0.9999994127479829,0.9984894259818731,0.998992443324937,0.9979869149471565
160,SRS,rf,13,0.9999812638642163,0.9888040712468193,0.9788413098236776,0.9989717223650385
161,PCA-QS,logistic,13,0.99999890682399,0.9975466143277724,0.9980363279332352,0.9970573810691515
161,PCA-QS,rf,13,0.9999368690854225,0.982526210683974,0.9661266568483063,0.9994921279837481
161,SRS,logistic,13,0.9999990981297917,0.9982830512631837,0.9990181639666176,0.9975490196078431
161,SRS,rf,13,0.9999702929419282,0.9848145382125965,0.9710358370152185,0.998989898989899
162,PCA-QS,logistic,13,0.999996860951356,0.9982327695026508,0.9984848484848485,0.9979808177688037
162,PCA-QS,rf,13,0.9999746774066973,0.9905780494015788,0.9823232323232324,0.9989727786337956
162,SRS,logistic,13,0.9999987107478784,0.998989898989899,0.998989898989899,0.998989898989899
162,SRS,rf,13,0.9999322021547326,0.9849143441575045,0.9727272727272728,0.9974106680476437
163,PCA-QS,logistic,13,0.9999981883695466,0.9985199802664035,0.9985199802664035,0.9985199802664035
163,PCA-QS,rf,13,0.9999720295237573,0.9897832045850984,0.9797730636408486,1.0
163,SRS,logistic,13,0.9999978864311377,0.9975333004440059,0.9975333004440059,0.9975333004440059
163,SRS,rf,13,0.9999593755595296,0.9910403185664509,0.9822397631968426,1.0
164,PCA-QS,logistic,13,0.9999982022156289,0.9972215205860065,0.999493670886076,0.9949596774193549
164,PCA-QS,rf,13,0.999961459997542,0.9882473173224323,0.979240506329114,0.997421351211965
164,SRS,logistic,13,0.9999994101020031,0.9979777553083923,0.999493670886076,0.9964664310954063
164,SRS,rf,13,0.9999798591969662,0.9903061224489796,0.9827848101265823,0.9979434447300771
165,PCA-QS,logistic,13,0.999994424610927,0.997491219267436,0.9979919678714859,0.9969909729187563
165,PCA-QS,rf,13,0.9999367750879127,0.9865379730759462,0.9748995983935743,0.9984575835475579
165,SRS,logistic,13,0.9999941179645281,0.9974924774322969,0.9984939759036144,0.9964929859719439
165,SRS,rf,13,0.9999563447035588,0.9865584580268831,0.9764056224899599,0.9969246540235777
166,PCA-QS,logistic,13,0.9999992964714186,0.998733215100076,1.0,0.9974696356275303
166,PCA-QS,rf,13,0.9999852962526494,0.984020618556701,0.9685438863521055,1.0
166,SRS,logistic,13,0.9999982833902614,0.9969604863221885,0.9984779299847792,0.9954476479514416
166,SRS,rf,13,0.9999693120832807,0.9840370751802265,0.969558599695586,0.9989545216936748
167,PCA-QS,logistic,13,0.9999743426851693,0.9953419955871537,0.9975429975429976,0.9931506849315068
167,PCA-QS,rf,13,0.9999123466253999,0.9820448877805487,0.9675675675675676,0.9969620253164557
167,SRS,logistic,13,0.9999754094605194,0.9963208241353937,0.9980343980343981,0.9946131243878551
167,SRS,rf,13,0.9999580675227766,0.9870903674280039,0.9769041769041769,0.997491219267436
168,PCA-QS,logistic,13,0.999994988611761,0.9956994687579054,0.9989847715736041,0.9924357034795764
168,PCA-QS,rf,13,0.9999619782032766,0.9850823045267489,0.9720812182741116,0.9984358706986444
168,SRS,logistic,13,0.9999935246107025,0.9967046894803548,0.9979695431472081,0.9954430379746836
168,SRS,rf,13,0.9999745770585403,0.9835136527563112,0.9690355329949238,0.9984309623430963
169,PCA-QS,logistic,13,0.9999984065660468,0.9982737361282368,0.9995061728395062,0.9970443349753695
169,PCA-QS,rf,13,0.9999719638043236,0.9839598997493735,0.9693827160493828,0.9989821882951654
169,SRS,logistic,13,0.9999981593090541,0.9990128331688055,0.9995061728395062,0.9985199802664035
169,SRS,rf,13,0.999977224883669,0.9875124875124875,0.9762962962962963,0.998989388580091
170,PCA-QS,logistic,13,0.99999805900535,0.9967637540453075,0.999001996007984,0.994535519125683
170,PCA-QS,rf,13,0.9999717307993481,0.9804419608839218,0.9630738522954092,0.9984480082772892
170,SRS,logistic,13,0.99999933451612,0.9985052316890882,1.0,0.9970149253731343
170,SRS,rf,13,0.9999690688638282,0.978117048346056,0.9590818363273453,0.9979231568016614
171,PCA-QS,logistic,13,0.9999992903713958,0.9976999744441605,1.0,0.9954105048444671
171,PCA-QS,rf,13,0.999987751810291,0.9912190082644629,0.983094262295082,0.9994791666666667
171,SRS,logistic,13,0.9999990632902425,0.9971888576539739,0.9994877049180327,0.9949005609382968
171,SRS,rf,13,0.9999909593315821,0.9943386515697376,0.9897540983606558,0.9989658738366081
172,PCA-QS,logistic,13,0.9999940964482376,0.9952771563509819,0.9985037406483791,0.9920713577799801
172,PCA-QS,rf,13,0.9999431679207095,0.9881582262534644,0.9780548628428928,0.9984725050916496
172,SRS,logistic,13,0.9999977272711524,0.9970119521912351,0.9985037406483791,0.9955246146195923
172,SRS,rf,13,0.9999644539665009,0.9884189325276939,0.9790523690773068,0.9979664463650229
173,PCA-QS,logistic,13,0.9999975583382454,0.9974696356275303,0.9969650986342944,0.9979746835443037
173,PCA-QS,rf,13,0.9999572709192949,0.9809572825527535,0.9640870005058169,0.9984284965950759
173,SRS,logistic,13,0.9999967444509938,0.996716342510735,0.9979767324228629,0.9954591321897074
173,SRS,rf,13,0.9999612701928584,0.9830508474576272,0.9681335356600911,0.9984350547730829
174,PCA-QS,logistic,13,0.9999992991769994,0.9980685659101883,0.9990333494441759,0.9971056439942113
174,PCA-QS,rf,13,0.9999759833348604,0.9902581587920117,0.9826002899951668,0.9980363279332352
174,SRS,logistic,13,0.9999990026749606,0.9985493230174082,0.9980666988883519,0.9990324141267537
174,SRS,rf,13,0.9999751207834748,0.9902486591906388,0.9816336394393427,0.9990162321692081
175,PCA-QS,logistic,13,0.9999915381697245,0.9977381251570746,0.9984909456740443,0.9969864389753893
175,PCA-QS,rf,13,0.9999628573126523,0.9918905220476432,0.9844064386317908,0.9994892747701737
175,SRS,logistic,13,0.9999891923157868,0.9964806435394671,0.9969818913480886,0.9959798994974874
175,SRS,rf,13,0.9999702299964566,0.9872773536895675,0.9758551307847082,0.9989701338825953
176,PCA-QS,logistic,13,0.999999616888056,0.9982822085889571,1.0,0.9965703086722195
176,PCA-QS,rf,13,0.9999779436980876,0.9840239640539191,0.9690265486725663,0.9994929006085193
176,SRS,logistic,13,0.9999995895229172,0.9985272459499264,1.0,0.9970588235294118
176,SRS,rf,13,0.9999941849079945,0.9905707196029777,0.9813176007866273,1.0
177,PCA-QS,logistic,13,0.999999801213162,0.9987202457128231,1.0,0.9974437627811861
177,PCA-QS,rf,13,0.9999921479198988,0.9878143634949442,0.9764223475140953,0.9994753410283316
177,SRS,logistic,13,0.999999801213162,0.9994877049180327,1.0,0.9989759344598055
177,SRS,rf,13,0.9999983245109367,0.9917312661498708,0.9835981547924142,1.0
178,PCA-QS,logistic,13,0.999998556565279,0.9963441384352912,0.9995110024449878,0.9931972789115646
178,PCA-QS,rf,13,0.999981752806357,0.9828486204325131,0.9667481662591687,0.9994944388270981
178,SRS,logistic,13,0.9999980391075488,0.9961013645224172,0.9995110024449878,0.9927149101505586
178,SRS,rf,13,0.9999828421910522,0.9883921956038528,0.9784841075794621,0.9985029940119761
179,PCA-QS,logistic,13,0.9999990551355895,0.9985007496251874,0.9994997498749375,0.9975037443834248
179,PCA-QS,rf,13,0.9999823115824342,0.9858084135833756,0.9729864932466233,0.9989727786337956
179,SRS,logistic,13,0.9999994441974056,0.9982504373906523,0.9989994997498749,0.9975024975024975
179,SRS,rf,13,0.9999890228987612,0.990154001514769,0.9809904952476238,0.9994903160040775
180,PCA-QS,logistic,13,0.9999987007917623,0.9975161450571287,0.9985082048731975,0.9965260545905708
180,PCA-QS,rf,13,0.999950063411037,0.979467680608365,0.9607160616608652,0.9989658738366081
180,SRS,logistic,13,0.9999937251006397,0.997020854021847,0.9985082048731975,0.9955379276152702
180,SRS,rf,13,0.9999276728009843,0.9781947261663286,0.9592242665340627,0.9979306777030522
181,PCA-QS,logistic,13,0.9999982538790562,0.9972616380383371,0.999002493765586,0.9955268389662028
181,PCA-QS,rf,13,0.9999898974431107,0.9917022881569022,0.9835411471321696,1.0
181,SRS,logistic,13,0.9999982815952616,0.9980069755854509,0.999002493765586,0.9970134395221503
181,SRS,rf,13,0.9999838414522183,0.9909593169261678,0.9840399002493766,0.9979767324228629
182,PCA-QS,logistic,13,0.999996655619245,0.9963172109010557,0.9995073891625615,0.9931473323543808
182,PCA-QS,rf,13,0.9999730530632609,0.9855289421157685,0.9729064039408867,0.9984833164812943
182,SRS,logistic,13,0.9999960799471478,0.995335133808004,0.9985221674876847,0.9921683798335781
182,SRS,rf,13,0.9999803312033465,0.9903201787043932,0.9827586206896551,0.9979989994997499
183,PCA-QS,logistic,13,0.9999998269153098,0.9984375,1.0,0.9968798751950078
183,PCA-QS,rf,13,0.9999950526626037,0.9765082754938601,0.9540949400104329,1.0
183,SRS,logistic,13,0.9999998846102065,0.9992181391712275,1.0,0.9984375
183,SRS,rf,13,0.9999930621886657,0.9795158286778398,0.9603547209181011,0.999457111834962
184,PCA-QS,logistic,13,0.9999991987147606,0.9967781908302354,0.9995029821073559,0.9940682155215027
184,PCA-QS,rf,13,0.9999792771058771,0.9866800703694396,0.9756461232604374,0.9979664463650229
184,SRS,logistic,13,0.999998950040031,0.9972711485983627,0.9990059642147118,0.9955423476968797
184,SRS,rf,13,0.9999709050566514,0.987945755901557,0.9776341948310139,0.9984771573604061
185,PCA-QS,logistic,13,0.9999998577492153,0.9982055883106896,1.0,0.996417604912999
185,PCA-QS,rf,13,0.9999617487640042,0.9747368421052631,0.9512069851052902,0.9994603345925526
185,SRS,logistic,13,0.9999992033956059,0.997948717948718,0.9994863893168978,0.996415770609319
185,SRS,rf,13,0.9999855188701214,0.9867360208062419,0.9743194658448896,0.9994731296101159
186,PCA-QS,logistic,13,0.9999979726032451,0.9969119917653114,0.998968540484786,0.9948638931689779
186,PCA-QS,rf,13,0.9999876785676094,0.9864158829676071,0.9736977823620423,0.9994706193753309
186,SRS,logistic,13,0.9999990005790645,0.9974253347064882,0.998968540484786,0.9958868894601542
186,SRS,rf,13,0.9999830383989802,0.9908972691807543,0.9824651882413615,0.9994753410283316
187,PCA-QS,logistic,13,0.9999964057611425,0.9970486965076242,0.9995069033530573,0.9946025515210991
187,PCA-QS,rf,13,0.9999713558368902,0.9862671660424469,0.9738658777120316,0.9989883662114315
187,SRS,logistic,13,0.9999979422296617,0.9972939729397294,0.9995069033530573,0.9950908198330879
187,SRS,rf,13,0.9999601890031875,0.9817088449010273,0.9659763313609467,0.9979623025980642
188,PCA-QS,logistic,13,0.9999973795671357,0.9964982491245623,1.0,0.9930209371884346
188,PCA-QS,rf,13,0.9999527067621886,0.9875666074600356,0.9769076305220884,0.9984607491021037
188,SRS,logistic,13,0.9999976583365894,0.9962471853890418,0.9994979919678715,0.9930174563591022
188,SRS,rf,13,0.9999718303467089,0.9891056498606536,0.9799196787148594,0.99846547314578
189,PCA-QS,logistic,13,0.9999923128265169,0.9964929859719439,0.9974924774322969,0.9954954954954955
189,PCA-QS,rf,13,0.9999694601966513,0.988342625443487,0.9779338014042126,0.9989754098360656
189,SRS,logistic,13,0.9999920621578163,0.9954932398597897,0.9969909729187563,0.994
189,SRS,rf,13,0.9999736937124826,0.9921776431995962,0.9859578736208626,0.9984763839512443
190,PCA-QS,logistic,13,0.9999943030815904,0.9957784951576856,0.9975124378109452,0.9940505701536936
190,PCA-QS,rf,13,0.9999752626528282,0.9810270680495826,0.9646766169154228,0.997941327843541
190,SRS,logistic,13,0.9999960453430458,0.9975124378109452,0.9975124378109452,0.9975124378109452
190,SRS,rf,13,0.9999706304497523,0.9828282828282828,0.9681592039800995,0.997948717948718
191,PCA-QS,logistic,13,0.9999977509994934,0.9970074812967581,0.999000499750125,0.9950223992035838
191,PCA-QS,rf,13,0.9996525571871545,0.981975120588982,0.9665167416291854,0.9979360165118679
191,SRS,logistic,13,0.9999968902709043,0.9957679860592482,0.9995002498750625,0.9920634920634921
191,SRS,rf,13,0.9999648350723244,0.9889112903225806,0.9805097451274363,0.9974580579562786
192,PCA-QS,logistic,13,0.9999964260748067,0.9987319300025361,0.9989852866565195,0.9984787018255578
192,PCA-QS,rf,13,0.9999609823048773,0.9910645902476385,0.984779299847793,0.9974306269270298
192,SRS,logistic,13,0.9999965667805228,0.9979736575481256,0.9994926433282597,0.9964592817400101
192,SRS,rf,13,0.9999616999040302,0.9908303616912888,0.9868087265347539,0.9948849104859335
193,PCA-QS,logistic,13,0.9999996834160308,0.9979231568016614,1.0,0.9958549222797928
193,PCA-QS,rf,13,0.999990272238038,0.992930086410055,0.9864724245577523,0.9994728518713759
193,SRS,logistic,13,0.9999994243927833,0.998181345804105,0.9994797086368367,0.9968863518422418
193,SRS,rf,13,0.9999810769127514,0.9844121532364597,0.9693028095733611,1.0
194,PCA-QS,logistic,13,0.999994659592237,0.998470168281489,0.9979612640163099,0.9989795918367347
194,PCA-QS,rf,13,0.9999868467734725,0.9813084112149533,0.963302752293578,1.0
194,SRS,logistic,13,0.9999966375210381,0.9989806320081549,0.9989806320081549,0.9989806320081549
194,SRS,rf,13,0.9999852503023688,0.984472049689441,0.9694189602446484,1.0
195,PCA-QS,logistic,13,0.9999989113406731,0.9987440341622708,0.9994972347913524,0.9979919678714859
195,PCA-QS,rf,13,0.9999862521867049,0.9929292929292929,0.9884364002011061,0.9974632166412988
195,SRS,logistic,13,0.999998827597648,0.9984917043740573,0.9984917043740573,0.9984917043740573
195,SRS,rf,13,0.9999846331548854,0.9906305393770575,0.9834087481146304,0.9979591836734694
196,PCA-QS,logistic,13,0.9999963037299062,0.994475138121547,0.9989909182643795,0.99
196,PCA-QS,rf,13,0.9999515984632029,0.9838915878291997,0.970736629667003,0.9974079834110938
196,SRS,logistic,13,0.9999966677565063,0.9964771011575239,0.9989909182643795,0.9939759036144579
196,SRS,rf,13,0.9999569188519744,0.9838998211091234,0.9712411705348133,0.9968928016571724
197,PCA-QS,logistic,13,0.9999984302040164,0.9964028776978417,0.9994845360824742,0.9933401639344263
197,PCA-QS,rf,13,0.9999815905743741,0.9901452282157677,0.984020618556701,0.9963465553235908
197,SRS,logistic,13,0.9999958043634619,0.9979402677651905,0.9989690721649485,0.9969135802469136
197,SRS,rf,13,0.9999829748490141,0.9901401141670991,0.9835051546391752,0.9968652037617555
198,PCA-QS,logistic,13,0.9999990443028174,0.9977978957670663,1.0,0.99560546875
198,PCA-QS,rf,13,0.999968243547904,0.9845771144278607,0.9705738106915155,0.9989904088844018
198,SRS,logistic,13,0.9999992627478878,0.9987754102375704,1.0,0.9975538160469667
198,SRS,rf,13,0.9999511502211524,0.9866071428571429,0.9754781755762629,0.9979929754139488
199,PCA-QS,logistic,13,0.9999981787966399,0.99727385377943,0.9985111662531018,0.996039603960396
199,PCA-QS,rf,13,0.9999875413133773,0.986673371888358,0.973697270471464,1.0
199,SRS,logistic,13,0.9999987582704364,0.998758997269794,0.9985111662531018,0.9990069513406157
199,SRS,rf,13,0.9999856373280464,0.986673371888358,0.973697270471464,1.0
200,PCA-QS,logistic,13,0.9999992476583575,0.9972465581977472,0.9994982438534872,0.995004995004995
200,PCA-QS,rf,13,0.9999580360550537,0.9903894790085989,0.9824385348720521,0.998470168281489
200,SRS,logistic,13,0.9999992476583576,0.9979959919839679,0.9994982438534872,0.9964982491245623
200,SRS,rf,13,0.9999813725782227,0.9908998988877654,0.9834420471650778,0.9984717269485481
201,PCA-QS,logistic,13,0.9999979731230002,0.9987509367974019,0.999000499750125,0.9985014985014985
201,PCA-QS,rf,13,0.9999894352507062,0.9876231371558475,0.9770114942528736,0.998467824310521
201,SRS,logistic,13,0.9999988060861508,0.9975049900199601,0.999000499750125,0.9960139511709019
201,SRS,rf,13,0.9999844930026791,0.9909456740442656,0.9845077461269365,0.9974683544303797
202,PCA-QS,logistic,13,0.9999998591669857,0.9984779299847792,0.9994921279837481,0.9974657881398885
202,PCA-QS,rf,13,0.9999559051832154,0.9779507133592736,0.95733875063484,0.9994697773064687
202,SRS,logistic,13,0.9999818043745495,0.9977163156559249,0.9984763839512443,0.9969574036511156
202,SRS,rf,13,0.9999735374766087,0.9827096774193549,0.9669883189436262,0.9989506820566632
203,PCA-QS,logistic,12,0.9999993926645584,0.9982643193652369,0.9995034756703078,0.9970282317979198
203,PCA-QS,rf,12,0.9999801097642864,0.9750762970498474,0.951837140019861,0.9994786235662148
203,SRS,logistic,12,0.9999990613906811,0.9980168567178979,0.9995034756703078,0.9965346534653465
203,SRS,rf,12,0.9999844439308472,0.975609756097561,0.9533267130089375,0.9989594172736732
204,PCA-QS,logistic,13,0.9999999441213276,0.999748427672956,1.0,0.9994969818913481
204,PCA-QS,rf,13,0.9999883912058034,0.9857069933639612,0.9718168092601912,1.0
204,SRS,logistic,13,0.9999978766104477,0.9984894259818731,0.9979869149471565,0.998992443324937
204,SRS,rf,13,0.9999930151659466,0.9888040712468193,0.9778560644187216,1.0
205,PCA-QS,logistic,13,0.9999970132660765,0.9975161450571287,0.9990049751243781,0.996031746031746
205,PCA-QS,rf,13,0.9999765900901274,0.9846076204895281,0.9706467661691542,0.9989759344598055
205,SRS,logistic,13,0.999996128307877,0.9975161450571287,0.9990049751243781,0.996031746031746
205,SRS,rf,13,0.999981360567922,0.9859013091641491,0.9741293532338309,0.9979612640163099
206,PCA-QS,logistic,13,0.9999973257396101,0.9970311726867888,0.999008428358949,0.9950617283950617
206,PCA-QS,rf,13,0.9999631806726736,0.9877223753445252,0.9771938522558254,0.9984802431610942
206,SRS,logistic,13,0.9999980976910628,0.9972711485983627,0.9965294992563213,0.9980139026812314
206,SRS,rf,13,0.9999162432673772,0.9882352941176471,0.9786812097174021,0.9979777553083923
207,PCA-QS,logistic,13,0.9999992894355935,0.9982838931110566,0.9995090819833088,0.9970617042115573
207,PCA-QS,rf,13,0.9999851738003643,0.9935897435897436,0.9891998036327934,0.9980188211986132
207,SRS,logistic,13,0.999999125459192,0.9982838931110566,0.9995090819833088,0.9970617042115573
207,SRS,rf,13,0.9999853377767658,0.9890873015873016,0.9788905252822778,0.9994987468671679
208,PCA-QS,logistic,13,0.9999982071806333,0.9975259772389906,1.0,0.9950641658440277
208,PCA-QS,rf,13,0.9999722940453243,0.9907523119220195,0.9831349206349206,0.9984886649874055
208,SRS,logistic,13,0.9999989794720527,0.9982651796778191,0.9990079365079365,0.9975235264982665
208,SRS,rf,13,0.9999823476246963,0.9927626653356626,0.9866071428571429,0.9989954796584631
209,PCA-QS,logistic,13,0.9999951350231645,0.9979434447300771,0.9969183359013868,0.9989706639217705
209,PCA-QS,rf,13,0.9999766993214724,0.9808950536508767,0.9625064201335388,1.0
209,SRS,logistic,13,0.9999931150620224,0.997431946584489,0.997431946584489,0.997431946584489
209,SRS,rf,13,0.9999818487998771,0.9898832684824903,0.9799691833590138,1.0
210,PCA-QS,logistic,13,0.9999992703079814,0.9992418498862775,1.0,0.9984848484848485
210,PCA-QS,rf,13,0.9999733943063984,0.9913573970513472,0.9863429438543247,0.9964230965763924
210,SRS,logistic,13,0.999999382568292,0.9974760222110045,0.9994941831057157,0.9954659949622167
210,SRS,rf,13,0.9999803965432693,0.9929006085192698,0.9903894790085989,0.9954245043213015
211,PCA-QS,logistic,13,0.9999991119004343,0.9982539286605139,0.9995004995004995,0.9970104633781763
211,PCA-QS,rf,13,0.9999869837907398,0.9855586521408665,0.9715284715284715,1.0
211,SRS,logistic,13,0.9999987788630971,0.9980049875311721,0.9995004995004995,0.9965139442231076
211,SRS,rf,13,0.9999685557247509,0.986592461421705,0.974025974025974,0.9994874423372629
212,PCA-QS,logistic,13,0.9999996448723557,0.9990191270230505,0.9995093228655545,0.9985294117647059
212,PCA-QS,rf,13,0.999978023062317,0.991106719367589,0.9842983316977428,0.9980099502487563
212,SRS,logistic,13,0.9999995082848002,0.9990191270230505,0.9995093228655545,0.9985294117647059
212,SRS,rf,13,0.9999834455882711,0.9938438808175326,0.9901864573110893,0.9975284231339595
213,PCA-QS,logistic,13,0.9999976688799783,0.9955839057899902,1.0,0.9912066438690766
213,PCA-QS,rf,13,0.9999771961611994,0.9860209685471792,0.9733859043863973,0.9989883662114315
213,SRS,logistic,13,0.9999983270785726,0.9960726558664703,1.0,0.9921760391198045
213,SRS,rf,13,0.9999811453527656,0.9872849663425579,0.9758501724987678,0.9989909182643795
214,PCA-QS,logistic,13,0.9999964297575489,0.9983038526774897,0.9995147986414362,0.9970958373668926
214,PCA-QS,rf,13,0.999933085001333,0.9774473358116481,0.9568170790878214,0.9989868287740629
214,SRS,logistic,13,0.9999958076698491,0.9975751697381183,0.9980591945657448,0.9970916141541445
214,SRS,rf,13,0.9999522074362794,0.9804890096320079,0.9631246967491509,0.9984909456740443
215,PCA-QS,logistic,13,0.9999990573903572,0.9978318477475308,1.0,0.9956730769230769
215,PCA-QS,rf,13,0.9999766232808585,0.9843060323688082,0.969097054563013,1.0
215,SRS,logistic,13,0.9999980070538981,0.9975903614457832,0.9995171414775471,0.9956709956709957
215,SRS,rf,13,0.9999863456260312,0.9897610921501706,0.9802028005794302,0.999507631708518
216,PCA-QS,logistic,13,0.9999972979169396,0.99706457925636,0.9990196078431373,0.9951171875
216,PCA-QS,rf,13,0.9999650503297088,0.9813200498132005,0.9656862745098039,0.9974683544303797
216,SRS,logistic,13,0.9999967520415738,0.9965786901270772,0.9995098039215686,0.9936647173489279
216,SRS,rf,13,0.9999550471636316,0.9808219178082191,0.9651960784313726,0.9969620253164557
217,PCA-QS,logistic,13,0.9999956023117768,0.9976987982613142,0.9989759344598055,0.9964249233912156
217,PCA-QS,rf,13,0.999958491497609,0.9854771784232366,0.9728622631848438,0.9984235417761429
217,SRS,logistic,13,0.9999942404470367,0.9941371399439205,0.9984639016897081,0.9898477157360406
217,SRS,rf,13,0.9999743515473947,0.9907168643630737,0.9836149513568868,0.9979220779220779
218,PCA-QS,logistic,13,0.9999991047384404,0.9982381072237604,0.9994959677419355,0.9969834087481146
218,PCA-QS,rf,13,0.9999781640110225,0.9851889683350358,0.9722782258064516,0.9984472049689441
218,SRS,logistic,13,0.9999980416153383,0.9982381072237604,0.9994959677419355,0.9969834087481146
218,SRS,rf,13,0.9999756181109622,0.9898322318251144,0.9813508064516129,0.9984615384615385
219,PCA-QS,logistic,13,0.9999995724638319,0.9982019008476753,1.0,0.9964102564102564
219,PCA-QS,rf,13,0.9999919765712459,0.9890795631825273,0.9788986103962944,0.999474513925381
219,SRS,logistic,13,0.9999990594204302,0.9979434447300771,0.9989706639217705,0.9969183359013868
219,SRS,rf,13,0.9999946557978991,0.9909114515710206,0.981986618630983,1.0
220,PCA-QS,logistic,13,0.999995895401933,0.9969418960244648,0.9989785495403473,0.9949135300101729
220,PCA-QS,rf,13,0.9999316372115048,0.980739198334201,0.9622063329928499,1.0
220,SRS,logistic,13,0.999999094157668,0.9979581419091373,0.998467824310521,0.9974489795918368
220,SRS,rf,13,0.9999441633125022,0.9810044236273745,0.9627170582226762,1.0
221,PCA-QS,logistic,13,0.9999996316661068,0.9989785495403473,1.0,0.9979591836734694
221,PCA-QS,rf,13,0.999988949983204,0.9745740498034076,0.9504089979550102,1.0
221,SRS,logistic,13,0.9999997733329888,0.9982138300586885,1.0,0.9964340295466123
221,SRS,rf,13,0.9999894883173557,0.982839313572543,0.9662576687116564,1.0
222,PCA-QS,logistic,13,0.9999980782066292,0.9972451790633609,0.9984954864593781,0.9959979989994997
222,PCA-QS,rf,13,0.9999763953640328,0.9888551165146909,0.9789368104312939,0.9989764585465711
222,SRS,logistic,13,0.9999969641235157,0.9972424166457758,0.9974924774322969,0.9969924812030075
222,SRS,rf,13,0.999940076254533,0.9805924412665986,0.9628886659979939,0.9989594172736732
223,PCA-QS,logistic,13,0.9999995840725749,0.9977595220313666,1.0,0.9955290611028316
223,PCA-QS,rf,13,0.9999804791395206,0.9907011812013069,0.9835329341317365,0.9979746835443037
223,SRS,logistic,13,0.999998807674715,0.9970119521912351,0.999001996007984,0.9950298210735586
223,SRS,rf,13,0.9999666426205158,0.9889336016096579,0.9810379241516967,0.9969574036511156
224,PCA-QS,logistic,13,0.9999979713205306,0.997002997002997,0.9984992496248124,0.9955112219451372
224,PCA-QS,rf,13,0.999964164627728,0.9876231371558475,0.9779889944972486,0.9974489795918368
224,SRS,logistic,13,0.9999970264561201,0.9977528089887641,0.9994997498749375,0.996011964107677
224,SRS,rf,13,0.9999554524220613,0.986592461421705,0.9754877438719359,0.9979529170931423
225,PCA-QS,logistic,13,0.999997801196501,0.997534516765286,0.9995059288537549,0.9955708661417323
225,PCA-QS,rf,13,0.9999621118672063,0.9897730107258668,0.9802371541501976,0.9994962216624685
225,SRS,logistic,13,0.9999983234123319,0.9980246913580247,0.9985177865612648,0.9975320829220138
225,SRS,rf,13,0.9999794137022397,0.9867400550412809,0.974308300395257,0.9994931576279777
226,PCA-QS,logistic,13,0.9999865990535295,0.9964788732394366,0.9984879032258065,0.9944779116465864
226,PCA-QS,rf,13,0.9999359608215637,0.981025641025641,0.9642137096774194,0.9984342379958246
226,SRS,logistic,13,0.9999973981460923,0.9984871406959153,0.9979838709677419,0.9989909182643795
226,SRS,rf,13,0.9999700087377528,0.9862525458248472,0.9763104838709677,0.9963991769547325
227,PCA-QS,logistic,13,0.9999963412805122,0.997037037037037,0.9985163204747775,0.9955621301775148
227,PCA-QS,rf,13,0.9999799320611552,0.9877714000499127,0.9787339268051434,0.996977329974811
227,SRS,logistic,13,0.9999963687896813,0.9980227385071676,0.9985163204747775,0.9975296442687747
227,SRS,rf,13,0.9999834669893822,0.9890274314214463,0.9807121661721068,0.9974849094567404
228,PCA-QS,logistic,13,0.999999641278126,0.999008428358949,1.0,0.9980188211986132
228,PCA-QS,rf,13,0.9999768210481439,0.9854417670682731,0.9741935483870968,0.9969527679024885
228,SRS,logistic,13,0.9999996136841357,0.9977706217488234,0.9995037220843672,0.9960435212660732
228,SRS,rf,13,0.9999798287930872,0.9877162196039108,0.9776674937965261,0.9979736575481256
229,PCA-QS,logistic,13,0.9999998320631288,0.998991935483871,0.9994957135653051,0.9984886649874055
229,PCA-QS,rf,13,0.9999916871248763,0.9890445859872612,0.9788199697428139,0.9994850669412977
229,SRS,logistic,13,0.9999997201052148,0.9984886649874055,0.9994957135653051,0.9974836436839456
229,SRS,rf,13,0.9999843538815011,0.9833376057421174,0.9672213817448311,1.0
230,PCA-QS,logistic,13,0.9999975971042266,0.9970631424375918,0.9990191270230505,0.995114802149487
230,PCA-QS,rf,13,0.9999705235683254,0.9820359281437125,0.9651790093182933,0.9994921279837481
230,SRS,logistic,13,0.9999993992760566,0.9982855743325986,0.9995095635115253,0.99706457925636
230,SRS,rf,13,0.9999816915725448,0.9845771144278607,0.9705738106915155,0.9989904088844018
231,PCA-QS,logistic,13,0.999998547044312,0.9974332648870636,0.9994855967078189,0.9953893442622951
231,PCA-QS,rf,13,0.9999915386698174,0.9880332986472424,0.9768518518518519,0.9994736842105263
231,SRS,logistic,13,0.9999987749589299,0.9974332648870636,0.9994855967078189,0.9953893442622951
231,SRS,rf,13,0.9999870516007812,0.988828267082359,0.9789094650205762,0.9989501312335958
232,PCA-QS,logistic,13,0.9999957241224934,0.9975049900199601,0.999000499750125,0.9960139511709019
232,PCA-QS,rf,13,0.9999368752759017,0.9822515212981744,0.968015992003998,0.9969119917653114
232,SRS,logistic,13,0.9999833129715491,0.9972561736093789,0.999000499750125,0.9955179282868526
232,SRS,rf,13,0.999940040535874,0.9850746268656716,0.9730134932533733,0.9974385245901639
233,PCA-QS,logistic,13,0.9999954621024332,0.9985569985569985,0.9990375360923965,0.9980769230769231
233,PCA-QS,rf,13,0.9999736318614757,0.9841192279501588,0.9692011549566891,0.9995037220843672
233,SRS,logistic,13,0.999996750972748,0.9978370583994232,0.9990375360923965,0.9966394623139703
233,SRS,rf,13,0.9999900783837223,0.9907811741872877,0.9826756496631376,0.9990215264187867
234,PCA-QS,logistic,13,0.9999983897970178,0.9968895800933126,0.9994802494802495,0.9943123061013444
234,PCA-QS,rf,13,0.99998304973825,0.988976377952756,0.9792099792099792,0.9989395546129375
234,SRS,logistic,13,0.9999988498550126,0.9974039460020768,0.9984407484407485,0.9963692946058091
234,SRS,rf,13,0.9999818852164504,0.9903217368558723,0.9838877338877339,0.9968404423380727
235,PCA-QS,logistic,13,0.9999988599035518,0.9974293059125964,0.9984559958826557,0.9964047252182845
235,PCA-QS,rf,13,0.9999922473441525,0.9927536231884058,0.9871332990221308,0.9984383133784487
235,SRS,logistic,13,0.9999985748794398,0.9961528597076174,0.9994853319608852,0.9928425357873211
235,SRS,rf,13,0.9999946700491048,0.993006993006993,0.9866186309830159,0.9994786235662148
236,PCA-QS,logistic,13,0.9999898766257781,0.9958117762995812,0.9995054401582592,0.9921453117329406
236,PCA-QS,rf,13,0.9999477188241613,0.9780469341408025,0.9584569732937686,0.9984544049459042
236,SRS,logistic,13,0.9999948832945509,0.9980246913580247,0.9995054401582592,0.9965483234714004
236,SRS,rf,13,0.9999501258764559,0.9844455594581034,0.9703264094955489,0.9989816700610998
237,PCA-QS,logistic,13,0.9999987138384742,0.9982813650871594,0.9995083579154376,0.9970573810691515
237,PCA-QS,rf,13,0.999972155971221,0.9753272910372608,0.9523107177974435,0.999484004127967
237,SRS,logistic,13,0.9999985770127798,0.9977903265406335,0.9990167158308751,0.9965669445806769
237,SRS,rf,13,0.9999759734080905,0.9735182849936949,0.9488692232055064,0.9994821336095288
238,PCA-QS,logistic,13,0.9999994205262036,0.9985133795837463,1.0,0.9970311726867888
238,PCA-QS,rf,13,0.9999906456372867,0.9894736842105263,0.9796526054590571,0.999493670886076
238,SRS,logistic,13,0.9999993101502423,0.9987602281180263,0.9995037220843672,0.998017839444995
238,SRS,rf,13,0.9999961368413572,0.9935129740518962,0.9880893300248139,0.9989964877069744
239,PCA-QS,logistic,13,0.9999981372328889,0.9972534332084894,0.9994994994994995,0.9950174389636273
239,PCA-QS,rf,13,0.9999723226170287,0.9863291139240506,0.974974974974975,0.9979508196721312
239,SRS,logistic,13,0.9999985542703018,0.9989994997498749,0.9994994994994995,0.9985
239,SRS,rf,13,0.9999737544454798,0.9868421052631579,0.975975975975976,0.9979529170931423
240,PCA-QS,logistic,13,0.9999942179974054,0.9977151561309977,0.9994913530010173,0.9959452610238216
240,PCA-QS,rf,13,0.9999912000741,0.9802904564315352,0.9613428280773143,1.0
240,SRS,logistic,13,0.9999968692571316,0.9972074130489972,0.9989827060020345,0.9954384186517993
240,SRS,rf,13,0.9999852629446064,0.9771190847633905,0.9557477110885045,0.999468085106383
241,PCA-QS,logistic,13,0.9999970552262593,0.9982703236965653,0.9995051954477981,0.9970384995064165
241,PCA-QS,rf,13,0.9999807351250602,0.987240430322742,0.9762493814943097,0.9984817813765182
241,SRS,logistic,13,0.999997770778757,0.9982703236965653,0.9995051954477981,0.9970384995064165
241,SRS,rf,13,0.999974804295704,0.9895261845386534,0.9816922315685305,0.9974861739567622
242,PCA-QS,logistic,13,0.9999994289023225,0.9979402677651905,0.999484270242393,0.996401028277635
242,PCA-QS,rf,13,0.9999526131702149,0.9781636411470666,0.9587416193914389,0.9983888292158969
242,SRS,logistic,13,0.9999993717925548,0.9971700540262414,0.999484270242393,0.9948665297741273
242,SRS,rf,13,0.9999580814304763,0.9843014128728415,0.9700876740587931,0.9989378651088688
243,PCA-QS,logistic,13,0.9999978343763963,0.997784888013783,0.9985221674876847,0.9970486965076242
243,PCA-QS,rf,13,0.9999328245488512,0.9895678092399404,0.9812807881773399,0.9979959919839679
243,SRS,logistic,13,0.9999976150727402,0.9965601965601966,0.9990147783251232,0.9941176470588236
243,SRS,rf,13,0.999938252314339,0.9900645802285146,0.9817733990147783,0.998496993987976
244,PCA-QS,logistic,13,0.9999990609766158,0.9975210708973723,0.9995032290114257,0.9955467590301831
244,PCA-QS,rf,13,0.9999814819064969,0.9817997977755308,0.964729259811227,0.9994853319608852
244,SRS,logistic,13,0.9999990057399462,0.9975210708973723,0.9995032290114257,0.9955467590301831
244,SRS,rf,13,0.9999916454537141,0.992503748125937,0.9865871833084948,0.9984917043740573
245,PCA-QS,logistic,13,0.9999961289107749,0.99644128113879,0.9989806320081549,0.9939148073022313
245,PCA-QS,rf,13,0.9999704017082975,0.9831562580979528,0.9668705402650357,1.0
245,SRS,logistic,13,0.9999970613629241,0.9977081741787625,0.9984709480122325,0.9969465648854962
245,SRS,rf,13,0.9999828626597446,0.9871001031991744,0.9750254841997962,0.9994775339602926
246,PCA-QS,logistic,13,0.9999986725650345,0.9982183761771443,0.9989811512990321,0.9974567650050865
246,PCA-QS,rf,13,0.9999814300321315,0.9892030848329049,0.9801324503311258,0.9984431759211209
246,SRS,logistic,13,0.9999993221608687,0.9982201881515382,1.0,0.9964467005076142
246,SRS,rf,13,0.9999789869869291,0.9917990773962071,0.9857361181864494,0.9979370809695719
247,PCA-QS,logistic,13,0.9999996890413566,0.9989806320081549,0.9994900560938297,0.9984717269485481
247,PCA-QS,rf,13,0.9999539498518126,0.9863437258438547,0.9760326364099949,0.996875
247,SRS,logistic,13,0.9999996042344539,0.9982174688057041,0.9994900560938297,0.9969481180061037
247,SRS,rf,13,0.9999494974894189,0.9842499354505552,0.9719530851606323,0.9968619246861925
248,PCA-QS,logistic,13,0.999998864138938,0.9985067197610752,1.0,0.9970178926441352
248,PCA-QS,rf,13,0.9999584302555266,0.9825183683810489,0.9666001994017946,0.9989696032972695
248,SRS,logistic,13,0.999999584441075,0.9980099502487563,1.0,0.9960278053624627
248,SRS,rf,13,0.9999799977637389,0.9891878300226301,0.9805583250249252,0.9979705733130391
249,PCA-QS,logistic,13,0.9999988232990296,0.9982813650871594,0.9995083579154376,0.9970573810691515
249,PCA-QS,rf,13,0.9999620171872774,0.9840478564307079,0.9705014749262537,0.9979777553083923
249,SRS,logistic,13,0.9999973182163928,0.9980363279332352,0.9995083579154376,0.9965686274509804
249,SRS,rf,13,0.9999669429122704,0.9868257519264231,0.9759095378564405,0.9979889391654098
250,PCA-QS,logistic,13,0.9999993875274134,0.9987471811576046,0.9989974937343359,0.998496993987976
250,PCA-QS,rf,13,0.9999878619069196,0.9880922219407144,0.9774436090225563,0.9989754098360656
250,SRS,logistic,13,0.9999991648101092,0.998747808665164,0.9994987468671679,0.997997997997998
250,SRS,rf,13,0.9999583101046144,0.9832317073170732,0.9699248120300752,0.9969088098918083
251,PCA-QS,logistic,13,0.9999992844475022,0.9992579767499382,0.9995051954477981,0.9990108803165183
251,PCA-QS,rf,13,0.9999887025269103,0.9849397590361446,0.9708065314200891,0.999490575649516
251,SRS,logistic,13,0.9999992294050024,0.9992576095025983,0.9990103908955963,0.9995049504950495
251,SRS,rf,13,0.9999810516194343,0.979550618530674,0.9599208312716477,1.0
252,PCA-QS,logistic,13,0.9999959630411049,0.9982192826252861,0.9989816700610998,0.9974580579562786
252,PCA-QS,rf,13,0.9999698921911777,0.9690451206715635,0.9404276985743381,0.9994588744588745
252,SRS,logistic,13,0.9999982214796476,0.9977105062325108,0.9984725050916496,0.9969496695475343
252,SRS,rf,13,0.9999589387642457,0.9765625,0.9546843177189409,0.9994669509594882
253,PCA-QS,logistic,13,0.9999867289287327,0.9972819372374598,0.999009900990099,0.9955599407992106
253,PCA-QS,rf,13,0.999993419531052,0.9937764500871297,0.9881188118811881,0.99949924887331
253,SRS,logistic,13,0.9999983755327702,0.9982686124165224,0.999009900990099,0.9975284231339595
253,SRS,rf,13,0.9999925109307372,0.9910179640718563,0.9831683168316832,0.9989939637826962
254,PCA-QS,logistic,13,0.9999991962300417,0.9982539286605139,0.9980049875311721,0.9985029940119761
254,PCA-QS,rf,13,0.9999947477790658,0.9899295065458208,0.9805486284289276,0.9994916115912558
254,SRS,logistic,13,0.9999981707304398,0.9985037406483791,0.9985037406483791,0.9985037406483791
254,SRS,rf,13,0.999994789353374,0.9891660367850844,0.9790523690773068,0.9994908350305499
255,PCA-QS,logistic,13,0.9999989959539526,0.9974133471288154,0.9994815966822188,0.9953536396489416
255,PCA-QS,rf,13,0.9999751140015397,0.9744816586921851,0.9502332814930016,1.0
255,SRS,logistic,13,0.9999995410075212,0.9968976215098242,0.9994815966822188,0.9943269726663229
255,SRS,rf,13,0.9999677844653939,0.9817989976259562,0.9647485743908761,0.9994629430719656
256,PCA-QS,logistic,13,0.9999990788092504,0.9985429820301117,0.9995138551288284,0.997573993207181
256,PCA-QS,rf,13,0.9999674331976175,0.9922027290448343,0.9897909577053962,0.9946262823644357
256,SRS,logistic,13,0.9999991329969415,0.9983005583879583,0.9995138551288284,0.997090203685742
256,SRS,rf,13,0.9999753175066801,0.992921649987796,0.988818667963053,0.9970588235294118
257,PCA-QS,logistic,13,0.9999964930539844,0.9969450101832994,0.9989795918367347,0.9949186991869918
257,PCA-QS,rf,13,0.999981998619847,0.9855147439213657,0.9719387755102041,0.9994753410283316
257,SRS,logistic,13,0.9999975111996018,0.9961841770541847,0.9989795918367347,0.9934043632673769
257,SRS,rf,13,0.999989196343726,0.9868251097907518,0.9744897959183674,0.9994767137624281
258,PCA-QS,logistic,13,0.9999995928912405,0.9985401459854014,0.9995129079396006,0.997569275644142
258,PCA-QS,rf,13,0.9999885331032753,0.9829081000743126,0.9663906478324403,1.0
258,SRS,logistic,13,0.9999995928912405,0.9987831589194451,0.9995129079396006,0.9980544747081712
258,SRS,rf,13,0.9999907857717443,0.9861864824864331,0.9736970287384316,0.999000499750125
259,PCA-QS,logistic,13,0.9999898312821504,0.996716342510735,0.9989873417721519,0.9944556451612904
259,PCA-QS,rf,13,0.9999337909724538,0.9913309535951046,0.9843037974683544,0.9984591679506933
259,SRS,logistic,13,0.9999940448392703,0.9987344975955454,0.9989873417721519,0.9984817813765182
259,SRS,rf,13,0.9999379904843836,0.9915794845623883,0.9837974683544304,0.9994855967078189
260,PCA-QS,logistic,13,0.9999976973116113,0.9982788296041308,1.0,0.9965635738831615
260,PCA-QS,rf,13,0.9999744785370253,0.9888087540412832,0.9793103448275862,0.9984932194876946
260,SRS,logistic,13,0.9999973683561272,0.9980314960629921,0.9990147783251232,0.9970501474926253
260,SRS,rf,13,0.9999793854563298,0.991571641051066,0.9852216748768473,0.998003992015968
261,PCA-QS,logistic,13,0.9999981512494875,0.9978043425225664,0.9980478282088824,0.9975609756097561
261,PCA-QS,rf,13,0.9999839865580613,0.9886699507389163,0.9795021961932651,0.9980109398309299
261,SRS,logistic,13,0.9999989124996985,0.9985372988785958,0.9995119570522206,0.997564539698003
261,SRS,rf,13,0.9999820426512724,0.987934006402364,0.9790141532454856,0.9970178926441352
262,PCA-QS,logistic,13,0.9999971143808262,0.9982897630100172,0.998533724340176,0.9980459208597948
262,PCA-QS,rf,13,0.9999712526995512,0.985126425384234,0.9711632453567938,0.9994969818913481
262,SRS,logistic,13,0.9999965699243782,0.9970731707317073,0.9990224828934506,0.9951314508276533
262,SRS,rf,13,0.9999749686148081,0.9836065573770492,0.967741935483871,1.0
263,PCA-QS,logistic,13,0.9999948486149036,0.9965585054080629,0.9980305268340719,0.9950908198330879
263,PCA-QS,rf,13,0.9999880805717183,0.9817088449010273,0.9645494830132939,0.9994897959183674
263,SRS,logistic,13,0.9999959994562548,0.9960745829244357,0.999507631708518,0.9926650366748166
263,SRS,rf,13,0.9999906699647587,0.9847614289283038,0.9704579025110783,0.9994929006085193
264,PCA-QS,logistic,13,0.9999995329590138,0.9990133201776024,1.0,0.9980285855101035
264,PCA-QS,rf,13,0.9999364000068682,0.986013986013986,0.9748148148148148,0.9974734714502274
264,SRS,logistic,13,0.9999995879050121,0.998766345916605,0.9995061728395062,0.9980276134122288
264,SRS,rf,13,0.9999667301979773,0.9870194707938093,0.9762962962962963,0.9979808177688037
265,PCA-QS,logistic,13,0.9999752070554052,0.9977301387137453,0.9984856133266027,0.9969758064516129
265,PCA-QS,rf,13,0.9996642727140982,0.9827984595635431,0.9661786976274609,1.0
265,SRS,logistic,13,0.9999675310477003,0.9979818365287588,0.9984856133266027,0.9974785678265254
265,SRS,rf,13,0.9996696095004771,0.9835897435897436,0.9681978798586572,0.9994788952579469
266,PCA-QS,logistic,13,0.9999980846710053,0.9964539007092199,0.9989842559674962,0.9939363314805457
266,PCA-QS,rf,13,0.9999765935530196,0.9837587006960556,0.9690198070086338,0.9989528795811519
266,SRS,logistic,13,0.9999990141688998,0.9977197871801368,1.0,0.9954499494438828
266,SRS,rf,13,0.9999814382087122,0.9840123775141826,0.9690198070086338,0.9994761655316919
267,PCA-QS,logistic,13,0.9999971795109295,0.9972074130489972,0.9989827060020345,0.9954384186517993
267,PCA-QS,rf,13,0.9999784373610556,0.9845121321631388,0.9699898270600203,0.999475890985325
267,SRS,logistic,13,0.9999986743701369,0.9979674796747967,0.9989827060020345,0.9969543147208122
267,SRS,rf,13,0.9999771399360832,0.9855595667870036,0.9720244150559512,0.9994769874476988
268,PCA-QS,logistic,13,0.999998713838474,0.9982813650871594,0.9995083579154376,0.9970573810691515
268,PCA-QS,rf,13,0.9999860985094646,0.9900842835894893,0.9818092428711898,0.9985
268,SRS,logistic,13,0.9999973729466706,0.9972992879941075,0.9985250737463127,0.996076508092202
268,SRS,rf,13,0.9999852091424521,0.9863081901916854,0.9739429695181907,0.9989914271306102
269,PCA-QS,logistic,13,0.9999998913439099,0.998539435248296,1.0,0.9970831307729704
269,PCA-QS,rf,13,0.9999739361203783,0.9884264959369613,0.9785470502194051,0.9985074626865672
269,SRS,logistic,13,0.9999997826878197,0.998539435248296,1.0,0.9970831307729704
269,SRS,rf,13,0.9999403478065146,0.9866929521931986,0.9761092150170648,0.9975087194818136
270,PCA-QS,logistic,13,0.9999989069384186,0.9974811083123426,1.0,0.9949748743718593
270,PCA-QS,rf,13,0.9999860564580321,0.9910918808857215,0.9833333333333333,0.9989738327347357
270,SRS,logistic,13,0.9999988508839786,0.9979828542612204,0.9994949494949495,0.9964753272910373
270,SRS,rf,13,0.9999830855727081,0.9893075356415478,0.9813131313131314,0.9974332648870636
271,PCA-QS,logistic,13,0.9999963294476218,0.9971014492753624,0.9990319457889641,0.9951783992285439
271,PCA-QS,rf,13,0.999968746326074,0.981029810298103,0.9636979670861568,0.9989964877069744
271,SRS,logistic,13,0.999997867840898,0.9975798644724104,0.9975798644724104,0.9975798644724104
271,SRS,rf,13,0.9999683549804159,0.9860328350894388,0.9738625363020329,0.9985111662531018
272,PCA-QS,logistic,13,0.9999992703497627,0.998547215496368,0.9995152690256908,0.9975810353168844
272,PCA-QS,rf,13,0.9999709220868396,0.9805082654823587,0.9631604459524964,0.9984924623115577
272,SRS,logistic,13,0.999998810940354,0.9987884661982069,0.9990305380513815,0.998546511627907
272,SRS,rf,13,0.9999734623506288,0.9852652259332023,0.9723703344643723,0.9985067197610752
273,PCA-QS,logistic,13,0.9999996480829086,0.998061076102763,1.0,0.996129656507015
273,PCA-QS,rf,13,0.9999823093985226,0.9847290640394089,0.9708596406022341,0.999000499750125
273,SRS,logistic,13,1.0,0.9997572226268512,1.0,0.9995145631067961
273,SRS,rf,13,0.9999884138065305,0.9882237487733072,0.9781447304516756,0.9985126425384234
274,PCA-QS,logistic,13,0.9999937723163319,0.9989939637826962,0.9989939637826962,0.9989939637826962
274,PCA-QS,rf,13,0.9999657756666581,0.988558352402746,0.9778672032193159,0.9994858611825193
274,SRS,logistic,13,0.9999903093890905,0.9989939637826962,0.9989939637826962,0.9989939637826962
274,SRS,rf,13,0.9999484331036184,0.988552531162554,0.977364185110664,1.0
275,PCA-QS,logistic,13,0.9999983501014758,0.9977335683706875,0.9979848866498741,0.9974823766364552
275,PCA-QS,rf,13,0.9999848293228915,0.9921339761481858,0.9848866498740554,0.9994887525562373
275,SRS,logistic,13,0.9999981823151851,0.9969803724207348,0.9979848866498741,0.9959778783308195
275,SRS,rf,13,0.9999897091075097,0.9954522486104093,0.9924433249370277,0.9984794728839331
276,PCA-QS,logistic,13,0.9999954689404933,0.9980285855101035,0.9995064165844028,0.9965551181102362
276,PCA-QS,rf,13,0.999958767358489,0.9773185483870968,0.9570582428430404,0.9984552008238929
276,SRS,logistic,13,0.9999969792936622,0.9972913075597144,0.9995064165844028,0.995085995085995
276,SRS,rf,13,0.9999368260460899,0.9742294087923193,0.9516288252714709,0.9979296066252588
277,PCA-QS,logistic,13,0.9999963739971196,0.9957805907172996,0.999003984063745,0.9925779317169718
277,PCA-QS,rf,13,0.9999582040889355,0.9766378872524124,0.9576693227091634,0.9963730569948187
277,SRS,logistic,13,0.9999986990676688,0.9980099502487563,0.999003984063745,0.9970178926441352
277,SRS,rf,13,0.9999849285605467,0.9876791551420668,0.9780876494023905,0.9974606399187405
278,PCA-QS,logistic,13,0.9999980846710053,0.9982228992129982,0.9984763839512443,0.9979695431472081
278,PCA-QS,rf,13,0.9999819311242624,0.9795283752267426,0.9598781107160995,1.0
278,SRS,logistic,13,0.9999982818372253,0.997712833545108,0.9969527679024885,0.9984740590030519
278,SRS,rf,13,0.9999868743630651,0.9842742974993555,0.9695276790248857,0.9994764397905759
279,PCA-QS,logistic,13,0.999998179224132,0.9978075517661389,0.9990243902439024,0.9965936739659368
279,PCA-QS,rf,13,0.9999771044228548,0.975512243878061,0.9521951219512195,1.0
279,SRS,logistic,13,0.9999981792241321,0.997564539698003,0.9990243902439024,0.9961089494163424
279,SRS,rf,13,0.9999651470887969,0.9828911480287628,0.9668292682926829,0.9994957135653051
280,PCA-QS,logistic,13,0.9999968570547996,0.997771725674672,0.999008428358949,0.996538081107814
280,PCA-QS,rf,13,0.9999824243196026,0.9821023443408117,0.9657907783837383,0.9989743589743589
280,SRS,logistic,13,0.9999975738668627,0.9977728285077951,0.9995042141794744,0.9960474308300395
280,SRS,rf,13,0.9999888756281721,0.9859367152184831,0.9732275656916212,0.9989821882951654
281,PCA-QS,logistic,13,0.9999964534772393,0.99846547314578,0.9994879672299027,0.9974450689831375
281,PCA-QS,rf,13,0.9999511856607219,0.9833506763787722,0.967741935483871,0.9994711792702274
281,SRS,logistic,13,0.999995034868135,0.9989764585465711,0.9994879672299027,0.99846547314578
281,SRS,rf,13,0.9999675422236942,0.986258750324086,0.9738863287250384,0.9989495798319328
282,PCA-QS,logistic,13,0.9999990804713259,0.9974962443665498,0.9994982438534872,0.9955022488755623
282,PCA-QS,rf,13,0.9999708537274808,0.9829212337496813,0.9673858504766684,0.9989637305699481
282,SRS,logistic,13,0.999998885419789,0.9979939819458375,0.9984947315604616,0.9974937343358395
282,SRS,rf,13,0.9999773740217156,0.9878357830714648,0.9779227295534371,0.9979518689196109
283,PCA-QS,logistic,13,0.9999972208647449,0.9982897630100172,0.9995107632093934,0.9970717423133236
283,PCA-QS,rf,13,0.9999661054484565,0.9873793615441723,0.976027397260274,0.99899849774662
283,SRS,logistic,13,0.9999976295611059,0.9982889269127353,0.9990215264187867,0.9975574010747436
283,SRS,rf,13,0.9999779031500791,0.9898790422117996,0.9809197651663405,0.9990034877927254
284,PCA-QS,logistic,13,0.9999985871937135,0.9977093407991855,0.9989806320081549,0.99644128113879
284,PCA-QS,rf,13,0.9999749085603515,0.9923155737704918,0.9872579001019368,0.9974253347064882
284,SRS,logistic,13,0.9999992370846053,0.9977093407991855,0.9989806320081549,0.99644128113879
284,SRS,rf,13,0.9999864653157753,0.9917864476386037,0.9847094801223242,0.9989658738366081
285,PCA-QS,logistic,13,0.999998305896076,0.9984431759211209,0.9984431759211209,0.9984431759211209
285,PCA-QS,rf,13,0.9999793118325895,0.9868559411146162,0.9740529320186819,1.0
285,SRS,logistic,13,0.9999980187598178,0.9966382208430308,1.0,0.993298969072165
285,SRS,rf,13,0.9999882417702226,0.9929448654298406,0.9859885832900882,1.0
286,PCA-QS,logistic,13,0.9999989098777486,0.9977381251570746,0.999496475327291,0.9959859508278976
286,PCA-QS,rf,13,0.9999742283919042,0.984952818158633,0.972306143001007,0.9979328165374677
286,SRS,logistic,13,0.9999977638517922,0.995987963891675,1.0,0.9920079920079921
286,SRS,rf,13,0.9999893922719388,0.991128010139417,0.9843907351460222,0.9979581419091373
287,PCA-QS,logistic,13,0.9999969074321527,0.9976976208749041,0.9984639016897081,0.9969325153374233
287,PCA-QS,rf,13,0.9999770185325108,0.9886187273667874,0.978494623655914,0.9989545216936748
287,SRS,logistic,13,0.9999974181314302,0.9979529170931423,0.9984639016897081,0.9974424552429667
287,SRS,rf,13,0.9999853457679526,0.9917568263781555,0.985663082437276,0.997926386728875
288,PCA-QS,logistic,13,0.9999963735641065,0.9970428782651553,0.9990123456790123,0.9950811608460404
288,PCA-QS,rf,13,0.9999762221191983,0.985478217325989,0.9718518518518519,0.9994921279837481
288,SRS,logistic,13,0.9999992307560226,0.9980266403552047,0.9990123456790123,0.9970428782651553
288,SRS,rf,13,0.9999765655316883,0.9910358565737052,0.9827160493827161,0.9994977398292315
289,PCA-QS,logistic,13,0.9999996880484321,0.9984670413898825,1.0,0.996938775510204
289,PCA-QS,rf,13,0.999963430768475,0.9839211618257261,0.9708290685772774,0.9973711882229233
289,SRS,logistic,13,0.9999999432815331,0.9987222080245336,1.0,0.9974476773864216
289,SRS,rf,13,0.9999779081571478,0.9870600414078675,0.9759467758444217,0.9984293193717277
290,PCA-QS,logistic,13,0.9999968673097305,0.9963749352667012,0.9994805194805195,0.9932885906040269
290,PCA-QS,rf,13,0.9999493308904097,0.987149226330973,0.9776623376623377,0.996822033898305
290,SRS,logistic,13,0.9999983905444486,0.997149520601192,0.9994805194805195,0.9948293691830403
290,SRS,rf,13,0.9999570907653895,0.9887522887784462,0.9818181818181818,0.9957850368809273
291,PCA-QS,logistic,13,0.9999952835059736,0.997275204359673,0.9985119047619048,0.9960415635823849
291,PCA-QS,rf,13,0.9999596064005748,0.9879638916750251,0.9771825396825397,0.9989858012170385
291,SRS,logistic,13,0.9999982623443061,0.9975222993062438,0.9985119047619048,0.9965346534653465
291,SRS,rf,13,0.9999804031052293,0.9912521869532617,0.9836309523809523,0.998992443324937
292,PCA-QS,logistic,13,0.9999989044390377,0.9982779827798278,0.9985236220472441,0.9980324643384161
292,PCA-QS,rf,13,0.9999822929959472,0.9811982953121083,0.9630905511811023,1.0
292,SRS,logistic,13,0.9999986579378213,0.9980334316617503,0.9990157480314961,0.9970530451866405
292,SRS,rf,13,0.9999857714020025,0.9827370527895922,0.9665354330708661,0.9994910941475827
293,PCA-QS,logistic,13,0.9999968736096382,0.9977606369743718,0.9980089596814335,0.9975124378109452
293,PCA-QS,rf,13,0.9999674910736713,0.9822964087000505,0.966650074664012,0.9984575835475579
293,SRS,logistic,13,0.9999969012768095,0.9970178926441352,0.9985067197610752,0.9955334987593052
293,SRS,rf,13,0.9999623311462158,0.9799746514575411,0.9621702339472374,0.9984504132231405
294,PCA-QS,logistic,13,0.9999969321662067,0.9979909593169262,0.9979909593169262,0.9979909593169262
294,PCA-QS,rf,13,0.9996786165207479,0.9908906882591093,0.9834254143646409,0.998470168281489
294,SRS,logistic,13,0.9999945615673663,0.9979909593169262,0.9979909593169262,0.9979909593169262
294,SRS,rf,13,0.9999808957622869,0.9893563101875317,0.9804118533400301,0.99846547314578
295,PCA-QS,logistic,13,0.9999996453351104,0.9987754102375704,0.9990200881920627,0.9985308521057786
295,PCA-QS,rf,13,0.9999857179177165,0.9845771144278607,0.9696227339539442,1.0
295,SRS,logistic,13,0.9999996998989396,0.9995100440960314,0.9995100440960314,0.9995100440960314
295,SRS,rf,13,0.9999823758831804,0.9851042701092354,0.9720725134737873,0.9984901862103673
296,PCA-QS,logistic,13,0.9999995181080924,0.9985625299472928,0.9995203836930455,0.9976065102920058
296,PCA-QS,rf,13,0.9999839101646397,0.9893410852713178,0.9793764988009592,0.9995105237395986
296,SRS,logistic,13,0.9999999464564547,0.9997602493406856,1.0,0.9995206136145733
296,SRS,rf,13,0.9999776991133857,0.9868995633187773,0.9755395683453237,0.9985272459499264
297,PCA-QS,logistic,13,0.9999961344092809,0.9974160206718347,0.9984480082772892,0.996386164171399
297,PCA-QS,rf,13,0.9999745157352593,0.9839937024403044,0.9699948266942576,0.9984025559105432
297,SRS,logistic,13,0.9999965925533661,0.9969024264326277,0.9989653388515262,0.9948480164863472
297,SRS,rf,13,0.9999789253720796,0.9871895424836601,0.9767201241593378,0.9978858350951374
298,PCA-QS,logistic,13,0.9999984053153469,0.9972327044025158,0.998991935483871,0.9954796584630838
298,PCA-QS,rf,13,0.9999842629803972,0.9807445442875481,0.9627016129032258,0.9994767137624281
298,SRS,logistic,13,0.9999986850845843,0.9974849094567404,0.9994959677419355,0.9954819277108434
298,SRS,rf,13,0.9999878020612503,0.9862174578866769,0.9737903225806451,0.9989658738366081
299,PCA-QS,logistic,13,0.9999965260052526,0.998782566350134,0.9990258158792011,0.998539435248296
299,PCA-QS,rf,13,0.9999845434374326,0.988420793298842,0.9771066731612275,1.0
299,SRS,logistic,13,0.9999973673633554,0.9985401459854014,0.9995129079396006,0.997569275644142
299,SRS,rf,13,0.9999903379521089,0.9899138991389914,0.9800292255236239,1.0
300,PCA-QS,logistic,13,0.9999996200318245,0.9987831589194451,0.9995129079396006,0.9980544747081712
300,PCA-QS,rf,13,0.9999732258139196,0.9901623216920806,0.9805163175840234,1.0
300,SRS,logistic,13,0.9999994300477367,0.9987831589194451,0.9995129079396006,0.9980544747081712
300,SRS,rf,13,0.9999603476068288,0.9786388474913065,0.9595713589868485,0.9984794728839331
301,PCA-QS,logistic,13,0.9999976352493689,0.9975308641975309,0.9985170538803757,0.9965466206216083
301,PCA-QS,rf,13,0.999970756833765,0.9902864259028643,0.9826989619377162,0.9979919678714859
301,SRS,logistic,13,0.9999979377174729,0.997285961016531,0.9990113692535838,0.9955665024630542
301,SRS,rf,13,0.9999769299327963,0.9927986093866402,0.9881364310430054,0.9975049900199601
302,PCA-QS,logistic,13,0.9999934149724784,0.996201570017726,0.9979705733130391,0.9944388270980788
302,PCA-QS,rf,13,0.9999448011475058,0.9808785529715762,0.9629629629629629,0.9994734070563455
302,SRS,logistic,13,0.9999914450924505,0.9946902654867257,0.9979705733130391,0.9914314516129032
302,SRS,rf,13,0.9999535811842012,0.986392811296534,0.9746321664129883,0.9984407484407485
303,PCA-QS,logistic,13,0.999998622362716,0.9985479186834463,0.999515503875969,0.9975822050290135
303,PCA-QS,rf,13,0.9999851296210817,0.990964590964591,0.9830426356589147,0.999015263417036
303,SRS,logistic,13,0.99999770393786,0.9966134494436382,0.998062015503876,0.9951690821256038
303,SRS,rf,13,0.9999772959973101,0.991465496220434,0.9849806201550387,0.9980363279332352
304,PCA-QS,logistic,13,0.9999961077250826,0.9964467005076142,0.9984740590030519,0.9944275582573455
304,PCA-QS,rf,13,0.9999876603603164,0.9899974352398051,0.9816887080366226,0.9984480082772892
304,SRS,logistic,13,0.999998279501667,0.9979664463650229,0.9984740590030519,0.9974593495934959
304,SRS,rf,13,0.9999890706048515,0.9897330595482546,0.9806714140386572,0.9989637305699481
305,PCA-QS,logistic,13,0.9999993455182563,0.9985322896281801,0.9995102840352595,0.9975562072336266
305,PCA-QS,rf,13,0.9999776249053864,0.9848447204968944,0.970617042115573,0.9994957135653051
305,SRS,logistic,13,0.9999979547445509,0.9987766087594813,0.9995102840352595,0.9980440097799511
305,SRS,rf,13,0.9999871285257068,0.9858525688756515,0.9725759059745348,0.9994967287367891
306,PCA-QS,logistic,13,0.9999980019788289,0.9964574898785425,0.9989852866565195,0.993942453306411
306,PCA-QS,rf,13,0.9999930772787593,0.9918158567774936,0.9837645865043125,1.0
306,SRS,logistic,13,0.9999954129936495,0.9979716024340771,0.9984779299847792,0.9974657881398885
306,SRS,rf,13,0.9999824962088955,0.9933673469387755,0.9878234398782344,0.9989738327347357
307,PCA-QS,logistic,13,0.9999991662961085,0.9977528089887641,0.9994997498749375,0.996011964107677
307,PCA-QS,rf,13,0.9999818808354235,0.9870918754745635,0.9754877438719359,0.9989754098360656
307,SRS,logistic,13,0.9999983881724763,0.9962584185582439,0.9989994997498749,0.9935323383084577
307,SRS,rf,13,0.9999853129164438,0.9870984062737161,0.9759879939969985,0.9984646878198568
308,PCA-QS,logistic,13,0.9999997218512877,0.9982495623905977,0.99949924887331,0.997002997002997
308,PCA-QS,rf,13,0.9999811137024373,0.9891221856817607,0.9789684526790186,0.9994887525562373
308,SRS,logistic,13,0.9999996662215452,0.9985,1.0,0.9970044932601099
308,SRS,rf,13,0.999978207048394,0.9929435483870968,0.9864797195793691,0.9994926433282597
309,PCA-QS,logistic,13,0.9999994404615252,0.9984879032258065,0.9984879032258065,0.9984879032258065
309,PCA-QS,rf,13,0.9999938590652395,0.9872383869321082,0.9747983870967742,1.0
309,SRS,logistic,13,0.9999997482076863,0.9984901862103673,1.0,0.9969849246231156
309,SRS,rf,13,0.9999852281842663,0.9862033725089423,0.9727822580645161,1.0
310,PCA-QS,logistic,13,0.9999979929033018,0.9979591836734694,0.9974502804691484,0.998468606431853
310,PCA-QS,rf,13,0.9999791092329586,0.9844961240310077,0.971443141254462,0.997904662126768
310,SRS,logistic,13,0.9999991801999402,0.9982156512872802,0.998470168281489,0.9979612640163099
310,SRS,rf,13,0.9999555470484809,0.9855595667870036,0.974502804691484,0.9968701095461658
311,PCA-QS,logistic,12,0.9999964706535258,0.9980029955067399,1.0,0.9960139511709019
311,PCA-QS,rf,12,0.9999804079585484,0.9837645865043125,0.9699849924962481,0.997941327843541
311,SRS,logistic,12,0.9999968319252122,0.9960139511709019,1.0,0.9920595533498759
311,SRS,rf,12,0.9999838122494389,0.9845138359989846,0.9699849924962481,0.9994845360824742
312,PCA-QS,logistic,13,0.9999963020692808,0.9972285210380448,0.9989904088844018,0.9954728370221329
312,PCA-QS,rf,13,0.9999926601678149,0.9898063200815495,0.9803129732458354,0.9994853319608852
312,SRS,logistic,13,0.9999957697913742,0.9977301387137453,0.9984856133266027,0.9969758064516129
312,SRS,rf,13,0.9999911753926018,0.9903209373408048,0.9813225643614336,0.9994858611825193
313,PCA-QS,logistic,13,0.9999988534603476,0.9982381072237604,0.998992443324937,0.9974849094567404
313,PCA-QS,rf,13,0.999901859002189,0.9826086956521739,0.9677581863979848,0.9979220779220779
313,SRS,logistic,13,0.999998797531584,0.9972340960523007,0.998992443324937,0.9954819277108434
313,SRS,rf,13,0.9999386041998306,0.9847094801223242,0.9732997481108312,0.9963898916967509
314,PCA-QS,logistic,13,0.9999923564746188,0.9969481180061037,0.9969481180061037,0.9969481180061037
314,PCA-QS,rf,13,0.9999469183956923,0.9842824014429271,0.9715157680569685,0.9973890339425587
314,SRS,logistic,13,0.999992243655056,0.9959349593495935,0.9969481180061037,0.9949238578680203
314,SRS,rf,13,0.9999502183679048,0.9858575469272306,0.9750762970498474,0.9968798751950078
315,PCA-QS,logistic,13,0.9999987410384318,0.9979879275653923,1.0,0.9959839357429718
315,PCA-QS,rf,13,0.9999770589225347,0.9825819672131147,0.9667338709677419,0.9989583333333333
315,SRS,logistic,13,0.9999966707460751,0.9964806435394671,0.998991935483871,0.9939819458375125
315,SRS,rf,13,0.9999808637841632,0.9908583037074657,0.983366935483871,0.9984646878198568
316,PCA-QS,logistic,13,0.999999269409358,0.9985443959243085,0.9990291262135922,0.9980601357904947
316,PCA-QS,rf,13,0.9999858617181328,0.979187314172448,0.9592233009708738,1.0
316,SRS,logistic,13,0.9999982141117641,0.9995145631067961,0.9995145631067961,0.9995145631067961
316,SRS,rf,13,0.9999881211373401,0.9824734633423846,0.9660194174757282,0.9994977398292315
317,PCA-QS,logistic,13,0.9999948938464815,0.9958343543249204,0.9965669445806769,0.9951028403525954
317,PCA-QS,rf,13,0.9999276400704605,0.9792448112028007,0.9602746444335458,0.9989795918367347
317,SRS,logistic,13,0.9999933920366232,0.9958363948077394,0.9970573810691515,0.9946183953033269
317,SRS,rf,13,0.9999543313274888,0.9845847836897066,0.9710642471799902,0.9984871406959153
318,PCA-QS,logistic,13,0.9999990885949507,0.9977661950856291,0.9985096870342772,0.9970238095238095
318,PCA-QS,rf,13,0.9999688327091452,0.9800252844500632,0.96274217585693,0.9979402677651905
318,SRS,logistic,13,0.9999982600449058,0.998014888337469,0.9990064580228515,0.9970252850768468
318,SRS,rf,13,0.99997612394954,0.9823143001515917,0.9657228017883756,0.9994858611825193
319,PCA-QS,logistic,13,0.9999981222896424,0.9984607491021037,0.9994863893168978,0.9974372116863147
319,PCA-QS,rf,13,0.999988619937227,0.9891022314478464,0.9789419619928095,0.9994756161510225
319,SRS,logistic,13,0.9999921477566867,0.9976917158245704,0.9989727786337956,0.9964139344262295
319,SRS,rf,13,0.9999948647466737,0.9898832684824903,0.9799691833590138,1.0
320,PCA-QS,logistic,13,0.9999996346603257,0.9977255496588324,1.0,0.9954614220877458
320,PCA-QS,rf,13,0.9999902763440538,0.9871794871794872,0.975177304964539,0.9994807892004154
320,SRS,logistic,13,0.9999994098359107,0.9989878542510121,1.0,0.9979777553083923
320,SRS,rf,13,0.9999884777487342,0.9840534979423868,0.9690982776089159,0.9994775339602926
321,PCA-QS,logistic,13,0.9999979820808224,0.9975149105367793,0.9980109398309299,0.9970193740685543
321,PCA-QS,rf,13,0.9999911957909855,0.9856242118537201,0.9716558925907509,1.0
321,SRS,logistic,13,0.9999992536463316,0.9977661950856291,0.9995027349577325,0.9960356788899901
321,SRS,rf,13,0.9999932413528917,0.9909729187562688,0.9825957235206365,0.9994941831057157
322,PCA-QS,logistic,13,0.9999973672056225,0.9965568125922283,0.9985214391325776,0.9945999018163967
322,PCA-QS,rf,13,0.9999364015608192,0.9794383149448345,0.9625431246919665,0.996937212863706
322,SRS,logistic,13,0.9999969832564425,0.9977837970943118,0.9985214391325776,0.9970472440944882
322,SRS,rf,13,0.9999658833728586,0.9863081901916854,0.976343026121242,0.9964788732394366
323,PCA-QS,logistic,13,0.9999991212490654,0.9980276134122288,0.9990128331688055,0.9970443349753695
323,PCA-QS,rf,13,0.9999222305422849,0.9903153712441023,0.9842053307008884,0.9965017491254373
323,SRS,logistic,13,0.9999987917174649,0.9980285855101035,0.9995064165844028,0.9965551181102362
323,SRS,rf,13,0.9999551425108836,0.9930727362691737,0.9906219151036525,0.9955357142857143
324,PCA-QS,logistic,13,0.9999999421431547,0.9984326018808778,1.0,0.9968701095461658
324,PCA-QS,rf,13,0.9999894121973049,0.9845908607863975,0.9696493982208267,1.0
324,SRS,logistic,13,0.9999996239305053,0.998953427524856,0.998953427524856,0.998953427524856
324,SRS,rf,13,0.9999873004224504,0.9824374667376264,0.9659863945578231,0.9994585814834868
325,PCA-QS,logistic,13,0.999999833996972,0.9992539169360856,1.0,0.9985089463220675
325,PCA-QS,rf,13,0.9999944250649743,0.9840868906289467,0.9696366351418616,0.9989743589743589
325,SRS,logistic,13,0.9999994743237445,0.9975173783515392,1.0,0.995047052996533
325,SRS,rf,13,0.9999939132223044,0.9904618473895582,0.982080637132902,0.9989873417721519
326,PCA-QS,logistic,13,0.9999977036247785,0.9975173783515392,1.0,0.995047052996533
326,PCA-QS,rf,13,0.9999756943899747,0.9904809619238477,0.9840716774514684,0.9969742813918305
326,SRS,logistic,13,0.9999987273101182,0.9975149105367793,0.9990044798407167,0.996029776674938
326,SRS,rf,13,0.9999762754005729,0.9897217347706192,0.9825783972125436,0.996969696969697
327,PCA-QS,logistic,13,0.9999968163410845,0.9964894684052157,0.9994969818913481,0.9935
327,PCA-QS,rf,13,0.9999859807300387,0.9875286332400102,0.9758551307847082,0.9994848016486347
327,SRS,logistic,13,0.9999975424387318,0.9964894684052157,0.9994969818913481,0.9935
327,SRS,rf,13,0.9999765833508714,0.985721570627231,0.9723340040241448,0.999482936918304
328,PCA-QS,logistic,13,0.9999982101001492,0.9976940814757879,0.9984615384615385,0.9969278033794163
328,PCA-QS,rf,13,0.9999919880673344,0.9862301896596518,0.9733333333333334,0.9994734070563455
328,SRS,logistic,13,0.9999984373890191,0.9982065078145017,0.9989743589743589,0.9974398361495136
328,SRS,rf,13,0.9999887776120462,0.9899042195185089,0.9805128205128205,0.9994772608468374
329,PCA-QS,logistic,13,0.9999964257021865,0.9969056214543579,0.9984504132231405,0.9953656024716787
329,PCA-QS,rf,13,0.9996755252444934,0.9882537196554424,0.9777892561983471,0.9989445910290238
329,SRS,logistic,13,0.9999960253808314,0.9961330239752514,0.9979338842975206,0.9943386515697376
329,SRS,rf,13,0.999973078388869,0.9914129586260734,0.9839876033057852,0.9989512323020451
330,PCA-QS,logistic,13,0.9999988981820803,0.9972805933250927,0.9990094105993066,0.9955577492596249
330,PCA-QS,rf,13,0.9999518781023577,0.9846849108712026,0.971272907379891,0.9984725050916496
330,SRS,logistic,13,0.9999992011820082,0.9972832798221783,1.0,0.9945812807881773
330,SRS,rf,13,0.9999572494647162,0.9862189927336508,0.974739970282318,0.9979716024340771
331,PCA-QS,logistic,13,0.9999939994771694,0.9972201162496841,0.9969681657402729,0.9974721941354904
331,PCA-QS,rf,13,0.9999380740435916,0.9877363311190598,0.976755937342092,0.9989664082687338
331,SRS,logistic,13,0.9999956257870954,0.9974747474747475,0.9979787771601819,0.9969712266532055
331,SRS,rf,13,0.9999434156305039,0.9893238434163701,0.9833249115715007,0.9953964194373401
332,PCA-QS,logistic,13,0.9999965738148384,0.9972697939935468,0.9985089463220675,0.9960337134357957
332,PCA-QS,rf,13,0.9999490907567714,0.9781947261663286,0.9587475149105368,0.9984472049689441
332,SRS,logistic,13,0.9999932581517786,0.9967781908302354,0.9995029821073559,0.9940682155215027
332,SRS,rf,13,0.9999427219206443,0.9820752335268872,0.9666998011928429,0.9979476654694716
333,PCA-QS,logistic,13,0.999997429917683,0.9977924944812362,0.9990176817288802,0.9965703086722195
333,PCA-QS,rf,13,0.9999717701064648,0.991600790513834,0.9857563850687623,0.9975149105367793
333,SRS,logistic,13,0.9999988516653476,0.9977935768570728,0.99950884086444,0.996084189916789
333,SRS,rf,13,0.9999879834981029,0.9923400049419323,0.9862475442043221,0.9985082048731975
334,PCA-QS,logistic,13,0.9999980545300966,0.9985228951255539,0.9985228951255539,0.9985228951255539
334,PCA-QS,rf,13,0.9999777504005407,0.983270911360799,0.9694731659281143,0.997467071935157
334,SRS,logistic,13,0.9999992327724325,0.9980334316617503,0.999507631708518,0.9965635738831615
334,SRS,rf,13,0.9999711056617859,0.9895729890764647,0.9812900049236829,0.9979969954932398
335,PCA-QS,logistic,13,0.9999976397184315,0.9969246540235777,0.9984599589322382,0.9953940634595702
335,PCA-QS,rf,13,0.9999676385490968,0.9803818990321737,0.9620123203285421,0.9994666666666666
335,SRS,logistic,13,0.9999987487663974,0.997948717948718,0.9989733059548255,0.9969262295081968
335,SRS,rf,13,0.9999779612263182,0.9790356394129979,0.9589322381930184,1.0
336,PCA-QS,logistic,13,0.9999983130484321,0.9980119284294234,0.9990049751243781,0.997020854021847
336,PCA-QS,rf,13,0.9999768113296773,0.9830594184576485,0.9671641791044776,0.9994858611825193
336,SRS,logistic,13,0.9999969856111328,0.9967717904147008,0.9985074626865672,0.9950421417947447
336,SRS,rf,13,0.9999813329129782,0.98842476094615,0.9771144278606965,1.0
337,PCA-QS,logistic,13,0.9999983937769169,0.9979695431472081,0.9989837398373984,0.9969574036511156
337,PCA-QS,rf,13,0.9999824724428478,0.9887005649717514,0.978150406504065,0.9994807892004154
337,SRS,logistic,13,0.9999956040210358,0.9954407294832827,0.9984756097560976,0.9924242424242424
337,SRS,rf,13,0.9999771747246089,0.9881990764494613,0.9786585365853658,0.9979274611398964
338,PCA-QS,logistic,13,0.9999995730519985,0.9984599589322382,0.9994861253854059,0.9974358974358974
338,PCA-QS,rf,13,0.9999946489183813,0.9864583333333333,0.9732785200411099,1.0
338,SRS,logistic,13,0.9999994022727979,0.9982028241335045,0.998972250770812,0.9974345818368394
338,SRS,rf,13,0.9999915606611705,0.9877953778239418,0.9773895169578622,0.9984251968503937
339,PCA-QS,logistic,13,0.9999990683665252,0.998769987699877,0.999507631708518,0.9980334316617503
339,PCA-QS,rf,13,0.9999575558749232,0.9855144855144855,0.9714426390940424,1.0
339,SRS,logistic,13,0.9999991505694787,0.9987693822298794,0.999015263417036,0.9985236220472441
339,SRS,rf,13,0.9999568982512939,0.9882997261638038,0.9773510585918267,0.999496475327291
340,PCA-QS,logistic,13,0.9999992816063371,0.998014888337469,0.9995029821073559,0.9965312190287413
340,PCA-QS,rf,13,0.9999900944566094,0.9794572660410855,0.959741550695825,1.0
340,SRS,logistic,13,0.999999557911592,0.998758997269794,1.0,0.9975210708973723
340,SRS,rf,13,0.9999915588744606,0.9876729559748427,0.9756461232604374,1.0
341,PCA-QS,logistic,12,0.9999949889315962,0.9962917181705809,0.9975247524752475,0.9950617283950617
341,PCA-QS,rf,12,0.999962031520171,0.9867267718507388,0.9752475247524752,0.9984794728839331
341,SRS,logistic,12,0.9999960351986255,0.9965397923875432,0.998019801980198,0.9950641658440277
341,SRS,rf,12,0.9999406243460831,0.9859929964982491,0.9757425742574257,0.9964610717896866
342,PCA-QS,logistic,13,0.9999990526068205,0.9989974937343359,1.0,0.9979969954932398
342,PCA-QS,rf,13,0.9999497324324812,0.9824024483550114,0.9663823381836427,0.9989626556016598
342,SRS,logistic,13,0.9999989132842941,0.9987471811576046,1.0,0.9974974974974975
342,SRS,rf,13,0.9999629402079824,0.9893724696356275,0.9809332664325138,0.9979581419091373
343,PCA-QS,logistic,13,0.9999973310074971,0.9980430528375733,0.9975550122249389,0.9985315712187959
343,PCA-QS,rf,13,0.9999656299128696,0.9836146971201589,0.9687041564792176,0.9989914271306102
343,SRS,logistic,13,0.9999964050305061,0.9965803615046409,0.9975550122249389,0.9956076134699854
343,SRS,rf,13,0.9999629881549841,0.986627043090639,0.9740831295843521,0.9994982438534872
344,PCA-QS,logistic,13,0.9999977358213047,0.9966451612903225,1.0,0.9933127572016461
344,PCA-QS,rf,13,0.9999242216649286,0.9906639004149378,0.9891248058001035,0.9922077922077922
344,SRS,logistic,13,0.9999975065373862,0.9961290322580645,0.9994821336095288,0.992798353909465
344,SRS,rf,13,0.9998778489924075,0.9877890361132762,0.9844640082858622,0.9911366006256517
345,PCA-QS,logistic,13,0.9999992325489956,0.9984623270117888,0.9994869163673679,0.9974398361495136
345,PCA-QS,rf,13,0.9999792788228803,0.9742105263157895,0.9497178040020523,1.0
345,SRS,logistic,13,0.9999998578794437,0.999230966418867,1.0,0.9984631147540983
345,SRS,rf,13,0.9999951679010831,0.9809150326797386,0.9625448948178553,1.0
346,PCA-QS,logistic,13,0.9999983685508816,0.9979705733130391,0.9974645030425964,0.9984771573604061
346,PCA-QS,rf,13,0.999989353388081,0.9882051282051282,0.9771805273833671,0.9994813278008299
346,SRS,logistic,13,0.9999993249176062,0.9979736575481256,0.9989858012170385,0.9969635627530364
346,SRS,rf,13,0.9999795787575874,0.9915665729619217,0.9837728194726166,0.9994848016486347
347,PCA-QS,logistic,13,0.9999979326058391,0.9979570990806946,0.9984670413898825,0.9974476773864216
347,PCA-QS,rf,13,0.9999866185788897,0.9883690876195399,0.977005620848237,1.0
347,SRS,logistic,13,0.9999973378760119,0.998211091234347,0.99795605518651,0.9984662576687117
347,SRS,rf,13,0.9999845795051967,0.9922799794132784,0.9851814001021972,0.9994815966822188
348,PCA-QS,logistic,13,0.9999992246334185,0.9975136747886624,0.9995017438963627,0.9955334987593052
348,PCA-QS,rf,13,0.9999843265183872,0.9884130982367758,0.9775784753363229,0.999490575649516
348,SRS,logistic,13,0.9999986708001458,0.9975124378109452,0.9990034877927254,0.9960258320914058
348,SRS,rf,13,0.9999900725385897,0.9907011812013069,0.9820627802690582,0.9994929006085193
349,PCA-QS,logistic,13,0.9999988078707946,0.9985415653864852,0.9985415653864852,0.9985415653864852
349,PCA-QS,rf,13,0.9999729197013467,0.9914488150500855,0.986387943607195,0.9965618860510805
349,SRS,logistic,13,0.999998401463111,0.9987855234393976,0.9995138551288284,0.9980582524271845
349,SRS,rf,13,0.9999547532778879,0.9904622157006603,0.9844433641225085,0.9965551181102362
350,PCA-QS,logistic,13,0.999975200972658,0.9977392614920875,0.9989939637826962,0.9964877069744105
350,PCA-QS,rf,13,0.9999405717002436,0.9802715859595184,0.9622736418511066,0.9989556135770234
350,SRS,logistic,13,0.999954451336042,0.9977392614920875,0.9989939637826962,0.9964877069744105
350,SRS,rf,13,0.9999423031638643,0.9831288343558282,0.9673038229376257,0.9994802494802495
351,PCA-QS,logistic,12,0.9999984621858644,0.998766345916605,0.9990128331688055,0.9985199802664035
351,PCA-QS,rf,12,0.9999900042081187,0.9788306451612904,0.9585389930898321,1.0
351,SRS,logistic,12,0.999999066327132,0.9995066600888012,1.0,0.9990138067061144
351,SRS,rf,12,0.999986338169063,0.9741772151898734,0.9496544916090819,1.0
352,PCA-QS,logistic,13,0.9999997799266473,0.997779422649889,1.0,0.9955686853766618
352,PCA-QS,rf,13,0.9999901242082998,0.9907799651133815,0.9831849653808111,0.9984932194876946
352,SRS,logistic,13,1.0,0.9985185185185185,1.0,0.9970414201183432
352,SRS,rf,13,0.9999849937482662,0.986232790988736,0.9742828882294757,0.9984794728839331
353,PCA-QS,logistic,13,0.9999927893496666,0.9964521033958439,0.9984763839512443,0.9944360141628731
353,PCA-QS,rf,13,0.9999736642263215,0.9861039629439012,0.973082783138649,0.9994783515910276
353,SRS,logistic,13,0.999997915671388,0.9977163156559249,0.9984763839512443,0.9969574036511156
353,SRS,rf,13,0.9999756499718235,0.9848055627092455,0.9710512950736414,0.9989550679205852
354,PCA-QS,logistic,13,0.9999989861635715,0.9980334316617503,0.999507631708518,0.9965635738831615
354,PCA-QS,rf,13,0.9999934922661681,0.9925668979187314,0.9862136878385032,0.999002493765586
354,SRS,logistic,13,0.999998766955695,0.9975417895771878,0.999015263417036,0.9960726558664703
354,SRS,rf,13,0.9999919852120175,0.992563212692117,0.9857213195470211,0.9995007488766849
355,PCA-QS,logistic,13,0.9999977758004643,0.9984992496248124,0.998998998998999,0.998
355,PCA-QS,rf,13,0.9999777302021496,0.9886162408297495,0.977977977977978,0.9994884910485934
355,SRS,logistic,13,0.9999995551600929,0.9987503124218945,1.0,0.9975037443834248
355,SRS,rf,13,0.9999707100723655,0.989138671381662,0.97997997997998,0.998470168281489
356,PCA-QS,logistic,13,0.9999981322446606,0.9969954932398598,0.9994979919678715,0.9945054945054945
356,PCA-QS,rf,13,0.9999592857212947,0.9926860025220681,0.9879518072289156,0.9974657881398885
356,SRS,logistic,13,0.999997407444081,0.9979939819458375,0.998995983935743,0.996993987975952
356,SRS,rf,13,0.9999285932044482,0.9936980085707083,0.9894578313253012,0.9979746835443037
357,PCA-QS,logistic,13,0.9999901535355858,0.9982495623905977,0.99949924887331,0.997002997002997
357,PCA-QS,rf,13,0.9999857726933676,0.9850291804110631,0.971957936905358,0.9984567901234568
357,SRS,logistic,13,0.9999875111228194,0.9975024975024975,1.0,0.9950174389636273
357,SRS,rf,13,0.9999857866008033,0.988872028325746,0.9789684526790186,0.9989780275932549
358,PCA-QS,logistic,13,0.9999974708555621,0.9963711767755313,0.9984415584415585,0.9943093636833937
358,PCA-QS,rf,13,0.9999714609042409,0.9847288046340179,0.9714285714285714,0.9983982915109451
358,SRS,logistic,13,0.9999985055055595,0.9976665802437127,0.9994805194805195,0.9958592132505176
358,SRS,rf,13,0.9999688742792476,0.9865965834428384,0.9750649350649351,0.9984042553191489
359,PCA-QS,logistic,13,0.9999973934685367,0.998234552332913,0.9994949494949495,0.996977329974811
359,PCA-QS,rf,13,0.9999438054238277,0.9830769230769231,0.9681818181818181,0.9984375
359,SRS,logistic,13,0.9999961882980751,0.9979818365287588,0.998989898989899,0.9969758064516129
359,SRS,rf,13,0.9999428524983464,0.9807247494217425,0.9636363636363636,0.9984301412872841
360,PCA-QS,logistic,13,0.9999988409723292,0.9982147411374649,0.9979602243753187,0.9984693877551021
360,PCA-QS,rf,13,0.9999495681618378,0.9791991679667187,0.960224375318715,0.9989389920424403
360,SRS,logistic,13,0.9999977384825937,0.9971960234514402,0.9974502804691484,0.9969418960244648
360,SRS,rf,13,0.9999321262088411,0.982673907421774,0.9688934217236104,0.9968520461699895
361,PCA-QS,logistic,13,0.9999971225779514,0.9971773158840134,0.9994855967078189,0.9948796722990272
361,PCA-QS,rf,13,0.9999613969616247,0.9814281977504578,0.9650205761316872,0.9984034060670569
361,SRS,logistic,13,0.999998945894893,0.9979455572675912,0.9994855967078189,0.9964102564102564
361,SRS,rf,13,0.9999648156808904,0.9822268687924726,0.9665637860082305,0.9984059511158342
362,PCA-QS,logistic,13,0.9999964890723352,0.9977460555972952,0.9994982438534872,0.996
362,PCA-QS,rf,13,0.9999796310466429,0.9898836621143147,0.9819367787255394,0.9979602243753187
362,SRS,logistic,13,0.999997185684967,0.9984954864593781,0.9989964877069744,0.9979949874686717
362,SRS,rf,13,0.9999711741692916,0.9888607594936709,0.9799297541394882,0.99795605518651
363,PCA-QS,logistic,13,0.9999929761439118,0.9960649286768323,0.9985207100591716,0.9936211972522081
363,PCA-QS,rf,13,0.9999767334767078,0.9780801209372638,0.9571005917159763,1.0
363,SRS,logistic,13,0.9999949790403745,0.9955773955773956,0.9990138067061144,0.9921645445641528
363,SRS,rf,13,0.9999705738841618,0.98168130489335,0.9644970414201184,0.9994890137966275
364,PCA-QS,logistic,13,0.9999951805789726,0.9956083699302506,0.9989631933644375,0.9922760041194645
364,PCA-QS,rf,13,0.999979632208753,0.987149226330973,0.975635044064282,0.9989384288747346
364,SRS,logistic,13,0.9999977624116658,0.9961230292065133,0.9989631933644375,0.993298969072165
364,SRS,rf,13,0.999985785576672,0.9855605145707534,0.9730430274753759,0.9984042553191489
365,PCA-QS,logistic,13,0.9999974730049542,0.9964628600303184,0.9979757085020243,0.9949545913218971
365,PCA-QS,rf,13,0.9999642289812414,0.9840944073884043,0.9706477732793523,0.9979188345473465
365,SRS,logistic,13,0.9999971360722815,0.9972201162496841,0.9984817813765182,0.9959616355376073
365,SRS,rf,13,0.9999645799527755,0.9854033290653009,0.9736842105263158,0.9974079834110938
366,PCA-QS,logistic,13,0.9999968776512576,0.9977870666338825,0.9985236220472441,0.9970515970515971
366,PCA-QS,rf,13,0.9999717345271734,0.9865537848605578,0.9749015748031497,0.9984879032258065
366,SRS,logistic,13,0.9999978362670995,0.9975417895771878,0.9985236220472441,0.9965618860510805
366,SRS,rf,13,0.9999830461941088,0.9888143176733781,0.9788385826771654,0.9989954796584631
367,PCA-QS,logistic,13,0.9999977449872947,0.9979959919839679,0.9984962406015038,0.9974962443665498
367,PCA-QS,rf,13,0.9999892678099024,0.9924280666330136,0.9854636591478697,0.9994916115912558
367,SRS,logistic,13,0.9999946547846985,0.9977460555972952,0.9984962406015038,0.996996996996997
367,SRS,rf,13,0.9999900612402988,0.9942109237352127,0.9899749373433584,0.9984833164812943
368,PCA-QS,logistic,12,0.9999987842568782,0.9990064580228515,0.9995029821073559,0.9985104270109235
368,PCA-QS,rf,12,0.9999909924486878,0.9874182184197282,0.9751491053677932,1.0
368,SRS,logistic,12,0.99999944738949,0.998015873015873,1.0,0.996039603960396
368,SRS,rf,12,0.9999870274682792,0.9894525364138623,0.9791252485089463,1.0
369,PCA-QS,logistic,13,0.999999225450192,0.9981860585643949,0.9984447900466563,0.9979274611398964
369,PCA-QS,rf,13,0.9999780257350772,0.9847368421052631,0.9699326075686885,1.0
369,SRS,logistic,13,0.9999996270686109,0.9994818652849741,1.0,0.9989642672190575
369,SRS,rf,13,0.9999688028549562,0.987149226330973,0.975635044064282,0.9989384288747346
370,PCA-QS,logistic,13,0.9999965537881574,0.9967829745112596,0.9985126425384234,0.9950592885375494
370,PCA-QS,rf,13,0.9999806460742919,0.9856891790107959,0.9732275656916212,0.9984740590030519
370,SRS,logistic,13,0.9999988420728209,0.9975247524752475,0.999008428358949,0.9960454770143351
370,SRS,rf,13,0.9999794330077233,0.988988988988989,0.9796727813584531,0.9984840828701365
371,PCA-QS,logistic,13,0.9999994660420145,0.9977255496588324,1.0,0.9954614220877458
371,PCA-QS,rf,13,0.9999765199001645,0.9866666666666667,0.9746707193515705,0.9989615784008308
371,SRS,logistic,13,0.9999996908664295,0.9977255496588324,1.0,0.9954614220877458
371,SRS,rf,13,0.9999838126421241,0.9887410440122825,0.9787234042553191,0.9989658738366081
372,PCA-QS,logistic,13,0.999995519928179,0.9975514201762977,0.9995093228655545,0.9956011730205279
372,PCA-QS,rf,13,0.9999909715625802,0.9928412737595655,0.9867517173699706,0.9990064580228515
372,SRS,logistic,13,0.9999950828480013,0.9985294117647059,0.9995093228655545,0.9975514201762977
372,SRS,rf,13,0.9999869968647146,0.9913473423980222,0.9838076545632973,0.9990034877927254
373,PCA-QS,logistic,13,0.9999970369919919,0.9972616380383371,0.9980069755854509,0.9965174129353234
373,PCA-QS,rf,13,0.9999744267486406,0.9775853285787061,0.9561534628799203,1.0
373,SRS,logistic,13,0.9999929109341115,0.9975074775672981,0.9970104633781763,0.9980049875311721
373,SRS,rf,13,0.9999799512355343,0.986626293212213,0.974090682610862,0.9994887525562373
374,PCA-QS,logistic,13,0.9999991389903733,0.9981851179673321,0.9984439834024896,0.997926386728875
374,PCA-QS,rf,13,0.9999833681640429,0.9839515916863983,0.9699170124481328,0.9983982915109451
374,SRS,logistic,13,0.9999980483781793,0.9974093264248705,0.9984439834024896,0.9963768115942029
374,SRS,rf,13,0.9999868696031917,0.9831401475237092,0.9678423236514523,0.9989293361884368
375,PCA-QS,logistic,13,0.9999993240015312,0.9982256020278834,1.0,0.9964574898785425
375,PCA-QS,rf,13,0.9999748472236418,0.9861111111111112,0.973590655154901,0.9989577905158937
375,SRS,logistic,13,0.9999990986687084,0.9974657881398885,0.9994921279837481,0.9954476479514416
375,SRS,rf,13,0.9999682280719687,0.9866323907455012,0.9746063991874048,0.9989588755856325
376,PCA-QS,logistic,13,0.999999098914085,0.9982847341337907,0.9990191270230505,0.9975514201762977
376,PCA-QS,rf,13,0.9999268618598975,0.9764764764764765,0.9568415890142227,0.9969340827797649
376,SRS,logistic,13,0.9999983343563389,0.9970631424375918,0.9990191270230505,0.995114802149487
376,SRS,rf,13,0.9999648166908637,0.9835820895522388,0.969592937714566,0.9979808177688037
377,PCA-QS,logistic,13,0.9999989597177698,0.9974683544303797,0.9984794728839331,0.9964592817400101
377,PCA-QS,rf,13,0.9999488434184338,0.9762027935851009,0.9564115560060821,0.9968304278922345
377,SRS,logistic,13,0.9999964855330059,0.9967130214917825,0.9989863152559554,0.9944500504540867
377,SRS,rf,13,0.9999334219372636,0.9793708096957194,0.9624936644703497,0.9968503937007874
378,PCA-QS,logistic,13,0.9999982062579177,0.9984848484848485,0.9984848484848485,0.9984848484848485
378,PCA-QS,rf,13,0.9999279700445072,0.9799588900308325,0.9631313131313132,0.9973849372384938
378,SRS,logistic,13,0.9999987387750984,0.9987370548118212,0.9984848484848485,0.998989388580091
378,SRS,rf,13,0.9999415912734448,0.9835897435897436,0.9686868686868687,0.9989583333333333
379,PCA-QS,logistic,13,0.9999992575782902,0.9987651271918992,0.9995056846267919,0.998025666337611
379,PCA-QS,rf,13,0.9999288787499137,0.9880358923230309,0.9797330696984676,0.9964806435394671
379,SRS,logistic,13,0.9999988451217847,0.9975333004440059,0.9995056846267919,0.9955686853766618
379,SRS,rf,13,0.9999275176434457,0.9882822238843181,0.9797330696984676,0.9969818913480886
380,PCA-QS,logistic,13,0.9999993115112819,0.9984464008285863,0.9994815966822188,0.9974133471288154
380,PCA-QS,rf,13,0.9999768925973951,0.9919081179848603,0.9849663037843442,0.9989484752891693
380,SRS,logistic,13,0.9999990246409826,0.9984447900466563,0.9984447900466563,0.9984447900466563
380,SRS,rf,13,0.9999778966434425,0.9895452169367486,0.9813374805598756,0.9978914074855034
381,PCA-QS,logistic,13,0.9999970548321533,0.9978000488878025,0.9995102840352595,0.9960956564177648
381,PCA-QS,rf,13,0.999901555037715,0.984134853743183,0.9720861900097943,0.9964859437751004
381,SRS,logistic,13,0.999998500146004,0.9982872522632737,0.9990205680705191,0.9975550122249389
381,SRS,rf,13,0.9998339116224941,0.9767558110472382,0.9569049951028403,0.9974476773864216
382,PCA-QS,logistic,13,0.9999965903595551,0.9972846210812145,0.9985170538803757,0.9960552268244576
382,PCA-QS,rf,13,0.9999562383647738,0.9836888331242158,0.9688581314878892,0.9989806320081549
382,SRS,logistic,13,0.9999972777870642,0.9977761304670126,0.9980227385071676,0.9975296442687747
382,SRS,rf,13,0.9999797483855833,0.9869934967483742,0.9752842313395946,0.9989873417721519
383,PCA-QS,logistic,13,0.9999982959272882,0.9982703236965653,0.9980237154150198,0.9985170538803757
383,PCA-QS,rf,13,0.9999861200529121,0.9849548645937813,0.9703557312252964,1.0
383,SRS,logistic,13,0.9999985432926819,0.9982703236965653,0.9980237154150198,0.9985170538803757
383,SRS,rf,13,0.9999850069086406,0.9852167376597344,0.9713438735177866,0.9994916115912558
384,PCA-QS,logistic,13,0.9999990397071754,0.997784888013783,0.9995069033530573,0.9960687960687961
384,PCA-QS,rf,13,0.9999861717833263,0.9892954941498631,0.9797830374753451,0.9989944695827049
384,SRS,logistic,13,0.9999995884459323,0.9980314960629921,1.0,0.9960707269155207
384,SRS,rf,13,0.999981987650305,0.9882997261638038,0.9787968441814595,0.9979889391654098
385,PCA-QS,logistic,13,0.9999823884331978,0.9977081741787625,0.9989801121876594,0.996439471007121
385,PCA-QS,rf,13,0.999971278728939,0.9868319132455461,0.974502804691484,0.9994769874476988
385,SRS,logistic,13,0.9999739642808592,0.99644128113879,0.9994900560938297,0.99341104916371
385,SRS,rf,13,0.9999901623992823,0.9878709677419355,0.9760326364099949,1.0
386,PCA-QS,logistic,13,0.9999996358098535,0.998234552332913,0.9989904088844018,0.9974798387096774
386,PCA-QS,rf,13,0.9999826869607237,0.9861892583120204,0.9732458354366481,0.9994815966822188
386,SRS,logistic,13,0.9999994957367201,0.9982363315696648,1.0,0.9964788732394366
386,SRS,rf,13,0.999990923260962,0.9916137229987293,0.9848561332660273,0.9984646878198568
387,PCA-QS,logistic,13,0.9999956980454248,0.9950908198330879,0.9980305268340719,0.9921683798335781
387,PCA-QS,rf,13,0.9999832716989286,0.9865470852017937,0.9748892171344166,0.9984871406959153
387,SRS,logistic,13,0.9999982189360038,0.9968082494475816,0.999507631708518,0.9941234084231146
387,SRS,rf,13,0.9999917797046333,0.9890547263681592,0.9788281634662728,0.9994972347913524
388,PCA-QS,logistic,13,0.9999991679585453,0.9978401727861771,1.0,0.9956896551724138
388,PCA-QS,rf,13,0.9999662486409878,0.9863614223088164,0.974025974025974,0.9990133201776024
388,SRS,logistic,13,0.9999993826789206,0.9978391356542617,0.9995189995189995,0.9961649089165868
388,SRS,rf,13,0.9999808093664463,0.9885783718104496,0.9783549783549783,0.9990176817288802
389,PCA-QS,logistic,13,0.9999979390934316,0.997568093385214,0.9980535279805353,0.9970831307729704
389,PCA-QS,rf,13,0.9999781435434983,0.9894478527607362,0.981021897810219,0.998019801980198
389,SRS,logistic,13,0.999997993327815,0.9973255531242402,0.9980535279805353,0.9965986394557823
389,SRS,rf,13,0.9999327629232062,0.9852216748768473,0.9732360097323601,0.9975062344139651
390,PCA-QS,logistic,13,0.9999996903074684,0.9977209420106357,1.0,0.9954522486104093
390,PCA-QS,rf,13,0.9999850080660828,0.9874133059337272,0.9756345177664975,0.999479979199168
390,SRS,logistic,13,0.9999986767682739,0.9957038160222391,1.0,0.9914443885254152
390,SRS,rf,13,0.999985571143413,0.9850823045267489,0.9720812182741116,0.9984358706986444
391,PCA-QS,logistic,13,0.9999985362282541,0.9985104270109235,0.9990064580228515,0.998014888337469
391,PCA-QS,rf,13,0.999982186174035,0.9887076537013801,0.9786388474913065,0.9989858012170385
391,SRS,logistic,13,0.9999968515098294,0.9977661950856291,0.9985096870342772,0.9970238095238095
391,SRS,rf,13,0.9999725473751797,0.9848942598187311,0.9716840536512668,0.998468606431853
392,PCA-QS,logistic,13,0.999999279485728,0.9986982556625879,0.9994788952579469,0.9979188345473465
392,PCA-QS,rf,13,0.9999648100829573,0.9771033013844516,0.9562272016675352,0.9989112683723462
392,SRS,logistic,13,0.999996455069782,0.9955855621916385,0.9989577905158937,0.9922360248447205
392,SRS,rf,13,0.9999883853099361,0.9881360400738202,0.9765502866076081,1.0
393,PCA-QS,logistic,13,0.9999947846825513,0.9942485621405351,0.9984932194876946,0.9900398406374502
393,PCA-QS,rf,13,0.9999249496296553,0.9821428571428571,0.9668508287292817,0.997926386728875
393,SRS,logistic,13,0.9999920515215354,0.9972368751569958,0.9969864389753893,0.9974874371859297
393,SRS,rf,13,0.9999497293598862,0.9813442371581906,0.9643395278754395,0.9989594172736732
394,PCA-QS,logistic,13,0.9999949227057839,0.9975222993062438,0.9990074441687344,0.9960415635823849
394,PCA-QS,rf,13,0.9999807531917624,0.9897474368592148,0.9821339950372209,0.9974798387096774
394,SRS,logistic,13,0.9999969370670762,0.9982643193652369,0.9990074441687344,0.9975222993062438
394,SRS,rf,13,0.9999793183042666,0.9915127309036446,0.9856079404466501,0.9974886991461577
395,PCA-QS,logistic,13,0.9999983058960761,0.9961190168175937,0.9989621172807472,0.9932920536635707
395,PCA-QS,rf,13,0.9999335135993906,0.989517819706499,0.9797612869745719,0.9994706193753309
395,SRS,logistic,13,0.9999987078868376,0.9974120082815735,1.0,0.9948373773877129
395,SRS,rf,13,0.9999290773441998,0.9895287958115183,0.9807991696938246,0.9984152139461173
396,PCA-QS,logistic,13,0.999999323695544,0.9984756097560976,0.9984756097560976,0.9984756097560976
396,PCA-QS,rf,13,0.9999861498483276,0.9792638672887507,0.9598577235772358,0.9994708994708995
396,SRS,logistic,13,0.9999996054890673,0.9992379984759969,0.9994918699186992,0.9989842559674962
396,SRS,rf,13,0.9999801476462802,0.9774084653336795,0.9563008130081301,0.9994689325544344
397,PCA-QS,logistic,13,0.999998167334655,0.9982805207565709,0.9985257985257985,0.9980353634577603
397,PCA-QS,rf,13,0.9999903169622067,0.9888420530622366,0.9798525798525799,0.997997997997998
397,SRS,logistic,13,0.9999996444082166,0.9985272459499264,0.9995085995085995,0.9975478175576263
397,SRS,rf,13,0.9999910965288088,0.9900891972249752,0.9818181818181818,0.9985007496251874
398,PCA-QS,logistic,13,0.9999975490171503,0.9979959919839679,0.9989969909729187,0.996996996996997
398,PCA-QS,rf,13,0.9999696551611961,0.9819108280254777,0.9663991975927784,0.9979285344381149
398,SRS,logistic,13,0.9999980503545514,0.9972465581977472,0.9989969909729187,0.9955022488755623
398,SRS,rf,13,0.9999767435150058,0.9829299363057324,0.9674022066198595,0.9989642672190575
399,PCA-QS,logistic,13,0.9999813004378434,0.9980796927508402,0.9995192307692308,0.9966442953020134
399,PCA-QS,rf,13,0.9999065960894574,0.985874330248417,0.9730769230769231,0.9990128331688055
399,SRS,logistic,13,0.9999908246050824,0.9983169031017072,0.9980769230769231,0.9985569985569985
399,SRS,rf,13,0.999906019273695,0.988824101068999,0.9783653846153846,0.99950884086444
400,PCA-QS,logistic,13,0.9999909399927565,0.9974886991461577,0.9969879518072289,0.9979899497487437
400,PCA-QS,rf,13,0.9996884611970762,0.986815415821501,0.9769076305220884,0.9969262295081968
400,SRS,logistic,13,0.9999898806688327,0.9962396590624216,0.9974899598393574,0.9949924887330996
400,SRS,rf,13,0.999954574517528,0.9865584580268831,0.9764056224899599,0.9969246540235777
401,PCA-QS,logistic,13,0.9999985982287619,0.9976798143851509,1.0,0.9953703703703703
401,PCA-QS,rf,13,0.9999920470937921,0.9911504424778761,0.9839793281653747,0.9984268484530676
401,SRS,logistic,13,0.9999984551908804,0.9969088098918083,1.0,0.9938366718027735
401,SRS,rf,13,0.9999860824141362,0.9898516783762685,0.9829457364341085,0.9968553459119497
402,PCA-QS,logistic,13,0.9999998351620049,0.9995061728395062,0.9995061728395062,0.9995061728395062
402,PCA-QS,rf,13,0.9999686258349215,0.9826676714393369,0.965925925925926,1.0
402,SRS,logistic,13,0.9999996153780113,0.9990123456790123,0.9990123456790123,0.9990123456790123
402,SRS,rf,13,0.99998399697797,0.9859789684526791,0.9723456790123457,1.0
403,PCA-QS,logistic,13,0.9999968434788662,0.9989733059548255,0.9989733059548255,0.9989733059548255
403,PCA-QS,rf,13,0.9999890517059773,0.9833072509128847,0.9676591375770021,0.9994697773064687
403,SRS,logistic,13,0.9999987487663974,0.997181655137074,0.9989733059548255,0.9953964194373401
403,SRS,rf,13,0.9999760985944779,0.9891078838174274,0.978952772073922,0.999475890985325
404,PCA-QS,logistic,13,0.9999988233856802,0.9977324263038548,0.9994952044422009,0.9959758551307847
404,PCA-QS,rf,13,0.9999666205723339,0.9885350318471338,0.9793033821302373,0.9979423868312757
404,SRS,logistic,13,0.9999970024349474,0.9974760222110045,0.9974760222110045,0.9974760222110045
404,SRS,rf,13,0.9999690298302266,0.9893129770992366,0.9813225643614336,0.9974345818368394
405,PCA-QS,logistic,13,0.9999987717689645,0.9967377666248431,0.9984917043740573,0.9949899799599199
405,PCA-QS,rf,13,0.9999814090484171,0.9823664707385638,0.9663147310206134,0.998960498960499
405,SRS,logistic,13,0.9999994696275074,0.9984924623115577,0.9989944695827049,0.9979909593169262
405,SRS,rf,13,0.9999810461619749,0.989345509893455,0.9803921568627451,0.9984639016897081
406,PCA-QS,logistic,13,0.9999981896149406,0.9974962443665498,0.9989969909729187,0.996
406,PCA-QS,rf,13,0.9999866170765991,0.9919191919191919,0.9849548645937813,0.9989827060020345
406,SRS,logistic,13,0.9999988302127308,0.9982442939553549,0.9979939819458375,0.9984947315604616
406,SRS,rf,13,0.9999836647563485,0.9903943377148635,0.9824473420260782,0.9984709480122325
407,PCA-QS,logistic,13,0.9999974790428247,0.9976738175239079,0.9989648033126294,0.996386164171399
407,PCA-QS,rf,13,0.9999743463960167,0.9932291666666667,0.9870600414078675,0.999475890985325
407,SRS,logistic,13,0.999999312466225,0.9981898112231704,0.9989648033126294,0.9974160206718347
407,SRS,rf,13,0.9999841151050711,0.9934878874706955,0.9870600414078675,1.0
408,PCA-QS,logistic,13,0.999997970503891,0.9976122254059216,0.9990435198469632,0.9961850262279447
408,PCA-QS,rf,13,0.9999789039220253,0.989387361312108,0.9808703969392635,0.9980535279805353
408,SRS,logistic,13,0.9999997596649344,0.998328956791597,1.0,0.9966634890371783
408,SRS,rf,13,0.9999460314258393,0.9874517374517374,0.9784791965566715,0.9965903555772041
409,PCA-QS,logistic,13,0.9999984381937052,0.9967361285463219,0.9969864389753893,0.9964859437751004
409,PCA-QS,rf,13,0.9999729054497251,0.9847172694854814,0.9708689100954294,0.9989664082687338
409,SRS,logistic,13,0.999999776884815,0.9979949874686717,1.0,0.9959979989994997
409,SRS,rf,13,0.9999806726471019,0.9891056498606536,0.9804118533400301,0.9979550102249489
410,PCA-QS,logistic,13,0.9999997247875008,0.9985170538803757,0.9995051954477981,0.9975308641975309
410,PCA-QS,rf,13,0.9999955966000138,0.9907615480649189,0.9816922315685305,1.0
410,SRS,logistic,13,0.9999987890650037,0.9987632945832303,0.9990103908955963,0.9985163204747775
410,SRS,rf,13,0.9999857852744194,0.9905189620758483,0.9821870361207323,0.9989934574735783
411,PCA-QS,logistic,13,0.9999974835043023,0.9970559371933267,0.9985257985257985,0.9955903968642822
411,PCA-QS,rf,13,0.9999904126984561,0.9865738438587768,0.9749385749385749,0.9984901862103673
411,SRS,logistic,13,0.999999234110005,0.9985272459499264,0.9995085995085995,0.9975478175576263
411,SRS,rf,13,0.9999907409370254,0.9855505729945192,0.971990171990172,0.9994946942900454
412,PCA-QS,logistic,13,0.9999994366679427,0.9992383853769993,0.9994921279837481,0.9989847715736041
412,PCA-QS,rf,13,0.9999489480323078,0.9800776196636481,0.9619095987811072,0.9989451476793249
412,SRS,logistic,13,0.9999998591669857,0.9994921279837481,0.9994921279837481,0.9994921279837481
412,SRS,rf,13,0.9999815367918223,0.9879270485486771,0.9766378872524124,0.9994802494802495
413,PCA-QS,logistic,13,0.9999987132774517,0.9992627181125584,1.0,0.9985265225933202
413,PCA-QS,rf,13,0.9999644782445469,0.9875807252856433,0.9778652238071815,0.997491219267436
413,SRS,logistic,13,0.9999980836047154,0.9985236220472441,0.9980324643384161,0.999015263417036
413,SRS,rf,13,0.999952569216707,0.988328780730072,0.9788489916379735,0.9979939819458375
414,PCA-QS,logistic,13,0.9999955014822475,0.9977232481659499,0.9994931576279777,0.9959595959595959
414,PCA-QS,rf,13,0.9999377377027324,0.9809179989685405,0.9640141915864167,0.9984251968503937
414,SRS,logistic,13,0.9999976945096518,0.9977232481659499,0.9994931576279777,0.9959595959595959
414,SRS,rf,13,0.9999553662691748,0.9851129363449692,0.9726305119107957,0.9979199167966719
415,PCA-QS,logistic,13,0.9999985331427832,0.9982955928901874,0.999512432959532,0.9970817120622568
415,PCA-QS,rf,13,0.9999636952838828,0.9854212997281937,0.9722086786933203,0.998997995991984
415,SRS,logistic,13,0.9999981800104902,0.9949066213921901,1.0,0.9898648648648649
415,SRS,rf,13,0.999964564532604,0.9894270961396607,0.9809848854217454,0.998015873015873
416,PCA-QS,logistic,13,0.9999942082723383,0.9982737361282368,0.9985199802664035,0.9980276134122288
416,PCA-QS,rf,13,0.9999682415691729,0.988293897882939,0.978786383818451,0.9979879275653923
416,SRS,logistic,13,0.9999941259254995,0.997285961016531,0.9970399605328071,0.9975320829220138
416,SRS,rf,13,0.9999725373292631,0.9905472636815921,0.9822397631968426,0.9989964877069744
417,PCA-QS,logistic,13,0.9999990799969694,0.998061076102763,0.9995145631067961,0.9966118102613747
417,PCA-QS,rf,13,0.9999809234665714,0.9832347140039448,0.9679611650485437,0.998997995991984
417,SRS,logistic,13,0.9999983223474148,0.9966101694915255,0.9990291262135922,0.9942028985507246
417,SRS,rf,13,0.9999876746652813,0.9897109260166586,0.9805825242718447,0.9990108803165183
418,PCA-QS,logistic,13,0.9999990873868567,0.998259139517533,0.9985074626865672,0.9980109398309299
418,PCA-QS,rf,13,0.9999943998738934,0.9899598393574297,0.981094527363184,0.9989868287740629
418,SRS,logistic,13,0.9999995575209002,0.9987552900174259,0.9980099502487563,0.9995017438963627
418,SRS,rf,13,0.9999928926794598,0.995004995004995,0.991044776119403,0.9989969909729187
419,PCA-QS,logistic,13,0.9999957229315027,0.9970282317979198,0.9990074441687344,0.9950568462679189
419,PCA-QS,rf,13,0.9999388931084698,0.9851796031147952,0.9732009925558313,0.9974567650050865
419,SRS,logistic,13,0.9999970474430374,0.9975235264982665,0.9995037220843672,0.995551161641127
419,SRS,rf,13,0.9999559461944783,0.9884711779448622,0.9786600496277915,0.9984810126582279
420,PCA-QS,logistic,13,0.9999996936271438,0.9987471811576046,0.9994984954864594,0.9979969954932398
420,PCA-QS,rf,13,0.9999830241585581,0.9873353596757852,0.977432296890672,0.9974411463664279
420,SRS,logistic,13,0.9999996936271438,0.9989974937343359,0.9994984954864594,0.998496993987976
420,SRS,rf,13,0.9999882324971137,0.9875792141951838,0.9769307923771314,0.9984623270117888
421,PCA-QS,logistic,13,0.9999994643498161,0.9987287058225274,0.9984748347737672,0.9989827060020345
421,PCA-QS,rf,13,0.999990837562644,0.9731280980954866,0.9481443823080834,0.9994640943193998
421,SRS,logistic,13,0.9999976882465748,0.9987293519695044,0.9989832231825114,0.9984756097560976
421,SRS,rf,13,0.9999907952744715,0.9813568099430346,0.9633960345704118,1.0
422,PCA-QS,logistic,13,0.9999984326652793,0.9982703236965653,0.9985170538803757,0.9980237154150198
422,PCA-QS,rf,13,0.9999625077036564,0.9800957420005039,0.9614434008897677,0.9994861253854059
422,SRS,logistic,13,0.999994225608924,0.9985170538803757,0.9985170538803757,0.9985170538803757
422,SRS,rf,13,0.9999498452889397,0.9798488664987406,0.9614434008897677,0.9989727786337956
423,PCA-QS,logistic,13,0.9999994991712075,0.9983525535420099,0.9995287464655985,0.997179125528914
423,PCA-QS,rf,13,0.9999804017785643,0.9803073967339097,0.9618284637134779,0.9995102840352595
423,SRS,logistic,13,0.9999995782494379,0.9983525535420099,0.9995287464655985,0.997179125528914
423,SRS,rf,13,0.9999740623404267,0.9820445295666747,0.9665409990574929,0.9980535279805353
424,PCA-QS,logistic,13,0.9999998326636113,0.9989964877069744,1.0,0.9979949874686717
424,PCA-QS,rf,13,0.9999752899932643,0.9792679805477348,0.9608237066800602,0.9984342379958246
424,SRS,logistic,13,0.9999996932166206,0.998995983935743,0.9994977398292315,0.9984947315604616
424,SRS,rf,13,0.9999897785355885,0.9818553539483772,0.9648417880462079,0.9994797086368367
425,PCA-QS,logistic,13,0.9999960271882907,0.9980449657869013,0.9975574010747436,0.9985330073349633
425,PCA-QS,rf,13,0.9999879319041569,0.985126425384234,0.9706888128969223,1.0
425,SRS,logistic,13,0.9999973333181676,0.9985344406448461,0.9985344406448461,0.9985344406448461
425,SRS,rf,13,0.9999857686265481,0.9868974042027194,0.975085490962384,0.998998998998999
426,PCA-QS,logistic,13,0.9999976467713605,0.9977289931869796,0.9979808177688037,0.9974772956609486
426,PCA-QS,rf,13,0.9999522910907969,0.9833802096650474,0.9707218576476527,0.9963730569948187
426,SRS,logistic,13,0.9999961059668941,0.9984871406959153,0.9994952044422009,0.9974811083123426
426,SRS,rf,13,0.9999630907293746,0.9849297573435505,0.9732458354366481,0.9968976215098242
427,PCA-QS,logistic,13,0.9999952575584377,0.9987687761635066,0.9990147783251232,0.9985228951255539
427,PCA-QS,rf,13,0.9999760273690963,0.9852684144818976,0.9719211822660099,0.9989873417721519
427,SRS,logistic,13,0.9999913923314994,0.9985236220472441,0.9995073891625615,0.9975417895771878
427,SRS,rf,13,0.9999895967828154,0.9882880637926739,0.9768472906403941,1.0
428,PCA-QS,logistic,13,0.9999995150221878,0.999275887038378,1.0,0.9985528219971056
428,PCA-QS,rf,13,0.9999745117216443,0.9900024384296513,0.9806763285024155,0.999507631708518
428,SRS,logistic,13,0.9999992725332816,0.9985521235521235,0.9995169082125603,0.997589199614272
428,SRS,rf,13,0.9999500742285484,0.9890270665691295,0.9797101449275363,0.9985228951255539
429,PCA-QS,logistic,13,0.999995713483721,0.9982617333002235,1.0,0.9965294992563213
429,PCA-QS,rf,13,0.9999792449647261,0.9892095357590966,0.9805970149253731,0.9979746835443037
429,SRS,logistic,13,0.9999978705693323,0.9985096870342772,1.0,0.9970238095238095
429,SRS,rf,13,0.9999817477371342,0.9902132998745294,0.9815920398009951,0.9989873417721519
430,PCA-QS,logistic,13,0.9999985267766126,0.9982864137086903,0.9990200881920627,0.9975538160469667
430,PCA-QS,rf,13,0.9999793885135336,0.9861111111111112,0.974032337089662,0.9984932194876946
430,SRS,logistic,13,0.9999993725159646,0.9982880899975544,1.0,0.99658203125
430,SRS,rf,13,0.999970208149277,0.9886194952993568,0.9789318961293484,0.9985007496251874
431,PCA-QS,logistic,13,0.9999998154841291,0.998823252530007,1.0,0.997649271274095
431,PCA-QS,rf,13,0.9999800986453478,0.9897789398621345,0.9811498586239397,0.9985611510791367
431,SRS,logistic,13,0.9999996309682582,0.9978818545540127,0.9990574929311969,0.996708979783733
431,SRS,rf,13,0.9999893244388951,0.9907385419140347,0.9830348727615457,0.9985639061752034
432,PCA-QS,logistic,13,0.9999988814247293,0.9969849246231156,0.9994962216624685,0.9944862155388471
432,PCA-QS,rf,13,0.999981291828598,0.9851889683350358,0.9717884130982368,0.9989642672190575
432,SRS,logistic,13,0.9999994686767464,0.9984901862103673,0.9994962216624685,0.9974861739567622
432,SRS,rf,13,0.9999600528806459,0.983640081799591,0.9692695214105793,0.9984431759211209
433,PCA-QS,logistic,13,0.9999986921187409,0.9977483112334251,0.998997995991984,0.9965017491254373
433,PCA-QS,rf,13,0.9999615983800527,0.9753719856336582,0.9524048096192385,0.9994742376445847
433,SRS,logistic,13,0.9999999443454783,0.99949924887331,1.0,0.998998998998999
433,SRS,rf,13,0.9999861281104756,0.9855146124523507,0.9714428857715431,1.0
434,PCA-QS,logistic,13,0.9999991311561789,0.998989898989899,0.998989898989899,0.998989898989899
434,PCA-QS,rf,13,0.9999686235271696,0.986959856814114,0.9747474747474747,0.9994821336095288
434,SRS,logistic,13,0.9999995515644794,0.9989909182643795,1.0,0.9979838709677419
434,SRS,rf,13,0.9999851315597709,0.9921139659119816,0.9848484848484849,0.9994874423372629
435,PCA-QS,logistic,13,0.9999985970323768,0.997285961016531,0.9995054401582592,0.9950763170851797
435,PCA-QS,rf,13,0.9999755168395178,0.9834170854271357,0.9678536102868447,0.9994892747701737
435,SRS,logistic,13,0.999999339779942,0.9987639060568603,0.9990108803165183,0.9985170538803757
435,SRS,rf,13,0.999971019090373,0.9857107044372023,0.9723046488625123,0.9994916115912558
436,PCA-QS,logistic,13,0.9999907562184119,0.9974899598393574,0.9994969818913481,0.9954909819639278
436,PCA-QS,rf,13,0.9999597574342346,0.9821246169560777,0.9673038229376257,0.9974066390041494
436,SRS,logistic,13,0.9999969001215823,0.9967394030599448,0.9994969818913481,0.9939969984992496
436,SRS,rf,13,0.9999795296317099,0.989345509893455,0.9808853118712274,0.9979529170931423
437,PCA-QS,logistic,13,0.9999945939600633,0.9987602281180263,0.9990079365079365,0.9985126425384234
437,PCA-QS,rf,13,0.9999442433176933,0.9884769539078156,0.9786706349206349,0.9984817813765182
437,SRS,logistic,13,0.9999976003802321,0.998015873015873,0.998015873015873,0.998015873015873
437,SRS,rf,13,0.9999552898431763,0.9882294014525419,0.9786706349206349,0.9979767324228629
438,PCA-QS,logistic,13,0.9999950797462082,0.9979716024340771,0.9974657881398885,0.9984779299847792
438,PCA-QS,rf,13,0.9999770153858585,0.987172909184197,0.9751647237709072,0.9994805194805195
438,SRS,logistic,13,0.9999973571208204,0.9982265011401064,0.9984794728839331,0.9979736575481256
438,SRS,rf,13,0.9999282908154522,0.9905395039631808,0.9817536746071972,0.999484004127967
439,PCA-QS,logistic,13,0.999999280653545,0.9980119284294234,0.9995022399203584,0.9965260545905708
439,PCA-QS,rf,13,0.999988158450665,0.9902132998745294,0.982080637132902,0.9984817813765182
439,SRS,logistic,13,0.9999996126596012,0.9982608695652174,1.0,0.9965277777777778
439,SRS,rf,13,0.999981919503527,0.9909774436090225,0.9840716774514684,0.9979808177688037
440,PCA-QS,logistic,13,0.9999996192102552,0.9982930992440868,0.99951171875,0.9970774476376035
440,PCA-QS,rf,13,0.9999424735492564,0.9864096861872992,0.974609375,0.9984992496248124
440,SRS,logistic,13,0.999996572892296,0.9946524064171123,0.9990234375,0.9903194578896418
440,SRS,rf,13,0.9999735351127311,0.9879101899827288,0.9775390625,0.9985037406483791
441,PCA-QS,logistic,13,0.9999913016779145,0.9958363948077394,0.999017199017199,0.99267578125
441,PCA-QS,rf,13,0.9999918350655896,0.9873165879134543,0.9754299754299754,0.999496475327291
441,SRS,logistic,13,0.9999983861603678,0.9977914110429448,0.999017199017199,0.9965686274509804
441,SRS,rf,13,0.9999830683604689,0.9878200347999005,0.9764127764127765,0.9994969818913481
442,PCA-QS,logistic,13,0.9999960355113195,0.997303260603089,0.9990176817288802,0.9955947136563876
442,PCA-QS,rf,13,0.9999813532325511,0.9845463609172482,0.9700392927308448,0.9994939271255061
442,SRS,logistic,13,0.9999977033306955,0.9972992879941075,0.9975442043222004,0.9970544918998527
442,SRS,rf,13,0.9999793983295122,0.9858032378580324,0.9720039292730844,1.0
443,PCA-QS,logistic,13,0.9999984463998115,0.996822033898305,0.9994689325544344,0.99418911780243
443,PCA-QS,rf,13,0.9998930947191049,0.9717237629146275,0.9490175252257037,0.9955431754874652
443,SRS,logistic,13,0.9999995016754113,0.9978791092258749,0.9994689325544344,0.9962943356273161
443,SRS,rf,13,0.9999247969569135,0.9813865659562989,0.9660116834838024,0.9972587719298246
444,PCA-QS,logistic,13,0.9999991958242046,0.9980815347721822,0.9995196926032661,0.9966475095785441
444,PCA-QS,rf,13,0.9999431179654052,0.9809384164222874,0.9639769452449568,0.9985074626865672
444,SRS,logistic,13,0.9999994370769433,0.9983201343892488,0.9990393852065321,0.9976019184652278
444,SRS,rf,13,0.9999458521631096,0.9814724524622136,0.9668587896253602,0.9965346534653465
445,PCA-QS,logistic,13,0.9999973202231953,0.9962396590624216,0.9989944695827049,0.9935
445,PCA-QS,rf,13,0.9999455530764829,0.9823934677213575,0.9678230266465561,0.9974093264248705
445,SRS,logistic,13,0.9999988834263314,0.9974886991461577,0.9984917043740573,0.9964877069744105
445,SRS,rf,13,0.9999551416528623,0.9855072463768116,0.9743589743589743,0.9969135802469136
446,PCA-QS,logistic,13,0.9999946412703977,0.9967572960838115,0.9985007496251874,0.9950199203187251
446,PCA-QS,rf,13,0.9999749416918854,0.9803921568627451,0.9620189905047476,0.9994807892004154
446,SRS,logistic,13,0.999998278542822,0.9975062344139651,0.9995002498750625,0.9955201592832255
446,SRS,rf,13,0.999990504220083,0.9911816578483245,0.9830084957521239,0.9994918699186992
447,PCA-QS,logistic,13,0.9999929336317933,0.9948516793331699,0.9985236220472441,0.9912066438690766
447,PCA-QS,rf,13,0.9999550135279868,0.9895833333333334,0.9817913385826772,0.9975
447,SRS,logistic,13,0.9999959190354155,0.9968035406933858,0.9975393700787402,0.9960687960687961
447,SRS,rf,13,0.9999669140589396,0.9900842835894893,0.9827755905511811,0.9975024975024975
448,PCA-QS,logistic,13,0.9999986807179005,0.9970428782651553,0.9995059288537549,0.9945919370698132
448,PCA-QS,rf,13,0.9999833440634945,0.9948032665181886,0.9930830039525692,0.9965294992563213
448,SRS,logistic,13,0.9999991204786004,0.9982720315971365,0.9990118577075099,0.9975333004440059
448,SRS,rf,13,0.9999880852335393,0.9912913660114456,0.9841897233201581,0.9984962406015038
449,PCA-QS,logistic,12,0.9999983270785726,0.9987681694998768,0.9990142927550517,0.9985221674876847
449,PCA-QS,rf,12,0.9999888517613079,0.9857535616095976,0.9719073435189749,1.0
449,SRS,logistic,12,0.9999920193420433,0.9980314960629921,0.9995071463775259,0.9965601965601966
449,SRS,rf,12,0.9999909634817983,0.9892901618929016,0.9788072942336126,1.0
450,PCA-QS,logistic,13,0.9999989803700849,0.9960493827160494,0.9995044598612488,0.9926181102362205
450,PCA-QS,rf,13,0.9999873786351047,0.9910179640718563,0.9841427155599604,0.9979899497487437
450,SRS,logistic,13,0.9999989252549544,0.996787744007907,0.9995044598612488,0.9940857565303105
450,SRS,rf,13,0.9999782570809992,0.9841668760995225,0.9702675916749257,0.998470168281489
451,PCA-QS,logistic,13,0.999999137738992,0.9984984984984985,0.99899849774662,0.9979989994997499
451,PCA-QS,rf,13,0.9999715175718642,0.9819108280254777,0.9649474211316975,0.9994813278008299
451,SRS,logistic,13,0.999999638406674,0.9977516862353235,1.0,0.9955134596211366
451,SRS,rf,13,0.999974646744877,0.9878419452887538,0.9764646970455684,0.9994874423372629
452,PCA-QS,logistic,13,0.9999979767437079,0.9977914110429448,0.9985265225933202,0.9970573810691515
452,PCA-QS,rf,13,0.9999781816416067,0.9875807252856433,0.9764243614931237,0.9989949748743718
452,SRS,logistic,13,0.9999987969827452,0.9972992879941075,0.9975442043222004,0.9970544918998527
452,SRS,rf,13,0.9999816266455636,0.98984897251795,0.981827111984283,0.9980029955067399
453,PCA-QS,logistic,13,0.999997090807449,0.9965852377199895,0.9989468141126909,0.9942348008385744
453,PCA-QS,rf,13,0.9999797374738824,0.990990990990991,0.9847288046340179,0.9973333333333333
453,SRS,logistic,13,0.9999975853701827,0.9968487394957983,0.9994734070563455,0.9942378208486118
453,SRS,rf,13,0.9999785447049365,0.990990990990991,0.9847288046340179,0.9973333333333333
454,PCA-QS,logistic,13,0.9999973865084562,0.9973462002412545,0.9985507246376811,0.996144578313253
454,PCA-QS,rf,13,0.9999857335693558,0.9830674846625767,0.9676328502415459,0.999002493765586
454,SRS,logistic,13,0.9999992725332816,0.9983120327947914,1.0,0.9966297544535387
454,SRS,rf,13,0.9999807086603566,0.9840647217455258,0.9695652173913043,0.9990044798407167
455,PCA-QS,logistic,13,0.9999986260485108,0.9984863773965691,1.0,0.996977329974811
455,PCA-QS,rf,13,0.9999864287240653,0.9851434426229508,0.9717028802425467,0.9989610389610389
455,SRS,logistic,13,0.9999989064467739,0.9977301387137453,0.9994946942900454,0.9959718026183283
455,SRS,rf,13,0.999966478387645,0.9754331523144556,0.9530065689742294,0.9989406779661016
456,PCA-QS,logistic,13,0.9999993559529382,0.9979848866498741,0.9994954591321897,0.9964788732394366
456,PCA-QS,rf,13,0.9999781023998986,0.9799382716049383,0.9611503531786074,0.9994753410283316
456,SRS,logistic,13,0.9999993559529382,0.9979838709677419,0.9989909182643795,0.9969788519637462
456,SRS,rf,13,0.9999796005093684,0.9867211440245148,0.9747729566094854,0.9989658738366081
457,PCA-QS,logistic,13,0.9999976739002553,0.9980089596814335,0.9990034877927254,0.9970164097463948
457,PCA-QS,rf,13,0.999976185169281,0.9861356188555583,0.9745889387144993,0.9979591836734694
457,SRS,logistic,13,0.9999995015500548,0.9987559094302065,1.0,0.9975149105367793
457,SRS,rf,13,0.9999804358396477,0.9830422677803088,0.9676133532635774,0.9989711934156379
458,PCA-QS,logistic,13,0.99999679128569,0.9974937343358395,1.0,0.995
458,PCA-QS,rf,13,0.9999839982812452,0.9857433808553971,0.9728643216080402,0.9989680082559339
458,SRS,logistic,13,0.9999986607105489,0.9977426636568849,0.9994974874371859,0.9959939909864797
458,SRS,rf,13,0.9999896484086173,0.9911369967080274,0.9834170854271357,0.9989790709545686
459,PCA-QS,logistic,12,0.9999982344720751,0.9984583761562179,0.9989717223650385,0.9979455572675912
459,PCA-QS,rf,12,0.9999873992563426,0.9838120104438642,0.9686375321336761,0.9994694960212201
459,SRS,logistic,12,0.9999974940893969,0.9976905311778291,0.9994858611825193,0.9959016393442623
459,SRS,rf,12,0.9999886806879009,0.9872561768530559,0.9758354755784062,0.9989473684210526
460,PCA-QS,logistic,13,0.9999966208210993,0.9967956618190781,0.9985185185185185,0.9950787401574803
460,PCA-QS,rf,13,0.9999930355947046,0.9947929580957104,0.9906172839506173,0.999003984063745
460,SRS,logistic,13,0.9999979120520613,0.998025666337611,0.9985185185185185,0.9975333004440059
460,SRS,rf,13,0.9999916482082454,0.9912826899128269,0.9827160493827161,1.0
461,PCA-QS,logistic,13,0.9999992134693376,0.9989873417721519,0.9989873417721519,0.9989873417721519
461,PCA-QS,rf,13,0.9999354342597306,0.9902912621359223,0.9812658227848101,0.999484270242393
461,SRS,logistic,13,0.9999957583524991,0.9977220956719818,0.9979746835443037,0.9974696356275303
461,SRS,rf,13,0.9999623869801084,0.9882232462877624,0.9772151898734177,0.9994821336095288
462,PCA-QS,logistic,13,0.9999977882436631,0.9982838931110566,0.9985286905345758,0.9980392156862745
462,PCA-QS,rf,13,0.9999180011817332,0.9746422294752699,0.9519372241294752,0.9984567901234568
462,SRS,logistic,13,0.9999986893295781,0.9985294117647059,0.9990191270230505,0.9980401763841255
462,SRS,rf,13,0.999932486820458,0.9795,0.9607650809220206,0.9989801121876594
463,PCA-QS,logistic,13,0.9999979898623325,0.9982939312698026,0.9985372988785958,0.9980506822612085
463,PCA-QS,rf,13,0.9999805913058992,0.9891678975873953,0.9795221843003413,0.9990054699154649
463,SRS,logistic,13,0.9999979898623325,0.9982939312698026,0.9985372988785958,0.9980506822612085
463,SRS,rf,13,0.9999916878091045,0.9916502946954814,0.984397854705022,0.9990103908955963
464,PCA-QS,logistic,13,0.9999933163695619,0.9976999744441605,0.9974450689831375,0.9979550102249489
464,PCA-QS,rf,13,0.9999907675274455,0.9857549857549858,0.9724067450178845,0.9994747899159664
464,SRS,logistic,13,0.9999922118713115,0.9964303926568078,0.9984670413898825,0.9944020356234097
464,SRS,rf,13,0.9999882328455634,0.9928057553956835,0.9872253449156873,0.9984496124031008
465,PCA-QS,logistic,13,0.999996311843487,0.9964539007092199,0.9984771573604061,0.9944388270980788
465,PCA-QS,rf,13,0.9999688336697721,0.9835051546391752,0.9685279187817258,0.9989528795811519
465,SRS,logistic,13,0.9999968749208173,0.9977186311787072,0.9989847715736041,0.9964556962025316
465,SRS,rf,13,0.9999766885985287,0.9892362890825218,0.9796954314720813,0.9989648033126294
466,PCA-QS,logistic,13,0.9999979368245495,0.9983217453847998,0.99951992318771,0.9971264367816092
466,PCA-QS,rf,13,0.999987835303188,0.9886170985710826,0.9798367738838214,0.9975562072336266
466,SRS,logistic,13,0.9999947482806715,0.9959281437125749,0.9980796927508402,0.9937858508604207
466,SRS,rf,13,0.9999881568370245,0.9908034849951597,0.9827172347575612,0.9990239141044412
467,PCA-QS,logistic,12,0.9999989316020338,0.9974709155285787,0.9994931576279777,0.9954568399798082
467,PCA-QS,rf,12,0.9999542697554726,0.9877300613496932,0.9792194627470857,0.9963898916967509
467,SRS,logistic,12,0.999999409569545,0.9984802431610942,0.9989863152559554,0.9979746835443037
467,SRS,rf,12,0.9999738383076959,0.9861396303901437,0.9736441966548404,0.998959958398336
468,PCA-QS,logistic,13,0.9999971066286965,0.996900826446281,0.9989648033126294,0.9948453608247423
468,PCA-QS,rf,13,0.9999966482728464,0.9882168106834249,0.9767080745341615,1.0
468,SRS,logistic,13,0.9999977368679903,0.9976714100905563,0.9979296066252588,0.9974133471288154
468,SRS,rf,13,0.9999870944180966,0.9876931133804661,0.9761904761904762,0.9994700582935877
469,PCA-QS,logistic,12,0.9999980019788289,0.9979716024340771,0.9984779299847792,0.9974657881398885
469,PCA-QS,rf,12,0.9999824258560375,0.981404958677686,0.9639776763064434,0.9994739610731194
469,SRS,logistic,12,0.9999989306365563,0.9987319300025361,0.9989852866565195,0.9984787018255578
469,SRS,rf,12,0.9999760518870902,0.9827096774193549,0.9660071029934043,1.0
470,PCA-QS,logistic,13,0.9999997207316741,0.9989944695827049,0.9994969818913481,0.9984924623115577
470,PCA-QS,rf,13,0.9999802696927735,0.9750193149626577,0.9522132796780685,0.9989445910290238
470,SRS,logistic,13,0.9999992739023527,0.9982389937106918,0.9979879275653923,0.9984901862103673
470,SRS,rf,13,0.9999889549377098,0.9854554733350345,0.971327967806841,1.0
471,PCA-QS,logistic,13,0.9999984009265032,0.9971671388101983,0.998452810727179,0.9958847736625515
471,PCA-QS,rf,13,0.9999742292173057,0.9861510321400575,0.9731820526044352,0.9994703389830508
471,SRS,logistic,13,0.999998914914413,0.9984552008238929,1.0,0.9969151670951156
471,SRS,rf,13,0.9999759282328962,0.9882720875684128,0.9778236204228984,0.9989462592202318
472,PCA-QS,logistic,13,0.999996789188289,0.9975149105367793,0.9995019920318725,0.9955357142857143
472,PCA-QS,rf,13,0.9999747840563048,0.9876667505663227,0.9770916334661355,0.9984732824427481
472,SRS,logistic,13,0.9999934953383443,0.9972657220979368,0.999003984063745,0.9955334987593052
472,SRS,rf,13,0.9999749086136557,0.985631459541215,0.973605577689243,0.9979581419091373
473,PCA-QS,logistic,13,0.9999982150785203,0.9979939819458375,0.9994977398292315,0.9964947421131698
473,PCA-QS,rf,13,0.9999444443189421,0.9896333754740835,0.9829231541938724,0.9964358452138493
473,SRS,logistic,13,0.999998382414909,0.9974924774322969,0.9989954796584631,0.9959939909864797
473,SRS,rf,13,0.9999442630378543,0.9873417721518988,0.9794073329984933,0.9954058192955589
474,PCA-QS,logistic,13,0.9999955658023493,0.996186117467582,0.9979623025980642,0.9944162436548223
474,PCA-QS,rf,13,0.9999824891557743,0.984488107549121,0.9699439633214467,0.9994750656167979
474,SRS,logistic,13,0.9999981076990917,0.9977105062325108,0.9989811512990321,0.9964430894308943
474,SRS,rf,13,0.9999916964706413,0.9897119341563786,0.9801324503311258,0.9994805194805195
475,PCA-QS,logistic,13,0.9999989142531418,0.9965017491254373,0.9994987468671679,0.9935226706527155
475,PCA-QS,rf,13,0.9999728145690525,0.9881102959777385,0.9789473684210527,0.9974463738508682
475,SRS,logistic,13,0.9999991648101092,0.998997995991984,0.9994987468671679,0.9984977466199298
475,SRS,rf,13,0.9999782015438485,0.9904233870967742,0.9849624060150376,0.9959452610238216
476,PCA-QS,logistic,13,0.999994122480065,0.9980168567178979,0.9990074441687344,0.9970282317979198
476,PCA-QS,rf,13,0.9999470609296002,0.987189148455162,0.9751861042183623,0.9994913530010173
476,SRS,logistic,13,0.9999932946603559,0.9985111662531018,0.9985111662531018,0.9985111662531018
476,SRS,rf,13,0.9999530902164817,0.9846386300679929,0.9702233250620348,0.9994887525562373
477,PCA-QS,logistic,13,0.9999998038094597,0.9984871406959153,1.0,0.9969788519637462
477,PCA-QS,rf,13,0.9999872336012736,0.9900889453621347,0.9838383838383838,0.9964194373401535
477,SRS,logistic,13,0.9999993834011591,0.9984871406959153,1.0,0.9969788519637462
477,SRS,rf,13,0.9999872756421035,0.9892911779704232,0.9797979797979798,0.9989701338825953
478,PCA-QS,logistic,13,0.9999977007342424,0.997979797979798,0.9984840828701365,0.9974760222110045
478,PCA-QS,rf,13,0.9999347092644343,0.9854033290653009,0.9722081859525012,0.9989615784008308
478,SRS,logistic,13,0.9999971118978899,0.9957168052406148,0.9984840828701365,0.992964824120603
478,SRS,rf,13,0.9999762362472013,0.9882533197139939,0.977766548762001,0.9989674754775426
479,PCA-QS,logistic,13,0.9999995705592492,0.9980787704130644,0.9995189995189995,0.996642685851319
479,PCA-QS,rf,13,0.9999882440594454,0.9900557846228475,0.9817219817219818,0.9985322896281801
479,SRS,logistic,13,0.9999997315995307,0.9992790194664743,1.0,0.9985590778097982
479,SRS,rf,13,0.9999912769847483,0.9915192633874486,0.9841269841269841,0.9990234375
480,PCA-QS,logistic,13,0.9999979988541384,0.9977837970943118,0.9980295566502463,0.9975381585425899
480,PCA-QS,rf,13,0.9999927218599143,0.9923172242874845,0.9862068965517241,0.9985037406483791
480,SRS,logistic,13,0.9999992324372038,0.9980305268340719,0.9985221674876847,0.9975393700787402
480,SRS,rf,13,0.9999812495374063,0.9915590863952334,0.983743842364532,0.9994994994994995
481,PCA-QS,logistic,13,0.9999979595147602,0.9972368751569958,0.999496475327291,0.9949874686716792
481,PCA-QS,rf,13,0.9999651021120308,0.9836651352730985,0.9702920443101712,0.9974120082815735
481,SRS,logistic,13,0.9999997763851792,0.9982398793060095,0.999496475327291,0.9969864389753893
481,SRS,rf,13,0.9999692809139943,0.9877800407331976,0.9768378650553877,0.9989701338825953
482,PCA-QS,logistic,13,0.9999843888765542,0.9967312044254463,0.998991935483871,0.9944806823883593
482,PCA-QS,rf,13,0.9999837034419226,0.9843949859299054,0.969758064516129,0.9994805194805195
482,SRS,logistic,13,0.999994656407566,0.9969818913480886,0.998991935483871,0.9949799196787149
482,SRS,rf,13,0.9999764714071364,0.9849297573435505,0.9717741935483871,0.9984464008285863
483,PCA-QS,logistic,13,0.9999983361522644,0.9976677895827935,0.997926386728875,0.9974093264248705
483,PCA-QS,rf,13,0.9999842938511159,0.984485932158822,0.9704510108864697,0.9989327641408752
483,SRS,logistic,13,0.9999983074652344,0.9968992248062015,1.0,0.9938176197836167
483,SRS,rf,13,0.9999914369215672,0.9903318526260778,0.9823742871954381,0.9984193888303478
484,PCA-QS,logistic,13,0.9999984159626061,0.9967556775642625,0.9989994997498749,0.9945219123505976
484,PCA-QS,rf,13,0.9999898843927825,0.9808819780780015,0.9624812406203102,1.0
484,SRS,logistic,13,0.9999996387283137,0.9980029955067399,1.0,0.9960139511709019
484,SRS,rf,13,0.9999889117382423,0.9842479674796748,0.968984492246123,1.0
485,PCA-QS,logistic,13,0.9999986944444444,0.9980009995002499,0.9985,0.9975024975024975
485,PCA-QS,rf,13,0.9999651388888888,0.9738461538461538,0.9495,0.9994736842105263
485,SRS,logistic,13,0.9999974166666667,0.998,0.998,0.998
485,SRS,rf,13,0.9999556527777778,0.9748975409836066,0.9515,0.9994747899159664
486,PCA-QS,logistic,13,0.9999973210215216,0.9962843695813723,0.9990064580228515,0.9935770750988142
486,PCA-QS,rf,13,0.999985679893391,0.9884480160723255,0.977645305514158,0.9994921279837481
486,SRS,logistic,13,0.9999980667165619,0.998015873015873,0.9995032290114257,0.9965329370975731
486,SRS,rf,13,0.9999797833789049,0.9836065573770492,0.9687034277198212,0.9989754098360656
487,PCA-QS,logistic,13,0.9999959196851783,0.9982668977469671,0.9995042141794744,0.9970326409495549
487,PCA-QS,rf,13,0.9999843541982345,0.9874623871614845,0.9762022806147744,0.9989852866565195
487,SRS,logistic,13,0.9999954785700625,0.9975247524752475,0.999008428358949,0.9960454770143351
487,SRS,rf,13,0.9999862151526295,0.9894894894894894,0.9801685671789787,0.998989388580091
488,PCA-QS,logistic,13,0.9999983795184996,0.9979879275653923,0.9984901862103673,0.9974861739567622
488,PCA-QS,rf,13,0.9999563587568348,0.9831288343558282,0.9677906391545043,0.9989610389610389
488,SRS,logistic,13,0.9999986868511981,0.9977381251570746,0.9989934574735783,0.9964859437751004
488,SRS,rf,13,0.9999565543321882,0.9792254424211336,0.9607448414695521,0.9984309623430963
489,PCA-QS,logistic,13,0.999998306171093,0.9972017298397354,0.9979633401221996,0.99644128113879
489,PCA-QS,rf,13,0.9999867740192844,0.9821289821289821,0.9653767820773931,0.9994728518713759
489,SRS,logistic,13,0.9999968664165221,0.9959308240081384,0.9969450101832994,0.9949186991869918
489,SRS,rf,13,0.9999881714281327,0.9863225806451613,0.9730142566191446,1.0
490,PCA-QS,logistic,13,0.9999997845463674,0.9990342829550941,0.9990342829550941,0.9990342829550941
490,PCA-QS,rf,13,0.999981874963154,0.9863013698630136,0.9734427812650893,0.9995042141794744
490,SRS,logistic,13,0.9999999192048878,0.9990352146647371,1.0,0.9980722891566265
490,SRS,rf,13,0.9999904661767556,0.9909953760038939,0.9830999517141478,0.9990186457311089
491,PCA-QS,logistic,13,0.9999992388128965,0.9987306422949987,1.0,0.9974645030425964
491,PCA-QS,rf,13,0.9999835499009314,0.9832084732627228,0.9674631418403661,0.9994747899159664
491,SRS,logistic,13,0.9999987877390575,0.9977151561309977,0.9989832231825114,0.9964503042596349
491,SRS,rf,13,0.9999894279568968,0.9853130636433909,0.9720386375190646,0.9989550679205852
492,PCA-QS,logistic,13,0.9999999724181636,0.9997520456236053,1.0,0.9995042141794744
492,PCA-QS,rf,13,0.9999825958612241,0.9831021437578814,0.966765873015873,1.0
492,SRS,logistic,13,0.9999996965997995,0.9982668977469671,1.0,0.9965397923875432
492,SRS,rf,13,0.9999937940868073,0.9861704802615037,0.972718253968254,1.0
493,PCA-QS,logistic,13,0.9999989387803615,0.9972382626161185,0.9989939637826962,0.9954887218045113
493,PCA-QS,rf,13,0.9999847519494046,0.9947009841029523,0.9914486921529175,0.9979746835443037
493,SRS,logistic,13,0.9999995252438459,0.9984924623115577,0.9994969818913481,0.9974899598393574
493,SRS,rf,13,0.9999960064629393,0.9959616355376073,0.9924547283702213,0.9994934143870314
494,PCA-QS,logistic,13,0.9999996716183338,0.9973019376992887,0.9995083579154376,0.9951052373959863
494,PCA-QS,rf,13,0.9999907642656384,0.9967988180251169,0.9950835791543756,0.9985199802664035
494,SRS,logistic,13,0.9999995347926396,0.9985272459499264,1.0,0.9970588235294118
494,SRS,rf,13,0.9999891086747381,0.9948212083847102,0.9916420845624385,0.9980207817911925
495,PCA-QS,logistic,13,0.9999959088003408,0.9958995386981035,0.9964102564102564,0.9953893442622951
495,PCA-QS,rf,13,0.9998626038781164,0.9796557120500783,0.963076923076923,0.9968152866242038
495,SRS,logistic,13,0.9999982953334754,0.9976917158245704,0.9974358974358974,0.9979476654694716
495,SRS,rf,13,0.999904396619078,0.9820452771272443,0.9676923076923077,0.9968304278922345
496,PCA-QS,logistic,13,0.9999989208714508,0.9974424552429667,0.9994874423372629,0.9954058192955589
496,PCA-QS,rf,13,0.999985445963646,0.9758783429470372,0.9538698103536648,0.9989264626945786
496,SRS,logistic,13,0.9999979269372609,0.9979529170931423,0.9994874423372629,0.9964230965763924
496,SRS,rf,13,0.9999921195217791,0.989119170984456,0.9784725781650435,1.0
497,PCA-QS,logistic,13,0.9999998866148071,0.9989780275932549,1.0,0.9979581419091373
497,PCA-QS,rf,13,0.9999964992321696,0.9933058702368692,0.9867007672634271,1.0
497,SRS,logistic,13,0.9999999149611054,0.9989775051124744,0.9994884910485934,0.9984670413898825
497,SRS,rf,13,0.9999944582986977,0.9925353925353926,0.9861892583120204,0.9989637305699481
498,PCA-QS,logistic,13,0.9999990705021055,0.9979716024340771,0.9994921279837481,0.9964556962025316
498,PCA-QS,rf,13,0.999982931038664,0.9876796714579056,0.9771457592686643,0.9984431759211209
498,SRS,logistic,13,0.9999991268353112,0.9987306422949987,0.9989842559674962,0.9984771573604061
498,SRS,rf,13,0.9999843112022043,0.9902663934426229,0.9817166074149314,0.9989664082687338
499,PCA-QS,logistic,13,0.9999995703765616,0.9995187680461982,0.9995187680461982,0.9995187680461982
499,PCA-QS,rf,13,0.9999718462390603,0.9813816756491915,0.96390760346487,0.9995009980039921
499,SRS,logistic,13,0.9999979055857384,0.9980778471888515,0.9995187680461982,0.996641074856046
499,SRS,rf,13,0.9999572524678911,0.9851110568708812,0.971126082771896,0.9995047052996533
500,PCA-QS,logistic,13,0.9999997009374171,0.9980516317584024,1.0,0.9961108410306271
500,PCA-QS,rf,13,0.9999828990577598,0.9884093711467324,0.9780380673499268,0.9990029910269193
500,SRS,logistic,13,0.9999997824999397,0.9990248659190639,1.0,0.9980516317584024
500,SRS,rf,13,0.9999847885895337,0.9889080601429627,0.9790141532454856,0.999003984063745
501,PCA-QS,logistic,13,0.9999947414401544,0.9968207385668868,0.99706457925636,0.9965770171149144
501,PCA-QS,rf,13,0.9999788567749215,0.9833457618692518,0.9677103718199609,0.9994946942900454
501,SRS,logistic,13,0.9999986649252205,0.9975574010747436,0.9990215264187867,0.9960975609756098
501,SRS,rf,13,0.9999769631484485,0.9881364310430054,0.9779843444227005,0.9985014985014985
502,PCA-QS,logistic,13,0.9999944506902073,0.9974025974025974,0.998109640831758,0.9966965549787635
502,PCA-QS,rf,13,0.9999634538312223,0.9802504816955684,0.9617202268431002,0.99950884086444
502,SRS,logistic,13,0.9999967761152633,0.9966996699669967,0.999054820415879,0.9943555973659455
502,SRS,rf,13,0.999973944669259,0.9868515419555343,0.9754253308128544,0.9985486211901307
503,PCA-QS,logistic,12,0.9999979315629077,0.9977369876791552,0.998992950654582,0.9964841788046208
503,PCA-QS,rf,12,0.9999689175399105,0.9844029659933521,0.9692849949647533,1.0
503,SRS,logistic,12,0.9999978756592025,0.9977358490566037,0.9984894259818731,0.9969834087481146
503,SRS,rf,12,0.9999850038310809,0.9859586418177176,0.972306143001007,1.0
504,PCA-QS,logistic,13,0.9999990487845929,0.9987415051598288,1.0,0.9974861739567622
504,PCA-QS,rf,13,0.9999712397223972,0.984418901660281,0.9712701612903226,0.9979285344381149
504,SRS,logistic,13,0.9999991047384403,0.9977369876791552,1.0,0.9954841946813848
504,SRS,rf,13,0.9999617975106356,0.9880437547697787,0.9788306451612904,0.997431946584489
505,PCA-QS,logistic,13,0.9999978148591204,0.9959758551307847,0.9994952044422009,0.9924812030075187
505,PCA-QS,rf,13,0.9999639731901144,0.9882712901580826,0.9782937910146391,0.9984544049459042
505,SRS,logistic,13,0.9999975627274805,0.9969788519637462,0.9994952044422009,0.994475138121547
505,SRS,rf,13,0.9999734701485523,0.9885291868468009,0.9787985865724381,0.9984552008238929
506,PCA-QS,logistic,13,0.9999945243211403,0.9972670807453416,0.9985074626865672,0.996029776674938
506,PCA-QS,rf,13,0.9999479119134732,0.9909729187562688,0.9830845771144279,0.9989888776541962
506,SRS,logistic,13,0.9999928373695725,0.9965260545905708,0.9990049751243781,0.994059405940594
506,SRS,rf,13,0.9999487553892572,0.9909729187562688,0.9830845771144279,0.9989888776541962
507,PCA-QS,logistic,13,0.9999989127991308,0.998745294855709,0.998995983935743,0.9984947315604616
507,PCA-QS,rf,13,0.999978367490397,0.9849758085052203,0.9708835341365462,0.999483204134367
507,SRS,logistic,13,0.9999973516901903,0.9972424166457758,0.9984939759036144,0.9959939909864797
507,SRS,rf,13,0.9999713703771104,0.9875666074600356,0.9769076305220884,0.9984607491021037
508,PCA-QS,logistic,13,0.9999998660275682,0.99856184084372,1.0,0.9971278123504069
508,PCA-QS,rf,13,0.9999924439548437,0.9873602333495382,0.9750360057609218,1.0
508,SRS,logistic,13,0.99999638274434,0.9985590778097982,0.9980796927508402,0.9990389235944258
508,SRS,rf,13,0.999995364553858,0.9893255701115963,0.9788766202592415,1.0
509,PCA-QS,logistic,13,0.999997720190947,0.9982947624847747,0.9980516317584024,0.9985380116959064
509,PCA-QS,rf,13,0.9999721130499771,0.9829081000743126,0.9663906478324403,1.0
509,SRS,logistic,13,0.9999972588010196,0.997568093385214,0.9990258158792011,0.9961146187469645
509,SRS,rf,13,0.9999765912463312,0.9918978639823226,0.9839259620068193,1.0
510,PCA-QS,logistic,13,0.9999984258461302,0.9982964224872232,0.9990258158792011,0.997568093385214
510,PCA-QS,rf,13,0.9999946668752511,0.9884264959369613,0.9775937652216269,0.9995019920318725
510,SRS,logistic,13,0.999998534408466,0.9980535279805353,0.9990258158792011,0.9970831307729704
510,SRS,rf,13,0.9999931334322572,0.9864298050826549,0.9736970287384316,0.9995
511,PCA-QS,logistic,13,0.9999990182773845,0.9985315712187959,0.9990205680705191,0.9980430528375733
511,PCA-QS,rf,13,0.9999657760588179,0.9833623044449963,0.9696376101860921,0.9974811083123426
511,SRS,logistic,13,0.9999983637956408,0.9987754102375704,0.9985308521057786,0.9990200881920627
511,SRS,rf,13,0.9999895146570641,0.9938438808175326,0.9882468168462292,0.9995047052996533
512,PCA-QS,logistic,13,0.9999999179760962,0.9982838931110566,1.0,0.9965736661771905
512,PCA-QS,rf,13,0.9999884756415254,0.9855577689243028,0.9720039292730844,0.9994949494949495
512,SRS,logistic,13,1.0,0.9990186457311089,1.0,0.9980392156862745
512,SRS,rf,13,0.9999857825233528,0.9840478564307079,0.9695481335952849,0.9989878542510121
513,PCA-QS,logistic,13,0.9999987002176444,0.9980119284294234,0.9990049751243781,0.997020854021847
513,PCA-QS,rf,13,0.9999862001830757,0.9874055415617129,0.9751243781094527,1.0
513,SRS,logistic,13,0.9999995022110127,0.9980139026812314,1.0,0.9960356788899901
513,SRS,rf,13,0.9999882466489123,0.9879214896829391,0.9766169154228855,0.9994908350305499
514,PCA-QS,logistic,13,0.9999978314054527,0.9975012493753124,0.998998998998999,0.9960079840319361
514,PCA-QS,rf,13,0.9999820117862558,0.9901440485216073,0.9804804804804805,1.0
514,SRS,logistic,13,0.9999980816279006,0.9972506873281679,0.9984984984984985,0.9960059910134798
514,SRS,rf,13,0.9999824844286571,0.9929471032745592,0.9864864864864865,0.9994929006085193
515,PCA-QS,logistic,13,0.9999995565407127,0.99800796812749,0.9995012468827931,0.9965191447041273
515,PCA-QS,rf,13,0.9999476163716854,0.9742017879948914,0.9511221945137157,0.9984293193717277
515,SRS,logistic,13,0.9999993070948636,0.9992520568436799,0.9995012468827931,0.9990029910269193
515,SRS,rf,13,0.9999551551795698,0.9822695035460993,0.9670822942643391,0.997941327843541
516,PCA-QS,logistic,13,0.9999983318503483,0.9980009995002499,0.9994994994994995,0.9965069860279441
516,PCA-QS,rf,13,0.999974213186634,0.9873481781376519,0.9764764764764765,0.9984646878198568
516,SRS,logistic,13,0.9999988879002322,0.9977516862353235,0.9994994994994995,0.9960099750623441
516,SRS,rf,13,0.9999826790461165,0.9914314516129032,0.9844844844844844,0.9984771573604061
517,PCA-QS,logistic,13,0.9999990833333333,0.999000999000999,1.0,0.998003992015968
517,PCA-QS,rf,13,0.9999896944444444,0.988377968671046,0.978,0.9989785495403473
517,SRS,logistic,13,0.9999995555555555,0.998003992015968,1.0,0.9960159362549801
517,SRS,rf,13,0.9999894583333333,0.9886334933063905,0.9785,0.9989790709545686
518,PCA-QS,logistic,13,0.9999987441261735,0.9972027972027973,0.9995327102803738,0.9948837209302326
518,PCA-QS,rf,13,0.9999755758704776,0.9886739027843322,0.9789719626168224,0.9985700667302193
518,SRS,logistic,13,0.9999976975646513,0.9967365967365968,0.9990654205607477,0.9944186046511628
518,SRS,rf,13,0.9999754712143253,0.9881964117091596,0.97803738317757,0.9985687022900763
519,PCA-QS,logistic,13,0.9999988134584169,0.998017839444995,0.9995037220843672,0.9965363681345868
519,PCA-QS,rf,13,0.9999703640544126,0.9894842263395093,0.9806451612903225,0.9984840828701365
519,SRS,logistic,13,0.999997102631018,0.9975173783515392,0.9970223325062034,0.998012916045703
519,SRS,rf,13,0.9999615891654956,0.9867001254705144,0.975682382133995,0.9979695431472081
520,PCA-QS,logistic,13,0.9999976069213465,0.9959555106167847,1.0,0.9919436052366566
520,PCA-QS,rf,13,0.9999537854281217,0.9869062901155328,0.9756345177664975,0.9984415584415585
520,SRS,logistic,13,0.9999978884600117,0.997467071935157,0.999492385786802,0.9954499494438828
520,SRS,rf,13,0.9999737746733448,0.9892307692307692,0.9791878172588833,0.9994818652849741
521,PCA-QS,logistic,13,0.9999980744013939,0.9961190168175937,1.0,0.9922680412371134
521,PCA-QS,rf,13,0.9999715327549352,0.9863301787592008,0.9745454545454545,0.9984034060670569
521,SRS,logistic,13,0.9999985342458371,0.9976641577991175,0.9984415584415585,0.9968879668049793
521,SRS,rf,13,0.9999799680264411,0.987660803360462,0.9771428571428571,0.9984076433121019
522,PCA-QS,logistic,13,0.9999998902522487,0.9977859778597786,1.0,0.9955817378497791
522,PCA-QS,rf,13,0.9999855818891626,0.9940476190476191,0.9881656804733728,1.0
522,SRS,logistic,13,0.9999993415134917,0.9990138067061144,0.9990138067061144,0.9990138067061144
522,SRS,rf,13,0.9999863775603601,0.9917971662938105,0.9837278106508875,1.0
523,PCA-QS,logistic,13,0.9999970290980962,0.9975049900199601,0.999000499750125,0.9960139511709019
523,PCA-QS,rf,13,0.9999755802969674,0.9858299595141701,0.9735132433783108,0.9984623270117888
523,SRS,logistic,13,0.9999810084401657,0.9975049900199601,0.999000499750125,0.9960139511709019
523,SRS,rf,13,0.9999817997551588,0.9911949685534591,0.9845077461269365,0.9979736575481256
524,PCA-QS,logistic,13,0.9999977868444938,0.9982354423997983,0.9994952044422009,0.9969788519637462
524,PCA-QS,rf,13,0.9999729798925856,0.9905732484076433,0.9813225643614336,1.0
524,SRS,logistic,13,0.999996610230174,0.9977301387137453,0.9984856133266027,0.9969758064516129
524,SRS,rf,13,0.9999726717316925,0.9905972045743329,0.9838465421504291,0.9974411463664279
525,PCA-QS,logistic,13,0.9999987921136255,0.997724399494311,0.9989873417721519,0.9964646464646465
525,PCA-QS,rf,13,0.9999406450253692,0.9754331523144556,0.9549367088607595,0.9968287526427061
525,SRS,logistic,13,0.9999991291981951,0.9979787771601819,1.0,0.9959657085224407
525,SRS,rf,13,0.9999464035534331,0.9830769230769231,0.970632911392405,0.9958441558441559
526,PCA-QS,logistic,13,0.9999991685138363,0.9987540493396462,0.9995012468827931,0.99800796812749
526,PCA-QS,rf,13,0.9999797948862215,0.9840546697038725,0.9695760598503741,0.998972250770812
526,SRS,logistic,13,0.9999993625272744,0.9980049875311721,0.9980049875311721,0.9980049875311721
526,SRS,rf,13,0.9999890936731524,0.9855878634639696,0.972069825436409,0.9994871794871795
527,PCA-QS,logistic,13,0.9999973511408805,0.9979674796747967,0.9979674796747967,0.9979674796747967
527,PCA-QS,rf,13,0.9999441485236724,0.9800776196636481,0.9623983739837398,0.9984185556141276
527,SRS,logistic,13,0.9999982528801553,0.9974632166412988,0.9989837398373984,0.9959473150962512
527,SRS,rf,13,0.9999470369072868,0.9813953488372092,0.9649390243902439,0.998422712933754
528,PCA-QS,logistic,13,0.9999981503875186,0.995795201582983,0.9995034756703078,0.992114342040414
528,PCA-QS,rf,13,0.999975609960787,0.991495747873937,0.9841112214498511,0.998991935483871
528,SRS,logistic,13,0.9999996411199663,0.9985119047619048,0.9995034756703078,0.9975222993062438
528,SRS,rf,13,0.9999727803297522,0.9904952476238119,0.9831181727904668,0.9979838709677419
529,PCA-QS,logistic,13,0.9999976320324231,0.9973500361358709,0.9985528219971056,0.9961501443695862
529,PCA-QS,rf,13,0.9999835587705739,0.9887859580692345,0.9782923299565847,0.9995071463775259
529,SRS,logistic,13,0.9999979011196477,0.9985528219971056,0.9985528219971056,0.9985528219971056
529,SRS,rf,13,0.999988146707754,0.9927149101505586,0.9860106126386879,0.9995110024449878
530,PCA-QS,logistic,13,0.9999971191215263,0.9968003937976865,0.9985207100591716,0.995085995085995
530,PCA-QS,rf,13,0.9999847724994961,0.983983983983984,0.9694280078895463,0.9989837398373984
530,SRS,logistic,13,0.9999967075674587,0.9960629921259843,0.9980276134122288,0.9941060903732809
530,SRS,rf,13,0.9999790930533624,0.9898035314598359,0.9812623274161736,0.9984947315604616
531,PCA-QS,logistic,13,0.9999949133631972,0.9961722488038277,0.9985611510791367,0.9937947494033413
531,PCA-QS,rf,13,0.9999645274012439,0.9814634146341463,0.9649880095923261,0.9985111662531018
531,SRS,logistic,13,0.999996519669556,0.9949820788530466,0.9985611510791367,0.9914285714285714
531,SRS,rf,13,0.9999545013723881,0.9797412741030022,0.962589928057554,0.9975149105367793
532,PCA-QS,logistic,13,0.9999991783292783,0.9977881543376751,0.9990157480314961,0.9965635738831615
532,PCA-QS,rf,13,0.999973925649098,0.9855361596009975,0.9724409448818898,0.9989888776541962
532,SRS,logistic,13,0.9999993974414708,0.9985250737463127,0.999507874015748,0.9975442043222004
532,SRS,rf,13,0.9999741036777544,0.983,0.96751968503937,0.9989837398373984
533,PCA-QS,logistic,13,0.9999963567471996,0.9968944099378882,0.9984447900466563,0.9953488372093023
533,PCA-QS,rf,13,0.999977695834233,0.985545335085414,0.9720062208398134,0.9994669509594882
533,SRS,logistic,13,0.9999977910986958,0.9966364812419146,0.9984447900466563,0.9948347107438017
533,SRS,rf,13,0.9999715854968589,0.9863517060367454,0.9740798341109383,0.998936735778841
534,PCA-QS,logistic,13,0.9999972611636394,0.9966019417475728,0.9990267639902677,0.9941888619854722
534,PCA-QS,rf,13,0.9999645442718661,0.9799256505576208,0.962043795620438,0.9984848484848485
534,SRS,logistic,13,0.9999979390934316,0.9968454258675079,0.9995133819951338,0.9941916747337851
534,SRS,rf,13,0.9999709303705089,0.9844636251541307,0.9712895377128954,0.998
535,PCA-QS,logistic,13,0.9999992861279032,0.998452810727179,0.998452810727179,0.998452810727179
535,PCA-QS,rf,13,0.9999769990410414,0.9848246991104134,0.9706034038164002,0.9994689325544344
535,SRS,logistic,13,0.9999992290181354,0.9987116722494203,0.999484270242393,0.9979402677651905
535,SRS,rf,13,0.9999681470270412,0.9877636032283259,0.9783393501805054,0.9973711882229233
536,PCA-QS,logistic,13,0.9999979928599337,0.9977449260836883,0.9994979919678715,0.9959979989994997
536,PCA-QS,rf,13,0.9999671470198876,0.9863152559553978,0.9769076305220884,0.9959058341862845
536,SRS,logistic,13,0.9999984946449503,0.9984939759036144,0.9984939759036144,0.9984939759036144
536,SRS,rf,13,0.9999628400318288,0.9891276864728192,0.9819277108433735,0.9964340295466123
537,PCA-QS,logistic,13,0.9999967553602811,0.9974079834110938,0.9984431759211209,0.9963749352667012
537,PCA-QS,rf,13,0.9999551780300793,0.9823265629121604,0.9662688116242865,0.9989270386266095
537,SRS,logistic,13,0.999997645482682,0.9974079834110938,0.9984431759211209,0.9963749352667012
537,SRS,rf,13,0.9999726072009582,0.9865965834428384,0.9740529320186819,0.9994675186368477
538,PCA-QS,logistic,13,0.999995517978359,0.9965703086722195,0.9985272459499264,0.9946210268948655
538,PCA-QS,rf,13,0.9999682978957101,0.9822810082355877,0.9661266568483063,0.9989847715736041
538,SRS,logistic,13,0.9999940148613453,0.9970559371933267,0.997545409916544,0.9965669445806769
538,SRS,rf,13,0.9999615748632485,0.9853197312764369,0.9720176730486009,0.9989909182643795
539,PCA-QS,logistic,13,0.9999984038833686,0.9982354423997983,0.9989909182643795,0.9974811083123426
539,PCA-QS,rf,13,0.9999845708725628,0.9846390168970814,0.9702320887991928,0.9994802494802495
539,SRS,logistic,13,0.9999997479815844,0.9989909182643795,0.9989909182643795,0.9989909182643795
539,SRS,rf,13,0.999982904750816,0.9851586489252815,0.9712411705348133,0.9994807892004154
540,PCA-QS,logistic,13,0.9999933433533968,0.9964964964964965,0.9984954864593781,0.9945054945054945
540,PCA-QS,rf,13,0.9999607842744049,0.9870722433460076,0.9764292878635907,0.9979497693490518
540,SRS,logistic,13,0.9999976325733838,0.9979949874686717,0.9984954864593781,0.9974949899799599
540,SRS,rf,13,0.9999638201508891,0.9914098029307731,0.9839518555667001,0.9989816700610998
541,PCA-QS,logistic,13,0.9999956612493297,0.9970859640602234,0.9990267639902677,0.9951526902569074
541,PCA-QS,rf,13,0.9999654255805961,0.9783743475018642,0.9576642335766423,1.0
541,SRS,logistic,13,0.9999980204450067,0.9982989064398542,0.9995133819951338,0.9970873786407767
541,SRS,rf,13,0.9999720692925599,0.9841819080573406,0.9688564476885645,1.0
542,PCA-QS,logistic,13,0.9999973321062169,0.9971539456662355,0.9989631933644375,0.9953512396694215
542,PCA-QS,rf,13,0.9999847671871097,0.9908592321755028,0.9834110938310006,0.998421052631579
542,SRS,logistic,13,0.9999989959539526,0.9971554176364107,0.9994815966822188,0.9948400412796697
542,SRS,rf,13,0.9999844229427505,0.991644908616188,0.9844479004665629,0.9989479221462388
543,PCA-QS,logistic,13,0.9999982432674391,0.9970428782651553,0.9980266403552047,0.9960610536681438
543,PCA-QS,rf,13,0.9999882381265259,0.9872722735213376,0.975826344351258,0.998989898989899
543,SRS,logistic,13,0.9999938239870906,0.9970428782651553,0.9980266403552047,0.9960610536681438
543,SRS,rf,13,0.9999822679807135,0.9809045226130654,0.9629995066600888,0.9994879672299027
544,PCA-QS,logistic,13,0.9999984722127835,0.9975538160469667,0.9990200881920627,0.9960918417195896
544,PCA-QS,rf,13,0.9999895919495871,0.9911154985192497,0.9838314551690348,0.9985082048731975
544,SRS,logistic,13,0.999998172111723,0.9980411361410382,0.9985301322880941,0.9975526186979932
544,SRS,rf,13,0.9999923337820027,0.9933481152993349,0.9877511024007839,0.9990089197224975
545,PCA-QS,logistic,13,0.9999988555119896,0.9969879518072289,0.9984917043740573,0.9954887218045113
545,PCA-QS,rf,13,0.9999651210300259,0.9828775875287503,0.9668174962292609,0.9994802494802495
545,SRS,logistic,13,0.9999976551952958,0.9984909456740443,0.9979889391654098,0.9989934574735783
545,SRS,rf,13,0.9999481211959207,0.9807938540332907,0.9627953745600805,0.9994780793319415
546,PCA-QS,logistic,13,0.9999977217374602,0.9972886369238353,0.9980266403552047,0.996551724137931
546,PCA-QS,rf,13,0.999990118379345,0.9910536779324056,0.983719782930439,0.9984977466199298
546,SRS,logistic,13,0.9999992039805583,0.9970472440944882,0.9995066600888012,0.9945999018163967
546,SRS,rf,13,0.9999875793518157,0.9930555555555556,0.9876665022200296,0.9985037406483791
547,PCA-QS,logistic,13,0.9999971640766557,0.9974450689831375,0.9989764585465711,0.9959183673469387
547,PCA-QS,rf,13,0.9999822187606312,0.9836236028073824,0.9682702149437052,0.9994717379820391
547,SRS,logistic,13,0.9999986671160281,0.9977011494252873,0.9994882292732856,0.9959204487506375
547,SRS,rf,13,0.9999785037010501,0.97911227154047,0.9595701125895599,0.9994669509594882
548,PCA-QS,logistic,13,0.999998534010023,0.9984756097560976,0.9989832231825114,0.9979685119349924
548,PCA-QS,rf,13,0.9999849595066785,0.9850515463917526,0.9715302491103203,0.9989545216936748
548,SRS,logistic,13,0.9999975190938851,0.9979685119349924,0.9989832231825114,0.9969558599695586
548,SRS,rf,13,0.9999834653245867,0.986096807415036,0.9735638027452974,0.9989567031820553
549,PCA-QS,logistic,13,0.999997332147547,0.9979989994997499,0.9979989994997499,0.9979989994997499
549,PCA-QS,rf,13,0.9999460871483461,0.9865856745127816,0.9749874937468734,0.9984631147540983
549,SRS,logistic,13,0.9999973043574173,0.9985,0.9989994997498749,0.9980009995002499
549,SRS,rf,13,0.9999643035783767,0.9858227848101265,0.9739869934967483,0.9979497693490518
550,PCA-QS,logistic,13,0.9999984896468311,0.9972913075597144,0.9995064165844028,0.995085995085995
550,PCA-QS,rf,13,0.999985171077978,0.9882705265784877,0.9772951628825272,0.9994952044422009
550,SRS,logistic,13,0.9999977756616968,0.9970443349753695,0.9990128331688055,0.9950835791543756
550,SRS,rf,13,0.99998882338655,0.9892848243209569,0.9797630799605134,0.9989934574735783
551,PCA-QS,logistic,13,0.9999977476906792,0.9989858012170385,1.0,0.9979736575481256
551,PCA-QS,rf,13,0.9999684254387077,0.9771902540176257,0.9568527918781726,0.9984110169491526
551,SRS,logistic,13,0.9999980573832107,0.9987319300025361,0.999492385786802,0.9979726305119108
551,SRS,rf,13,0.9999762522135978,0.979296066252588,0.9604060913705583,0.9989440337909187
552,PCA-QS,logistic,13,0.9999992166376229,0.9983054950375212,0.999031007751938,0.9975810353168844
552,PCA-QS,rf,13,0.9999880334643763,0.9892315222711698,0.9791666666666666,0.9995054401582592
552,SRS,logistic,13,0.9999986763877076,0.9973397823458283,0.999031007751938,0.9956542732979237
552,SRS,rf,13,0.9999897757703531,0.9887310142087212,0.9777131782945736,1.0
553,PCA-QS,logistic,13,0.9999960477325504,0.9972031528095602,0.9984725050916496,0.9959370238699847
553,PCA-QS,rf,13,0.9999620864629646,0.9907550077041603,0.9821792260692465,0.9994818652849741
553,SRS,logistic,13,0.9999926036137727,0.9969481180061037,0.9979633401221996,0.9959349593495935
553,SRS,rf,13,0.9999667586076997,0.9923076923076923,0.9852342158859471,0.9994834710743802
554,PCA-QS,logistic,13,0.9999989950230959,0.9976689976689976,0.9994810586403736,0.9958634953464323
554,PCA-QS,rf,13,0.9999833891674573,0.9908496732026144,0.9833938764919564,0.9984193888303478
554,SRS,logistic,13,0.9999972434919203,0.9974106680476437,0.9994810586403736,0.9953488372093023
554,SRS,rf,13,0.9999761676905611,0.9858044164037855,0.9730150492994292,0.9989344698987747
555,PCA-QS,logistic,13,0.9999992304187753,0.9980276134122288,1.0,0.9960629921259843
555,PCA-QS,rf,13,0.9999873981074459,0.9882588058955784,0.9772727272727273,0.9994946942900454
555,SRS,logistic,13,0.9999991479636441,0.9982737361282368,1.0,0.9965534219596258
555,SRS,rf,13,0.9999873568798803,0.9872468117029257,0.9752964426877471,0.999493670886076
556,PCA-QS,logistic,13,0.9999987847932674,0.9985104270109235,0.9990064580228515,0.998014888337469
556,PCA-QS,rf,13,0.9999637371263692,0.9669315560112791,0.936910084451068,0.9989406779661016
556,SRS,logistic,13,0.9999961610514587,0.9982625961777116,0.9990064580228515,0.9975198412698413
556,SRS,rf,13,0.9999700341067103,0.9740193581253184,0.949826130153999,0.9994772608468374
557,PCA-QS,logistic,13,0.9999961326843324,0.9958587088915957,0.9995110024449878,0.9922330097087378
557,PCA-QS,rf,13,0.999944400528624,0.9901332017760237,0.9814180929095354,0.9990044798407167
557,SRS,logistic,13,0.9999982297498704,0.9973164186386924,0.9995110024449878,0.9951314508276533
557,SRS,rf,13,0.9999580178373126,0.9906496062992126,0.9843520782396088,0.9970282317979198
558,PCA-QS,logistic,13,0.9999993571073902,0.9987421383647799,0.999496475327291,0.9979889391654098
558,PCA-QS,rf,13,0.9999818732235899,0.9924012158054711,0.986404833836858,0.9984709480122325
558,SRS,logistic,13,0.9999992452999799,0.9989934574735783,0.999496475327291,0.9984909456740443
558,SRS,rf,13,0.9999635927119905,0.992137966015724,0.9848942598187311,0.9994890137966275
559,PCA-QS,logistic,13,0.999999753391139,0.9985250737463127,1.0,0.9970544918998527
559,PCA-QS,rf,13,0.9999808741127801,0.9878079124160238,0.9773510585918267,0.9984909456740443
559,SRS,logistic,13,0.9999994245793243,0.9985243482538121,0.999507631708518,0.9975429975429976
559,SRS,rf,13,0.999989395818977,0.9905660377358491,0.982274741506647,0.99899849774662
560,PCA-QS,logistic,13,0.9999944942329025,0.9962714392244594,0.9975111996017919,0.9950347567030785
560,PCA-QS,rf,13,0.9999693724413227,0.9794364051789795,0.960179193628671,0.9994818652849741
560,SRS,logistic,13,0.9999978142934639,0.9982574060243963,0.9980089596814335,0.9985059760956175
560,SRS,rf,13,0.9999693586077371,0.9863842662632375,0.9736187157789945,0.9994890137966275
561,PCA-QS,logistic,13,0.999998410304307,0.9972424166457758,0.9989954796584631,0.9954954954954955
561,PCA-QS,rf,13,0.9999896390885978,0.9939455095862765,0.9894525364138623,0.9984794728839331
561,SRS,logistic,13,0.9999980756315296,0.997743795437453,0.9994977398292315,0.995995995995996
561,SRS,rf,13,0.99998738004735,0.9936852740591058,0.987945755901557,0.9994918699186992
562,PCA-QS,logistic,13,0.9999982366628526,0.9977324263038548,0.9984871406959153,0.9969788519637462
562,PCA-QS,rf,13,0.9999241904973986,0.972035214914552,0.9465456379223399,0.9989356040447046
562,SRS,logistic,13,0.9999980127470243,0.9979808177688037,0.9969742813918305,0.998989388580091
562,SRS,rf,13,0.9999589534297342,0.9791613069205043,0.9596570852244075,0.9994747899159664
563,PCA-QS,logistic,13,0.9999986841780636,0.9985207100591716,0.9975369458128078,0.9995064165844028
563,PCA-QS,rf,13,0.9999752460998216,0.9857748939356127,0.9729064039408867,0.9989883662114315
563,SRS,logistic,13,0.999999862935215,0.9995073891625615,0.9995073891625615,0.9995073891625615
563,SRS,rf,13,0.9999628006173398,0.985781990521327,0.9733990147783251,0.9984840828701365
564,PCA-QS,logistic,13,0.9999996656259367,0.9992471769134254,0.9989964877069744,0.9994979919678715
564,PCA-QS,rf,13,0.9999916963774277,0.9857506361323155,0.9719016557952835,1.0
564,SRS,logistic,13,0.9999997213549472,0.9989969909729187,0.9994982438534872,0.9984962406015038
564,SRS,rf,13,0.9999918635644593,0.9896070975918885,0.9794279979929754,1.0
565,PCA-QS,logistic,13,0.9999988180719833,0.9984787018255578,0.9989852866565195,0.9979726305119108
565,PCA-QS,rf,13,0.9999451810529396,0.9869264291207382,0.9766615930999493,0.9974093264248705
565,SRS,logistic,13,0.9999969888976717,0.9959514170040485,0.9984779299847792,0.9934376577486118
565,SRS,rf,13,0.9999378924968367,0.9874455547015116,0.9776763064434297,0.9974120082815735
566,PCA-QS,logistic,13,0.9999962865447366,0.997569275644142,0.9980544747081712,0.9970845481049563
566,PCA-QS,rf,13,0.9999506950720877,0.9766285430134262,0.9552529182879378,0.9989827060020345
566,SRS,logistic,13,0.9999977502424318,0.9982989064398542,0.9990272373540856,0.9975716367168529
566,SRS,rf,13,0.9999665653498737,0.9894374846475068,0.9795719844357976,0.9995037220843672
567,PCA-QS,logistic,13,0.9999978369844101,0.9976110845676063,0.9985652797704447,0.9966587112171837
567,PCA-QS,rf,13,0.9999871153700978,0.988394584139265,0.9775227164036346,0.9995110024449878
567,SRS,logistic,13,0.9999973830181753,0.9971360381861575,0.9990435198469632,0.9952358265840877
567,SRS,rf,13,0.9999868082752916,0.9871825876662637,0.9760879961740794,0.9985322896281801
568,PCA-QS,logistic,13,0.9999892556345128,0.9982565379825654,0.9985052316890882,0.99800796812749
568,PCA-QS,rf,13,0.9999680438201746,0.975,0.9521674140508222,0.9989545216936748
568,SRS,logistic,13,0.9999903356093942,0.9960218796618597,0.9980069755854509,0.994044665012407
568,SRS,rf,13,0.9999528687885072,0.9783879989829647,0.9586447433981067,0.9989615784008308
569,PCA-QS,logistic,13,0.9999987241629958,0.9963350785340314,0.9984260230849947,0.9942528735632183
569,PCA-QS,rf,13,0.9999727869766271,0.9812934259754142,0.9632738719832109,1.0
569,SRS,logistic,13,0.9999986661704048,0.9971166448230668,0.9979013641133263,0.9963331587218439
569,SRS,rf,13,0.9999762230376497,0.9915433403805497,0.9842602308499475,0.9989350372736954
570,PCA-QS,logistic,13,0.9999987945865225,0.9976702045042712,0.9994813278008299,0.9958656330749354
570,PCA-QS,rf,13,0.9999840713219046,0.9801954053340375,0.9626556016597511,0.9983862291554599
570,SRS,logistic,13,0.9999975604727241,0.9966364812419146,0.9989626556016598,0.9943211151264842
570,SRS,rf,13,0.9999894095815907,0.983399209486166,0.9678423236514523,0.9994643813604713
571,PCA-QS,logistic,13,1.0,0.9992490613266584,1.0,0.9984992496248124
571,PCA-QS,rf,13,0.9999953945883324,0.9947196379180286,0.9909819639278558,0.9984856133266027
571,SRS,logistic,13,1.0,0.9987490617963473,1.0,0.9975012493753124
571,SRS,rf,13,0.9999993043184793,0.9967328474491078,0.9934869739478958,1.0
572,PCA-QS,logistic,13,0.9999977560586144,0.9982813650871594,0.9995083579154376,0.9970573810691515
572,PCA-QS,rf,13,0.9999292611160752,0.9825349301397206,0.9680432645034415,0.997467071935157
572,SRS,logistic,13,0.9999984128219467,0.9990162321692081,0.9985250737463127,0.999507874015748
572,SRS,rf,13,0.9999509479886131,0.9853270330763492,0.9739429695181907,0.9969803724207348
573,PCA-QS,logistic,13,0.9999950143677375,0.9987149832947828,0.9994855967078189,0.9979455572675912
573,PCA-QS,rf,13,0.9999715391621129,0.9848958333333333,0.9727366255144033,0.9973628691983122
573,SRS,logistic,13,0.9999953562396641,0.9974332648870636,0.9994855967078189,0.9953893442622951
573,SRS,rf,13,0.999972764203183,0.9896373056994818,0.9825102880658436,0.9968684759916493
574,PCA-QS,logistic,13,0.9999980390982272,0.996039603960396,0.9995032290114257,0.9925999013320178
574,PCA-QS,rf,13,0.9999911483236872,0.9889613647767185,0.9791356184798807,0.9989863152559554
574,SRS,logistic,13,0.9999988400299372,0.9985111662531018,0.9995032290114257,0.9975210708973723
574,SRS,rf,13,0.9999851413358618,0.9892257579553997,0.9806259314456036,0.9979777553083923
575,PCA-QS,logistic,13,0.9999917112560798,0.9971421148350221,0.9984391259105099,0.9958484691229891
575,PCA-QS,rf,13,0.9999257322788669,0.9743863393810032,0.9500520291363164,1.0
575,SRS,logistic,13,0.9999978702532982,0.9992193598750976,0.9989594172736732,0.9994794377928162
575,SRS,rf,13,0.9999364817436386,0.9773876030859271,0.9557752341311134,1.0
576,PCA-QS,logistic,13,0.9999966234380294,0.9980648282535075,0.999515503875969,0.9966183574879227
576,PCA-QS,rf,13,0.9999835223775837,0.9845170803637258,0.9704457364341085,0.999002493765586
576,SRS,logistic,13,0.9999897082391138,0.997822405032664,0.999031007751938,0.9966167230546158
576,SRS,rf,13,0.9999851836460733,0.9902200488997555,0.9811046511627907,0.9995064165844028
577,PCA-QS,logistic,13,0.999998191228046,0.998998998998999,1.0,0.998
577,PCA-QS,rf,13,0.9999758459375983,0.972472343709802,0.9468937875751503,0.9994711792702274
577,SRS,logistic,13,0.9999981912280459,0.9987490617963473,1.0,0.9975012493753124
577,SRS,rf,13,0.9999823714302634,0.9855146124523507,0.9714428857715431,1.0
578,PCA-QS,logistic,13,0.9999881401047178,0.9973627427475426,0.9976019184652278,0.99712368168744
578,PCA-QS,rf,13,0.9999738841357837,0.9895908980876301,0.9803357314148681,0.9990224828934506
578,SRS,logistic,13,0.9999806440083768,0.9961704164672092,0.9980815347721822,0.9942666029622551
578,SRS,rf,13,0.9999780605323165,0.9876303662381761,0.9764988009592326,0.9990186457311089
579,PCA-QS,logistic,13,0.9999965543177491,0.9984732824427481,0.999490575649516,0.9974580579562786
579,PCA-QS,rf,13,0.9999694266308479,0.9868454990972402,0.9745287824758023,0.9994775339602926
579,SRS,logistic,13,0.9999935040416582,0.9984732824427481,0.999490575649516,0.9974580579562786
579,SRS,rf,13,0.9999732959625557,0.9852751227073108,0.9714722363728986,0.999475890985325
580,PCA-QS,logistic,13,0.9999994179596854,0.9977606369743718,1.0,0.9955312810327706
580,PCA-QS,rf,13,0.999990701213069,0.9822425164890918,0.9655860349127182,0.9994837377387713
580,SRS,logistic,13,0.9999993348110691,0.9985059760956175,1.0,0.9970164097463948
580,SRS,rf,13,0.9999955931233322,0.9845608706656542,0.970074812967581,0.9994861253854059
581,PCA-QS,logistic,13,0.9999970529356154,0.9972465581977472,0.996996996996997,0.9974962443665498
581,PCA-QS,rf,13,0.999977493880949,0.9845216950012687,0.970970970970971,0.9984559958826557
581,SRS,logistic,13,0.9999973309605573,0.997249312328082,0.997997997997998,0.9965017491254373
581,SRS,rf,13,0.9999698064913041,0.9847715736040609,0.970970970970971,0.9989701338825953
582,PCA-QS,logistic,13,0.999998478177831,0.9976665802437127,0.9984431759211209,0.9968911917098445
582,PCA-QS,rf,13,0.9999835614492123,0.9849960515925243,0.9709392838609238,0.999465811965812
582,SRS,logistic,13,0.9999980187598176,0.9968911917098445,0.9984431759211209,0.9953440248318676
582,SRS,rf,13,0.9999906250011665,0.9908400942161738,0.9823559937727037,0.9994720168954594
583,PCA-QS,logistic,13,0.9999981543508034,0.9979869149471565,0.998992443324937,0.9969834087481146
583,PCA-QS,rf,13,0.9999865770967519,0.988295165394402,0.9783375314861461,0.9984575835475579
583,SRS,logistic,13,0.9999987136384386,0.9977358490566037,0.998992443324937,0.9964824120603015
583,SRS,rf,13,0.999981767223088,0.9844268572887414,0.9712846347607053,0.9979296066252588
584,PCA-QS,logistic,13,0.9999997806963439,0.9975429975429976,1.0,0.9950980392156863
584,PCA-QS,rf,13,0.9999936950198881,0.9918093819806404,0.9842364532019704,0.9994997498749375
584,SRS,logistic,13,0.9999998355222579,0.9990157480314961,1.0,0.9980334316617503
584,SRS,rf,13,0.999996847509944,0.9910581222056631,0.9827586206896551,0.999498997995992
585,PCA-QS,logistic,13,0.999998802360653,0.9984962406015038,0.9989969909729187,0.9979959919839679
585,PCA-QS,rf,13,0.999989221245877,0.9852567361464158,0.9719157472417251,0.9989690721649485
585,SRS,logistic,13,0.9999995543667546,0.9989964877069744,0.9984954864593781,0.9994979919678715
585,SRS,rf,13,0.9999804478413581,0.9855072463768116,0.9719157472417251,0.999484270242393
586,PCA-QS,logistic,13,0.9999953007361618,0.9962751427861932,0.9975136747886624,0.9950396825396826
586,PCA-QS,rf,13,0.9999774435335766,0.9874245472837022,0.9761312779711586,0.9989821882951654
586,SRS,logistic,13,0.999998369079021,0.9975161450571287,0.9985082048731975,0.9965260545905708
586,SRS,rf,13,0.9999767110012724,0.9869215291750503,0.9756340129288911,0.9984732824427481
587,PCA-QS,logistic,13,0.9999996762663671,0.9987919787388259,1.0,0.9975868725868726
587,PCA-QS,rf,13,0.9999928104155685,0.9926936190940088,0.9859700048379294,0.9995095635115253
587,SRS,logistic,13,0.9999995413773534,0.9983087702343562,0.9995162070633768,0.997104247104247
587,SRS,rf,13,0.9999897079682528,0.991469656349013,0.9840348330914369,0.9990176817288802
588,PCA-QS,logistic,13,0.9999975802551682,0.9975320829220138,0.9990113692535838,0.996057171020207
588,PCA-QS,rf,13,0.9999252216355655,0.987058237929318,0.9802273850716757,0.9939849624060151
588,SRS,logistic,13,0.9999895511018624,0.9926326129666012,0.9990113692535838,0.9863347974621767
588,SRS,rf,13,0.9998977245352034,0.9913086665011175,0.9866534849233811,0.9960079840319361
589,PCA-QS,logistic,13,0.9999993929322133,0.998017839444995,0.9995037220843672,0.9965363681345868
589,PCA-QS,rf,13,0.9999939845101136,0.9889613647767185,0.9781637717121588,1.0
589,SRS,logistic,13,0.9999996688721163,0.9985133795837463,1.0,0.9970311726867888
589,SRS,rf,13,0.9999849474782887,0.9874434957307886,0.975682382133995,0.9994916115912558
590,PCA-QS,logistic,13,0.9999994278250945,0.9987778049376681,0.9995107632093934,0.9980459208597948
590,PCA-QS,rf,13,0.9999800011247324,0.992114342040414,0.9848336594911937,0.9995034756703078
590,SRS,logistic,13,0.9999995368107908,0.9970731707317073,1.0,0.9941634241245136
590,SRS,rf,13,0.9999902321569707,0.9948415622697127,0.9907045009784736,0.9990133201776024
591,PCA-QS,logistic,13,0.9999980297770323,0.9978234582829504,0.9985479186834463,0.9971000483325277
591,PCA-QS,rf,13,0.9999748189311114,0.9902248289345064,0.9806389157792836,1.0
591,SRS,logistic,13,0.9999990013938382,0.9983071342200726,0.9990319457889641,0.9975833736104398
591,SRS,rf,13,0.9999666681456834,0.9892420537897311,0.9791868344627299,0.9995059288537549
592,PCA-QS,logistic,13,0.9999973195421687,0.9974293059125964,0.9989701338825953,0.9958932238193019
592,PCA-QS,rf,13,0.9999818641363752,0.9816657936092195,0.964984552008239,0.9989339019189766
592,SRS,logistic,13,0.99999851719354,0.9966606730028256,0.9989701338825953,0.9943618657098924
592,SRS,rf,13,0.999980096174827,0.989085239085239,0.9799176107106076,0.9984260230849947
593,PCA-QS,logistic,13,0.9999994358792257,0.9992779783393502,0.9995185363505056,0.9990375360923965
593,PCA-QS,rf,13,0.9999835330459665,0.9900509585052172,0.9821858449687049,0.9980430528375733
593,SRS,logistic,13,0.9999990329358153,0.9990375360923965,0.9995185363505056,0.9985569985569985
593,SRS,rf,13,0.9999813437201042,0.989310009718173,0.980259990370727,0.9985286905345758
594,PCA-QS,logistic,13,0.9999986850845842,0.9977358490566037,0.9994959677419355,0.9959819186338523
594,PCA-QS,rf,13,0.9999479489333853,0.9823484267075978,0.967741935483871,0.9974025974025974
594,SRS,logistic,13,0.9999982094768808,0.9962339944765253,1.0,0.992496248124062
594,SRS,rf,13,0.9999804441303071,0.9890724269377382,0.9808467741935484,0.9974372116863147
595,PCA-QS,logistic,13,0.9999980752029747,0.9985170538803757,0.9985170538803757,0.9985170538803757
595,PCA-QS,rf,13,0.9999658898470009,0.9793346774193549,0.9604547701433515,0.9989717223650385
595,SRS,logistic,13,0.999997800231971,0.9975320829220138,0.9990113692535838,0.996057171020207
595,SRS,rf,13,0.9999592355487132,0.9864864864864865,0.9742956005931784,0.9989863152559554
596,PCA-QS,logistic,13,0.9999993333333334,0.9980029955067399,0.9995,0.9965104685942173
596,PCA-QS,rf,13,0.9999839027777777,0.9878787878787879,0.978,0.9979591836734694
596,SRS,logistic,13,0.9999999444444444,0.9975062344139651,1.0,0.9950248756218906
596,SRS,rf,13,0.9999825277777777,0.9896647340559617,0.9815,0.9979664463650229
597,PCA-QS,logistic,13,0.9999963366659885,0.9974861739567622,0.9994962216624685,0.9954841946813848
597,PCA-QS,rf,13,0.9999676172459138,0.9870195978620514,0.9768261964735516,0.9974279835390947
597,SRS,logistic,13,0.9999956095920626,0.9977369876791552,0.9994962216624685,0.9959839357429718
597,SRS,rf,13,0.9999537608947484,0.9859801172572011,0.9743073047858942,0.9979360165118679
598,PCA-QS,logistic,13,0.9999922549086215,0.9965936739659368,0.9990243902439024,0.9941747572815534
598,PCA-QS,rf,13,0.9999913716964467,0.9936243256498284,0.9882926829268293,0.9990138067061144
598,SRS,logistic,13,0.9999966030300972,0.9980497318381277,0.9985365853658537,0.9975633528265108
598,SRS,rf,13,0.9999892519872273,0.9896602658788775,0.9804878048780488,0.9990059642147118
599,PCA-QS,logistic,13,0.9999989190366855,0.998547215496368,0.9995152690256908,0.9975810353168844
599,PCA-QS,rf,13,0.9999477219117021,0.9815225424981523,0.9655841008240427,0.9979959919839679
599,SRS,logistic,13,0.9999986487958569,0.9980638915779284,0.9995152690256908,0.9966167230546158
599,SRS,rf,13,0.9999682872387605,0.9877630934899657,0.9781871061560834,0.9975284231339595
600,PCA-QS,logistic,13,0.9999991460911122,0.9980207817911925,0.9990094105993066,0.9970341077607514
600,PCA-QS,rf,13,0.9999548667834649,0.9815981850264683,0.9643387815750372,0.9994866529774127
600,SRS,logistic,13,0.9999992287274563,0.9982694684796044,1.0,0.9965449160908193
600,SRS,rf,13,0.9999782666415342,0.9818548387096774,0.9648340762753839,0.9994869163673679
601,PCA-QS,logistic,13,0.9999991736365602,0.9977750309023485,0.9995047052996533,0.9960513326752222
601,PCA-QS,rf,13,0.9999730330064157,0.9833920483140413,0.9678058444774641,0.9994884910485934
601,SRS,logistic,13,0.9999991736365602,0.999009900990099,0.9995047052996533,0.9985155863433943
601,SRS,rf,13,0.9999846020945724,0.982367758186398,0.9658246656760773,0.9994874423372629
602,PCA-QS,logistic,13,0.9999994114283792,0.9984871406959153,1.0,0.9969788519637462
602,PCA-QS,rf,13,0.9999811236673056,0.9908350305498982,0.9828282828282828,0.9989733059548255
602,SRS,logistic,13,0.9999983183667979,0.9962245154794865,0.9994949494949495,0.9929754139488208
602,SRS,rf,13,0.999971398221953,0.9933976637887253,0.9878787878787879,0.9989785495403473
603,PCA-QS,logistic,13,0.999999808444028,0.9982822085889571,1.0,0.9965703086722195
603,PCA-QS,rf,13,0.9999791340816275,0.983016983016983,0.967551622418879,0.9989847715736041
603,SRS,logistic,13,0.999999452697223,0.9980353634577603,0.9990167158308751,0.9970559371933267
603,SRS,rf,13,0.9999707877142786,0.985543369890329,0.971976401179941,0.9994944388270981
604,PCA-QS,logistic,13,0.9999992270276198,0.9967829745112596,1.0,0.9935865811544153
604,PCA-QS,rf,13,0.9999928776116391,0.992,0.9851042701092354,0.998992950654582
604,SRS,logistic,13,0.9999994478768712,0.9990074441687344,0.9995034756703078,0.9985119047619048
604,SRS,rf,13,0.9999898271313526,0.9932550587059705,0.9870903674280039,0.9994972347913524
605,PCA-QS,logistic,13,0.9999970001837594,0.9972819372374598,0.9985155863433943,0.9960513326752222
605,PCA-QS,rf,13,0.99997604275195,0.9854563691073219,0.9722909450766947,0.9989832231825114
605,SRS,logistic,13,0.999999036756253,0.9980237154150198,0.9995051954477981,0.9965466206216083
605,SRS,rf,13,0.9999601905119996,0.9803625377643505,0.9633844631370608,0.9979497693490518
606,PCA-QS,logistic,13,0.9999994553076524,0.9990224828934506,0.9995110024449878,0.9985344406448461
606,PCA-QS,rf,13,0.9999773544156507,0.9790314528207689,0.9589242053789732,1.0
606,SRS,logistic,13,0.9999998365922957,0.9990220048899755,0.9990220048899755,0.9990220048899755
606,SRS,rf,13,0.9999873767548456,0.985629335976214,0.9726161369193154,0.9989954796584631
607,PCA-QS,logistic,13,0.9999989573963619,0.9977827050997783,0.9985207100591716,0.9970457902511078
607,PCA-QS,rf,13,0.9999852389274395,0.9801557397638784,0.9620315581854043,0.9989759344598055
607,SRS,logistic,13,0.9999998079414352,0.9992609016999261,1.0,0.9985228951255539
607,SRS,rf,13,0.9999819327764294,0.9814350225790266,0.9644970414201184,0.9989785495403473
608,PCA-QS,logistic,13,0.9999984968829863,0.997303260603089,0.9985272459499264,0.9960822722820764
608,PCA-QS,rf,13,0.9999720693529446,0.9820179820179821,0.9651448208149239,0.9994916115912558
608,SRS,logistic,13,0.9999977589891794,0.9975502204801567,0.9995090819833088,0.9955990220048899
608,SRS,rf,13,0.9999481014689252,0.9794692038057086,0.9602356406480118,0.9994890137966275
609,PCA-QS,logistic,13,0.9999984543200736,0.9956374212312167,0.9995133819951338,0.9917914051183003
609,PCA-QS,rf,13,0.9999897903773289,0.9929008567931457,0.9868613138686131,0.9990147783251232
609,SRS,logistic,13,0.9999997288280831,0.9985415653864852,0.9995133819951338,0.9975716367168529
609,SRS,rf,13,0.9999838652709448,0.991909781809267,0.9844282238442822,0.9995059288537549
610,PCA-QS,logistic,13,0.9999989597177696,0.9964628600303184,0.9994931576279777,0.9934508816120907
610,PCA-QS,rf,13,0.9999631965016377,0.9882292732855681,0.9787126203750633,0.9979328165374677
610,SRS,logistic,13,0.9999992127593933,0.997724399494311,1.0,0.9954591321897074
610,SRS,rf,13,0.9999723481736904,0.9913221031138336,0.9842878864673087,0.9984575835475579
611,PCA-QS,logistic,13,0.999999972490831,0.9995056846267919,1.0,0.9990118577075099
611,PCA-QS,rf,13,0.9999806748087205,0.99000999000999,0.9802176063303659,1.0
611,SRS,logistic,13,0.9999998349449855,0.9987651271918992,1.0,0.9975333004440059
611,SRS,rf,13,0.9999724633217498,0.9917849141150112,0.9851632047477745,0.9984962406015038
612,PCA-QS,logistic,13,0.9999989753247964,0.9974345818368394,0.998972250770812,0.9959016393442623
612,PCA-QS,rf,13,0.9999541315530398,0.983837330552659,0.9696813977389517,0.9984126984126984
612,SRS,logistic,13,0.9999987760823956,0.9976893453145058,0.9984583761562179,0.9969214982042073
612,SRS,rf,13,0.9999571201890504,0.9822454308093995,0.9665981500513875,0.9984076433121019
613,PCA-QS,logistic,13,0.99999772173746,0.9982737361282368,0.9985199802664035,0.9980276134122288
613,PCA-QS,rf,13,0.9999822130828211,0.9897984573276934,0.981253083374445,0.9984939759036144
613,SRS,logistic,13,0.9999969257180185,0.997534516765286,0.9980266403552047,0.9970428782651553
613,SRS,rf,13,0.9999765037019982,0.9854927463731866,0.9718796250616675,0.9994926433282597
614,PCA-QS,logistic,13,0.9999897939878492,0.998733215100076,0.9989863152559554,0.9984802431610942
614,PCA-QS,rf,13,0.9999285157413399,0.9861467419189328,0.9741510390268626,0.9984415584415585
614,SRS,logistic,13,0.9999924368670288,0.9982256020278834,0.9979726305119108,0.9984787018255578
614,SRS,rf,13,0.999952329769692,0.9864067709669146,0.974657881398885,0.9984423676012462
615,PCA-QS,logistic,13,0.9999995989332265,0.9978494623655914,1.0,0.9957081545064378
615,PCA-QS,rf,13,0.999980882483799,0.988388969521045,0.978448275862069,0.998533724340176
615,SRS,logistic,13,0.9999991176530983,0.9980870396939263,0.9995210727969349,0.9966571155682904
615,SRS,rf,13,0.9999844386091903,0.9920424403183024,0.9851532567049809,0.9990286546867412
616,PCA-QS,logistic,13,0.9999991385059788,0.9977516862353235,0.9989994997498749,0.9965069860279441
616,PCA-QS,rf,13,0.9999696392832826,0.988621997471555,0.9779889944972486,0.9994887525562373
616,SRS,logistic,13,0.9999993608270165,0.9985007496251874,0.9994997498749375,0.9975037443834248
616,SRS,rf,13,0.9999688611596504,0.9901589704769115,0.9814907453726863,0.9989816700610998
617,PCA-QS,logistic,13,0.9999987831824756,0.9982600049714143,0.9990049751243781,0.9975161450571287
617,PCA-QS,rf,13,0.9999597482293922,0.9838383838383838,0.9691542288557214,0.9989743589743589
617,SRS,logistic,13,0.9999982300836009,0.9980109398309299,0.9985074626865672,0.9975149105367793
617,SRS,rf,13,0.999971612200255,0.9886963074604371,0.9791044776119403,0.9984779299847792
618,PCA-QS,logistic,13,0.9999988794945898,0.998038254046101,0.9990181639666176,0.9970602645761881
618,PCA-QS,rf,13,0.9999819079370346,0.9873354854730568,0.9759450171821306,0.9989949748743718
618,SRS,logistic,13,0.999998360235985,0.9977935768570728,0.9990181639666176,0.9965719882468168
618,SRS,rf,13,0.9999828781307434,0.9930864197530864,0.9872361315660285,0.9990064580228515
619,PCA-QS,logistic,13,0.9999985851552468,0.9976531942633637,0.9989556135770234,0.9963541666666667
619,PCA-QS,rf,13,0.999972280592589,0.9859751256946282,0.972845953002611,0.9994635193133047
619,SRS,logistic,13,0.9999983830345677,0.997911227154047,0.997911227154047,0.997911227154047
619,SRS,rf,13,0.9999796002486084,0.9886573463466104,0.9785900783289817,0.9989339019189766
620,PCA-QS,logistic,13,0.9999986544126314,0.9990123456790123,0.9985192497532083,0.9995059288537549
620,PCA-QS,rf,13,0.9999576551893372,0.984992496248124,0.9718657453109576,0.9984787018255578
620,SRS,logistic,13,0.9999981601152306,0.9977816120285925,0.9990128331688055,0.9965534219596258
620,SRS,rf,13,0.9999574217711203,0.9852536865783554,0.972852912142152,0.9979746835443037
621,PCA-QS,logistic,13,0.9999954493583103,0.9959616355376073,0.9989873417721519,0.9929542023150478
621,PCA-QS,rf,13,0.999966333678611,0.9832861918230907,0.9681012658227848,0.9989550679205852
621,SRS,logistic,13,0.999996910058112,0.9972187104930468,0.9984810126582279,0.9959595959595959
621,SRS,rf,13,0.9999701399252094,0.9866939611054247,0.9762025316455696,0.9974133471288154
622,PCA-QS,logistic,13,0.9999973345179181,0.9975037443834248,0.9985007496251874,0.9965087281795512
622,PCA-QS,rf,13,0.9999712905367417,0.9827323514474352,0.967016491754123,0.9989674754775426
622,SRS,logistic,13,0.9999963904930139,0.9975037443834248,0.9985007496251874,0.9965087281795512
622,SRS,rf,13,0.9999428726105861,0.9865992414664981,0.9750124937531235,0.9984646878198568
623,PCA-QS,logistic,13,0.9999959446542858,0.9965568125922283,0.9975381585425899,0.9955773955773956
623,PCA-QS,rf,13,0.9999531580169019,0.9855361596009975,0.9729197439684885,0.9984840828701365
623,SRS,logistic,13,0.9999969310897298,0.9946051986267779,0.9985228951255539,0.9907181240840254
623,SRS,rf,13,0.9999581038946143,0.986832298136646,0.9778434268833087,0.995987963891675
624,PCA-QS,logistic,13,0.9999998880420858,0.9977358490566037,1.0,0.9954819277108434
624,PCA-QS,rf,13,0.9999662446888914,0.9885350318471338,0.978315683308119,0.9989701338825953
624,SRS,logistic,13,0.9999997760841718,0.9974849094567404,1.0,0.994982438534872
624,SRS,rf,13,0.9999651391044895,0.9898270600203459,0.9813414019162885,0.9984607491021037
625,PCA-QS,logistic,13,0.9999998604906821,0.9992460417190249,0.9989949748743718,0.9994972347913524
625,PCA-QS,rf,13,0.999948827982221,0.9893509127789046,0.9804020100502513,0.9984646878198568
625,SRS,logistic,13,0.999999162944093,0.9977403966859152,0.9984924623115577,0.9969894631209232
625,SRS,rf,13,0.9999777622147383,0.9916434540389972,0.9839195979899498,0.9994895354772844
626,PCA-QS,logistic,13,0.9999989685530215,0.9969954932398598,0.9994979919678715,0.9945054945054945
626,PCA-QS,rf,13,0.9999631884936457,0.9839653855942988,0.9703815261044176,0.9979349509550852
626,SRS,logistic,13,0.9999995260919288,0.9979949874686717,0.9994979919678715,0.9964964964964965
626,SRS,rf,13,0.9999638157249165,0.9878234398782344,0.9774096385542169,0.9984615384615385
627,PCA-QS,logistic,13,0.9999967340220193,0.9962396590624216,0.9989944695827049,0.9935
627,PCA-QS,rf,13,0.999990257894741,0.9898528665651953,0.9808949220713926,0.9989759344598055
627,SRS,logistic,13,0.9999992742271153,0.9977403966859152,0.9989944695827049,0.9964894684052157
627,SRS,rf,13,0.9999889738350222,0.9898528665651953,0.9808949220713926,0.9989759344598055
628,PCA-QS,logistic,13,0.9999958744335871,0.9967196568256371,0.9989883662114315,0.9944612286002014
628,PCA-QS,rf,13,0.9999566815526644,0.9874648247633666,0.9762266059686393,0.9989648033126294
628,SRS,logistic,13,0.9999986528762733,0.9984840828701365,0.9994941831057157,0.9974760222110045
628,SRS,rf,13,0.9999618876245664,0.9877237851662404,0.9767324228629236,0.9989653388515262
629,PCA-QS,logistic,13,0.9999987066875033,0.9974079834110938,0.9994805194805195,0.9953440248318676
629,PCA-QS,rf,13,0.999986549550035,0.987660803360462,0.9771428571428571,0.9984076433121019
629,SRS,logistic,13,0.9999994539347237,0.9979242345614946,0.9989610389610389,0.9968895800933126
629,SRS,rf,13,0.9999916222090497,0.9895068205666316,0.9797402597402597,0.9994700582935877
630,PCA-QS,logistic,13,0.9999896678970169,0.9984480082772892,0.9979317476732161,0.9989648033126294
630,PCA-QS,rf,13,0.9999700483496625,0.9826589595375722,0.9669079627714581,0.9989316239316239
630,SRS,logistic,13,0.9999973382670985,0.9992242048099301,0.9989658738366081,0.999482669425763
630,SRS,rf,13,0.9999922580779587,0.9884997386304234,0.9777662874870734,0.9994714587737844
631,PCA-QS,logistic,13,0.999999452918749,0.9984399375975039,0.9994794377928162,0.9974025974025974
631,PCA-QS,rf,13,0.9999795132468382,0.9833465503568596,0.9682457053617908,0.9989258861439313
631,SRS,logistic,13,0.9999997696499996,0.9989594172736732,0.9994794377928162,0.9984399375975039
631,SRS,rf,13,0.9999714941874489,0.9830956154252509,0.9687662675689744,0.9978552278820375
632,PCA-QS,logistic,13,0.9999968690479891,0.9976905311778291,0.998972250770812,0.9964120963608406
632,PCA-QS,rf,13,0.999960151519861,0.9859594383775351,0.9743062692702981,0.9978947368421053
632,SRS,logistic,13,0.9999984060607945,0.9969246540235777,0.9994861253854059,0.9943762781186094
632,SRS,rf,13,0.999948154281019,0.9891416752843847,0.9830421377183967,0.9953173777315296
633,PCA-QS,logistic,13,0.9999994243279028,0.9982788296041308,1.0,0.9965635738831615
633,PCA-QS,rf,13,0.9999874311592117,0.9877896835285322,0.9763546798029556,0.9994957135653051
633,SRS,logistic,13,0.9999986567651066,0.9980324643384161,0.9995073891625615,0.9965618860510805
633,SRS,rf,13,0.9999842512561987,0.9880478087649402,0.9773399014778326,0.998992950654582
634,PCA-QS,logistic,13,1.0,0.9987931450639633,1.0,0.997589199614272
634,PCA-QS,rf,13,0.9999785170795552,0.9855569155446756,0.972933784436926,0.9985119047619048
634,SRS,logistic,13,0.9999995687243073,0.9987925621830476,0.9995166747220879,0.9980694980694981
634,SRS,rf,13,0.9999683955781411,0.9818181818181818,0.9656839052682455,0.9985007496251874
635,PCA-QS,logistic,13,0.9999992256615754,0.9987559094302065,0.9985074626865672,0.9990044798407167
635,PCA-QS,rf,13,0.9999817892195498,0.9861286254728878,0.972636815920398,1.0
635,SRS,logistic,13,0.9999960729979895,0.998259139517533,0.9985074626865672,0.9980109398309299
635,SRS,rf,13,0.9999777239428206,0.9820207647505698,0.9646766169154228,1.0
636,PCA-QS,logistic,13,0.9999986257478131,0.9980246913580247,0.9985177865612648,0.9975320829220138
636,PCA-QS,rf,13,0.9999430784744173,0.9867665418227216,0.9762845849802372,0.9974760222110045
636,SRS,logistic,13,0.9999982409572008,0.998272884283247,0.9995059288537549,0.9970428782651553
636,SRS,rf,13,0.9999341320926804,0.9895366218236173,0.9812252964426877,0.9979899497487437
637,PCA-QS,logistic,13,0.9999989152200222,0.9992490613266584,0.99949924887331,0.998998998998999
637,PCA-QS,rf,13,0.9999732977236226,0.9858012170385395,0.9734601902854282,0.9984591679506933
637,SRS,logistic,13,0.9999982476631127,0.9967524356732451,0.99899849774662,0.9945164506480558
637,SRS,rf,13,0.9999843263200638,0.9847638395124428,0.970956434651978,0.9989696032972695
638,PCA-QS,logistic,13,0.999996732458875,0.9980815347721822,0.9985604606525912,0.9976030680728667
638,PCA-QS,rf,13,0.9998861717231062,0.9839259620068193,0.9692898272552783,0.9990108803165183
638,SRS,logistic,13,0.9999974020369744,0.9980815347721822,0.9985604606525912,0.9976030680728667
638,SRS,rf,13,0.9999337921175337,0.9864209505334627,0.9760076775431862,0.9970588235294118
639,PCA-QS,logistic,13,0.9999982009559956,0.9980430528375733,0.9985315712187959,0.9975550122249389
639,PCA-QS,rf,13,0.9999869160436046,0.9868584180510787,0.9740577581987273,1.0
639,SRS,logistic,13,0.9999966744944162,0.9963334148130042,0.9975526186979932,0.9951171875
639,SRS,rf,13,0.9999843810270529,0.9868714391875155,0.9750367107195301,0.9989969909729187
640,PCA-QS,logistic,13,0.9999991119355405,0.9969024264326277,0.9994824016563147,0.994335736354274
640,PCA-QS,rf,13,0.9999780132428172,0.989281045751634,0.979296066252588,0.9994717379820391
640,SRS,logistic,13,0.9999985676379685,0.99715982442551,0.9994824016563147,0.9948480164863472
640,SRS,rf,13,0.9999818806203022,0.9924498828430096,0.9865424430641822,0.9984284965950759
641,PCA-QS,logistic,13,0.9999945000463124,0.9974593495934959,0.9984740590030519,0.9964467005076142
641,PCA-QS,rf,13,0.9999587503473433,0.987393877025984,0.9760935910478128,0.9989588755856325
641,SRS,logistic,13,0.9999957128566128,0.9972045743329098,0.9979654120040692,0.9964448958862366
641,SRS,rf,13,0.999960061874761,0.9879084126575766,0.9766022380467956,0.9994794377928162
642,PCA-QS,logistic,13,0.9999990251772757,0.9979959919839679,0.9989969909729187,0.996996996996997
642,PCA-QS,rf,13,0.9999445882911423,0.9732510288065843,0.9488465396188566,0.9989440337909187
642,SRS,logistic,13,0.99999690841936,0.996996996996997,0.9989969909729187,0.995004995004995
642,SRS,rf,13,0.999961981913752,0.9837232960325534,0.9699097291875627,0.9979360165118679
643,PCA-QS,logistic,13,0.9999980608894211,0.9992406985573272,1.0,0.9984825493171472
643,PCA-QS,rf,13,0.9999678782117152,0.9832689832689833,0.9675785207700102,0.9994767137624281
643,SRS,logistic,13,0.9999989601870809,0.9992406985573272,1.0,0.9984825493171472
643,SRS,rf,13,0.9999836018692352,0.988994113130279,0.9787234042553191,0.999482669425763
644,PCA-QS,logistic,13,0.9999988446465542,0.9979685119349924,0.9984756097560976,0.9974619289340102
644,PCA-QS,rf,13,0.9999673964893487,0.9805850375355941,0.9623983739837398,0.9994722955145119
644,SRS,logistic,13,0.9999982528801553,0.9987306422949987,0.9994918699186992,0.9979705733130391
644,SRS,rf,13,0.9999837405137029,0.9834796076406814,0.9679878048780488,0.9994753410283316
645,PCA-QS,logistic,13,0.9999999455543552,0.9982922664064406,1.0,0.9965903555772041
645,PCA-QS,rf,13,0.9999898322758356,0.9863827680118842,0.9736070381231672,0.9994982438534872
645,SRS,logistic,13,0.9999993738750849,0.9980487804878049,1.0,0.9961051606621227
645,SRS,rf,13,0.9999726546749046,0.9795613160518445,0.9604105571847508,0.9994913530010173
646,PCA-QS,logistic,13,0.9999997256306216,0.9982762866289091,0.9995069033530573,0.9970486965076242
646,PCA-QS,rf,13,0.9999739760644544,0.9882822238843181,0.9773175542406312,0.9994957135653051
646,SRS,logistic,13,0.9999995335720566,0.9985228951255539,1.0,0.9970501474926253
646,SRS,rf,13,0.9999849234026544,0.9862603047714215,0.9733727810650887,0.999493670886076
647,PCA-QS,logistic,13,0.999999830923886,0.9994918699186992,0.9994918699186992,0.9994918699186992
647,PCA-QS,rf,13,0.9999065572676578,0.9822119102861562,0.9679878048780488,0.9968602825745683
647,SRS,logistic,13,0.9999979429072795,0.9967046894803548,0.9989837398373984,0.9944360141628731
647,SRS,rf,13,0.9999518696662122,0.9848211988680217,0.9725609756097561,0.9973944762897342
648,PCA-QS,logistic,13,0.9999996201956513,0.9980554205153136,0.9995131450827653,0.9966019417475728
648,PCA-QS,rf,13,0.9999841974262069,0.9899238142049643,0.9805258033106135,0.9995037220843672
648,SRS,logistic,13,0.9999998100978257,0.9987837509121869,0.9995131450827653,0.9980554205153136
648,SRS,rf,13,0.9999925666863188,0.9936305732484076,0.9873417721518988,1.0
649,PCA-QS,logistic,13,0.9999995107338657,0.998959958398336,0.9994797086368367,0.9984407484407485
649,PCA-QS,rf,13,0.9999765727862808,0.9854996045346691,0.9724245577523413,0.9989310529128808
649,SRS,logistic,13,0.9999995970749483,0.9984407484407485,0.9994797086368367,0.9974039460020768
649,SRS,rf,13,0.9999899124835275,0.9881610102604578,0.9771071800208116,0.9994678020223523
650,PCA-QS,logistic,13,0.9999979634275064,0.9970355731225297,0.9985155863433943,0.9955599407992106
650,PCA-QS,rf,13,0.999970621065717,0.9877346683354192,0.9762493814943097,0.9994934143870314
650,SRS,logistic,13,0.9999928719962723,0.9962898837496909,0.9965363681345868,0.9960435212660732
650,SRS,rf,13,0.9999509708932783,0.9900149775336995,0.9811974270163285,0.998992443324937
651,PCA-QS,logistic,13,0.9999994536497779,0.9975502204801567,0.9990186457311089,0.9960861056751468
651,PCA-QS,rf,13,0.9999643916242762,0.9850597609561753,0.9705593719332679,1.0
651,SRS,logistic,13,0.9999983609493337,0.9982830512631837,0.9985279685966634,0.998038254046101
651,SRS,rf,13,0.9999497630970802,0.9893485261332673,0.9798822374877331,0.9989994997498749
652,PCA-QS,logistic,13,0.9999961862656396,0.9975369458128078,0.9985207100591716,0.9965551181102362
652,PCA-QS,rf,13,0.999993812970516,0.9852389291968977,0.9709072978303748,1.0
652,SRS,logistic,13,0.9999968996260236,0.9967972406996797,0.997534516765286,0.9960610536681438
652,SRS,rf,13,0.9999954591867868,0.9922981366459628,0.9847140039447732,1.0
653,PCA-QS,logistic,13,0.999999671904385,0.9977935768570728,0.99950884086444,0.996084189916789
653,PCA-QS,rf,13,0.9999754885234341,0.9880893300248139,0.9778978388998035,0.9984954864593781
653,SRS,logistic,13,0.9999993164674689,0.9977946581720166,1.0,0.9955990220048899
653,SRS,rf,13,0.9999653722419735,0.9910979228486647,0.9842829076620825,0.99800796812749
654,PCA-QS,logistic,13,0.9999975248363469,0.9971773158840134,0.9979455572675912,0.9964102564102564
654,PCA-QS,rf,13,0.9999852912688659,0.9909396841832773,0.9830508474576272,0.9989561586638831
654,SRS,logistic,13,0.9999985205918395,0.997946611909651,0.9984591679506933,0.9974345818368394
654,SRS,rf,13,0.9999786623823006,0.984118719083572,0.9707241910631741,0.9978880675818373
655,PCA-QS,logistic,13,0.9999972693981952,0.9962898837496909,0.9990079365079365,0.9935865811544153
655,PCA-QS,rf,13,0.9999915875398944,0.9844064386317908,0.970734126984127,0.9984693877551021
655,SRS,logistic,13,0.9999983726716517,0.997029702970297,0.9990079365079365,0.9950592885375494
655,SRS,rf,13,0.9999959592609656,0.9907430572929697,0.9821428571428571,0.9994952044422009
656,PCA-QS,logistic,13,0.999998113625805,0.9982530571499876,0.9985022466300549,0.998003992015968
656,PCA-QS,rf,13,0.9999804982197205,0.9863567458312279,0.9745381927109336,0.99846547314578
656,SRS,logistic,13,0.9999978639586322,0.9977561705310396,0.99900149775337,0.9965139442231076
656,SRS,rf,13,0.9999601642155314,0.9840868906289467,0.9725411882176734,0.9959100204498977
657,PCA-QS,logistic,13,0.9999976361439665,0.9982247020035506,0.9984779299847792,0.9979716024340771
657,PCA-QS,rf,13,0.999969227659851,0.9897645854657113,0.9812278031456113,0.9984512132163139
657,SRS,logistic,13,0.999997467297107,0.9974645030425964,0.9979705733130391,0.9969589457678661
657,SRS,rf,13,0.9999736036076271,0.9926001531002807,0.9868087265347539,0.9984599589322382
658,PCA-QS,logistic,13,0.9999995213842693,0.9969635627530364,1.0,0.9939455095862765
658,PCA-QS,rf,13,0.9999617107415447,0.9887468030690537,0.9812182741116752,0.9963917525773196
658,SRS,logistic,13,0.9999975506136135,0.9962073324905183,1.0,0.9924433249370277
658,SRS,rf,13,0.9999435796515115,0.9853883619584722,0.9756345177664975,0.9953392024857587
659,PCA-QS,logistic,13,0.9999981834578405,0.9968814968814969,1.0,0.9937823834196892
659,PCA-QS,rf,13,0.9999571094212336,0.9795484727755644,0.9614181438998958,0.9983757444504602
659,SRS,logistic,13,0.9999992791499367,0.9984375,0.9994786235662148,0.9973985431841832
659,SRS,rf,13,0.9999333934541509,0.9776595744680852,0.9582898852971846,0.997828447339848
660,PCA-QS,logistic,13,0.9999980992740233,0.9982398793060095,0.999496475327291,0.9969864389753893
660,PCA-QS,rf,13,0.9999494630505019,0.9836484414920798,0.9692849949647533,0.9984439834024896
660,SRS,logistic,13,0.9999979036110551,0.9969849246231156,0.998992950654582,0.9949849548645938
660,SRS,rf,13,0.9999723416418538,0.98441093789931,0.9697885196374623,0.9994810586403736
661,PCA-QS,logistic,13,0.9999967207997608,0.9977070063694268,0.998470168281489,0.9969450101832994
661,PCA-QS,rf,13,0.9999746568705647,0.992573623559539,0.9882712901580826,0.9969135802469136
661,SRS,logistic,13,0.9999955617720899,0.9977058373693601,0.9979602243753187,0.9974515800203874
661,SRS,rf,13,0.9999781622225447,0.9946250319938572,0.9908210096889342,0.9984583761562179
662,PCA-QS,logistic,13,0.9999996366259163,0.9979899497487437,1.0,0.995987963891675
662,PCA-QS,rf,13,0.999984123347724,0.984167517875383,0.9702920443101712,0.9984455958549223
662,SRS,logistic,13,0.9999998322888843,0.9984909456740443,0.999496475327291,0.9974874371859297
662,SRS,rf,13,0.999987533473741,0.9890668700737351,0.9793554884189325,0.9989727786337956
663,PCA-QS,logistic,13,0.9999918843465276,0.9954407294832827,0.9984756097560976,0.9924242424242424
663,PCA-QS,rf,13,0.9999339475981273,0.9787454639709694,0.959349593495935,0.9989417989417989
663,SRS,logistic,13,0.9999920816019938,0.9974619289340102,0.9984756097560976,0.9964503042596349
663,SRS,rf,13,0.9999813593584305,0.9868793413943916,0.9745934959349594,0.9994788952579469
664,PCA-QS,logistic,13,0.9999929844049168,0.995995995995996,0.9974937343358395,0.9945027486256871
664,PCA-QS,rf,13,0.9999745963074863,0.9790281329923274,0.9593984962406015,0.9994778067885117
664,SRS,logistic,13,0.9999907850715375,0.9964912280701754,0.9964912280701754,0.9964912280701754
664,SRS,rf,13,0.9999569459611262,0.9831975560081466,0.9679197994987468,0.9989653388515262
665,PCA-QS,logistic,13,0.9999995065667738,0.9987687761635066,0.9990147783251232,0.9985228951255539
665,PCA-QS,rf,13,0.9999680776115638,0.9855289421157685,0.9729064039408867,0.9984833164812943
665,SRS,logistic,13,0.9999992324372038,0.9985228951255539,0.9990147783251232,0.9980314960629921
665,SRS,rf,13,0.9999725596300346,0.9857748939356127,0.9729064039408867,0.9989883662114315
666,PCA-QS,logistic,13,0.9999948848109744,0.9979859013091642,0.9979859013091642,0.9979859013091642
666,PCA-QS,rf,13,0.9999517271505625,0.9784061696658097,0.9582074521651561,0.9994747899159664
666,SRS,logistic,13,0.9999976799962343,0.9977358490566037,0.9984894259818731,0.9969834087481146
666,SRS,rf,13,0.9999445854522235,0.981547924141466,0.9642497482376636,0.9994780793319415
667,PCA-QS,logistic,13,0.999998415143243,0.9985835694050992,0.9990552668871044,0.998112317130722
667,PCA-QS,rf,13,0.9999872022816865,0.9858817899018905,0.9730751062824752,0.9990300678952473
667,SRS,logistic,13,1.0,0.9997637609260571,0.9995276334435522,1.0
667,SRS,rf,13,0.999990292752363,0.9885386819484241,0.9777987718469532,0.9995171414775471
668,PCA-QS,logistic,13,0.999999248798077,0.9985590778097982,0.9995192307692308,0.9976007677543186
668,PCA-QS,rf,13,0.9999875783396291,0.989815712900097,0.98125,0.9985322896281801
668,SRS,logistic,13,0.9999985780820742,0.9978391356542617,0.9990384615384615,0.996642685851319
668,SRS,rf,13,0.9999885441706731,0.9905454545454545,0.9822115384615384,0.9990220048899755
669,PCA-QS,logistic,13,0.9999994148453891,0.9989974937343359,1.0,0.9979969954932398
669,PCA-QS,rf,13,0.9999754513708514,0.9919232710752145,0.9859508278976418,0.9979685119349924
669,SRS,logistic,13,0.9999993869808839,0.9989974937343359,1.0,0.9979969954932398
669,SRS,rf,13,0.9999861652731303,0.9942050894431846,0.9899648770697441,0.9984817813765182
670,PCA-QS,logistic,13,0.9999988155457363,0.9982677555060628,0.9990094105993066,0.9975272007912958
670,PCA-QS,rf,13,0.9999562853740365,0.9859578736208626,0.9737493808816245,0.9984763839512443
670,SRS,logistic,13,0.9999988981820803,0.9972792480831066,0.9985141158989599,0.9960474308300395
670,SRS,rf,13,0.9999451156948757,0.9897576817386959,0.9811788013868251,0.9984879032258065
671,PCA-QS,logistic,13,0.999998338170431,0.9964556962025316,0.9994921279837481,0.9934376577486118
671,PCA-QS,rf,13,0.9999708616493365,0.9915708812260536,0.9857795835449467,0.9974306269270298
671,SRS,logistic,13,0.9999989296690911,0.9974632166412988,0.9984763839512443,0.9964521033958439
671,SRS,rf,13,0.9999750866397663,0.9915708812260536,0.9857795835449467,0.9974306269270298
672,PCA-QS,logistic,13,0.999999215237839,0.998738329548322,0.9994949494949495,0.9979828542612204
672,PCA-QS,rf,13,0.9999765131896097,0.9843549628109771,0.9691919191919192,1.0
672,SRS,logistic,13,0.9999992432650591,0.9989904088844018,0.9994949494949495,0.9984863773965691
672,SRS,rf,13,0.9999910733304185,0.9897959183673469,0.9797979797979798,1.0
673,PCA-QS,logistic,13,0.9999956406337772,0.9966862095335203,0.998467824310521,0.9949109414758269
673,PCA-QS,rf,13,0.9999365627291852,0.9875968992248062,0.9759959141981613,0.9994769874476988
673,SRS,logistic,13,0.9999896677359004,0.9961744452945677,0.9974463738508682,0.9949057564951604
673,SRS,rf,13,0.999946286380468,0.9863013698630136,0.9744637385086823,0.9984301412872841
674,PCA-QS,logistic,13,0.9999974238117528,0.9974798387096774,0.9984863773965691,0.9964753272910373
674,PCA-QS,rf,13,0.9999402016304135,0.9773078906652913,0.9561049445005045,0.9994725738396625
674,SRS,logistic,13,0.9999976758301683,0.9984863773965691,0.9984863773965691,0.9984863773965691
674,SRS,rf,13,0.999954986710789,0.9693665628245067,0.9419778002018163,0.9983957219251337
675,PCA-QS,logistic,13,0.9999990528894106,0.9979285344381149,0.9994813278008299,0.9963805584281282
675,PCA-QS,rf,13,0.9999715005813538,0.9847609038360483,0.9719917012448133,0.9978700745473909
675,SRS,logistic,13,0.999999712996791,0.9981879368366554,1.0,0.9963824289405685
675,SRS,rf,13,0.999980125027782,0.9852786540483701,0.9719917012448133,0.9989339019189766
676,PCA-QS,logistic,13,0.9999959293254469,0.9975099601593626,0.9980069755854509,0.9970134395221503
676,PCA-QS,rf,13,0.9999857387932322,0.9863636363636363,0.9730941704035875,1.0
676,SRS,logistic,13,0.9999966216170375,0.997758405977584,0.9980069755854509,0.9975099601593626
676,SRS,rf,13,0.9999848388141643,0.9814767825425019,0.9636273044344793,1.0
677,PCA-QS,logistic,13,0.9999999713659946,0.9989664082687338,1.0,0.9979349509550852
677,PCA-QS,rf,13,0.9999891477119811,0.9890339425587468,0.9798241076047595,0.9984185556141276
677,SRS,logistic,13,0.9999996277579307,0.9974200206398349,1.0,0.9948533196088523
677,SRS,rf,13,0.9999907368992769,0.9934980494148244,0.9881013967925505,0.9989539748953975
678,PCA-QS,logistic,13,0.9999971039509564,0.9966416946525446,0.9994818652849741,0.9938176197836167
678,PCA-QS,rf,13,0.9999885735094667,0.9913950456323337,0.9849740932642487,0.9979002624671915
678,SRS,logistic,13,0.9999963297596279,0.9974120082815735,0.9984455958549223,0.9963805584281282
678,SRS,rf,13,0.9999901505658765,0.9916536254564423,0.9849740932642487,0.9984243697478992
679,PCA-QS,logistic,13,0.9999993800542486,0.9987306422949987,0.9994918699186992,0.9979705733130391
679,PCA-QS,rf,13,0.9999876574436773,0.9847898943026553,0.9705284552845529,0.9994767137624281
679,SRS,logistic,13,0.999999661847772,0.9992379984759969,0.9994918699186992,0.9989842559674962
679,SRS,rf,13,0.9999870797669546,0.9902564102564102,0.9811991869918699,0.9994824016563147
680,PCA-QS,logistic,13,0.9999987066761462,0.9982282966337636,0.9994931576279777,0.9969666329625885
680,PCA-QS,rf,13,0.9999738383076958,0.9811710085117359,0.9640141915864167,0.9989495798319328
680,SRS,logistic,13,0.9999989878335057,0.9977232481659499,0.9994931576279777,0.9959595959595959
680,SRS,rf,13,0.999980304926965,0.9884704073789393,0.9776989356310187,0.9994818652849741
681,PCA-QS,logistic,13,0.9999983061954932,0.9980741454020221,0.9990361445783132,0.9971139971139971
681,PCA-QS,rf,13,0.9999708558081699,0.9860805860805861,0.9730120481927711,0.9995049504950495
681,SRS,logistic,13,0.9999982255381358,0.9975938402309913,0.9990361445783132,0.996155694377703
681,SRS,rf,13,0.9999785720287006,0.9883154819863681,0.9783132530120482,0.9985243482538121
682,PCA-QS,logistic,13,0.9999995254561909,0.9984932194876946,0.9994972347913524,0.997491219267436
682,PCA-QS,rf,13,0.9998685094933466,0.9888607594936709,0.9819004524886877,0.9959204487506375
682,SRS,logistic,13,0.9999984088825222,0.9977403966859152,0.9989944695827049,0.9964894684052157
682,SRS,rf,13,0.9996654047430207,0.989388580090955,0.9844142785319256,0.994413407821229
683,PCA-QS,logistic,13,0.9999974298599604,0.9977093407991855,0.9984717269485481,0.9969481180061037
683,PCA-QS,rf,13,0.9999811899641058,0.9860824742268042,0.9745287824758023,0.9979134063641106
683,SRS,logistic,13,0.9999985878351431,0.9977105062325108,0.9989811512990321,0.9964430894308943
683,SRS,rf,13,0.9999848192277883,0.9860681114551083,0.9735099337748344,0.9989545216936748
684,PCA-QS,logistic,13,0.9999990458085899,0.9976507439310884,0.9994769874476988,0.9958311620635748
684,PCA-QS,rf,13,0.9999833161077688,0.989440337909187,0.9801255230125523,0.9989339019189766
684,SRS,logistic,13,0.9999997108510879,0.9973917579551382,1.0,0.9947970863683663
684,SRS,rf,13,0.9999817691610888,0.9891849116328145,0.9806485355648535,0.9978712080894092
685,PCA-QS,logistic,13,0.9999960355113195,0.9977924944812362,0.9990176817288802,0.9965703086722195
685,PCA-QS,rf,13,0.999925358247602,0.9815092453773113,0.9646365422396856,0.9989827060020345
685,SRS,logistic,13,0.9999978673785029,0.9977935768570728,0.99950884086444,0.996084189916789
685,SRS,rf,13,0.9999671084146026,0.9838026414154,0.9695481335952849,0.9984825493171472
686,PCA-QS,logistic,13,0.9999968085074233,0.9969434538970963,0.9969434538970963,0.9969434538970963
686,PCA-QS,rf,13,0.9999701468349249,0.9786902286902287,0.9592460519612838,0.9989389920424403
686,SRS,logistic,13,0.9999968085074233,0.9969418960244648,0.9964340295466123,0.9974502804691484
686,SRS,rf,13,0.9999796648260605,0.9876416065911432,0.9770759042282221,0.9984383133784487
687,PCA-QS,logistic,13,0.9999982048483456,0.9978064830611747,0.99951171875,0.9961070559610705
687,PCA-QS,rf,13,0.9999797909442542,0.9818633540372671,0.96484375,0.9994941831057157
687,SRS,logistic,13,0.9999997008080576,0.9990243902439024,1.0,0.9980506822612085
687,SRS,rf,13,0.9999901266659008,0.988641975308642,0.9775390625,1.0
688,PCA-QS,logistic,13,0.999999609896926,0.9992479318124843,1.0,0.998496993987976
688,PCA-QS,rf,13,0.9999795613853797,0.9883248730964467,0.9769192172604114,1.0
688,SRS,logistic,13,0.9999997770839578,0.999247554552295,0.9994982438534872,0.9989969909729187
688,SRS,rf,13,0.9999877953466889,0.9906305393770575,0.9814350225790266,1.0
689,PCA-QS,logistic,13,0.9999972862383973,0.9977335683706875,0.9984879032258065,0.9969803724207348
689,PCA-QS,rf,13,0.9999744570686272,0.9877675840978594,0.9768145161290323,0.9989690721649485
689,SRS,logistic,13,0.9999981535230332,0.9984886649874055,0.998991935483871,0.9979859013091642
689,SRS,rf,13,0.9999884735074199,0.9885350318471338,0.9778225806451613,0.9994848016486347
690,PCA-QS,logistic,13,0.9999967840960968,0.9962283127985919,0.9979848866498741,0.9944779116465864
690,PCA-QS,rf,13,0.9999612833134437,0.9900788603408802,0.980352644836272,1.0
690,SRS,logistic,13,0.9999971476330597,0.9962321024868124,0.998992443324937,0.9934869739478958
690,SRS,rf,13,0.9999768454918969,0.9908629441624366,0.9833753148614609,0.99846547314578
691,PCA-QS,logistic,13,0.999991711394335,0.9964717741935484,0.9974772956609486,0.9954682779456193
691,PCA-QS,rf,13,0.9999195641223896,0.9791613069205043,0.9601412714429869,0.9989501312335958
691,SRS,logistic,13,0.9999936435355203,0.9977289931869796,0.9974772956609486,0.9979808177688037
691,SRS,rf,13,0.999932347056464,0.9775715390564579,0.9566094853683148,0.9994728518713759
692,PCA-QS,logistic,13,0.9999990216851591,0.9984901862103673,0.998992950654582,0.9979879275653923
692,PCA-QS,rf,13,0.999992760470177,0.9825819672131147,0.9657603222557906,1.0
692,SRS,logistic,13,0.9999963942110148,0.9969864389753893,0.999496475327291,0.9944889779559118
692,SRS,rf,13,0.9999952202332056,0.987509559010961,0.9753272910372608,1.0
693,PCA-QS,logistic,13,0.9999966022779151,0.9980314960629921,0.9985228951255539,0.9975405804230202
693,PCA-QS,rf,13,0.9999837649166506,0.9817088449010273,0.9645494830132939,0.9994897959183674
693,SRS,logistic,13,0.9999969858916989,0.9972953036636342,0.9985228951255539,0.9960707269155207
693,SRS,rf,13,0.999991670100695,0.9910581222056631,0.982274741506647,1.0
694,PCA-QS,logistic,13,0.9999992756267171,0.9985583853916387,0.9990384615384615,0.9980787704130644
694,PCA-QS,rf,13,0.9999942318423763,0.9885783718104496,0.9778846153846154,0.9995085995085995
694,SRS,logistic,13,0.9999992756267171,0.9980796927508402,0.9995192307692308,0.9966442953020134
694,SRS,rf,13,0.999992166037088,0.9910346498667313,0.9831730769230769,0.9990229604298974
695,PCA-QS,logistic,13,0.9999948962401437,0.9979939819458375,0.9994977398292315,0.9964947421131698
695,PCA-QS,rf,13,0.9999760708964118,0.9872967479674797,0.9758915118031141,0.9989717223650385
695,SRS,logistic,13,0.9999971552813917,0.9964912280701754,0.9984932194876946,0.9944972486243121
695,SRS,rf,13,0.9999816487760361,0.9888381532217149,0.9789050728277248,0.9989748846745259
696,PCA-QS,logistic,13,0.9999989093891112,0.9979869149471565,0.998992443324937,0.9969834087481146
696,PCA-QS,rf,13,0.9999729025140678,0.9841594276954522,0.9702770780856423,0.9984447900466563
696,SRS,logistic,13,0.999999636463037,0.9992445227902291,0.9994962216624685,0.998992950654582
696,SRS,rf,13,0.9999658974364352,0.9872838250254323,0.9778337531486146,0.9969183359013868
697,PCA-QS,logistic,13,0.9999965120742987,0.9967130214917825,0.9994929006085193,0.9939485627836612
697,PCA-QS,rf,13,0.9999149958752466,0.9854033290653009,0.9756592292089249,0.9953440248318676
697,SRS,logistic,13,0.9999980028812516,0.9977209420106357,0.9989858012170385,0.9964592817400101
697,SRS,rf,13,0.9999482999400078,0.9882593159775396,0.9817444219066938,0.9948612538540597
698,PCA-QS,logistic,13,0.9999998577492153,0.9987169617654607,0.9994863893168978,0.997948717948718
698,PCA-QS,rf,13,0.9999765570706876,0.9803818990321737,0.9625064201335388,0.9989339019189766
698,SRS,logistic,13,0.9999998577492154,0.9987176199025392,1.0,0.9974385245901639
698,SRS,rf,13,0.9999845231146287,0.9843505477308294,0.9691833590138675,1.0
699,PCA-QS,logistic,13,0.9999975338720547,0.9979570990806946,0.9994884910485934,0.9964303926568078
699,PCA-QS,rf,13,0.9999808662487005,0.980453479280688,0.9621483375959079,0.9994686503719448
699,SRS,logistic,13,0.9999986393776854,0.998211091234347,0.9989769820971867,0.9974463738508682
699,SRS,rf,13,0.9999847638647059,0.9854771784232366,0.9718670076726342,0.9994739610731194
700,PCA-QS,logistic,13,0.9999978994993315,0.9982083439979524,0.9989754098360656,0.9974424552429667
700,PCA-QS,rf,13,0.9999834940386655,0.9838877338877339,0.9697745901639344,0.9984177215189873
700,SRS,logistic,13,0.9999975588776014,0.9971874200971619,0.9989754098360656,0.9954058192955589
700,SRS,rf,13,0.9999878369657235,0.9899146625290923,0.9805327868852459,0.9994778067885117
701,PCA-QS,logistic,13,0.9999988780293071,0.9987724036336852,1.0,0.9975478175576263
701,PCA-QS,rf,13,0.9999828010102333,0.9905894006934126,0.983284169124877,0.998003992015968
701,SRS,logistic,13,0.9999983033613914,0.9982805207565709,0.9990167158308751,0.997545409916544
701,SRS,rf,13,0.9999844566011337,0.9948212083847102,0.9916420845624385,0.9980207817911925
702,PCA-QS,logistic,13,0.9999984905350754,0.9978287092882991,0.9995166747220879,0.9961464354527938
702,PCA-QS,rf,13,0.9999591501054779,0.9843214110730034,0.9710004833252779,0.998012916045703
702,SRS,logistic,13,0.9999987600823834,0.9980685659101883,0.9990333494441759,0.9971056439942113
702,SRS,rf,13,0.9999788674910555,0.9877870053737177,0.9772837119381343,0.9985185185185185
703,PCA-QS,logistic,13,0.9999984702193783,0.9975490196078431,0.9985279685966634,0.9965719882468168
703,PCA-QS,rf,13,0.9999870514997368,0.9945945945945946,0.9931305201177625,0.9960629921259843
703,SRS,logistic,13,0.999998169726756,0.9975502204801567,0.9990186457311089,0.9960861056751468
703,SRS,rf,13,0.9999890320192919,0.9965652600588812,0.9965652600588812,0.9965652600588812
704,PCA-QS,logistic,13,0.9999950757037889,0.9971056439942113,0.9971056439942113,0.9971056439942113
704,PCA-QS,rf,13,0.9999731989124249,0.9775806848977581,0.9570670525808008,0.998992950654582
704,SRS,logistic,13,0.9999982509330398,0.9975915221579962,0.9990352146647371,0.9961519961519961
704,SRS,rf,13,0.9999727549185042,0.9783464566929134,0.9589966232513266,0.9984932194876946
705,PCA-QS,logistic,13,0.9999995288245073,0.9982574060243963,1.0,0.9965208747514911
705,PCA-QS,rf,13,0.9999899113012135,0.989685534591195,0.9810473815461347,0.9984771573604061
705,SRS,logistic,13,0.9999985310411108,0.9982574060243963,1.0,0.9965208747514911
705,SRS,rf,13,0.99998151329096,0.9886678418534374,0.9790523690773068,0.9984740590030519
706,PCA-QS,logistic,13,0.9999977392850312,0.9982651796778191,0.9985126425384234,0.998017839444995
706,PCA-QS,rf,13,0.999989206464509,0.9808080808080808,0.962816063460585,0.9994853319608852
706,SRS,logistic,13,0.9999989799212946,0.9985133795837463,0.999008428358949,0.9980188211986132
706,SRS,rf,13,0.9999864494950348,0.9846463629499119,0.9697570649479424,1.0
707,PCA-QS,logistic,13,0.999997998220418,0.9965052421367948,0.998998998998999,0.9940239043824701
707,PCA-QS,rf,13,0.999981761563808,0.991681371313335,0.9844844844844844,0.9989842559674962
707,SRS,logistic,13,0.999998860097738,0.9972506873281679,0.9984984984984985,0.9960059910134798
707,SRS,rf,13,0.9999755199038612,0.9916855631141346,0.984984984984985,0.9984779299847792
708,PCA-QS,logistic,13,0.9999982638733879,0.9980207817911925,0.9995044598612488,0.9965415019762845
708,PCA-QS,rf,13,0.9999561972499975,0.9821023443408117,0.9653121902874133,0.9994869163673679
708,SRS,logistic,13,0.999998291430953,0.9977750309023485,1.0,0.9955599407992106
708,SRS,rf,13,0.9999778574963025,0.9889834752128193,0.9786917740336968,0.9994939271255061
709,PCA-QS,logistic,12,0.9999943113850315,0.9976408912188729,0.9994747899159664,0.9958137100994244
709,PCA-QS,rf,12,0.9999776083344478,0.981031258348918,0.9642857142857143,0.99836867862969
709,SRS,logistic,12,0.9999969815512412,0.9992119779353822,0.9989495798319328,0.999474513925381
709,SRS,rf,12,0.9999831373199147,0.9861702127659574,0.9737394957983193,0.9989224137931034
710,PCA-QS,logistic,13,0.9999973834201539,0.9966295047964739,0.998960498960499,0.9943093636833937
710,PCA-QS,rf,13,0.9999742655059096,0.9833816934845687,0.9688149688149689,0.998393144081414
710,SRS,logistic,13,0.9999922077677112,0.9940460781775822,0.997920997920998,0.9902011346054668
710,SRS,rf,13,0.999964963708325,0.9833816934845687,0.9688149688149689,0.998393144081414
711,PCA-QS,logistic,13,0.9999990799969694,0.998061076102763,0.9995145631067961,0.9966118102613747
711,PCA-QS,rf,13,0.9999818840579711,0.988719960765081,0.9786407766990292,0.9990089197224975
711,SRS,logistic,13,0.9999996482341353,0.9983038526774897,1.0,0.9966134494436382
711,SRS,rf,13,0.9999935599787858,0.9894530291881285,0.9791262135922331,1.0
712,PCA-QS,logistic,13,0.9999973348994433,0.9978297564504461,0.9985521235521235,0.9971084337349397
712,PCA-QS,rf,13,0.9999633615973977,0.9845777233782129,0.9705598455598455,0.9990064580228515
712,SRS,logistic,13,0.999998869351279,0.9963933637893725,1.0,0.9928126497364638
712,SRS,rf,13,0.9999466172282439,0.9808353808353808,0.9633204633204633,0.998998998998999
713,PCA-QS,logistic,13,0.9999995004439942,0.9987521836785626,0.9995004995004995,0.9980049875311721
713,PCA-QS,rf,13,0.9999621586325664,0.973347001537673,0.9485514485514486,0.9994736842105263
713,SRS,logistic,13,0.99999922291288,0.9987528061860813,1.0,0.9975087194818136
713,SRS,rf,13,0.9999757576571666,0.9824828636709825,0.9665334665334665,0.9989674754775426
714,PCA-QS,logistic,13,0.9999995004439942,0.9980049875311721,0.9995004995004995,0.9965139442231076
714,PCA-QS,rf,13,0.9999890236444298,0.9834983498349835,0.9675324675324676,1.0
714,SRS,logistic,13,0.99999980572822,0.9992509363295881,0.9995004995004995,0.99900149775337
714,SRS,rf,13,0.9999861373208412,0.9814391050088991,0.964035964035964,0.9994821336095288
715,PCA-QS,logistic,13,0.9999992719467997,0.998237219843868,1.0,0.9964806435394671
715,PCA-QS,rf,13,0.9999814766464615,0.9830769230769231,0.9672048435923309,0.9994786235662148
715,SRS,logistic,13,0.9999990759324766,0.9984871406959153,0.9989909182643795,0.9979838709677419
715,SRS,rf,13,0.9999786764418449,0.9862104187946884,0.9742684157416751,0.9984488107549121
716,PCA-QS,logistic,13,0.9999994283207297,0.9968315866439191,0.9995112414467253,0.9941662615459407
716,PCA-QS,rf,13,0.999982822399069,0.9836146971201589,0.9682306940371457,0.9994954591321897
716,SRS,logistic,13,0.9999949093322122,0.9960994636762555,0.998533724340176,0.9936770428015564
716,SRS,rf,13,0.9999854766242524,0.991869918699187,0.9838709677419355,1.0
717,PCA-QS,logistic,13,0.9999955614724826,0.9965052421367948,0.9965052421367948,0.9965052421367948
717,PCA-QS,rf,13,0.9999721343694299,0.9891551071878941,0.9790314528207689,0.9994903160040775
717,SRS,logistic,13,0.9999952563237158,0.9962584185582439,0.9970044932601099,0.9955134596211366
717,SRS,rf,13,0.9999779321959995,0.990691823899371,0.9830254618072891,0.9984787018255578
718,PCA-QS,logistic,13,0.9999903910331461,0.9984954864593781,0.9984954864593781,0.9984954864593781
718,PCA-QS,rf,13,0.9999776069294187,0.9824024483550114,0.9658976930792377,0.9994810586403736
718,SRS,logistic,13,0.9999980503545515,0.9987459242538249,0.9984954864593781,0.9989964877069744
718,SRS,rf,13,0.9999887059824368,0.9800613496932515,0.9613841524573721,0.9994786235662148
719,PCA-QS,logistic,13,0.9999983545255108,0.9987446648255084,0.9989954796584631,0.9984939759036144
719,PCA-QS,rf,13,0.9999435518582023,0.9860157640478007,0.9738824711200402,0.9984552008238929
719,SRS,logistic,13,0.9999984381937052,0.9979929754139488,0.9989954796584631,0.9969924812030075
719,SRS,rf,13,0.9999660446577872,0.9860086491986771,0.9733802109492717,0.9989690721649485
720,PCA-QS,logistic,13,0.9999973142406773,0.9975669099756691,0.9980525803310614,0.9970817120622568
720,PCA-QS,rf,13,0.9999014950292835,0.9814494187484541,0.9659201557935735,0.9974861739567622
720,SRS,logistic,13,0.999998833458072,0.9978096860550012,0.9980525803310614,0.9975669099756691
720,SRS,rf,13,0.9999460813469294,0.9857001972386588,0.9732229795520935,0.9985014985014985
721,PCA-QS,logistic,12,0.9999970093003283,0.9985059760956175,0.9990034877927254,0.9980089596814335
721,PCA-QS,rf,12,0.9999691653325515,0.9892041174993723,0.9815645241654211,0.9969635627530364
721,SRS,logistic,12,0.9999953201088471,0.9980089596814335,0.9990034877927254,0.9970164097463948
721,SRS,rf,12,0.9999609409084543,0.9871633526302542,0.9770802192326856,0.9974567650050865
722,PCA-QS,logistic,13,0.9999954919837453,0.9962471853890418,0.9974949899799599,0.9950024987506247
722,PCA-QS,rf,13,0.9999776825368132,0.9819016059138415,0.9649298597194389,0.9994810586403736
722,SRS,logistic,13,0.9999995269365659,0.9977494373593399,0.999498997995992,0.9960059910134798
722,SRS,rf,13,0.9999785312682685,0.9886104783599089,0.9784569138276553,0.9989769820971867
723,PCA-QS,logistic,12,0.9999988575552836,0.9974937343358395,0.9984947315604616,0.9964947421131698
723,PCA-QS,rf,12,0.9999890492494264,0.9842158859470469,0.9698946312092324,0.9989664082687338
723,SRS,logistic,12,0.999997492194525,0.997741530740276,0.997491219267436,0.9979919678714859
723,SRS,rf,12,0.9999902752876585,0.9847172694854814,0.9698946312092324,1.0
724,PCA-QS,logistic,13,0.9999995485171257,0.9984748347737672,0.9994910941475827,0.9974606399187405
724,PCA-QS,rf,13,0.9999603823777768,0.9771190847633905,0.956234096692112,0.998936735778841
724,SRS,logistic,13,0.9999997742585629,0.9984756097560976,1.0,0.9969558599695586
724,SRS,rf,13,0.9999805721275636,0.9873743880443184,0.9750636132315522,1.0
725,PCA-QS,logistic,13,0.9999985105808338,0.9987608426270136,0.9995039682539683,0.9980188211986132
725,PCA-QS,rf,13,0.9999966212250395,0.993006993006993,0.9861111111111112,1.0
725,SRS,logistic,13,0.9999972693981952,0.9977728285077951,1.0,0.9955555555555555
725,SRS,rf,13,0.9999873261461687,0.9909954977488744,0.9826388888888888,0.9994954591321897
726,PCA-QS,logistic,13,0.9999983176104212,0.9972271237711117,0.9994946942900454,0.9949698189134809
726,PCA-QS,rf,13,0.9999921208088065,0.9874712349782664,0.9757453259221829,0.9994824016563147
726,SRS,logistic,13,0.9999983176104212,0.9977301387137453,0.9994946942900454,0.9959718026183283
726,SRS,rf,13,0.999998009172332,0.9931315186975325,0.9863567458312279,1.0
727,PCA-QS,logistic,13,0.9999948554902912,0.9966277561608301,0.9979220779220779,0.9953367875647668
727,PCA-QS,rf,13,0.999961401807045,0.9801324503311258,0.961038961038961,1.0
727,SRS,logistic,13,0.9999960625819547,0.9948293691830403,0.9994805194805195,0.9902213072568193
727,SRS,rf,13,0.9999834024896266,0.9860489602526981,0.972987012987013,0.9994663820704376
728,PCA-QS,logistic,13,0.999998294431517,0.9977783263391755,0.9995054401582592,0.996057171020207
728,PCA-QS,rf,13,0.9999541697243108,0.98062893081761,0.9638971315529179,0.9979518689196109
728,SRS,logistic,13,0.9999971115372465,0.9972832798221783,0.9985163204747775,0.9960532807104094
728,SRS,rf,13,0.9999781439651649,0.9864932466233116,0.9752720079129574,0.9979757085020243
729,PCA-QS,logistic,13,1.0,0.9992160961588712,1.0,0.9984334203655353
729,PCA-QS,rf,13,0.9999610371840875,0.9864900662251656,0.9738493723849372,0.9994632313472893
729,SRS,logistic,13,0.999999334957502,0.9984326018808778,0.9994769874476988,0.9973903966597077
729,SRS,rf,13,0.9999654467049979,0.9854150092813577,0.9717573221757322,0.9994620763851533
730,PCA-QS,logistic,13,0.9999995561472482,0.9982547993019197,0.9995007488766849,0.9970119521912351
730,PCA-QS,rf,13,0.9999797076070065,0.9922051797837566,0.9850224663005491,0.9994934143870314
730,SRS,logistic,13,0.9999979471810232,0.997757288811363,0.9995007488766849,0.9960199004975124
730,SRS,rf,13,0.9999946737669791,0.9922012578616353,0.9845232151772342,1.0
731,PCA-QS,logistic,13,0.9999979713205306,0.9980009995002499,0.9989994997498749,0.9970044932601099
731,PCA-QS,rf,13,0.9999670825913485,0.9778230945704818,0.959479739869935,0.9968814968814969
731,SRS,logistic,13,0.9999910237881009,0.9982495623905977,0.9984992496248124,0.998
731,SRS,rf,13,0.9999764617601283,0.9819476226798881,0.9659829914957478,0.9984488107549121
732,PCA-QS,logistic,13,0.9999967075800993,0.9964859437751004,0.9974874371859297,0.9954864593781344
732,PCA-QS,rf,13,0.9999764787290142,0.9833971902937421,0.9673366834170855,1.0
732,SRS,logistic,13,0.9999980468695505,0.9974874371859297,0.9974874371859297,0.9974874371859297
732,SRS,rf,13,0.9999861467247397,0.9854777070063694,0.9718592964824121,0.999483204134367
733,PCA-QS,logistic,13,0.9999988476486105,0.9982754372998276,0.9990138067061144,0.9975381585425899
733,PCA-QS,rf,13,0.9999910692767315,0.9752525252525253,0.9521696252465484,0.9994824016563147
733,SRS,logistic,13,0.9999987104639213,0.9985221674876847,0.9995069033530573,0.9975393700787402
733,SRS,rf,13,0.9999921941911833,0.9832122275119017,0.9674556213017751,0.999490575649516
734,PCA-QS,logistic,13,0.9999970171089141,0.9970831307729704,0.9980535279805353,0.9961146187469645
734,PCA-QS,rf,13,0.9999954171946046,0.9911634756995582,0.9824817518248176,1.0
734,SRS,logistic,13,0.9999975052183645,0.9970873786407767,0.9995133819951338,0.9946731234866828
734,SRS,rf,13,0.9999836754506031,0.9924038225925018,0.9854014598540146,0.9995064165844028
735,PCA-QS,logistic,12,0.9999973820730251,0.9973072215422276,0.9975514201762977,0.9970631424375918
735,PCA-QS,rf,12,0.9999692120879724,0.9790523690773068,0.9613124387855044,0.9974593495934959
735,SRS,logistic,12,0.9999983910657134,0.9973098557104426,0.9985308521057786,0.9960918417195896
735,SRS,rf,12,0.9999503411976951,0.9787871225355628,0.9603330068560235,0.9979643765903308
736,PCA-QS,logistic,13,0.9999985515417867,0.9975478175576263,0.9985272459499264,0.9965703086722195
736,PCA-QS,rf,13,0.9999821675663368,0.9918417799752781,0.9847815414825725,0.999003984063745
736,SRS,logistic,13,0.999999672047197,0.9995090819833088,0.9995090819833088,0.9995090819833088
736,SRS,rf,13,0.9999840669596542,0.9895833333333334,0.979381443298969,1.0
737,PCA-QS,logistic,13,0.9999993749575379,0.9990248659190639,0.9995121951219512,0.9985380116959064
737,PCA-QS,rf,13,0.9999840614172159,0.9854068760821172,0.9717073170731707,0.9994982438534872
737,SRS,logistic,13,0.9999986683877982,0.9980516317584024,0.9995121951219512,0.9965953307392996
737,SRS,rf,13,0.999981044907942,0.9861660079051383,0.9736585365853658,0.998998998998999
738,PCA-QS,logistic,13,0.9999984860018434,0.9973384950399226,0.9995150339476236,0.9951714147754708
738,PCA-QS,rf,13,0.999976438403688,0.9809829587552482,0.9631425800193987,0.9994967287367891
738,SRS,logistic,13,0.9999988374657012,0.9980638915779284,1.0,0.996135265700483
738,SRS,rf,13,0.9999753569764332,0.984744094488189,0.9704170708050437,0.9995004995004995
739,PCA-QS,logistic,13,0.9999997230833638,0.9987552900174259,0.9995017438963627,0.9980099502487563
739,PCA-QS,rf,13,0.999990349455226,0.9848408287013644,0.9711011459890384,0.9989748846745259
739,SRS,logistic,13,0.9999983385001824,0.9970178926441352,0.9995017438963627,0.9945463559742191
739,SRS,rf,13,0.9999904740677124,0.9886792452830189,0.9790732436472347,0.9984756097560976
740,PCA-QS,logistic,13,0.9999991890329287,0.9984901862103673,0.9994962216624685,0.9974861739567622
740,PCA-QS,rf,13,0.9999849691448002,0.9916307380167385,0.9848866498740554,0.998467824310521
740,SRS,logistic,13,0.9999996923918005,0.998992443324937,0.998992443324937,0.998992443324937
740,SRS,rf,13,0.9999840463202019,0.9908675799086758,0.9838790931989925,0.99795605518651
741,PCA-QS,logistic,13,0.9999994041918246,0.9973320397768615,0.9990281827016521,0.9956416464891041
741,PCA-QS,rf,13,0.9999856735216022,0.9854787103125769,0.9727891156462585,0.9985037406483791
741,SRS,logistic,13,0.9999995937671532,0.9985436893203884,0.999514091350826,0.9975751697381183
741,SRS,rf,13,0.9999844819052516,0.985471558729377,0.9723032069970845,0.99900149775337
742,PCA-QS,logistic,13,0.9999958444796799,0.9964912280701754,0.9984932194876946,0.9944972486243121
742,PCA-QS,rf,13,0.9999700328417185,0.978974358974359,0.9588146659969864,1.0
742,SRS,logistic,13,0.9999928045352847,0.9932617918642376,0.9994977398292315,0.9871031746031746
742,SRS,rf,13,0.9999624050913324,0.9826442062276671,0.9668508287292817,0.9989621172807472
743,PCA-QS,logistic,13,0.9999958113074494,0.9970559371933267,0.999508116084604,0.9946157611355849
743,PCA-QS,rf,13,0.9999331588701821,0.9866071428571429,0.9783571077225774,0.9949974987493747
743,SRS,logistic,13,0.9999979193422625,0.9982813650871594,1.0,0.9965686274509804
743,SRS,rf,13,0.9999397841224515,0.9885969261279127,0.9808165272995573,0.9965017491254373
744,PCA-QS,logistic,13,0.9999983270785726,0.9980295566502463,0.9985214391325776,0.9975381585425899
744,PCA-QS,rf,13,0.9999852590939803,0.9880418535127056,0.9773287333661902,0.998992443324937
744,SRS,logistic,13,0.9999971752310325,0.9965534219596258,0.9975357318876293,0.9955730447614363
744,SRS,rf,13,0.9999795821311039,0.9925558312655087,0.9857072449482503,0.9995002498750625
745,PCA-QS,logistic,13,0.9999988378017729,0.998467824310521,1.0,0.9969403365629781
745,PCA-QS,rf,13,0.9999733119602245,0.980473834938818,0.9631713554987212,0.9984093319194062
745,SRS,logistic,13,0.9999991496110534,0.9969403365629781,1.0,0.9938993390950687
745,SRS,rf,13,0.9999799024745609,0.9807191245440333,0.9626598465473146,0.9994689325544344
746,PCA-QS,logistic,13,0.999997639343643,0.9989868287740629,0.9989868287740629,0.9989868287740629
746,PCA-QS,rf,13,0.9999823091288491,0.990023023791251,0.9802431610942249,1.0
746,SRS,logistic,13,0.9999983419199397,0.9992399290600456,0.9989868287740629,0.9994931576279777
746,SRS,rf,13,0.9999809882854114,0.9918325676365493,0.9842958459979737,0.9994855967078189
747,PCA-QS,logistic,13,0.9999974854597408,0.9977392614920875,0.9994967287367891,0.995987963891675
747,PCA-QS,rf,13,0.9999787102258054,0.981025641025641,0.9627579265223956,1.0
747,SRS,logistic,13,0.9999976251564219,0.9974899598393574,1.0,0.9949924887330996
747,SRS,rf,13,0.9999811409480559,0.9867482161060143,0.9743331655762456,0.9994837377387713
748,PCA-QS,logistic,13,0.9999994101020032,0.9989883662114315,1.0,0.9979787771601819
748,PCA-QS,rf,13,0.999981081128531,0.9819680577022154,0.9650632911392405,0.9994756161510225
748,SRS,logistic,13,0.9999980898541055,0.9982309830679807,1.0,0.9964682139253279
748,SRS,rf,13,0.9999886374409663,0.9879579810402255,0.9762025316455696,1.0
749,PCA-QS,logistic,13,0.9999958847209749,0.9973513123043583,0.9985535197685632,0.9961519961519961
749,PCA-QS,rf,13,0.9999813602067689,0.9780950036918533,0.9580520732883318,0.9989944695827049
749,SRS,logistic,13,0.9999998117192603,0.9987943091391367,0.9985535197685632,0.9990352146647371
749,SRS,rf,13,0.9999874389849366,0.9907587548638133,0.9821600771456124,0.9995093228655545
750,PCA-QS,logistic,13,0.9999966020465038,0.996993987975952,0.9979939819458375,0.995995995995996
750,PCA-QS,rf,13,0.9999482090612613,0.979539641943734,0.9603811434302909,0.9994780793319415
750,SRS,logistic,13,0.9999956550758573,0.9962434259954921,0.9974924774322969,0.9949974987493747
750,SRS,rf,13,0.9999475823895099,0.9875729140248541,0.9764292878635907,0.9989738327347357
751,PCA-QS,logistic,13,0.9999990945810512,0.9982754372998276,0.9990138067061144,0.9975381585425899
751,PCA-QS,rf,13,0.9999818230286779,0.9773185483870968,0.9561143984220908,0.9994845360824742
751,SRS,logistic,13,0.9999993963873675,0.9992605373428641,0.9995069033530573,0.9990142927550517
751,SRS,rf,13,0.9999886136707945,0.9870194707938093,0.9748520710059172,0.9994944388270981
752,PCA-QS,logistic,13,0.9999993987531945,0.9985294117647059,1.0,0.9970631424375918
752,PCA-QS,rf,13,0.9999842309360557,0.9853124222056261,0.9715267550319097,0.9994949494949495
752,SRS,logistic,13,0.9999998086941982,0.9985294117647059,1.0,0.9970631424375918
752,SRS,rf,13,0.999978901703007,0.9855793137742417,0.9729995090819833,0.9984886649874055
753,PCA-QS,logistic,13,0.9999974331726499,0.9988023952095808,0.9985632183908046,0.9990416866315285
753,PCA-QS,rf,13,0.9999570457485638,0.9754901960784313,0.9530651340996169,0.998995983935743
753,SRS,logistic,13,0.999996657776888,0.9988018212317278,0.9980842911877394,0.9995203836930455
753,SRS,rf,13,0.9999510030091773,0.9802294361728093,0.9616858237547893,0.9995022399203584
754,PCA-QS,logistic,13,0.9999983295208689,0.9978297564504461,0.9995169082125603,0.9961482908040443
754,PCA-QS,rf,13,0.9999724236227303,0.9855569155446756,0.972463768115942,0.9990074441687344
754,SRS,logistic,13,0.9999966051553142,0.9978287092882991,0.9990338164251208,0.9966265060240964
754,SRS,rf,13,0.9999850869322728,0.9885281913595314,0.9782608695652174,0.9990133201776024
755,PCA-QS,logistic,13,0.9999970041920885,0.9985330073349633,0.9985330073349633,0.9985330073349633
755,PCA-QS,rf,13,0.9999385042339617,0.9848747830399207,0.9711491442542787,0.9989939637826962
755,SRS,logistic,13,0.9999952067073415,0.9977978957670663,0.9970660146699266,0.9985308521057786
755,SRS,rf,13,0.9999684895476944,0.9918739226791431,0.984841075794621,0.9990079365079365
756,PCA-QS,logistic,13,0.9999959112139297,0.9970014992503748,0.99899849774662,0.9950124688279302
756,PCA-QS,rf,13,0.9999762460999726,0.9873417721518988,0.9764646970455684,0.9984639016897081
756,SRS,logistic,13,0.9999964675113542,0.9987490617963473,0.99949924887331,0.998
756,SRS,rf,13,0.9999818925188315,0.9891276864728192,0.9794692038057086,0.9989785495403473
757,PCA-QS,logistic,13,0.9999945291559516,0.9977684106124474,1.0,0.9955467590301831
757,PCA-QS,rf,13,0.9999877044161538,0.9833249115715007,0.967196819085487,1.0
757,SRS,logistic,13,0.9999959659432774,0.9967797869705227,1.0,0.9935802469135803
757,SRS,rf,13,0.9999805342947872,0.983590002524615,0.9681908548707754,0.9994869163673679
758,PCA-QS,logistic,13,0.9999987142147805,0.9984917043740573,1.0,0.9969879518072289
758,PCA-QS,rf,13,0.999932510251901,0.9901140684410646,0.9833836858006042,0.996937212863706
758,SRS,logistic,13,0.9999987980703382,0.9979879275653923,0.998992950654582,0.9969849246231156
758,SRS,rf,13,0.9998738812410757,0.9880680375729881,0.9798590130916415,0.996415770609319
759,PCA-QS,logistic,13,0.9999965572941407,0.999243761028485,0.9994957135653051,0.998991935483871
759,PCA-QS,rf,13,0.9999612065827559,0.9849066257354823,0.9707513867876955,0.9994807892004154
759,SRS,logistic,13,0.9999982926418096,0.998991935483871,0.9994957135653051,0.9984886649874055
759,SRS,rf,13,0.999977020638126,0.9908443540183113,0.9823499747856783,0.9994869163673679
760,PCA-QS,logistic,13,0.9999942415333924,0.9963916285783017,0.9990352146647371,0.9937619961612284
760,PCA-QS,rf,13,0.9999692164214999,0.9808353808353808,0.9628557645923782,0.99949924887331
760,SRS,logistic,13,0.9999976320324231,0.9980732177263969,0.9995176073323685,0.9966329966329966
760,SRS,rf,13,0.9999576053077562,0.976606747106624,0.9565846599131693,0.9974849094567404
761,PCA-QS,logistic,13,0.9999976255711681,0.9969056214543579,0.9989664082687338,0.9948533196088523
761,PCA-QS,rf,13,0.9999718644487212,0.9791831357048748,0.9602067183462533,0.9989247311827957
761,SRS,logistic,13,0.9999988843045248,0.9976798143851509,1.0,0.9953703703703703
761,SRS,rf,13,0.9999873840588572,0.9900938477580813,0.9813953488372092,0.9989479221462388
762,PCA-QS,logistic,13,0.9999992189805816,0.9985521235521235,0.9990342829550941,0.9980704293294742
762,PCA-QS,rf,13,0.999988203913613,0.9914821124361158,0.9835828102366007,0.9995093228655545
762,SRS,logistic,13,0.999999326707398,0.9980722891566265,1.0,0.9961519961519961
762,SRS,rf,13,0.9999869919869293,0.9929526123936816,0.9864799613713182,0.9995107632093934
763,PCA-QS,logistic,13,0.9999992925129833,0.9978054133138259,0.9995114802149487,0.9961051606621227
763,PCA-QS,rf,13,0.9999742855680458,0.9866468842729971,0.9745969711773327,0.99899849774662
763,SRS,logistic,13,0.9999971700519331,0.9975621647976597,0.9995114802149487,0.9956204379562044
763,SRS,rf,13,0.9999835781379002,0.9884093711467324,0.9789936492427943,0.99800796812749
764,PCA-QS,logistic,13,0.9999989350802823,0.9980411361410382,0.9995095635115253,0.9965770171149144
764,PCA-QS,rf,13,0.9999404464127073,0.9881129271916791,0.9784207945071113,0.9979989994997499
764,SRS,logistic,13,0.9999983616619728,0.9973085392708588,0.9995095635115253,0.9951171875
764,SRS,rf,13,0.9999418390000305,0.987611496531219,0.9774399215301618,0.9979969954932398
765,PCA-QS,logistic,13,0.99999715367999,0.995134443021767,0.9984583761562179,0.9918325676365493
765,PCA-QS,rf,13,0.9999867361487538,0.9867360208062419,0.9748201438848921,0.9989468141126909
765,SRS,logistic,13,0.9999970682903897,0.9959058341862845,1.0,0.9918450560652395
765,SRS,rf,13,0.9999782968099242,0.9872694206287347,0.9763617677286742,0.9984235417761429
766,PCA-QS,logistic,13,0.9999998916712409,0.9992716678805535,1.0,0.9985443959243085
766,PCA-QS,rf,13,0.9999940554593416,0.9919177075679647,0.9839650145772595,1.0
766,SRS,logistic,13,0.9999998916712408,0.9992716678805535,1.0,0.9985443959243085
766,SRS,rf,13,0.9999854568640839,0.9886977886977887,0.9776482021379981,1.0
767,PCA-QS,logistic,13,0.9999985037844655,0.9982183761771443,0.9984725050916496,0.9979643765903308
767,PCA-QS,rf,13,0.9999535608574659,0.9910187323582242,0.9831975560081466,0.9989653388515262
767,SRS,logistic,13,0.9999985320149472,0.9972045743329098,0.9989816700610998,0.9954337899543378
767,SRS,rf,13,0.9999822712574399,0.9938556067588326,0.9882892057026477,0.9994850669412977
768,PCA-QS,logistic,13,0.9999977718337729,0.9967475606705029,0.9989969909729187,0.9945082376435347
768,PCA-QS,rf,13,0.9999344919129265,0.983206106870229,0.9689067201604814,0.9979338842975206
768,SRS,logistic,13,0.9999976325733838,0.9974962443665498,0.9989969909729187,0.996
768,SRS,rf,13,0.9999707831703484,0.983997967995936,0.9714142427281846,0.9969119917653114
769,PCA-QS,logistic,13,0.9999939093965259,0.9958677685950413,0.9958677685950413,0.9958677685950413
769,PCA-QS,rf,13,0.9999719060191861,0.9791941006057414,0.9602272727272727,0.99892530897367
769,SRS,logistic,13,0.9999953105212688,0.9974200206398349,0.9984504132231405,0.9963917525773196
769,SRS,rf,13,0.9999801840929221,0.9848088004190676,0.9710743801652892,0.9989373007438895
770,PCA-QS,logistic,13,0.9999975750672869,0.9992277992277993,1.0,0.9984567901234568
770,PCA-QS,rf,13,0.9999437130324357,0.9830154167755422,0.9690880989180835,0.9973488865323435
770,SRS,logistic,13,0.9999966336228218,0.997941327843541,0.9989696032972695,0.9969151670951156
770,SRS,rf,13,0.99994636619411,0.9898780171295095,0.9824832560535807,0.9973849372384938
771,PCA-QS,logistic,13,0.9999987030743105,0.9981785063752276,0.9994788952579469,0.9968814968814969
771,PCA-QS,rf,13,0.9999765544655904,0.9886931369971076,0.979676915059927,0.9978768577494692
771,SRS,logistic,13,0.9999997117942911,0.9976605146867689,1.0,0.9953319502074689
771,SRS,rf,13,0.9999846962768636,0.982521186440678,0.9666492965085982,0.9989229940764675
772,PCA-QS,logistic,13,0.999998780776949,0.9978160640621209,0.9995138551288284,0.9961240310077519
772,PCA-QS,rf,13,0.9999806820881042,0.9867321867321868,0.9761789013125911,0.9975161450571287
772,SRS,logistic,13,0.9999986994954123,0.9978171234537958,1.0,0.9956437560503388
772,SRS,rf,13,0.9999945676839621,0.9938890246883403,0.9883325230918814,0.9995083579154376
773,PCA-QS,logistic,13,0.999998534287982,0.9982600049714143,0.9990049751243781,0.9975161450571287
773,PCA-QS,rf,13,0.9999607576348386,0.9807692307692307,0.9641791044776119,0.9979402677651905
773,SRS,logistic,13,0.9999988661473068,0.9985082048731975,0.9990049751243781,0.9980119284294234
773,SRS,rf,13,0.999969413632228,0.9846153846153847,0.9711442786069652,0.99846547314578
774,PCA-QS,logistic,13,0.9999982591811907,0.9984833164812943,0.9994939271255061,0.9974747474747475
774,PCA-QS,rf,13,0.9999863823044758,0.9918492103922567,0.9853238866396761,0.9984615384615385
774,SRS,logistic,13,0.9999987084247545,0.9979767324228629,0.9984817813765182,0.9974721941354904
774,SRS,rf,13,0.9999888391052146,0.9926227423047571,0.9873481781376519,0.9979539641943734
775,PCA-QS,logistic,13,0.9999987127722678,0.9983201343892488,0.9995194617972128,0.99712368168744
775,PCA-QS,rf,13,0.9999857734518345,0.9873479318734794,0.9750120134550697,1.0
775,SRS,logistic,13,0.9999984177825791,0.9978401727861771,0.9990389235944258,0.9966442953020134
775,SRS,rf,13,0.9999749795109548,0.9871014845461182,0.9745314752522826,1.0
776,PCA-QS,logistic,13,0.9999993152743986,0.9980334316617503,0.9990157480314961,0.9970530451866405
776,PCA-QS,rf,13,0.9999935909683708,0.9885515181682429,0.9773622047244095,1.0
776,SRS,logistic,13,0.9999978088780754,0.9968082494475816,0.9990157480314961,0.994610485056345
776,SRS,rf,13,0.9999748705704279,0.987045341305431,0.9749015748031497,0.9994954591321897
777,PCA-QS,logistic,13,0.9999842824540256,0.9987261146496815,0.9994900560938297,0.9979633401221996
777,PCA-QS,rf,13,0.9999447341683816,0.977349648529029,0.957164711881693,0.9984042553191489
777,SRS,logistic,13,0.9999943179375165,0.9984717269485481,0.9994900560938297,0.9974554707379135
777,SRS,rf,13,0.9999539639862964,0.9871067560598247,0.9760326364099949,0.9984350547730829
778,PCA-QS,logistic,13,0.9999989228406676,0.9971945932160163,1.0,0.9944048830111902
778,PCA-QS,rf,13,0.9999859969286786,0.9836236028073824,0.9677749360613811,1.0
778,SRS,logistic,13,0.9999984692998961,0.9971931615207961,0.9994884910485934,0.994908350305499
778,SRS,rf,13,0.9999887606927552,0.9888802689423326,0.978005115089514,1.0
779,PCA-QS,logistic,13,0.9999989252907372,0.9987254652052001,0.9994897959183674,0.9979623025980642
779,PCA-QS,rf,13,0.9999668112810534,0.9852675109847506,0.9724489795918367,0.9984284965950759
779,SRS,logistic,13,0.9999998303090638,0.9994900560938297,1.0,0.9989806320081549
779,SRS,rf,13,0.9999754796597131,0.988399071925754,0.9780612244897959,0.9989577905158937
780,PCA-QS,logistic,13,0.9999971317166697,0.9983392645314354,1.0,0.9966840360018948
780,PCA-QS,rf,13,0.9999506549034473,0.984578313253012,0.9710076045627376,0.998533724340176
780,SRS,logistic,13,0.9999981409274711,0.9983376870102113,0.9990494296577946,0.9976269577598481
780,SRS,rf,13,0.9999545456766684,0.9872932150563414,0.9786121673003803,0.996129656507015
781,PCA-QS,logistic,13,0.9999974568689818,0.9972697939935468,0.9990054699154649,0.9955401387512388
781,PCA-QS,rf,13,0.9999243418522049,0.9861774315154561,0.9756340129288911,0.9969512195121951
781,SRS,logistic,13,0.999998313793564,0.9965294992563213,0.9995027349577325,0.9935739001482946
781,SRS,rf,13,0.9999636083479824,0.9877038895859473,0.9786176031824962,0.9969604863221885
782,PCA-QS,logistic,13,0.9999983288753297,0.9972465581977472,0.9989969909729187,0.9955022488755623
782,PCA-QS,rf,13,0.9999689170811334,0.98808618504436,0.977432296890672,0.9989748846745259
782,SRS,logistic,13,0.9999976604254617,0.996996996996997,0.9989969909729187,0.995004995004995
782,SRS,rf,13,0.9999732759313149,0.9880922219407144,0.9779338014042126,0.9984639016897081
783,PCA-QS,logistic,13,0.99999980283378,0.9982256020278834,1.0,0.9964574898785425
783,PCA-QS,rf,13,0.9999873250287109,0.9816395138350142,0.9639410868461148,1.0
783,SRS,logistic,13,0.9999999436667942,0.9989852866565195,1.0,0.9979726305119108
783,SRS,rf,13,0.999977354051297,0.975051975051975,0.9527679024885729,0.9984034060670569
784,PCA-QS,logistic,13,0.9999970316585037,0.9966572383646182,0.9989690721649485,0.9943560800410467
784,PCA-QS,rf,13,0.999968703976436,0.9837781266352695,0.9690721649484536,0.9989373007438895
784,SRS,logistic,13,0.9999988297884486,0.9989696032972695,0.9994845360824742,0.9984552008238929
784,SRS,rf,13,0.9999287027205992,0.9829976458278838,0.9685567010309278,0.9978757302177377
785,PCA-QS,logistic,13,0.9999971715204291,0.997285961016531,0.9975320829220138,0.9970399605328071
785,PCA-QS,rf,13,0.9999716328213913,0.9859929964982491,0.972852912142152,0.9994929006085193
785,SRS,logistic,13,0.9999951394088928,0.998272884283247,0.9985192497532083,0.9980266403552047
785,SRS,rf,13,0.9999380068676583,0.9867665418227216,0.9753208292201382,0.9984840828701365
786,PCA-QS,logistic,13,0.9999996420665426,0.9987639060568603,1.0,0.9975308641975309
786,PCA-QS,rf,13,0.9999758945583102,0.9869739478957916,0.9752475247524752,0.9989858012170385
786,SRS,logistic,13,0.9999991739997136,0.9982694684796044,0.9995049504950495,0.997037037037037
786,SRS,rf,13,0.9999728245905792,0.9895209580838323,0.9816831683168317,0.9974849094567404
787,PCA-QS,logistic,13,0.999999113866764,0.9977606369743718,0.9990034877927254,0.9965208747514911
787,PCA-QS,rf,13,0.9999891171761947,0.9873991935483871,0.976083707025411,0.9989801121876594
787,SRS,logistic,13,0.9999994738583912,0.9985067197610752,0.9995017438963627,0.9975136747886624
787,SRS,rf,13,0.9999877049013497,0.9876480967985883,0.976083707025411,0.9994897959183674
788,PCA-QS,logistic,13,0.9999992377609729,0.9968300414533041,0.9990224828934506,0.994647201946472
788,PCA-QS,rf,13,0.9999604588504717,0.9788082772375966,0.9594330400782014,0.9989821882951654
788,SRS,logistic,13,0.9999964610330887,0.9960956564177648,0.9975562072336266,0.9946393762183235
788,SRS,rf,13,0.9999727227319605,0.9843788742871312,0.9701857282502444,0.9989934574735783
789,PCA-QS,logistic,13,0.9999979000100426,0.9979220779220779,0.998959958398336,0.9968863518422418
789,PCA-QS,rf,13,0.999952088585286,0.9706196581196581,0.9448777951118045,0.9978034047226798
789,SRS,logistic,13,0.9999993383593284,0.9979231568016614,0.999479979199168,0.9963711767755313
789,SRS,rf,13,0.9999562022642436,0.9760765550239234,0.9547581903276131,0.99836867862969
790,PCA-QS,logistic,13,0.9999980318984834,0.9969589457678661,0.9969589457678661,0.9969589457678661
790,PCA-QS,rf,13,0.9999826666487851,0.9853432759064027,0.9711099847947289,1.0
790,SRS,logistic,13,0.9999973290050845,0.997211660329531,0.9969589457678661,0.9974645030425964
790,SRS,rf,13,0.9999823292599536,0.990023023791251,0.9807399898631526,0.9994834710743802
791,PCA-QS,logistic,13,0.9999976860600964,0.9973151086160605,0.998533724340176,0.9960994636762555
791,PCA-QS,rf,13,0.999956552375458,0.9833952912019827,0.9696969696969697,0.9974861739567622
791,SRS,logistic,13,0.9999994555435522,0.9982914327556749,0.9995112414467253,0.9970745977571916
791,SRS,rf,13,0.9999436759804654,0.9787977051633824,0.9589442815249267,0.999490575649516
792,PCA-QS,logistic,13,0.9999986761696653,0.9982256020278834,1.0,0.9964574898785425
792,PCA-QS,rf,13,0.9999629750005344,0.9938869077941925,0.9908583037074657,0.9969340827797649
792,SRS,logistic,13,0.9999991268353112,0.9989852866565195,1.0,0.9979726305119108
792,SRS,rf,13,0.9999542996868521,0.9923469387755102,0.9878110716099543,0.9969246540235777
793,PCA-QS,logistic,13,0.9999976976469868,0.9971802102025121,0.9979476654694716,0.9964139344262295
793,PCA-QS,rf,13,0.9999177974701915,0.9855072463768116,0.9769112365315546,0.9942558746736292
793,SRS,logistic,13,0.9999978681916544,0.9971830985915493,0.9989738327347357,0.995398773006135
793,SRS,rf,13,0.9999549619956842,0.9862942849754331,0.978450487429451,0.9942648592283628
794,PCA-QS,logistic,13,0.9999967553421573,0.9963063284905196,1.0,0.992639842983317
794,PCA-QS,rf,13,0.9999848903433511,0.9877469367341836,0.9762728620860108,0.9994939271255061
794,SRS,logistic,13,0.9999980752029747,0.9977783263391755,0.9990113692535838,0.9965483234714004
794,SRS,rf,13,0.9999908297170291,0.9910269192422732,0.9826989619377162,0.9994972347913524
795,PCA-QS,logistic,13,0.999995476242837,0.9975074775672981,0.9995004995004995,0.9955223880597015
795,PCA-QS,rf,13,0.9999833065034754,0.9911949685534591,0.984015984015984,0.9984794728839331
795,SRS,logistic,13,0.9999948101681628,0.9977561705310396,0.9995004995004995,0.9960179193628671
795,SRS,rf,13,0.9999819327244597,0.9884014120020171,0.9790209790209791,0.9979633401221996
796,PCA-QS,logistic,13,0.9999995928912405,0.9990262901655307,0.9995129079396006,0.9985401459854014
796,PCA-QS,rf,13,0.9999761027158198,0.9821693907875185,0.9659035557720409,0.998992443324937
796,SRS,logistic,13,0.999997014535764,0.9970845481049563,0.9995129079396006,0.9946679592825982
796,SRS,rf,13,0.9999855747796232,0.9876786594381469,0.9761324890404286,0.9995012468827931
797,PCA-QS,logistic,13,0.9999934137418995,0.9962862094577866,0.9970267591674926,0.9955467590301831
797,PCA-QS,rf,13,0.9999770583269096,0.9856819894498869,0.9722497522299306,0.999490575649516
797,SRS,logistic,13,0.9999968033224282,0.9975222993062438,0.9975222993062438,0.9975222993062438
797,SRS,rf,13,0.9999836583637927,0.9900049975012494,0.9816650148662042,0.9984879032258065
798,PCA-QS,logistic,13,0.9999969573367529,0.9977381251570746,0.9979889391654098,0.9974874371859297
798,PCA-QS,rf,13,0.9999783942995117,0.9888154550076258,0.9778783308195073,1.0
798,SRS,logistic,13,0.9999979064243713,0.9982407640110581,0.9984917043740573,0.9979899497487437
798,SRS,rf,13,0.9999937053159431,0.9918905220476432,0.983911513323278,1.0
799,PCA-QS,logistic,13,0.9999987193755007,0.9982469321312296,0.9989974937343359,0.9974974974974975
799,PCA-QS,rf,13,0.999988933733946,0.9842158859470469,0.9689223057644111,1.0
799,SRS,logistic,13,0.9999983296202183,0.9974987493746873,0.9994987468671679,0.9955067398901648
799,SRS,rf,13,0.9999860523288226,0.9901390644753476,0.981453634085213,0.9989795918367347
800,PCA-QS,logistic,13,0.9999965477081463,0.9980139026812314,0.9985096870342772,0.9975186104218362
800,PCA-QS,rf,13,0.9999476218279962,0.982367758186398,0.9687034277198212,0.9964230965763924
800,SRS,logistic,13,0.9999929849429534,0.9950445986124876,0.9975161450571287,0.9925852694018784
800,SRS,rf,13,0.9998246650013364,0.9758822036049759,0.9547938400397417,0.9979231568016614
801,PCA-QS,logistic,13,0.9999939408894757,0.9982574060243963,0.9980089596814335,0.9985059760956175
801,PCA-QS,rf,13,0.9999905516609862,0.993993993993994,0.9885515181682429,0.9994967287367891
801,SRS,logistic,13,0.9999971226141803,0.9972657220979368,0.9985067197610752,0.9960278053624627
801,SRS,rf,13,0.999992668199594,0.9927336507141067,0.9860627177700348,0.9994954591321897
802,PCA-QS,logistic,13,0.9999973764127442,0.9985458070770722,0.9995147986414362,0.9975786924939467
802,PCA-QS,rf,13,0.9999706942598805,0.9797330696984676,0.9616690926734595,0.9984886649874055
802,SRS,logistic,13,0.9999975116492007,0.9973346256360552,0.9985443959243085,0.9961277831558567
802,SRS,rf,13,0.9999813914635881,0.9807312252964426,0.9631246967491509,0.9989934574735783
803,PCA-QS,logistic,13,0.9999815041594268,0.9979879275653923,0.9984901862103673,0.9974861739567622
803,PCA-QS,rf,13,0.9999423611493918,0.985721570627231,0.9728233517866129,0.9989664082687338
803,SRS,logistic,13,0.9999932107413001,0.9977369876791552,0.9984901862103673,0.9969849246231156
803,SRS,rf,13,0.9999396789731154,0.9872708757637475,0.9758429793658782,0.9989696032972695
804,PCA-QS,logistic,13,0.9999987399079225,0.9984871406959153,0.9989909182643795,0.9979838709677419
804,PCA-QS,rf,13,0.9999854249349709,0.9864554050600562,0.9737638748738647,0.9994821336095288
804,SRS,logistic,13,0.9999980118547223,0.9974811083123426,0.9989909182643795,0.9959758551307847
804,SRS,rf,13,0.9999869230444407,0.990073810129804,0.9813319878910192,0.9989727786337956
805,PCA-QS,logistic,13,0.999998707259614,0.9987338566725753,0.9989868287740629,0.9984810126582279
805,PCA-QS,rf,13,0.9999839110028057,0.987172909184197,0.9746707193515705,1.0
805,SRS,logistic,13,0.9999995222481183,0.9982282966337636,0.9989868287740629,0.9974709155285787
805,SRS,rf,13,0.9999888992945122,0.9889884763124199,0.9782168186423505,1.0
806,PCA-QS,logistic,13,0.9999984388170707,0.9984631147540983,0.9984631147540983,0.9984631147540983
806,PCA-QS,rf,13,0.9999600195244376,0.9912371134020619,0.9851434426229508,0.9974066390041494
806,SRS,logistic,13,0.9999974169518806,0.9971874200971619,0.9989754098360656,0.9954058192955589
806,SRS,rf,13,0.9999256593074206,0.9907168643630737,0.9841188524590164,0.9974039460020768
807,PCA-QS,logistic,13,0.9999971841720433,0.9970267591674926,0.9990069513406157,0.9950544015825915
807,PCA-QS,rf,13,0.9999704200033768,0.9899849774661993,0.9816285998013903,0.9984848484848485
807,SRS,logistic,13,0.9999955278026571,0.9967797869705227,0.9990069513406157,0.9945625308947108
807,SRS,rf,13,0.9999647331351506,0.9897371714643304,0.9816285998013903,0.9979808177688037
808,PCA-QS,logistic,13,0.9999971399377163,0.998989898989899,0.9994946942900454,0.9984856133266027
808,PCA-QS,rf,13,0.9999807786990637,0.982555156490508,0.9676604345629105,0.9979155810317873
808,SRS,logistic,13,0.9999992990043423,0.9982336613676508,0.9994946942900454,0.9969758064516129
808,SRS,rf,13,0.9999842556375262,0.9900586286005608,0.9813036887316827,0.9989711934156379
809,PCA-QS,logistic,13,0.9999989224095056,0.9980139026812314,0.9990059642147118,0.9970238095238095
809,PCA-QS,rf,13,0.9999635277063437,0.9805112629713997,0.9627236580516899,0.998968540484786
809,SRS,logistic,13,0.9999978448190112,0.9970238095238095,0.9990059642147118,0.995049504950495
809,SRS,rf,13,0.9999583469828129,0.9794780846212313,0.9607355864811133,0.9989664082687338
810,PCA-QS,logistic,13,0.9999967090510217,0.9982434127979924,0.9989954796584631,0.9974924774322969
810,PCA-QS,rf,13,0.9999725289428504,0.9808233188442853,0.9633350075339026,0.9989583333333333
810,SRS,logistic,13,0.9999982708573164,0.9982434127979924,0.9989954796584631,0.9974924774322969
810,SRS,rf,13,0.9999737281869696,0.9811031664964249,0.9648417880462079,0.9979220779220779
811,PCA-QS,logistic,13,0.9999989336454198,0.9980925131139723,0.9990453460620525,0.9971414959504526
811,PCA-QS,rf,13,0.9999601050092672,0.9852407452213888,0.9718377088305489,0.9990186457311089
811,SRS,logistic,13,0.9999991735752003,0.9988069673109043,0.9990453460620525,0.9985687022900763
811,SRS,rf,13,0.9999771666825509,0.9898843930635838,0.9809069212410502,0.9990277102576568
812,PCA-QS,logistic,13,0.9999964706123937,0.9976087996174079,0.9990421455938697,0.9961795606494747
812,PCA-QS,rf,13,0.999985294218307,0.9856761349842195,0.9722222222222222,0.999507631708518
812,SRS,logistic,13,0.9999978075016385,0.9988029686377783,0.9990421455938697,0.9985639061752034
812,SRS,rf,13,0.9999813503950348,0.98545101842871,0.9731800766283525,0.9980353634577603
813,PCA-QS,logistic,13,0.9999988738453395,0.9977186311787072,0.9989847715736041,0.9964556962025316
813,PCA-QS,rf,13,0.9999870914522047,0.9834966477565755,0.968020304568528,0.999475890985325
813,SRS,logistic,13,0.9999991553840046,0.9984779299847792,0.9989847715736041,0.9979716024340771
813,SRS,rf,13,0.9999723951338857,0.9766355140186916,0.9548223350253807,0.9994686503719448
814,PCA-QS,logistic,13,0.99999772173746,0.9980276134122288,0.9985199802664035,0.9975357318876293
814,PCA-QS,rf,13,0.9999757351315028,0.9847309136420526,0.970399605328071,0.9994918699186992
814,SRS,logistic,13,0.9999961022496306,0.9977827050997783,0.9990133201776024,0.9965551181102362
814,SRS,rf,13,0.9999879087391708,0.9900447984071677,0.981253083374445,0.9989954796584631
815,PCA-QS,logistic,13,0.9999972849307983,0.996309963099631,0.9980285855101035,0.9945972495088409
815,PCA-QS,rf,13,0.9998891209617905,0.9758064516129032,0.9541646131099064,0.998452810727179
815,SRS,logistic,13,0.9999956942841951,0.9972913075597144,0.9980285855101035,0.9965551181102362
815,SRS,rf,13,0.9999267342689644,0.9799297541394882,0.9625431246919665,0.99795605518651
816,PCA-QS,logistic,13,0.999998318357739,0.9982009766126959,0.9994853319608852,0.9969199178644764
816,PCA-QS,rf,13,0.9999886275379294,0.9872495446265938,0.9763252702007206,0.998421052631579
816,SRS,logistic,13,0.9999993159421311,0.997431946584489,0.9994853319608852,0.9953869810353665
816,SRS,rf,13,0.9999913780206107,0.9917098445595854,0.9850746268656716,0.9984350547730829
817,PCA-QS,logistic,13,0.9999993573952671,0.9977381251570746,0.9989934574735783,0.9964859437751004
817,PCA-QS,rf,13,0.9999826636418796,0.9895859791719583,0.980372420734776,0.9989743589743589
817,SRS,logistic,13,0.9999985192151807,0.9982389937106918,0.9984901862103673,0.9979879275653923
817,SRS,rf,13,0.9999824820361942,0.9918946301925026,0.9854051333668847,0.998470168281489
818,PCA-QS,logistic,13,0.9999987499999999,0.9977539306214125,0.9995,0.9960139511709019
818,PCA-QS,rf,13,0.9999598055555555,0.9746478873239437,0.9515,0.9989501312335958
818,SRS,logistic,13,0.9999986944444444,0.9977528089887641,0.999,0.9965087281795512
818,SRS,rf,13,0.9999650555555556,0.983489966979934,0.968,0.9994837377387713
819,PCA-QS,logistic,13,0.9999995879050121,0.9977827050997783,1.0,0.995575221238938
819,PCA-QS,rf,13,0.9999909201737667,0.9887640449438202,0.9777777777777777,1.0
819,SRS,logistic,13,0.9999998901080033,0.9995064165844028,1.0,0.9990133201776024
819,SRS,rf,13,0.9999937773656827,0.9920398009950249,0.9846913580246913,0.9994987468671679
820,PCA-QS,logistic,13,0.999999348629237,0.9971974522292993,1.0,0.994410569105691
820,PCA-QS,rf,13,0.9999909516104873,0.9917568263781555,0.9836484414920798,1.0
820,SRS,logistic,13,0.9999975077988197,0.9959266802443992,0.9994890137966275,0.9923896499238964
820,SRS,rf,13,0.9999904418420642,0.9928057553956835,0.9872253449156873,0.9984496124031008
821,PCA-QS,logistic,13,0.999998593326343,0.9987608426270136,0.9995039682539683,0.9980188211986132
821,PCA-QS,rf,13,0.9999953524605646,0.9889724310776943,0.9786706349206349,0.9994934143870314
821,SRS,logistic,13,0.9999985105808338,0.9982660391379737,0.9995039682539683,0.9970311726867888
821,SRS,rf,13,0.9999908842030658,0.9899849774661993,0.9806547619047619,0.9994944388270981
822,PCA-QS,logistic,13,0.999997100797682,0.9969909729187563,0.9979919678714859,0.9959919839679359
822,PCA-QS,rf,13,0.9999167594411408,0.984505969011938,0.9728915662650602,0.996401028277635
822,SRS,logistic,13,0.999996487504884,0.9964947421131698,0.998995983935743,0.994005994005994
822,SRS,rf,13,0.9999444551863608,0.9888776541961577,0.9819277108433735,0.9959266802443992
823,PCA-QS,logistic,13,0.999998731929145,0.996201570017726,0.9994918699186992,0.9929328621908127
823,PCA-QS,rf,13,0.9999847267910346,0.987667009249743,0.9766260162601627,0.998960498960499
823,SRS,logistic,13,0.999999323695544,0.9974645030425964,0.9994918699186992,0.9954453441295547
823,SRS,rf,13,0.9999915180149472,0.9905249679897568,0.9827235772357723,0.9984512132163139
824,PCA-QS,logistic,13,0.999997335017677,0.9987364164771292,0.9989888776541962,0.9984840828701365
824,PCA-QS,rf,13,0.9999536573600247,0.9887812340642529,0.9802831142568251,0.9974279835390947
824,SRS,logistic,13,0.9999959323954017,0.9987364164771292,0.9989888776541962,0.9984840828701365
824,SRS,rf,13,0.9999676555303321,0.9880071446797652,0.9787664307381193,0.9974240082431737
825,PCA-QS,logistic,12,0.9999965954324099,0.9982582732022891,0.999003984063745,0.9975136747886624
825,PCA-QS,rf,12,0.9999646533917685,0.9912258711456505,0.9845617529880478,0.9979808177688037
825,SRS,logistic,12,0.9999934399795217,0.9975136747886624,0.999003984063745,0.9960278053624627
825,SRS,rf,12,0.9999484194170406,0.9899699097291875,0.9830677290836654,0.996969696969697
826,PCA-QS,logistic,13,0.9999943461849519,0.9962073324905183,0.9989858012170385,0.9934442763489663
826,PCA-QS,rf,13,0.9999722372365547,0.986392811296534,0.9741379310344828,0.998959958398336
826,SRS,logistic,13,0.9999985654499132,0.9982265011401064,0.9989858012170385,0.9974683544303797
826,SRS,rf,13,0.999989353388081,0.9892418032786885,0.97920892494929,0.9994824016563147
827,PCA-QS,logistic,13,0.9999960543993298,0.997559785261103,0.9985344406448461,0.9965870307167235
827,PCA-QS,rf,13,0.999988326464224,0.9881422924901185,0.9770395701025891,0.9995002498750625
827,SRS,logistic,13,0.9999962992986817,0.9978032706858677,0.9985344406448461,0.9970731707317073
827,SRS,rf,13,0.9999781631411183,0.9831181727904668,0.9672691744015632,0.9994952044422009
828,PCA-QS,logistic,13,0.9999993763045912,0.9980563654033042,0.9995133819951338,0.9966035904900534
828,PCA-QS,rf,13,0.9999856414470004,0.9834281474152857,0.9673965936739659,1.0
828,SRS,logistic,13,0.9999969628745308,0.9975669099756691,0.9975669099756691,0.9975669099756691
828,SRS,rf,13,0.9999743742538536,0.9851924975320829,0.9712895377128954,0.99949924887331
829,PCA-QS,logistic,13,0.9999995918344134,0.9990229604298974,0.9990229604298974,0.9990229604298974
829,PCA-QS,rf,13,0.9999920679821009,0.985629335976214,0.9716658524670249,1.0
829,SRS,logistic,13,0.9999990204025921,0.99853515625,0.9990229604298974,0.9980478282088824
829,SRS,rf,13,0.9999932244512628,0.9891411648568608,0.9789936492427943,0.9995012468827931
830,PCA-QS,logistic,13,0.9999990223767607,0.9976653696498055,0.9994802494802495,0.9958570688762299
830,PCA-QS,rf,13,0.9999477690407652,0.9771640998406798,0.9563409563409564,0.998914223669924
830,SRS,logistic,13,0.9999993674202571,0.9987023098883987,1.0,0.9974079834110938
830,SRS,rf,13,0.9999686873027214,0.9836325237592397,0.9682952182952183,0.9994635193133047
831,PCA-QS,logistic,13,0.9999975520659258,0.9987801902903147,0.99951171875,0.9980497318381277
831,PCA-QS,rf,13,0.9999703119995333,0.9879101899827288,0.9775390625,0.9985037406483791
831,SRS,logistic,13,0.9999982592468806,0.9982922664064406,0.9990234375,0.9975621647976597
831,SRS,rf,13,0.999983748437674,0.9918859109909024,0.98486328125,0.9990094105993066
832,PCA-QS,logistic,13,0.9999995780735038,0.9984802431610942,0.9994929006085193,0.9974696356275303
832,PCA-QS,rf,13,0.9999942336712195,0.99079754601227,0.9827586206896551,0.9989690721649485
832,SRS,logistic,13,0.9999998031009685,0.9989868287740629,1.0,0.9979757085020243
832,SRS,rf,13,0.9999928553779989,0.9923430321592649,0.9858012170385395,0.998972250770812
833,PCA-QS,logistic,13,0.9999991836688269,0.99853515625,0.9990229604298974,0.9980478282088824
833,PCA-QS,rf,13,0.9999650610257893,0.987422934648582,0.9780166096726918,0.9970119521912351
833,SRS,logistic,13,0.9999985850259666,0.9987801902903147,1.0,0.9975633528265108
833,SRS,rf,13,0.9999698637741913,0.9891732283464567,0.9819247679531021,0.9965294992563213
834,PCA-QS,logistic,13,0.9999960741816978,0.9966963151207116,0.9989811512990321,0.994421906693712
834,PCA-QS,rf,13,0.9999643428373628,0.9889317889317889,0.978604177279674,0.9994797086368367
834,SRS,logistic,13,0.9999943230972752,0.9977105062325108,0.9989811512990321,0.9964430894308943
834,SRS,rf,13,0.9999613772911633,0.9902313624678664,0.9811512990320937,0.9994810586403736
835,PCA-QS,logistic,13,0.9999979220611054,0.9987730061349693,0.99950884086444,0.998038254046101
835,PCA-QS,rf,13,0.9999762404092183,0.9832876028934896,0.9680746561886051,0.9989863152559554
835,SRS,logistic,13,0.9999981681328166,0.9982830512631837,0.99950884086444,0.9970602645761881
835,SRS,rf,13,0.9999796307305727,0.9845617529880478,0.9710216110019646,0.9984848484848485
836,PCA-QS,logistic,13,0.9999994285681788,0.99853515625,0.9990229604298974,0.9980478282088824
836,PCA-QS,rf,13,0.9999925169642462,0.9898840365161609,0.979970688812897,1.0
836,SRS,logistic,13,0.9999995102012962,0.9987801902903147,1.0,0.9975633528265108
836,SRS,rf,13,0.9999959727662124,0.9901332017760237,0.9804592085979482,1.0
837,PCA-QS,logistic,13,0.9999983523168771,0.9977381251570746,0.9984909456740443,0.9969864389753893
837,PCA-QS,rf,13,0.9999867207911024,0.9849451390660883,0.9708249496981891,0.9994821336095288
837,SRS,logistic,13,0.9999986874388681,0.9989939637826962,0.9989939637826962,0.9989939637826962
837,SRS,rf,13,0.9999711655453485,0.9872773536895675,0.9758551307847082,0.9989701338825953
838,PCA-QS,logistic,13,0.9999989142531419,0.9975,1.0,0.9950124688279302
838,PCA-QS,rf,13,0.9999756542146814,0.9875729140248541,0.9759398496240601,0.9994866529774127
838,SRS,logistic,13,0.9999994432067395,0.9977483112334251,0.9994987468671679,0.996003996003996
838,SRS,rf,13,0.9999779649067129,0.9885931558935361,0.9774436090225563,1.0
839,PCA-QS,logistic,13,0.9999987244892301,0.9987528061860813,0.999001996007984,0.9985037406483791
839,PCA-QS,rf,13,0.9999831549392879,0.9855805717176828,0.9720558882235529,0.9994869163673679
839,SRS,logistic,13,0.9999989740456849,0.9975074775672981,0.9985029940119761,0.9965139442231076
839,SRS,rf,13,0.9999689856783432,0.984553051405419,0.9700598802395209,0.9994858611825193
840,PCA-QS,logistic,13,0.9999992971066012,0.9989873417721519,1.0,0.9979767324228629
840,PCA-QS,rf,13,0.9999854079330405,0.9774786435412891,0.9569183983781044,0.9989417989417989
840,SRS,logistic,13,0.9999989597177698,0.998733215100076,0.9989863152559554,0.9984802431610942
840,SRS,rf,13,0.9999927883137281,0.9814145585957667,0.9635073492143943,1.0
841,PCA-QS,logistic,13,0.9999980666945277,0.9978380975258228,0.9995187680461982,0.9961630695443645
841,PCA-QS,rf,13,0.9999639921855792,0.9821907782385948,0.9687199230028873,0.9960415635823849
841,SRS,logistic,13,0.9999956500626874,0.9964020148716719,0.9995187680461982,0.9933046389287422
841,SRS,rf,13,0.9999500428495677,0.9893307468477207,0.9817131857555341,0.9970674486803519
842,PCA-QS,logistic,13,0.9999972026435527,0.9972003054212267,0.9984709480122325,0.9959328927300457
842,PCA-QS,rf,13,0.9999626736579104,0.9781818181818182,0.9597349643221202,0.9973516949152542
842,SRS,logistic,13,0.9999976829976901,0.99644128113879,0.9989806320081549,0.9939148073022313
842,SRS,rf,13,0.9999808564748177,0.983946141895391,0.9683995922528033,1.0
843,PCA-QS,logistic,13,0.9999991626429011,0.9973958333333334,1.0,0.9948051948051948
843,PCA-QS,rf,13,0.9999875695782391,0.988929889298893,0.9796344647519583,0.9984034060670569
843,SRS,logistic,13,0.9999989027734567,0.9986962190352021,1.0,0.9973958333333334
843,SRS,rf,13,0.9999883780609553,0.9918528252299605,0.985378590078329,0.9984126984126984
844,PCA-QS,logistic,13,0.9999997474143013,0.9967229644567683,1.0,0.9934673366834171
844,PCA-QS,rf,13,0.9999718086295117,0.9923664122137404,0.9863429438543247,0.9984639016897081
844,SRS,logistic,13,0.9999995790238354,0.9984848484848485,1.0,0.9969742813918305
844,SRS,rf,13,0.9999557975027189,0.9903258655804481,0.9838138593829034,0.9969246540235777
845,PCA-QS,logistic,13,0.9999991725449076,0.9987608426270136,0.9995039682539683,0.9980188211986132
845,PCA-QS,rf,13,0.9999553863796038,0.9910044977511244,0.9836309523809523,0.9984894259818731
845,SRS,logistic,13,0.9999993104540896,0.9992561368708158,0.9995039682539683,0.999008428358949
845,SRS,rf,13,0.9999543244789019,0.9900049975012494,0.9826388888888888,0.9974823766364552
846,PCA-QS,logistic,13,0.999999041033716,0.9987287058225274,0.9989827060020345,0.9984748347737672
846,PCA-QS,rf,13,0.9999861937059997,0.9795071335927367,0.960325534079349,0.9994706193753309
846,SRS,logistic,13,0.9999980256576506,0.9972059944119889,0.9984740590030519,0.9959411466260781
846,SRS,rf,13,0.9999685233419727,0.9773732119635891,0.9557477110885045,1.0
847,PCA-QS,logistic,13,0.9999969700007209,0.996789330698938,0.9995047052996533,0.994088669950739
847,PCA-QS,rf,13,0.9999916950474304,0.9937733499377335,0.9881129271916791,0.999498997995992
847,SRS,logistic,13,0.9999991736365602,0.9977750309023485,0.9995047052996533,0.9960513326752222
847,SRS,rf,13,0.9999883345027754,0.9935226706527155,0.9876176324913324,0.9994987468671679
848,PCA-QS,logistic,13,0.9999972524419686,0.9977516862353235,0.9975024975024975,0.9980009995002499
848,PCA-QS,rf,13,0.999937777524176,0.9736640245461519,0.951048951048951,0.9973808276584599
848,SRS,logistic,13,0.9999963643424028,0.9965087281795512,0.998001998001998,0.9950199203187251
848,SRS,rf,13,0.9999471997055062,0.9817351598173516,0.9665334665334665,0.9974226804123711
849,PCA-QS,logistic,13,0.9999997133951019,0.9979317476732161,0.9994821336095288,0.996386164171399
849,PCA-QS,rf,13,0.999982617412927,0.9887816331854944,0.9813568099430346,0.9963196635120926
849,SRS,logistic,13,0.9999994841111833,0.9976750193748385,1.0,0.9953608247422681
849,SRS,rf,13,0.9999897825353808,0.993504806443232,0.9901605385810461,0.9968717413972888
850,PCA-QS,logistic,13,0.9999958786583644,0.9966189856957087,0.9984366857738406,0.9948078920041536
850,PCA-QS,rf,13,0.9999811225260746,0.9886871875822152,0.9791558103178739,0.9984059511158342
850,SRS,logistic,13,0.9999969738400577,0.9963617463617463,0.9989577905158937,0.9937791601866252
850,SRS,rf,13,0.999982577964904,0.9908112365450249,0.9833246482542991,0.9984126984126984
851,PCA-QS,logistic,12,0.9999989901119618,0.9969727547931383,0.9989888776541962,0.9949647532729103
851,PCA-QS,rf,12,0.9999755663199645,0.9819958847736625,0.9651162790697675,0.9994764397905759
851,SRS,logistic,12,0.9999997475279904,0.9992422328870927,1.0,0.9984856133266027
851,SRS,rf,12,0.9999834490571516,0.9796339262696572,0.9605662285136501,0.9994739610731194
852,PCA-QS,logistic,13,0.999999611111111,0.998003992015968,1.0,0.9960159362549801
852,PCA-QS,rf,13,0.9999456805555555,0.9845295460309409,0.9705,0.9989706639217705
852,SRS,logistic,13,0.9999996666666667,0.9982530571499876,1.0,0.9965122072745392
852,SRS,rf,13,0.9999715694444444,0.9801223241590215,0.9615,0.9994802494802495
853,PCA-QS,logistic,13,0.9999979278140199,0.9974039460020768,0.9994797086368367,0.9953367875647668
853,PCA-QS,rf,13,0.9999627438229,0.9918826918041372,0.9854318418314256,0.9984185556141276
853,SRS,logistic,13,0.9999964600156174,0.996620743436444,0.9973985431841832,0.9958441558441559
853,SRS,rf,13,0.9999676364842418,0.9921465968586387,0.985952133194589,0.9984193888303478
854,PCA-QS,logistic,13,0.9999998372968499,0.9992702505473121,0.9995133819951338,0.9990272373540856
854,PCA-QS,rf,13,0.9999693846905826,0.975597609561753,0.9532846715328467,0.9989801121876594
854,SRS,logistic,13,0.999999566124933,0.9990272373540856,0.9995133819951338,0.9985415653864852
854,SRS,rf,13,0.9999675542801436,0.9857072449482503,0.9732360097323601,0.9985022466300549
855,PCA-QS,logistic,13,0.9999950780190352,0.9975320829220138,0.9990113692535838,0.996057171020207
855,PCA-QS,rf,13,0.9999727916191917,0.9900299102691924,0.9817103311913,0.9984917043740573
855,SRS,logistic,13,0.9999990650985877,0.9982703236965653,0.9985170538803757,0.9980237154150198
855,SRS,rf,13,0.9999734652981507,0.991278345377523,0.9831932773109243,0.9994974874371859
856,PCA-QS,logistic,12,0.9999994192461815,0.9980119284294234,0.9990049751243781,0.997020854021847
856,PCA-QS,rf,12,0.999991620552048,0.9869083585095669,0.9751243781094527,0.9989806320081549
856,SRS,logistic,12,0.999999585175844,0.9985096870342772,1.0,0.9970238095238095
856,SRS,rf,12,0.9999876935500375,0.9866599546941858,0.9751243781094527,0.9984717269485481
857,PCA-QS,logistic,13,0.9999990371790822,0.9980237154150198,0.9990108803165183,0.9970384995064165
857,PCA-QS,rf,13,0.9999654484836341,0.985985985985986,0.9742828882294757,0.9979736575481256
857,SRS,logistic,13,0.9999987345782223,0.9980246913580247,0.9995054401582592,0.9965483234714004
857,SRS,rf,13,0.9999863692067203,0.9905236907730673,0.9821958456973294,0.9989939637826962
858,PCA-QS,logistic,13,0.9999999143747644,0.9994845360824742,0.9994845360824742,0.9994845360824742
858,PCA-QS,rf,13,0.9999894823669099,0.9872096058470373,0.9747422680412371,1.0
858,SRS,logistic,13,0.999999828749529,0.9989696032972695,0.9994845360824742,0.9984552008238929
858,SRS,rf,13,0.9999955903003733,0.9911596463858554,0.9824742268041237,1.0
859,PCA-QS,logistic,13,0.9999982409572007,0.9980266403552047,0.9995059288537549,0.996551724137931
859,PCA-QS,rf,13,0.9999910123906974,0.9864797195793691,0.9733201581027668,1.0
859,SRS,logistic,13,0.9999989280832942,0.9975333004440059,0.9990118577075099,0.9960591133004926
859,SRS,rf,13,0.9999903252646041,0.9826589595375722,0.9659090909090909,1.0
860,PCA-QS,logistic,13,0.9999978593381823,0.9979695431472081,0.9984763839512443,0.9974632166412988
860,PCA-QS,rf,13,0.9999598062577122,0.9729025534132361,0.9481970543423057,0.9989299090422686
860,SRS,logistic,13,0.9999982536706223,0.9979716024340771,0.9994921279837481,0.9964556962025316
860,SRS,rf,13,0.9999849590340704,0.9863718179480586,0.9740985271711529,0.9989583333333333
861,PCA-QS,logistic,13,0.999999753391139,0.9982796755959695,1.0,0.9965652600588812
861,PCA-QS,rf,13,0.9999944787016121,0.9925595238095238,0.9852289512555391,1.0
861,SRS,logistic,13,0.9999999725990154,0.9990162321692081,1.0,0.9980343980343981
861,SRS,rf,13,0.9999932867587839,0.9903105590062112,0.9812900049236829,0.9994984954864594
862,PCA-QS,logistic,13,0.9999972536726763,0.9974200206398349,0.9989664082687338,0.9958784131890778
862,PCA-QS,rf,13,0.9999878131725015,0.988775776559645,0.9788113695090439,0.9989451476793249
862,SRS,logistic,13,0.9999976541787444,0.9969072164948454,0.999483204134367,0.9943444730077121
862,SRS,rf,13,0.999986068110348,0.9877252546356751,0.9772609819121447,0.9984160506863781
863,PCA-QS,logistic,13,0.9999825169441983,0.9980573093734822,0.9995136186770428,0.9966052376333656
863,PCA-QS,rf,13,0.9999553843258144,0.9851998026640355,0.9713035019455253,0.9994994994994995
863,SRS,logistic,13,0.9999899980657505,0.9975716367168529,0.9990272373540856,0.9961202715809894
863,SRS,rf,13,0.9999539070753629,0.98394665349469,0.9688715953307393,0.9994982438534872
864,PCA-QS,logistic,13,0.9999986235428582,0.9975857073877354,1.0,0.9951830443159922
864,PCA-QS,rf,13,0.9999825513815257,0.9904901243599122,0.9830590513068732,0.9980343980343981
864,SRS,logistic,13,0.9999956007350174,0.9968561064087061,0.9975798644724104,0.9961333977767037
864,SRS,rf,13,0.9999800413714436,0.9902629016553067,0.9845111326234269,0.9960822722820764
865,PCA-QS,logistic,13,0.9999985053117897,0.9982582732022891,0.999003984063745,0.9975136747886624
865,PCA-QS,rf,13,0.9999825342914691,0.9869017632241813,0.975597609561753,0.9984709480122325
865,SRS,logistic,13,0.9999993356941288,0.9987559094302065,0.9995019920318725,0.9980109398309299
865,SRS,rf,13,0.9999772060047936,0.9853609288238263,0.9721115537848606,0.9989764585465711
866,PCA-QS,logistic,13,0.9999974638582899,0.9977163156559249,0.9989837398373984,0.9964521033958439
866,PCA-QS,rf,13,0.9999856567096617,0.9855818743563337,0.9725609756097561,0.9989561586638831
866,SRS,logistic,13,0.9999966184777198,0.9961938594265415,0.9974593495934959,0.994931576279777
866,SRS,rf,13,0.9999667624539211,0.983225806451613,0.9679878048780488,0.9989512323020451
867,PCA-QS,logistic,13,0.9999974921945252,0.9977449260836883,0.9989964877069744,0.9964964964964965
867,PCA-QS,rf,13,0.9999508191481871,0.9908860759493671,0.9819367787255394,1.0
867,SRS,logistic,13,0.999999386980884,0.9977449260836883,0.9989964877069744,0.9964964964964965
867,SRS,rf,13,0.999950902741703,0.9891111673841478,0.9799297541394882,0.9984662576687117
868,PCA-QS,logistic,13,0.9999997802160064,0.998766954377312,1.0,0.9975369458128078
868,PCA-QS,rf,13,0.9999127594910627,0.9857464366091523,0.9733333333333334,0.9984802431610942
868,SRS,logistic,13,0.9999995604320129,0.9987651271918992,0.9985185185185185,0.9990118577075099
868,SRS,rf,13,0.999972870413297,0.9885229540918163,0.9782716049382716,0.9989914271306102
869,PCA-QS,logistic,13,0.9999932133088952,0.9961489088575096,0.9989701338825953,0.9933435739887353
869,PCA-QS,rf,13,0.9999832471385541,0.988822459059007,0.9794026776519053,0.9984251968503937
869,SRS,logistic,13,0.9999937265880543,0.9976857804062741,0.9989701338825953,0.9964047252182845
869,SRS,rf,13,0.9999786561416304,0.9898674980514419,0.9809474768280123,0.9989512323020451
870,PCA-QS,logistic,13,0.9999993061722142,0.9985029940119761,0.9995004995004995,0.9975074775672981
870,PCA-QS,rf,13,0.9999677925141865,0.9829992387718853,0.9675324675324676,0.998968540484786
870,SRS,logistic,13,0.9999973079481914,0.998001998001998,0.998001998001998,0.998001998001998
870,SRS,rf,13,0.9999578291471835,0.9873737373737373,0.9765234765234765,0.998467824310521
871,PCA-QS,logistic,13,0.9999965556835244,0.9971139971139971,1.0,0.9942446043165467
871,PCA-QS,rf,13,0.9999701851355087,0.9853515625,0.9734684032802702,0.9975284231339595
871,SRS,logistic,13,0.9999955869695157,0.9966329966329966,0.9995176073323685,0.9937649880095923
871,SRS,rf,13,0.999979979910486,0.9890484302750061,0.9802219006271105,0.9980353634577603
872,PCA-QS,logistic,13,0.9999890481830661,0.9973985431841832,0.9989577905158937,0.9958441558441559
872,PCA-QS,rf,13,0.9999436269633617,0.9822516556291391,0.9661281917665451,0.9989224137931034
872,SRS,logistic,13,0.9999940053212573,0.9981766084917948,0.9984366857738406,0.9979166666666667
872,SRS,rf,13,0.9999460334810301,0.9817315329626688,0.9661281917665451,0.9978471474703983
873,PCA-QS,logistic,13,0.9999988430751345,0.9974593495934959,0.9989821882951654,0.9959411466260781
873,PCA-QS,rf,13,0.999982067664585,0.9863507597218646,0.9745547073791349,0.9984358706986444
873,SRS,logistic,13,0.9999992381226496,0.9987280590180616,0.9989821882951654,0.9984740590030519
873,SRS,rf,13,0.9999756199247858,0.9824107604759441,0.966412213740458,0.9989479221462388
874,PCA-QS,logistic,13,0.999987698960003,0.9974120082815735,0.9984455958549223,0.9963805584281282
874,PCA-QS,rf,13,0.9999833978970669,0.9905956112852664,0.9823834196891191,0.9989462592202318
874,SRS,logistic,13,0.9999879283500263,0.9974106680476437,0.9979274611398964,0.9968944099378882
874,SRS,rf,13,0.9999846882159478,0.9924341247064962,0.9854922279792746,0.999474513925381
875,PCA-QS,logistic,13,0.9999972215573137,0.9987351378699721,0.9984825493171472,0.9989878542510121
875,PCA-QS,rf,13,0.99996992826931,0.9846153846153847,0.9711684370257967,0.9984399375975039
875,SRS,logistic,13,0.9999987370715062,0.9989878542510121,0.9984825493171472,0.999493670886076
875,SRS,rf,13,0.9999870058690532,0.9882352941176471,0.9772382397572079,0.999482669425763
876,PCA-QS,logistic,13,0.9999944729603402,0.9979919678714859,0.9994972347913524,0.9964912280701754
876,PCA-QS,rf,13,0.9999783524279993,0.9901140684410646,0.9819004524886877,0.9984662576687117
876,SRS,logistic,13,0.9999946683607323,0.9987440341622708,0.9994972347913524,0.9979919678714859
876,SRS,rf,13,0.9999729789172189,0.9906305393770575,0.9834087481146304,0.9979591836734694
877,PCA-QS,logistic,13,0.9999985870996546,0.9975124378109452,0.9995014955134596,0.9955312810327706
877,PCA-QS,rf,13,0.9999812998483709,0.9749872383869321,0.9521435692921236,0.9989539748953975
877,SRS,logistic,13,0.999998781027153,0.9982574060243963,0.9995014955134596,0.9970164097463948
877,SRS,rf,13,0.9999801362833807,0.9742017879948914,0.9506480558325024,0.998952331063384
878,PCA-QS,logistic,13,0.9999986337663953,0.9982009766126959,0.9979445015416238,0.9984575835475579
878,PCA-QS,rf,13,0.9999684200794897,0.9803716304632295,0.9624871531346352,0.9989333333333333
878,SRS,logistic,13,0.9999995445887984,0.9984575835475579,0.9979445015416238,0.9989711934156379
878,SRS,rf,13,0.9999605215414622,0.9825110937092143,0.9671120246659815,0.9984084880636604
879,PCA-QS,logistic,13,0.9999984672022149,0.9964212678936605,0.9984631147540983,0.9943877551020408
879,PCA-QS,rf,13,0.9999813509602808,0.9899250839576337,0.9815573770491803,0.9984366857738406
879,SRS,logistic,13,0.9999981833507732,0.9969309462915601,0.9984631147540983,0.9954034729315628
879,SRS,rf,13,0.999984913295874,0.983359334373375,0.96875,0.9984160506863781
880,PCA-QS,logistic,13,0.9999982425295102,0.9971874200971619,0.9974424552429667,0.9969325153374233
880,PCA-QS,rf,13,0.9999880378621505,0.9870466321243523,0.9744245524296675,1.0
880,SRS,logistic,13,0.9999981858369139,0.9971874200971619,0.9974424552429667,0.9969325153374233
880,SRS,rf,13,0.9999899937567278,0.9859958506224067,0.972378516624041,1.0
881,PCA-QS,logistic,13,0.9999973797255408,0.996538081107814,0.9995039682539683,0.9935897435897436
881,PCA-QS,rf,13,0.999990429102765,0.9861704802615037,0.972718253968254,1.0
881,SRS,logistic,13,0.9999990070538892,0.998017839444995,0.9990079365079365,0.997029702970297
881,SRS,rf,13,0.9999946904964907,0.9902377972465582,0.9811507936507936,0.9994946942900454
882,PCA-QS,logistic,13,0.9999984381438803,0.9980324643384161,0.999015263417036,0.9970515970515971
882,PCA-QS,rf,13,0.9999869708318438,0.985781990521327,0.9729197439684885,0.9989888776541962
882,SRS,logistic,13,0.9999968762877607,0.9977859778597786,0.9985228951255539,0.9970501474926253
882,SRS,rf,13,0.9999916015982335,0.9877896835285322,0.9758739537173806,1.0
883,PCA-QS,logistic,13,0.9999988066162085,0.9972589085472215,0.9995004995004995,0.9950273495773247
883,PCA-QS,rf,13,0.9999857349007254,0.9847870182555781,0.97002997002997,1.0
883,SRS,logistic,13,0.9999979740228656,0.9967621419676215,0.9995004995004995,0.9940387481371088
883,SRS,rf,13,0.9999778530170796,0.9876106194690265,0.9755244755244755,1.0
884,PCA-QS,logistic,13,0.9999949279344013,0.9962677282906196,0.9985037406483791,0.9940417080436942
884,PCA-QS,rf,13,0.9999050997125137,0.9904714142427282,0.9850374064837906,0.9959657085224407
884,SRS,logistic,13,0.9999948170695795,0.9970089730807578,0.9975062344139651,0.9965122072745392
884,SRS,rf,13,0.9999613636095923,0.9917147878483555,0.9850374064837906,0.9984833164812943
885,PCA-QS,logistic,13,0.9999995784542219,0.998733215100076,0.9984802431610942,0.9989863152559554
885,PCA-QS,rf,13,0.9999858501133846,0.9832689832689833,0.9675785207700102,0.9994767137624281
885,SRS,logistic,13,0.9999997470725331,0.9984825493171472,1.0,0.996969696969697
885,SRS,rf,13,0.9999959812635829,0.9943991853360489,0.9893617021276596,0.9994882292732856
886,PCA-QS,logistic,13,0.9999995411809527,0.9975845410628019,0.9995159728944821,0.9956605593056895
886,PCA-QS,rf,13,0.9999770050689248,0.9797730636408486,0.9612778315585673,0.9989939637826962
886,SRS,logistic,13,0.9999994062341742,0.9985500241662639,1.0,0.997104247104247
886,SRS,rf,13,0.9999840897748019,0.9877571008814887,0.9762826718296225,0.9995044598612488
887,PCA-QS,logistic,13,0.9999995507564363,0.9984840828701365,1.0,0.9969727547931383
887,PCA-QS,rf,13,0.9999771447336974,0.9866803278688525,0.9746963562753036,0.9989626556016598
887,SRS,logistic,13,0.9999996911450499,0.9982309830679807,0.9994939271255061,0.9969712266532055
887,SRS,rf,13,0.9999860032552188,0.9905539954046464,0.9817813765182186,0.9994848016486347
888,PCA-QS,logistic,13,0.9999855189328095,0.9972396486825597,0.9984924623115577,0.9959899749373433
888,PCA-QS,rf,13,0.9999118161602013,0.9880619761239523,0.9773869346733668,0.9989727786337956
888,SRS,logistic,13,0.9999820870035909,0.9979919678714859,0.9989949748743718,0.9969909729187563
888,SRS,rf,13,0.9999175778950276,0.9880680375729881,0.9778894472361809,0.9984607491021037
889,PCA-QS,logistic,13,0.9999975929048464,0.9959778783308195,0.9989914271306102,0.9929824561403509
889,PCA-QS,rf,13,0.999936603831127,0.9900839054157132,0.9818456883509834,0.9984615384615385
889,SRS,logistic,13,0.9999996641262576,0.9984886649874055,0.9994957135653051,0.9974836436839456
889,SRS,rf,13,0.9999552728133073,0.9906067529829906,0.9838628340897629,0.9974437627811861
890,PCA-QS,logistic,13,0.9999995410075212,0.9971568880847764,1.0,0.9943298969072165
890,PCA-QS,rf,13,0.9999101378787587,0.9831578947368421,0.9683773976153447,0.9983965793693212
890,SRS,logistic,13,0.999998077968995,0.9976714100905563,0.9994815966822188,0.9958677685950413
890,SRS,rf,13,0.9999765483530361,0.9868835257082896,0.9751166407465007,0.9989378651088688
891,PCA-QS,logistic,13,0.9999989673211495,0.9968377523716857,0.9995121951219512,0.9941775836972343
891,PCA-QS,rf,13,0.9999769685440587,0.9836633663366336,0.9692682926829268,0.9984924623115577
891,SRS,logistic,13,0.9999976357089476,0.9985380116959064,0.9995121951219512,0.9975657254138267
891,SRS,rf,13,0.9999830559141245,0.9886755292959133,0.9795121951219512,0.9980119284294234
892,PCA-QS,logistic,13,0.9999971641500043,0.9977255496588324,0.9989878542510121,0.9964664310954063
892,PCA-QS,rf,13,0.9999491512441352,0.9764675459012154,0.9554655870445344,0.9984135378106822
892,SRS,logistic,13,0.9999957883415905,0.996969696969697,0.9989878542510121,0.9949596774193549
892,SRS,rf,13,0.9999723294042492,0.9848601488324352,0.9711538461538461,0.9989588755856325
893,PCA-QS,logistic,13,0.9999987617896967,0.9967096937484181,0.9989852866565195,0.9944444444444445
893,PCA-QS,rf,13,0.9999106096584514,0.9788004136504653,0.9604261796042618,0.9978914074855034
893,SRS,logistic,13,0.9999980864022587,0.9959555106167847,0.9994926433282597,0.9924433249370277
893,SRS,rf,13,0.999949585141859,0.9845679012345679,0.9710806697108066,0.9984350547730829
894,PCA-QS,logistic,13,0.9999965743740504,0.9980497318381277,0.9990239141044412,0.9970774476376035
894,PCA-QS,rf,13,0.9999796365568555,0.9921414538310412,0.9858467545143973,0.9985170538803757
894,SRS,logistic,13,0.9999988581246835,0.9980487804878049,0.9985358711566618,0.9975621647976597
894,SRS,rf,13,0.9999798132756545,0.9879221099334483,0.9780380673499268,0.99800796812749
895,PCA-QS,logistic,13,0.9999991575514641,0.9992681141741888,0.9990243902439024,0.9995119570522206
895,PCA-QS,rf,13,0.9999840750050955,0.9943613630791861,0.9892682926829268,0.9995071463775259
895,SRS,logistic,13,0.9999983151029281,0.9992684711046086,0.9995121951219512,0.9990248659190639
895,SRS,rf,13,0.9999689788708472,0.9918898992381421,0.984390243902439,0.9995047052996533
896,PCA-QS,logistic,13,0.9999971217966761,0.9972059944119889,0.9989821882951654,0.9954361054766734
896,PCA-QS,rf,13,0.9999926210767726,0.9871134020618557,0.9745547073791349,1.0
896,SRS,logistic,13,0.9999987584220955,0.9959452610238216,1.0,0.9919232710752145
896,SRS,rf,13,0.9999889951049381,0.9902413970210581,0.9811704834605598,0.9994815966822188
897,PCA-QS,logistic,13,0.9999972376166416,0.9968484848484849,0.9990281827016521,0.9946782776971457
897,PCA-QS,rf,13,0.9999750979264901,0.9882005899705014,0.9766763848396501,1.0
897,SRS,logistic,13,0.9999984563151821,0.9966068831798351,0.9990281827016521,0.9941972920696325
897,SRS,rf,13,0.9999709272692627,0.9929147324700709,0.9873663751214772,0.9985257985257985
898,PCA-QS,logistic,13,0.9999994143226394,0.9984947315604616,0.9994977398292315,0.9974937343358395
898,PCA-QS,rf,13,0.9999865154760084,0.9898682877406282,0.9814163736815671,0.9984670413898825
898,SRS,logistic,13,0.9999991075392601,0.9979919678714859,0.9984932194876946,0.997491219267436
898,SRS,rf,13,0.9999912008948928,0.9929221435793731,0.9864389753892516,0.9994910941475827
899,PCA-QS,logistic,13,0.9999996668147397,0.999000499750125,0.999000499750125,0.999000499750125
899,PCA-QS,rf,13,0.9999877970898433,0.9837645865043125,0.9690154922538731,0.9989696032972695
899,SRS,logistic,13,0.9999993613949179,0.9985014985014985,0.999000499750125,0.9980029955067399
899,SRS,rf,13,0.9999856175029325,0.9860794735509998,0.9735132433783108,0.9989743589743589
900,PCA-QS,logistic,13,0.9999992266866248,0.9985119047619048,1.0,0.9970282317979198
900,PCA-QS,rf,13,0.9999658913564858,0.9854124748490946,0.9731743666169895,0.9979623025980642
900,SRS,logistic,13,0.9999960229597845,0.9970252850768468,0.9990064580228515,0.9950519544779812
900,SRS,rf,13,0.9999574263368607,0.9792299898682877,0.9602583209140586,0.9989664082687338
901,PCA-QS,logistic,13,0.9999945315697039,0.9960337134357957,0.998012916045703,0.9940623453735774
901,PCA-QS,rf,13,0.9999391291900362,0.9755973563802746,0.9533035270740189,0.9989588755856325
901,SRS,logistic,13,0.9999967134181553,0.9962825278810409,0.9985096870342772,0.9940652818991098
901,SRS,rf,13,0.9999431752760888,0.9781725888324873,0.9572776949826131,1.0
902,PCA-QS,logistic,13,0.9999970556379616,0.9980638915779284,0.999031007751938,0.9970986460348162
902,PCA-QS,rf,13,0.9999820772090603,0.9807502467917077,0.9626937984496124,0.9994969818913481
902,SRS,logistic,13,0.9999951377507624,0.9970986460348162,0.999031007751938,0.9951737451737451
902,SRS,rf,13,0.9999886412455311,0.9872423945044161,0.9748062015503876,1.0
903,PCA-QS,logistic,13,0.9999984912758445,0.9977381251570746,0.9989934574735783,0.9964859437751004
903,PCA-QS,rf,13,0.9999896345062649,0.9929113924050633,0.9869149471565174,0.9989811512990321
903,SRS,logistic,13,0.9999977369137667,0.9972340960523007,0.9979869149471565,0.9964824120603015
903,SRS,rf,13,0.9999614856250298,0.9846860643185299,0.9708102667337695,0.9989642672190575
904,PCA-QS,logistic,13,0.9999972409313785,0.998038254046101,0.9985279685966634,0.9975490196078431
904,PCA-QS,rf,13,0.9999785830712947,0.9901039089559623,0.9818449460255152,0.9985029940119761
904,SRS,logistic,13,0.9999979785041783,0.9980392156862745,0.9990186457311089,0.9970617042115573
904,SRS,rf,13,0.9999693497525416,0.9906126482213439,0.9838076545632973,0.9975124378109452
905,PCA-QS,logistic,13,0.9999988878951551,0.9976869699306091,0.9994850669412977,0.995895330938943
905,PCA-QS,rf,13,0.999979183678544,0.9872495446265938,0.9768280123583934,0.9978958442924777
905,SRS,logistic,13,0.9999988878951551,0.9969183359013868,0.9994850669412977,0.9943647540983607
905,SRS,rf,13,0.9999581962640349,0.9765974230870366,0.9562306900102987,0.9978506179473401
906,PCA-QS,logistic,13,0.9999959829303908,0.9965191447041273,0.9990029910269193,0.9940476190476191
906,PCA-QS,rf,13,0.9999863973711853,0.9937327651040361,0.9880358923230309,0.9994957135653051
906,SRS,logistic,13,0.9999952903321823,0.9955290611028316,0.9990029910269193,0.9920792079207921
906,SRS,rf,13,0.9999905806643645,0.9949974987493747,0.9915254237288136,0.9984939759036144
907,PCA-QS,logistic,13,0.999993746480432,0.9958847736625515,0.998452810727179,0.9933299127757824
907,PCA-QS,rf,13,0.9999195466146915,0.98086500655308,0.9649303764827231,0.9973347547974414
907,SRS,logistic,13,0.9999912336506515,0.9961389961389961,0.9979370809695719,0.9943473792394656
907,SRS,rf,13,0.9999070966853234,0.9787234042553191,0.960804538421867,0.9973233404710921
908,PCA-QS,logistic,13,0.9999953874237675,0.9968536969061353,0.9979002624671915,0.9958093242535359
908,PCA-QS,rf,13,0.9999786777136417,0.9856306546035125,0.9721784776902888,0.9994603345925526
908,SRS,logistic,13,0.9999963157409966,0.9963312368972747,0.9979002624671915,0.9947671376242805
908,SRS,rf,13,0.9999732528598335,0.9902038655017209,0.9816272965879265,0.9989316239316239
909,PCA-QS,logistic,13,0.9999986432561851,0.9988092402953084,0.9985714285714286,0.9990471653168176
909,PCA-QS,rf,13,0.9999823756318169,0.989423076923077,0.98,0.9990291262135922
909,SRS,logistic,13,0.9999977121574888,0.9985721085197525,0.9990476190476191,0.9980970504281637
909,SRS,rf,13,0.9999745011971268,0.9903938520653218,0.981904761904762,0.999031007751938
910,PCA-QS,logistic,13,0.9999986329011478,0.9983193277310924,0.9985590778097982,0.9980796927508402
910,PCA-QS,rf,13,0.9999854176122434,0.9920193470374848,0.9851104707012488,0.9990258158792011
910,SRS,logistic,13,0.9999981235898107,0.9985604606525912,0.9995196926032661,0.9976030680728667
910,SRS,rf,13,0.9999916499746577,0.993719806763285,0.9879923150816523,0.999514091350826
911,PCA-QS,logistic,13,0.999999070081373,0.9969604863221885,1.0,0.9939393939393939
911,PCA-QS,rf,13,0.9999763997924197,0.984020618556701,0.970020325203252,0.9984309623430963
911,SRS,logistic,13,0.999999323695544,0.9984763839512443,0.9989837398373984,0.9979695431472081
911,SRS,rf,13,0.9999815988829255,0.9858502701312066,0.9735772357723578,0.9984366857738406
912,PCA-QS,logistic,13,0.9999993348110691,0.9975124378109452,1.0,0.9950372208436724
912,PCA-QS,rf,13,0.9999869456672296,0.9889112903225806,0.9785536159600997,0.999490575649516
912,SRS,logistic,13,0.9999985587573161,0.9980059820538385,0.9985037406483791,0.9975087194818136
912,SRS,rf,13,0.999984617505971,0.988905698436712,0.9780548628428928,1.0
913,PCA-QS,logistic,13,0.9999953895890077,0.997643362136685,0.9994753410283316,0.9958180867746994
913,PCA-QS,rf,13,0.999967770617497,0.982138096507598,0.9664218258132214,0.9983739837398374
913,SRS,logistic,13,0.9999973903334005,0.9986900707361802,1.0,0.9973835688121402
913,SRS,rf,13,0.999969887347072,0.9867303609341825,0.9753410283315844,0.9983888292158969
914,PCA-QS,logistic,13,0.9999903463942801,0.9943888753354476,0.9980411361410382,0.9907632474477395
914,PCA-QS,rf,13,0.9999431828036232,0.9853924238672939,0.9745347698334965,0.9964947421131698
914,SRS,logistic,13,0.999992255299366,0.9958465673100415,0.9980411361410382,0.9936616284739151
914,SRS,rf,13,0.9999192124097592,0.9848972517949988,0.9740450538687562,0.9959939909864797
915,PCA-QS,logistic,13,0.9999988270730311,0.9979919678714859,1.0,0.9959919839679359
915,PCA-QS,rf,13,0.9999762063386315,0.9862385321100917,0.9733400402414487,0.9994834710743802
915,SRS,logistic,13,0.9999986595120356,0.998742770932864,0.9989939637826962,0.9984917043740573
915,SRS,rf,13,0.9999758153629752,0.9916349809885932,0.9839034205231388,0.9994890137966275
916,PCA-QS,logistic,13,0.999998625144982,0.9965500246426812,0.9995056846267919,0.9936117936117936
916,PCA-QS,rf,13,0.9999723241684856,0.9824120603015075,0.9663865546218487,0.9989780275932549
916,SRS,logistic,13,0.9999975252609674,0.9982703236965653,0.9985170538803757,0.9980237154150198
916,SRS,rf,13,0.9999608028834339,0.9788306451612904,0.9599604547701434,0.9984575835475579
917,PCA-QS,logistic,13,0.9999975302731677,0.9974721941354904,0.9979767324228629,0.9969681657402729
917,PCA-QS,rf,13,0.9999886196110175,0.9843388960205391,0.9696509863429439,0.9994786235662148
917,SRS,logistic,13,0.9999970812319257,0.9972187104930468,0.9974709155285787,0.9969666329625885
917,SRS,rf,13,0.9999869918365144,0.9838171076290778,0.9686393525543753,0.9994780793319415
918,PCA-QS,logistic,13,0.999995317349006,0.9982327695026508,0.998989388580091,0.9974772956609486
918,PCA-QS,rf,13,0.9999792645484428,0.9880071446797652,0.9782718544719555,0.9979381443298969
918,SRS,logistic,13,0.9999898495828754,0.9982318767365497,0.9984840828701365,0.997979797979798
918,SRS,rf,13,0.9999860642063233,0.9918657854600915,0.9858514401212733,0.9979539641943734
919,PCA-QS,logistic,13,0.9999982501567204,0.9980353634577603,0.9980353634577603,0.9980353634577603
919,PCA-QS,rf,13,0.9999856594874972,0.9837864804190571,0.9685658153241651,0.9994931576279777
919,SRS,logistic,13,0.9999962815830308,0.9977903265406335,0.9980353634577603,0.997545409916544
919,SRS,rf,13,0.9999857961940033,0.9895833333333334,0.9798624754420432,0.999498997995992
920,PCA-QS,logistic,13,0.9999970611047543,0.9974811083123426,0.9984871406959153,0.9964771011575239
920,PCA-QS,rf,13,0.9999650551360539,0.9888154550076258,0.9808371154815936,0.9969246540235777
920,SRS,logistic,13,0.9999965013151836,0.995973829894313,0.9979828542612204,0.9939728779507785
920,SRS,rf,13,0.9999463161801773,0.9859872611464968,0.9757942511346445,0.9963954685890835
921,PCA-QS,logistic,13,0.9999976821048144,0.9977684106124474,0.9985111662531018,0.9970267591674926
921,PCA-QS,rf,13,0.9999576984128626,0.9884884884884885,0.9801488833746899,0.9969712266532055
921,SRS,logistic,13,0.9999983443605818,0.9975222993062438,0.9990074441687344,0.9960415635823849
921,SRS,rf,13,0.9999398175071451,0.9841986455981941,0.973697270471464,0.9949290060851927
922,PCA-QS,logistic,13,0.9999928346934961,0.9964788732394366,0.9989914271306102,0.9939789262418465
922,PCA-QS,rf,13,0.999941865853091,0.9867482161060143,0.9762985375693394,0.9974240082431737
922,SRS,logistic,13,0.9999893080192012,0.9954773869346734,0.9989914271306102,0.9919879819729595
922,SRS,rf,13,0.9999418518583516,0.9875286332400102,0.978315683308119,0.9969167523124358
923,PCA-QS,logistic,13,0.9999994916206515,0.9984740590030519,1.0,0.9969527679024885
923,PCA-QS,rf,13,0.9999836612526054,0.9752152361074876,0.9521141110545084,0.9994652406417113
923,SRS,logistic,13,0.9999999152701086,0.9987280590180616,1.0,0.9974593495934959
923,SRS,rf,13,0.9999816559785087,0.9797402597402597,0.9607743250127356,0.9994700582935877
924,PCA-QS,logistic,13,0.99999915461943,0.9979705733130391,0.9994918699186992,0.9964539007092199
924,PCA-QS,rf,13,0.9999842054730164,0.9879270485486771,0.9771341463414634,0.9989610389610389
924,SRS,logistic,13,0.9999987882878496,0.9974645030425964,0.9994918699186992,0.9954453441295547
924,SRS,rf,13,0.9999855158128999,0.9930963947839427,0.9867886178861789,0.9994853319608852
925,PCA-QS,logistic,13,0.9999984248077478,0.9982282966337636,1.0,0.9964628600303184
925,PCA-QS,rf,13,0.9999621813217303,0.9782721158820487,0.9589249492900609,0.9984160506863781
925,SRS,logistic,13,0.9999985654499132,0.9962073324905183,0.9989858012170385,0.9934442763489663
925,SRS,rf,13,0.9999638690277148,0.9737730459620878,0.9508113590263692,0.9978712080894092
926,PCA-QS,logistic,13,0.999997534987835,0.9975405804230202,0.9980314960629921,0.9970501474926253
926,PCA-QS,rf,13,0.9999600394139012,0.9758186397984887,0.953248031496063,0.999484004127967
926,SRS,logistic,13,0.9999961655366321,0.9977881543376751,0.9990157480314961,0.9965635738831615
926,SRS,rf,13,0.9999481936609966,0.9822455613903476,0.9665354330708661,0.9984748347737672
927,PCA-QS,logistic,13,0.9999982370913285,0.9975272007912958,0.9990094105993066,0.9960493827160494
927,PCA-QS,rf,13,0.999968185007569,0.9785082174462706,0.9583952451708767,0.9994834710743802
927,SRS,logistic,13,0.9999971903643048,0.9980207817911925,0.9990094105993066,0.9970341077607514
927,SRS,rf,13,0.9999849464126722,0.9846695149535059,0.9702823179791976,0.9994897959183674
928,PCA-QS,logistic,13,0.9999973135302133,0.9972966330793807,0.9995073891625615,0.9950956351152526
928,PCA-QS,rf,13,0.9999901861613911,0.9908120188726098,0.9827586206896551,0.99899849774662
928,SRS,logistic,13,0.9999992598501608,0.9982779827798278,0.9995073891625615,0.9970515970515971
928,SRS,rf,13,0.9999763152051449,0.9893114591101169,0.9802955665024631,0.9984947315604616
929,PCA-QS,logistic,13,0.9999986695440748,0.9977023232065356,0.9979570990806946,0.9974476773864216
929,PCA-QS,rf,13,0.9999694419750805,0.9831475239823697,0.9683350357507661,0.9984202211690363
929,SRS,logistic,13,0.9999989526198035,0.998470168281489,1.0,0.9969450101832994
929,SRS,rf,13,0.9999642050740984,0.9812987012987013,0.9647599591419816,0.9984143763213531
930,PCA-QS,logistic,12,0.9999985407328275,0.9972846210812145,1.0,0.9945839487936977
930,PCA-QS,rf,12,0.9999770371920396,0.9821203727020902,0.9653465346534653,0.9994874423372629
930,SRS,logistic,12,0.9999989537329707,0.9980217606330366,0.999009900990099,0.9970355731225297
930,SRS,rf,12,0.9999740635910087,0.9834254143646409,0.9693069306930693,0.9979612640163099
931,PCA-QS,logistic,13,0.9999957335950357,0.9960199004975124,0.9980059820538385,0.9940417080436942
931,PCA-QS,rf,13,0.9999832391233546,0.9840546697038725,0.9690927218344965,0.9994858611825193
931,SRS,logistic,13,0.9999958721146774,0.9970149253731343,0.9990029910269193,0.9950347567030785
931,SRS,rf,13,0.9999638325215529,0.9827673593512417,0.9666001994017946,0.9994845360824742
932,PCA-QS,logistic,13,0.9999993986858882,0.9981907469630396,0.9989653388515262,0.9974173553719008
932,PCA-QS,rf,13,0.9999945738559906,0.9892866475045727,0.9793067770305225,0.9994720168954594
932,SRS,logistic,13,0.9999974229395205,0.9974186886938565,0.999482669425763,0.9953632148377125
932,SRS,rf,13,0.999989834928109,0.9900835073068893,0.9813760993274703,0.9989468141126909
933,PCA-QS,logistic,13,0.9999980001711966,0.9974632166412988,0.9984763839512443,0.9964521033958439
933,PCA-QS,rf,13,0.999982311373401,0.9829721362229102,0.9674961909598782,0.9989512323020451
933,SRS,logistic,13,0.999998338170431,0.9964556962025316,0.9994921279837481,0.9934376577486118
933,SRS,rf,13,0.999987099695888,0.9874133059337272,0.9761300152361605,0.998960498960499
934,PCA-QS,logistic,13,0.9999983868632265,0.9982813650871594,0.9985265225933202,0.9980363279332352
934,PCA-QS,rf,13,0.9999902528261062,0.991588322612568,0.9842829076620825,0.9990029910269193
934,SRS,logistic,13,0.9999990703957577,0.9987730061349693,0.99950884086444,0.998038254046101
934,SRS,rf,13,0.9999876007198856,0.9925852694018784,0.9862475442043221,0.9990049751243781
935,PCA-QS,logistic,13,0.9999997475279905,0.998989898989899,1.0,0.9979818365287588
935,PCA-QS,rf,13,0.9999904200898597,0.9931280223975566,0.9863498483316482,1.0
935,SRS,logistic,13,0.9999999719475545,0.9997472832954258,1.0,0.9994946942900454
935,SRS,rf,13,0.9999895224116037,0.9928789420142421,0.9868554095045501,0.9989764585465711
936,PCA-QS,logistic,13,0.9999970597851526,0.9977324263038548,0.9989909182643795,0.9964771011575239
936,PCA-QS,rf,13,0.9999736920776274,0.9788986103962944,0.9596367305751766,0.9989495798319328
936,SRS,logistic,13,0.9999938675518897,0.9969742813918305,0.9974772956609486,0.9964717741935484
936,SRS,rf,13,0.9999763942750826,0.9828161066940241,0.9667003027245207,0.9994783515910276
937,PCA-QS,logistic,13,0.9999972048147401,0.9984894259818731,0.9984894259818731,0.9984894259818731
937,PCA-QS,rf,13,0.9999823344291577,0.9812868495257626,0.9637462235649547,0.9994778067885117
937,SRS,logistic,13,0.9999982110814337,0.9982381072237604,0.9984894259818731,0.9979869149471565
937,SRS,rf,13,0.9999726491122324,0.9882892057026477,0.9773413897280967,0.9994850669412977
938,PCA-QS,logistic,13,0.9999973528719988,0.9974949899799599,0.9989964877069744,0.9959979989994997
938,PCA-QS,rf,13,0.99997454577443,0.987059122050241,0.9759157049673859,0.9984599589322382
938,SRS,logistic,13,0.9999974086010093,0.9967410378540987,0.997491219267436,0.9959919839679359
938,SRS,rf,13,0.999957102594127,0.9855366658208576,0.9744104365278474,0.9969199178644764
939,PCA-QS,logistic,13,0.9999994029071527,0.9978118161925602,0.9995129079396006,0.996116504854369
939,PCA-QS,rf,13,0.9999874881907926,0.9881831610044313,0.9775937652216269,0.9990044798407167
939,SRS,logistic,13,0.9999993214854009,0.9980554205153136,1.0,0.9961183891314895
939,SRS,rf,13,0.9999813951296929,0.9881947860304968,0.9785679493424257,0.998012916045703
940,PCA-QS,logistic,13,0.9999974744668599,0.99676052828308,0.999000999000999,0.9945300845350572
940,PCA-QS,rf,13,0.999985804283504,0.9868554095045501,0.975024975024975,0.9989764585465711
940,SRS,logistic,13,0.9999986956037628,0.9985029940119761,0.9995004995004995,0.9975074775672981
940,SRS,rf,13,0.999989550953547,0.9901639344262295,0.9805194805194806,1.0
941,PCA-QS,logistic,13,0.9999929436950287,0.9976798143851509,0.9984520123839009,0.9969088098918083
941,PCA-QS,rf,13,0.9999106248983691,0.9895887558563248,0.9809081527347782,0.9984243697478992
941,SRS,logistic,13,0.9999892869863796,0.9966503478484926,0.9979360165118679,0.9953679876479671
941,SRS,rf,13,0.9999594762404784,0.9880083420229405,0.97781217750258,0.9984193888303478
942,PCA-QS,logistic,13,0.9999989583076337,0.9972953036636342,0.9990147783251232,0.9955817378497791
942,PCA-QS,rf,13,0.9999807149847446,0.9850074962518741,0.970935960591133,0.9994929006085193
942,SRS,logistic,13,0.9999992598501608,0.9975405804230202,0.9990147783251232,0.9960707269155207
942,SRS,rf,13,0.999976863464285,0.9837540614846289,0.9694581280788177,0.9984779299847792
943,PCA-QS,logistic,13,0.999998901999206,0.9979716024340771,0.9989847715736041,0.9969604863221885
943,PCA-QS,rf,13,0.9999758299056001,0.9856115107913669,0.9736040609137055,0.9979188345473465
943,SRS,logistic,13,0.9999977195368126,0.997717474004565,0.9984771573604061,0.9969589457678661
943,SRS,rf,13,0.9999834877572911,0.988982833717653,0.9796954314720813,0.9984480082772892
944,PCA-QS,logistic,13,0.9999971178751754,0.9974541751527495,0.9984709480122325,0.996439471007121
944,PCA-QS,rf,13,0.9998719714943162,0.9760790431617264,0.9566768603465852,0.9962845010615711
944,SRS,logistic,13,0.999995394251506,0.9971988795518207,0.9979612640163099,0.9964376590330789
944,SRS,rf,13,0.9999087044577656,0.9808686659772492,0.9668705402650357,0.9952780692549843
945,PCA-QS,logistic,13,0.9999988919667591,0.9982074263764404,0.9994871794871795,0.9969309462915601
945,PCA-QS,rf,13,0.9999811350237943,0.9817327766179541,0.9646153846153847,0.9994686503719448
945,SRS,logistic,13,0.9999984942112367,0.9979508196721312,0.9989743589743589,0.9969293756397134
945,SRS,rf,13,0.9999830811847432,0.9854394175767031,0.9717948717948718,0.9994725738396625
946,PCA-QS,logistic,13,0.9999950186812411,0.9953319502074689,0.9989588755856325,0.9917312661498708
946,PCA-QS,rf,13,0.9999527206624151,0.9839177432111785,0.9713690786048933,0.9967948717948718
946,SRS,logistic,13,0.99999438521874,0.9973985431841832,0.9979177511712649,0.9968798751950078
946,SRS,rf,13,0.9999446296186507,0.9830956154252509,0.9687662675689744,0.9978552278820375
947,PCA-QS,logistic,13,0.999997371348114,0.9962339944765253,0.9994962216624685,0.992992992992993
947,PCA-QS,rf,13,0.9999835988900938,0.987012987012987,0.9763224181360202,0.9979402677651905
947,SRS,logistic,13,0.9999990212466381,0.9974861739567622,0.9994962216624685,0.9954841946813848
947,SRS,rf,13,0.9999809562560167,0.9924012158054711,0.9869017632241813,0.9979623025980642
948,PCA-QS,logistic,13,0.9999997857350081,0.9995203836930455,1.0,0.9990412272291467
948,PCA-QS,rf,13,0.9999886439554346,0.9819247679531021,0.9644913627639156,1.0
948,SRS,logistic,13,0.9999997321687601,0.9990412272291467,1.0,0.9980842911877394
948,SRS,rf,13,0.9999810241566638,0.9856482607638044,0.972168905950096,0.9995066600888012
949,PCA-QS,logistic,13,0.9999854168402676,0.99658203125,0.9990210474791973,0.9941548952752071
949,PCA-QS,rf,13,0.9999739820075428,0.9858736059479554,0.973568281938326,0.9984939759036144
949,SRS,logistic,13,0.9999982554724806,0.9973111708628697,0.9985315712187959,0.99609375
949,SRS,rf,13,0.9999771167054292,0.9916173570019724,0.9843367596671562,0.9990064580228515
950,PCA-QS,logistic,13,0.999999232197562,0.9976917158245704,0.9984599589322382,0.9969246540235777
950,PCA-QS,rf,13,0.9999795537054487,0.9830508474576272,0.9676591375770021,0.9989401165871754
950,SRS,logistic,13,0.9999989478262887,0.9982046678635548,0.9989733059548255,0.9974372116863147
950,SRS,rf,13,0.9999863786160081,0.9864864864864865,0.9743326488706365,0.9989473684210526
951,PCA-QS,logistic,13,0.9999991468412527,0.9980217606330366,0.9985155863433943,0.9975284231339595
951,PCA-QS,rf,13,0.999980528715686,0.9859719438877755,0.9737753587333003,0.9984779299847792
951,SRS,logistic,13,0.9999986239375043,0.9980227385071676,0.9990103908955963,0.997037037037037
951,SRS,rf,13,0.9999886062025356,0.9897627965043695,0.9807026224641266,0.998991935483871
952,PCA-QS,logistic,13,0.9999994677220935,0.9987389659520807,0.9994952044422009,0.9979838709677419
952,PCA-QS,rf,13,0.999985922650103,0.9835813237557722,0.9676930843008581,1.0
952,SRS,logistic,13,0.9999993276489602,0.9979848866498741,1.0,0.9959778783308195
952,SRS,rf,13,0.9999876035277027,0.990316004077472,0.9808177688036346,1.0
953,PCA-QS,logistic,13,0.9999948195135223,0.9972465581977472,0.9989969909729187,0.9955022488755623
953,PCA-QS,rf,13,0.9999659786869216,0.9806221315655278,0.9643931795386158,0.9974066390041494
953,SRS,logistic,13,0.999997771833773,0.9977460555972952,0.9989969909729187,0.9964982491245623
953,SRS,rf,13,0.9999495181089196,0.983957219251337,0.9689067201604814,0.999482669425763
954,PCA-QS,logistic,13,0.9999993209274128,0.9982147411374649,0.9989790709545686,0.9974515800203874
954,PCA-QS,rf,13,0.9999842822990761,0.9889089502192416,0.9785604900459418,0.9994786235662148
954,SRS,logistic,13,0.9999990945698838,0.9987241643276346,0.9989790709545686,0.9984693877551021
954,SRS,rf,13,0.9999944966825748,0.9928094504365691,0.9867279224093926,0.9989664082687338
955,PCA-QS,logistic,13,0.999999159938615,0.998740236835475,1.0,0.9974836436839456
955,PCA-QS,rf,13,0.999923708425222,0.9859943977591037,0.9767911200807265,0.9953727506426735
955,SRS,logistic,13,0.9999987679099687,0.9984879032258065,0.9994954591321897,0.9974823766364552
955,SRS,rf,13,0.9999524105225417,0.9895806861499364,0.9823410696266398,0.9969278033794163
956,PCA-QS,logistic,13,0.9999980161695767,0.9965920155793574,0.9985365853658537,0.9946550048590865
956,PCA-QS,rf,13,0.9999447380936204,0.9841662543295399,0.9702439024390244,0.9984939759036144
956,SRS,logistic,13,0.999997445478633,0.9968331303288672,0.9980487804878049,0.9956204379562044
956,SRS,rf,13,0.9999019226849649,0.983914872556298,0.9697560975609756,0.9984932194876946
957,PCA-QS,logistic,13,0.9999992758459763,0.997249312328082,1.0,0.9945137157107232
957,PCA-QS,rf,13,0.9999457859304894,0.9873225152129818,0.9764292878635907,0.9984615384615385
957,SRS,logistic,13,0.9999989694731201,0.9974962443665498,0.9989969909729187,0.996
957,SRS,rf,13,0.9999756155058535,0.9888607594936709,0.9794383149448345,0.9984662576687117
958,PCA-QS,logistic,13,0.9999994946009908,0.9982309830679807,0.9994939271255061,0.9969712266532055
958,PCA-QS,rf,13,0.9999707149351921,0.9838171076290778,0.9691295546558705,0.9989567031820553
958,SRS,logistic,13,0.9999993542123773,0.9987357774968394,0.9994939271255061,0.9979787771601819
958,SRS,rf,13,0.9999714449559831,0.9853958493466565,0.9731781376518218,0.9979242345614946
959,PCA-QS,logistic,13,0.9999982018700552,0.9976857804062741,1.0,0.995382247306311
959,PCA-QS,rf,13,0.9999849156876849,0.9940399067115833,0.988659793814433,0.9994788952579469
959,SRS,logistic,13,0.9999994577068421,0.9989690721649485,0.9989690721649485,0.9989690721649485
959,SRS,rf,13,0.9999907810163144,0.9914263445050663,0.9835051546391752,0.9994761655316919
960,PCA-QS,logistic,13,0.9999997294108733,0.9992720213540403,0.9995145631067961,0.9990295972828724
960,PCA-QS,rf,13,0.9999854017166174,0.9832347140039448,0.9679611650485437,0.998997995991984
960,SRS,logistic,13,1.0,0.9997573404513468,1.0,0.9995147986414362
960,SRS,rf,13,0.9999925993873862,0.9904481998530492,0.9815533980582525,0.9995056846267919
961,PCA-QS,logistic,13,0.9999982861508354,0.9975161450571287,0.9985082048731975,0.9965260545905708
961,PCA-QS,rf,13,0.9999701596746274,0.9848790322580645,0.9716558925907509,0.9984670413898825
961,SRS,logistic,13,0.9999986455063055,0.9965312190287413,1.0,0.9930864197530864
961,SRS,rf,13,0.9999815899428456,0.9881939211253454,0.9781203381402287,0.9984771573604061
962,PCA-QS,logistic,13,0.999999386980884,0.9979969954932398,1.0,0.9960019990004998
962,PCA-QS,rf,13,0.9999842565545188,0.988598935900684,0.9789262418464626,0.9984646878198568
962,SRS,logistic,13,0.9999986625037467,0.9992479318124843,1.0,0.998496993987976
962,SRS,rf,13,0.9999788647727478,0.9883367139959433,0.9779227295534371,0.9989748846745259
963,PCA-QS,logistic,13,0.9999979883302755,0.9971902937420178,0.9979550102249489,0.9964267483409903
963,PCA-QS,rf,13,0.9999730832924199,0.9839128178515828,0.9693251533742331,0.9989462592202318
963,SRS,logistic,13,0.999996033327304,0.9987228607918263,0.9994887525562373,0.9979581419091373
963,SRS,rf,13,0.9999821074728034,0.9849507005708354,0.9703476482617587,1.0
964,PCA-QS,logistic,13,0.9999996084986553,0.9982389937106918,0.9994962216624685,0.9969849246231156
964,PCA-QS,rf,13,0.999994113497638,0.987515923566879,0.9763224181360202,0.9989690721649485
964,SRS,logistic,13,0.9999993568192194,0.9982381072237604,0.998992443324937,0.9974849094567404
964,SRS,rf,13,0.9999896531787462,0.9900939801879604,0.9818639798488665,0.9984631147540983
965,PCA-QS,logistic,13,0.9999950235147363,0.9977220956719818,0.9989863152559554,0.9964610717896866
965,PCA-QS,rf,13,0.9999569407503882,0.9869331283627979,0.9761784085149519,0.9979274611398964
965,SRS,logistic,13,0.9999949953990004,0.9974709155285787,0.9994931576279777,0.9954568399798082
965,SRS,rf,13,0.999951711223501,0.9892692897291773,0.9812468322351748,0.9974240082431737
966,PCA-QS,logistic,13,0.9999990649985788,0.9961802902979373,1.0,0.9923896499238964
966,PCA-QS,rf,13,0.9999813283049523,0.9875904860392968,0.976482617586912,0.9989539748953975
966,SRS,logistic,13,0.9999990649985788,0.9964322120285423,0.9994887525562373,0.9933943089430894
966,SRS,rf,13,0.9999856349781651,0.9907168643630737,0.9821063394683026,0.9994797086368367
967,PCA-QS,logistic,13,0.9999965402027318,0.9974657881398885,0.9979716024340771,0.9969604863221885
967,PCA-QS,rf,13,0.9999628564041241,0.9827541827541828,0.968052738336714,0.9979090433873498
967,SRS,logistic,13,0.9999976090831886,0.9972074130489972,0.9959432048681541,0.9984748347737672
967,SRS,rf,13,0.9999802960326307,0.9850899742930591,0.9716024340770791,0.9989572471324296
968,PCA-QS,logistic,13,0.9999989901119618,0.9972271237711117,1.0,0.9944695827048768
968,PCA-QS,rf,13,0.9999504734074599,0.9830769230769231,0.9691607684529828,0.9973985431841832
968,SRS,logistic,13,0.9999995231084264,0.9977301387137453,1.0,0.9954705586311021
968,SRS,rf,13,0.9999653832822462,0.9841351074718526,0.9721941354903944,0.9963730569948187
969,PCA-QS,logistic,13,0.9999979973292717,0.9977494373593399,0.99899849774662,0.9965034965034965
969,PCA-QS,rf,13,0.9999854806372198,0.9792997699974444,0.9594391587381071,1.0
969,SRS,logistic,13,0.9999987483307948,0.9972506873281679,0.99899849774662,0.9955089820359282
969,SRS,rf,13,0.9999876362897399,0.9847560975609756,0.9704556835252879,0.999484270242393
970,PCA-QS,logistic,13,0.9999915636734092,0.9965346534653465,0.9980168567178979,0.9950568462679189
970,PCA-QS,rf,13,0.9999440748742181,0.9877346683354192,0.9781854238968766,0.9974721941354904
970,SRS,logistic,13,0.9999839820073556,0.9972765536023769,0.9985126425384234,0.9960435212660732
970,SRS,rf,13,0.9999699076781903,0.99000999000999,0.9826474962816063,0.9974836436839456
971,PCA-QS,logistic,13,0.9999995360059392,0.997796817625459,0.9990196078431373,0.9965770171149144
971,PCA-QS,rf,13,0.9999844425520765,0.9833208862335076,0.9681372549019608,0.9989883662114315
971,SRS,logistic,13,0.9999959605222936,0.9985308521057786,0.9995098039215686,0.9975538160469667
971,SRS,rf,13,0.9999834190357657,0.9835657370517928,0.9681372549019608,0.9994939271255061
972,PCA-QS,logistic,13,0.9999972421309873,0.9965719882468168,0.998038254046101,0.9951100244498777
972,PCA-QS,rf,13,0.9999707829718464,0.9827887253679222,0.9661598822952427,1.0
972,SRS,logistic,13,0.9999969144633819,0.9977935768570728,0.998038254046101,0.9975490196078431
972,SRS,rf,13,0.9999756570274776,0.9868453710598163,0.9749877390877881,0.9989949748743718
973,PCA-QS,logistic,13,0.9999985509110341,0.9982805207565709,0.9980353634577603,0.9985257985257985
973,PCA-QS,rf,13,0.999974804990903,0.9758551307847082,0.9528487229862476,1.0
973,SRS,logistic,13,0.9999980861089128,0.9982822085889571,0.9990176817288802,0.9975478175576263
973,SRS,rf,13,0.9999811618434424,0.9863150037322717,0.9734774066797642,0.9994957135653051
974,PCA-QS,logistic,13,0.9999988986662849,0.9985148514851485,0.9985148514851485,0.9985148514851485
974,PCA-QS,rf,13,0.9999529179836782,0.9749303621169917,0.9529702970297029,0.997926386728875
974,SRS,logistic,13,0.9999918225971651,0.9980207817911925,0.9985148514851485,0.9975272007912958
974,SRS,rf,13,0.9999611366865274,0.9818639798488665,0.9648514851485148,0.9994871794871795
975,PCA-QS,logistic,13,0.9999942325449251,0.9984623270117888,0.9989743589743589,0.9979508196721312
975,PCA-QS,rf,13,0.9999253640173308,0.9822824387701928,0.9666666666666667,0.9984110169491526
975,SRS,logistic,13,0.9999930392783579,0.9984615384615385,0.9984615384615385,0.9984615384615385
975,SRS,rf,13,0.9999780524184956,0.9901707190894982,0.9815384615384616,0.9989561586638831
976,PCA-QS,logistic,13,0.999988697468918,0.9969135802469136,0.9989690721649485,0.9948665297741273
976,PCA-QS,rf,13,0.9999638376088869,0.9781751249013937,0.9587628865979382,0.998389694041868
976,SRS,logistic,13,0.999995804363462,0.9966589565664353,0.9994845360824742,0.9938493080471553
976,SRS,rf,13,0.9999852867303718,0.9872229465449804,0.9757731958762886,0.9989445910290238
977,PCA-QS,logistic,13,0.9999966296788996,0.999015263417036,0.999015263417036,0.999015263417036
977,PCA-QS,rf,13,0.9999895054229151,0.9903105590062112,0.9812900049236829,0.9994984954864594
977,SRS,logistic,13,0.9999990409655405,0.999015263417036,0.999015263417036,0.999015263417036
977,SRS,rf,13,0.9999814769344404,0.9870388833499502,0.9748892171344166,0.9994952044422009
978,PCA-QS,logistic,13,0.9999995059189672,0.9972926409057347,0.9995066600888012,0.9950884086444007
978,PCA-QS,rf,13,0.999991463377712,0.9927986093866402,0.9861864824864331,0.9995
978,SRS,logistic,13,0.9999982981653316,0.9970472440944882,0.9995066600888012,0.9945999018163967
978,SRS,rf,13,0.9999911339903568,0.99379498634897,0.9876665022200296,1.0
979,PCA-QS,logistic,13,0.999999218398432,0.9979919678714859,0.9994972347913524,0.9964912280701754
979,PCA-QS,rf,13,0.9999880387045746,0.9926600860541634,0.9859225741578683,0.9994903160040775
979,SRS,logistic,13,0.9999988275976479,0.9987440341622708,0.9994972347913524,0.9979919678714859
979,SRS,rf,13,0.9999883178479918,0.9901040345090079,0.9808949220713926,0.9994877049180327
980,PCA-QS,logistic,13,0.9999983074652344,0.9971524721718872,0.9984447900466563,0.9958634953464323
980,PCA-QS,rf,13,0.9999462405059198,0.9863874345549738,0.9766718506998445,0.9962982548915917
980,SRS,logistic,13,0.9999881809436707,0.9971524721718872,0.9984447900466563,0.9958634953464323
980,SRS,rf,13,0.9998729738314904,0.988487702773417,0.9792638672887507,0.9978869519281564
981,PCA-QS,logistic,13,0.9999954738275334,0.9969818913480886,0.9974836436839456,0.9964806435394671
981,PCA-QS,rf,13,0.9999746310827183,0.9872708757637475,0.9758429793658782,0.9989696032972695
981,SRS,logistic,13,0.9999969546123527,0.9977358490566037,0.9979869149471565,0.9974849094567404
981,SRS,rf,13,0.9999804145253144,0.9900990099009901,0.9813789632611978,0.9989754098360656
982,PCA-QS,logistic,13,0.9999979106827762,0.9956219417975792,0.999482936918304,0.9917906618778861
982,PCA-QS,rf,13,0.9999426439490912,0.9837611314824516,0.9710444674250258,0.9968152866242038
982,SRS,logistic,13,0.9999979106827762,0.9989669421487604,1.0,0.9979360165118679
982,SRS,rf,13,0.999972724392956,0.9874673629242819,0.9777662874870734,0.9973628691983122
983,PCA-QS,logistic,13,0.9999990537511522,0.9980629539951574,0.9995150339476236,0.996615087040619
983,PCA-QS,rf,13,0.9999909700824232,0.994647201946472,0.991270611057226,0.998046875
983,SRS,logistic,13,0.9999982156450298,0.9973359166868491,0.998545101842871,0.996129656507015
983,SRS,rf,13,0.9999886314959848,0.9929251036838254,0.986905916585839,0.9990181639666176
984,PCA-QS,logistic,13,0.9999978660930725,0.9984833164812943,0.9994939271255061,0.9974747474747475
984,PCA-QS,rf,13,0.9999621231520366,0.9864276568501921,0.9746963562753036,0.9984447900466563
984,SRS,logistic,13,0.9999974449272315,0.996718000504923,0.9989878542510121,0.9944584382871536
984,SRS,rf,13,0.9999589222916454,0.9882473173224323,0.978744939271255,0.9979360165118679
985,PCA-QS,logistic,13,0.9999985490149988,0.9980353634577603,0.999508116084604,0.9965669445806769
985,PCA-QS,rf,13,0.9999717331695528,0.9863081901916854,0.9744220363994097,0.9984879032258065
985,SRS,logistic,13,0.999997782456885,0.9977903265406335,0.999508116084604,0.996078431372549
985,SRS,rf,13,0.9999664083283691,0.9880834160873883,0.9788489916379735,0.9974937343358395
986,PCA-QS,logistic,13,0.9999949953347816,0.9978054133138259,0.9990234375,0.9965903555772041
986,PCA-QS,rf,13,0.9999627234039035,0.9833870567815522,0.96826171875,0.998992443324937
986,SRS,logistic,13,0.9999956481172014,0.9985365853658537,0.99951171875,0.9975633528265108
986,SRS,rf,13,0.9999658241203975,0.9871478002965892,0.97509765625,0.9994994994994995
987,PCA-QS,logistic,13,1.0,0.9989842559674962,1.0,0.9979705733130391
987,PCA-QS,rf,13,0.9999879196787473,0.9897330595482546,0.9801728520589731,0.9994815966822188
987,SRS,logistic,13,0.99999994361577,0.9994916115912558,0.9994916115912558,0.9994916115912558
987,SRS,rf,13,0.9999927405304024,0.9923195084485407,0.9852567361464158,0.999484270242393
988,PCA-QS,logistic,13,0.9999990883415292,0.997178763785586,1.0,0.9943734015345268
988,PCA-QS,rf,13,0.9999794449504149,0.988045738045738,0.977880658436214,0.9984243697478992
988,SRS,logistic,13,0.9999995441707646,0.9974332648870636,0.9994855967078189,0.9953893442622951
988,SRS,rf,13,0.999979729843687,0.9891022314478464,0.9804526748971193,0.9979057591623036
989,PCA-QS,logistic,13,0.999997794951386,0.9965853658536585,0.998533724340176,0.9946445959104186
989,PCA-QS,rf,13,0.9999069932272885,0.9777999501122474,0.9579667644183774,0.9984717269485481
989,SRS,logistic,13,0.9999983121850116,0.9973151086160605,0.998533724340176,0.9960994636762555
989,SRS,rf,13,0.9999490933221219,0.9846534653465346,0.9721407624633431,0.9974924774322969
990,PCA-QS,logistic,13,0.999998313793564,0.9985082048731975,0.9985082048731975,0.9985082048731975
990,PCA-QS,rf,13,0.9999751906512071,0.9876853480774064,0.9771258080556937,0.9984756097560976
990,SRS,logistic,13,0.9999977885817232,0.9972684380432083,0.9985082048731975,0.996031746031746
990,SRS,rf,13,0.9999729654115661,0.9866599546941858,0.9746394828443561,0.9989806320081549
991,PCA-QS,logistic,13,0.9999990671240698,0.9987267634326458,1.0,0.9974567650050865
991,PCA-QS,rf,13,0.9999834343849983,0.9807792207792208,0.9627740948495666,0.9994706193753309
991,SRS,logistic,13,0.999998445206783,0.9974567650050865,1.0,0.9949264332825977
991,SRS,rf,13,0.9999828266021954,0.9855222337125129,0.9719530851606323,0.9994756161510225
992,PCA-QS,logistic,13,0.9999962358889727,0.9982265011401064,0.9974683544303797,0.9989858012170385
992,PCA-QS,rf,13,0.9999756877754175,0.9892692897291773,0.980253164556962,0.998452810727179
992,SRS,logistic,13,0.9999982864867711,0.9974709155285787,0.9984810126582279,0.9964628600303184
992,SRS,rf,13,0.9999770080233151,0.9884822114154083,0.9777215189873417,0.9994824016563147
993,PCA-QS,logistic,13,0.9999985840953839,0.9980879541108987,0.999043062200957,0.997134670487106
993,PCA-QS,rf,13,0.9999729108060238,0.9829683698296837,0.9665071770334929,1.0
993,SRS,logistic,13,0.9999986108105653,0.9980852082336046,0.9976076555023924,0.9985632183908046
993,SRS,rf,13,0.9999644688086899,0.9772449229263519,0.9555023923444976,1.0
994,PCA-QS,logistic,13,0.9999973154193503,0.9974861739567622,0.9994962216624685,0.9954841946813848
994,PCA-QS,rf,13,0.9999719517250877,0.9859586418177176,0.9727959697732997,0.9994824016563147
994,SRS,logistic,13,0.999998322137094,0.9977358490566037,0.998992443324937,0.9964824120603015
994,SRS,rf,13,0.9999793343218742,0.981277250577071,0.963727959697733,0.9994775339602926
995,PCA-QS,logistic,13,0.9999992442840797,0.9977347092876919,0.9994957135653051,0.9959798994974874
995,PCA-QS,rf,13,0.9999689036893518,0.985721570627231,0.9747856782652546,0.9969056214543579
995,SRS,logistic,13,0.9999991323261656,0.9974849094567404,1.0,0.994982438534872
995,SRS,rf,13,0.9999684698524347,0.9911190053285968,0.9848714069591528,0.9974463738508682
996,PCA-QS,logistic,13,0.9999966698055884,0.9946332737030411,1.0,0.9893238434163701
996,PCA-QS,rf,13,0.9999879173715578,0.9822268687924726,0.9655704008221994,0.999468085106383
996,SRS,logistic,13,0.9999995161255982,0.9974372116863147,1.0,0.9948875255623721
996,SRS,rf,13,0.999962200870268,0.9782437745740498,0.9588900308324769,0.9983948635634029
997,PCA-QS,logistic,13,0.999998730204416,0.9972074130489972,0.9994910941475827,0.9949341438703141
997,PCA-QS,rf,13,0.9999698776269779,0.9813568099430346,0.9643765903307888,0.9989457037427517
997,SRS,logistic,13,0.9999958237834125,0.9969527679024885,0.9989821882951654,0.994931576279777
997,SRS,rf,13,0.9999810518281177,0.9894682763935269,0.9801526717557252,0.9989626556016598
998,PCA-QS,logistic,13,0.9999983875399406,0.9985549132947977,0.9985549132947977,0.9985549132947977
998,PCA-QS,rf,13,0.9999759743451155,0.9821122273952463,0.9653179190751445,0.9995012468827931
998,SRS,logistic,13,0.999998414414275,0.9990356798457087,0.9980732177263969,1.0
998,SRS,rf,13,0.9999772240016616,0.9865820931934618,0.9739884393063584,0.9995056846267919
999,PCA-QS,logistic,13,0.9999963147233145,0.9963954685890835,0.9984520123839009,0.9943473792394656
999,PCA-QS,rf,13,0.9999215236042257,0.9773922187171399,0.9592363261093911,0.9962486602357985
999,SRS,logistic,13,0.9999967718118957,0.9963973237261966,0.9989680082559339,0.9938398357289527
999,SRS,rf,13,0.9999614902870392,0.9859228362877998,0.9757481940144479,0.9963119072708114
